{
  "temperatures": {
    "fire": 0.3054336905479431,
    "flood": 1.0,
    "wind": 0.36298611760139465,
    "winter": 0.594011127948761,
    "seismic": 0.23796577751636505
  }
}