state,county,county_id,fire_p,flood_p,wind_p,winter_p,max_p,max_hazard
AL,Autauga,AUTAUGA,0.0063,0.0057,0.0789,0.0372,0.0789,wind
AL,Baldwin,BALDWIN,0.0416,0.0068,0.0771,0.0125,0.0771,wind
AL,Barbour,BARBOUR,0.0053,0.0019,0.0484,0.0169,0.0484,wind
AL,Bibb,BIBB,0.0545,0.0051,0.0565,0.0472,0.0565,wind
AL,Blount,BLOUNT,0.0037,0.0046,0.0705,0.0675,0.0705,wind
AL,Bullock,BULLOCK,0.0103,0.0018,0.0477,0.0236,0.0477,wind
AL,Butler,BUTLER,0.0105,0.0023,0.0705,0.0189,0.0705,wind
AL,Calhoun,CALHOUN,0.0313,0.0035,0.0661,0.0589,0.0661,wind
AL,Chambers,CHAMBERS,0.0121,0.0032,0.0451,0.037,0.0451,wind
AL,Cherokee,CHEROKEE,0.0095,0.0038,0.0484,0.0788,0.0788,winter
AL,Chilton,CHILTON,0.0274,0.0041,0.0637,0.0436,0.0637,wind
AL,Choctaw,CHOCTAW,0.0096,0.0106,0.0711,0.0416,0.0711,wind
AL,Clarke,CLARKE,0.0067,0.0109,0.102,0.0384,0.102,wind
AL,Clay,CLAY,0.0772,0.0028,0.0543,0.0514,0.0772,fire
AL,Cleburne,CLEBURNE,0.0943,0.0027,0.0476,0.0672,0.0943,fire
AL,Coffee,COFFEE,0.0089,0.0031,0.0875,0.0146,0.0875,wind
AL,Colbert,COLBERT,0.013,0.0078,0.0981,0.1572,0.1572,winter
AL,Conecuh,CONECUH,0.0115,0.0026,0.0524,0.0167,0.0524,wind
AL,Coosa,COOSA,0.0121,0.0035,0.0432,0.0383,0.0432,wind
AL,Covington,COVINGTON,0.1004,0.0028,0.0721,0.012,0.1004,fire
AL,Crenshaw,CRENSHAW,0.009,0.0023,0.0694,0.0173,0.0694,wind
AL,Cullman,CULLMAN,0.004,0.0059,0.0927,0.1457,0.1457,winter
AL,Dale,DALE,0.0068,0.0043,0.1255,0.0129,0.1255,wind
AL,Dallas,DALLAS,0.0055,0.004,0.0614,0.0294,0.0614,wind
AL,Dekalb,DEKALB,0.0064,0.0036,0.0904,0.176,0.176,winter
AL,Elmore,ELMORE,0.0019,0.0061,0.0898,0.0333,0.0898,wind
AL,Escambia,ESCAMBIA,0.0961,0.0042,0.0597,0.0132,0.0961,fire
AL,Etowah,ETOWAH,0.0018,0.0035,0.0703,0.0638,0.0703,wind
AL,Fayette,FAYETTE,0.0129,0.0044,0.0723,0.0689,0.0723,wind
AL,Franklin,FRANKLIN,0.0133,0.007,0.0563,0.1636,0.1636,winter
AL,Geneva,GENEVA,0.0052,0.0056,0.0837,0.0103,0.0837,wind
AL,Greene,GREENE,0.008,0.009,0.0449,0.042,0.0449,wind
AL,Hale,HALE,0.045,0.004,0.068,0.0441,0.068,wind
AL,Henry,HENRY,0.0036,0.0028,0.0681,0.0125,0.0681,wind
AL,Houston,HOUSTON,0.0034,0.0064,0.0953,0.0096,0.0953,wind
AL,Jackson,JACKSON,0.0107,0.0061,0.077,0.1796,0.1796,winter
AL,Jefferson,JEFFERSON,0.0112,0.0107,0.0998,0.0981,0.0998,wind
AL,Lamar,LAMAR,0.009,0.009,0.0865,0.0784,0.0865,wind
AL,Lauderdale,LAUDERDALE,0.0064,0.0131,0.0901,0.174,0.174,winter
AL,Lawrence,LAWRENCE,0.0332,0.0058,0.0669,0.1545,0.1545,winter
AL,Lee,LEE,0.0101,0.0046,0.067,0.022,0.067,wind
AL,Limestone,LIMESTONE,0.0042,0.007,0.082,0.1628,0.1628,winter
AL,Lowndes,LOWNDES,0.0056,0.0031,0.0496,0.0209,0.0496,wind
AL,Macon,MACON,0.0145,0.0038,0.0434,0.0202,0.0434,wind
AL,Madison,MADISON,0.0044,0.0094,0.1072,0.2032,0.2032,winter
AL,Marengo,MARENGO,0.0101,0.0058,0.0559,0.0326,0.0559,wind
AL,Marion,MARION,0.0208,0.0106,0.0728,0.0731,0.0731,winter
AL,Marshall,MARSHALL,0.0025,0.0086,0.089,0.151,0.151,winter
AL,Mobile,MOBILE,0.0369,0.0097,0.0893,0.0184,0.0893,wind
AL,Monroe,MONROE,0.0081,0.0075,0.0634,0.0182,0.0634,wind
AL,Montgomery,MONTGOMERY,0.0049,0.005,0.0946,0.046,0.0946,wind
AL,Morgan,MORGAN,0.0032,0.0056,0.0799,0.1437,0.1437,winter
AL,Perry,PERRY,0.0251,0.0039,0.0477,0.0355,0.0477,wind
AL,Pickens,PICKENS,0.0159,0.0097,0.071,0.0643,0.071,wind
AL,Pike,PIKE,0.0141,0.0024,0.0594,0.0195,0.0594,wind
AL,Randolph,RANDOLPH,0.0139,0.0054,0.0516,0.0476,0.0516,wind
AL,Russell,RUSSELL,0.0139,0.0053,0.0628,0.0244,0.0628,wind
AL,Shelby,SHELBY,0.0116,0.0059,0.0914,0.0596,0.0914,wind
AL,St. Clair,ST. CLAIR,0.0054,0.004,0.0797,0.0597,0.0797,wind
AL,Sumter,SUMTER,0.0152,0.0069,0.0859,0.0509,0.0859,wind
AL,Talladega,TALLADEGA,0.0451,0.0044,0.0627,0.0562,0.0627,wind
AL,Tallapoosa,TALLAPOOSA,0.0163,0.0042,0.0684,0.0355,0.0684,wind
AL,Tuscaloosa,TUSCALOOSA,0.0333,0.0131,0.1021,0.0664,0.1021,wind
AL,Walker,WALKER,0.0115,0.007,0.0837,0.0657,0.0837,wind
AL,Washington,WASHINGTON,0.0314,0.0041,0.0663,0.0348,0.0663,wind
AL,Wilcox,WILCOX,0.0102,0.0023,0.0401,0.0235,0.0401,wind
AL,Winston,WINSTON,0.0799,0.0056,0.0677,0.0689,0.0799,fire
AR,Arkansas,ARKANSAS,0.0054,0.0038,0.0328,0.1405,0.1405,winter
AR,Ashley,ASHLEY,0.0155,0.011,0.047,0.0958,0.0958,winter
AR,Baxter,BAXTER,0.0695,0.006,0.0427,0.2274,0.2274,winter
AR,Benton,BENTON,0.0171,0.0036,0.0363,0.1313,0.1313,winter
AR,Boone,BOONE,0.029,0.0023,0.0403,0.2383,0.2383,winter
AR,Bradley,BRADLEY,0.0111,0.003,0.0292,0.1176,0.1176,winter
AR,Calhoun,CALHOUN,0.0108,0.0024,0.0266,0.1347,0.1347,winter
AR,Carroll,CARROLL,0.0191,0.0021,0.0195,0.1468,0.1468,winter
AR,Chicot,CHICOT,0.0012,0.022,0.0414,0.0931,0.0931,winter
AR,Clark,CLARK,0.0244,0.0043,0.0359,0.1468,0.1468,winter
AR,Clay,CLAY,0.0013,0.0082,0.0365,0.162,0.162,winter
AR,Cleburne,CLEBURNE,0.0209,0.0044,0.0356,0.1934,0.1934,winter
AR,Cleveland,CLEVELAND,0.0087,0.0035,0.0286,0.1306,0.1306,winter
AR,Columbia,COLUMBIA,0.0139,0.0032,0.0372,0.0989,0.0989,winter
AR,Conway,CONWAY,0.0445,0.0048,0.037,0.1915,0.1915,winter
AR,Craighead,CRAIGHEAD,0.0014,0.0151,0.0478,0.183,0.183,winter
AR,Crawford,CRAWFORD,0.0549,0.0032,0.0451,0.1108,0.1108,winter
AR,Crittenden,CRITTENDEN,0.001,0.0022,0.0277,0.141,0.141,winter
AR,Cross,CROSS,0.0017,0.0081,0.0248,0.1461,0.1461,winter
AR,Dallas,DALLAS,0.0085,0.0021,0.0291,0.1396,0.1396,winter
AR,Desha,DESHA,0.0023,0.004,0.0315,0.1105,0.1105,winter
AR,Drew,DREW,0.0147,0.0054,0.0364,0.1259,0.1259,winter
AR,Faulkner,FAULKNER,0.0115,0.006,0.0591,0.1974,0.1974,winter
AR,Franklin,FRANKLIN,0.0656,0.0033,0.0462,0.1206,0.1206,winter
AR,Fulton,FULTON,0.0317,0.0036,0.0216,0.1988,0.1988,winter
AR,Garland,GARLAND,0.0773,0.0043,0.038,0.1863,0.1863,winter
AR,Grant,GRANT,0.0177,0.0036,0.0279,0.1472,0.1472,winter
AR,Greene,GREENE,0.002,0.0087,0.0353,0.1785,0.1785,winter
AR,Hempstead,HEMPSTEAD,0.015,0.0031,0.0386,0.1264,0.1264,winter
AR,Hot Spring,HOT SPRING,0.0286,0.0067,0.0476,0.1606,0.1606,winter
AR,Howard,HOWARD,0.017,0.0039,0.0379,0.1316,0.1316,winter
AR,Independence,INDEPENDENCE,0.028,0.0095,0.0511,0.2089,0.2089,winter
AR,Izard,IZARD,0.0355,0.0064,0.0277,0.2038,0.2038,winter
AR,Jackson,JACKSON,0.0046,0.0081,0.0265,0.1879,0.1879,winter
AR,Jefferson,JEFFERSON,0.0059,0.0063,0.0564,0.1544,0.1544,winter
AR,Johnson,JOHNSON,0.0959,0.0028,0.0436,0.1923,0.1923,winter
AR,Lafayette,LAFAYETTE,0.0214,0.0034,0.0321,0.1059,0.1059,winter
AR,Lawrence,LAWRENCE,0.007,0.0113,0.0327,0.192,0.192,winter
AR,Lee,LEE,0.0012,0.0019,0.0127,0.0129,0.0129,winter
AR,Lincoln,LINCOLN,0.0037,0.0052,0.0285,0.1229,0.1229,winter
AR,Little River,LITTLE RIVER,0.0125,0.0043,0.0236,0.1125,0.1125,winter
AR,Logan,LOGAN,0.068,0.003,0.0472,0.1817,0.1817,winter
AR,Lonoke,LONOKE,0.0032,0.0057,0.0598,0.1792,0.1792,winter
AR,Madison,MADISON,0.0496,0.003,0.0217,0.1403,0.1403,winter
AR,Marion,MARION,0.0638,0.0022,0.0354,0.2248,0.2248,winter
AR,Miller,MILLER,0.0117,0.0067,0.0321,0.1145,0.1145,winter
AR,Mississippi,MISSISSIPPI,0.0007,0.0027,0.0317,0.1755,0.1755,winter
AR,Monroe,MONROE,0.0035,0.0056,0.0371,0.1584,0.1584,winter
AR,Montgomery,MONTGOMERY,0.1061,0.0046,0.035,0.1882,0.1882,winter
AR,Nevada,NEVADA,0.0194,0.0027,0.0209,0.11,0.11,winter
AR,Newton,NEWTON,0.1185,0.0041,0.0336,0.2443,0.2443,winter
AR,Ouachita,OUACHITA,0.0091,0.0073,0.0389,0.1258,0.1258,winter
AR,Perry,PERRY,0.0807,0.0044,0.0316,0.1774,0.1774,winter
AR,Phillips,PHILLIPS,0.0025,0.0061,0.0244,0.12,0.12,winter
AR,Pike,PIKE,0.0254,0.0034,0.0318,0.1462,0.1462,winter
AR,Poinsett,POINSETT,0.0012,0.0086,0.0428,0.1678,0.1678,winter
AR,Polk,POLK,0.0823,0.0036,0.033,0.1765,0.1765,winter
AR,Pope,POPE,0.076,0.0049,0.0547,0.2094,0.2094,winter
AR,Prairie,PRAIRIE,0.0028,0.0074,0.0408,0.148,0.148,winter
AR,Pulaski,PULASKI,0.0147,0.0091,0.0592,0.1929,0.1929,winter
AR,Randolph,RANDOLPH,0.0116,0.0091,0.0341,0.1682,0.1682,winter
AR,Saline,SALINE,0.027,0.0083,0.0652,0.1718,0.1718,winter
AR,Scott,SCOTT,0.1621,0.003,0.0508,0.1654,0.1654,winter
AR,Searcy,SEARCY,0.1267,0.0046,0.0374,0.2421,0.2421,winter
AR,Sebastian,SEBASTIAN,0.0257,0.0073,0.0481,0.1222,0.1222,winter
AR,Sevier,SEVIER,0.0204,0.004,0.0326,0.1207,0.1207,winter
AR,Sharp,SHARP,0.0509,0.0057,0.0235,0.22,0.22,winter
AR,St. Francis,ST. FRANCIS,0.0015,0.0055,0.0224,0.1421,0.1421,winter
AR,Stone,STONE,0.0944,0.003,0.0273,0.2182,0.2182,winter
AR,Union,UNION,0.015,0.0038,0.0442,0.1061,0.1061,winter
AR,Van Buren,VAN BUREN,0.06,0.0057,0.0496,0.216,0.216,winter
AR,Washington,WASHINGTON,0.0344,0.0032,0.0448,0.1235,0.1235,winter
AR,White,WHITE,0.0115,0.0085,0.0437,0.1964,0.1964,winter
AR,Woodruff,WOODRUFF,0.0076,0.0083,0.0232,0.1605,0.1605,winter
AR,Yell,YELL,0.0784,0.004,0.0458,0.1875,0.1875,winter
AZ,Apache,APACHE,0.0611,0.0003,0.0829,0.091,0.091,winter
AZ,Cochise,COCHISE,0.1337,0.0011,0.0272,0.1044,0.1337,fire
AZ,Coconino,COCONINO,0.0917,0.0012,0.0913,0.1017,0.1017,winter
AZ,Gila,GILA,0.0501,0.0082,0.0191,0.1788,0.1788,winter
AZ,Graham,GRAHAM,0.0467,0.0022,0.0073,0.1018,0.1018,winter
AZ,Greenlee,GREENLEE,0.031,0.0011,0.004,0.1693,0.1693,winter
AZ,La Paz,LA PAZ,0.055,0.0032,0.0052,0.0036,0.055,fire
AZ,Maricopa,MARICOPA,0.0493,0.0211,0.0297,0.0321,0.0493,fire
AZ,Mohave,MOHAVE,0.0545,0.0038,0.0161,0.0363,0.0545,fire
AZ,Navajo,NAVAJO,0.0504,0.0007,0.0769,0.1012,0.1012,winter
AZ,Pima,PIMA,0.0812,0.0097,0.0107,0.0405,0.0812,fire
AZ,Pinal,PINAL,0.0325,0.0054,0.0124,0.0714,0.0714,winter
AZ,Santa Cruz,SANTA CRUZ,0.0686,0.0021,0.006,0.082,0.082,winter
AZ,Yavapai,YAVAPAI,0.0328,0.0049,0.0265,0.138,0.138,winter
AZ,Yuma,YUMA,0.037,0.0016,0.011,0.0073,0.037,fire
CA,Alameda,ALAMEDA,0.0018,0.0037,0.0174,0.0055,0.0174,wind
CA,Alpine,ALPINE,0.0061,0.0019,0.0245,0.1177,0.1177,winter
CA,Amador,AMADOR,0.0027,0.0063,0.007,0.049,0.049,winter
CA,Butte,BUTTE,0.0047,0.0191,0.0187,0.0147,0.0191,flood
CA,Calaveras,CALAVERAS,0.0027,0.0092,0.0058,0.0351,0.0351,winter
CA,Colusa,COLUSA,0.004,0.0063,0.0204,0.0163,0.0204,wind
CA,Contra Costa,CONTRA COSTA,0.0009,0.0009,0.0145,0.0055,0.0145,wind
CA,Del Norte,DEL NORTE,0.0024,0.0006,0.022,0.0405,0.0405,winter
CA,El Dorado,EL DORADO,0.0033,0.0117,0.0287,0.1205,0.1205,winter
CA,Fresno,FRESNO,0.0153,0.014,0.0408,0.0326,0.0408,wind
CA,Glenn,GLENN,0.0065,0.0014,0.0138,0.019,0.019,winter
CA,Humboldt,HUMBOLDT,0.0045,0.0008,0.0502,0.0811,0.0811,winter
CA,Imperial,IMPERIAL,0.0376,0.0014,0.0103,0.0139,0.0376,fire
CA,Inyo,INYO,0.0231,0.0026,0.0959,0.2053,0.2053,winter
CA,Kern,KERN,0.0158,0.0224,0.2369,0.2913,0.2913,winter
CA,Kings,KINGS,0.002,0.0035,0.0106,0.0535,0.0535,winter
CA,Lake,LAKE,0.0044,0.0104,0.1358,0.3974,0.3974,winter
CA,Lassen,LASSEN,0.0105,0.0043,0.0974,0.3057,0.3057,winter
CA,Los Angeles,LOS ANGELES,0.0129,0.0118,0.224,0.189,0.224,wind
CA,Madera,MADERA,0.0084,0.0064,0.0142,0.0234,0.0234,winter
CA,Marin,MARIN,0.0012,0.0063,0.0274,0.0045,0.0274,wind
CA,Mariposa,MARIPOSA,0.0155,0.0102,0.0137,0.0053,0.0155,fire
CA,Mendocino,MENDOCINO,0.004,0.0015,0.0188,0.1474,0.1474,winter
CA,Merced,MERCED,0.0041,0.0105,0.0128,0.0193,0.0193,winter
CA,Modoc,MODOC,0.0089,0.0022,0.0865,0.1357,0.1357,winter
CA,Mono,MONO,0.0116,0.0026,0.1389,0.3672,0.3672,winter
CA,Monterey,MONTEREY,0.0103,0.0108,0.0673,0.0491,0.0673,wind
CA,Napa,NAPA,0.0037,0.0069,0.0215,0.015,0.0215,wind
CA,Nevada,NEVADA,0.0037,0.0129,0.0463,0.4575,0.4575,winter
CA,Orange,ORANGE,0.0165,0.0601,0.1036,0.0347,0.1036,wind
CA,Placer,PLACER,0.004,0.0121,0.0261,0.0981,0.0981,winter
CA,Plumas,PLUMAS,0.0099,0.0079,0.0924,0.3986,0.3986,winter
CA,Riverside,RIVERSIDE,0.0632,0.0519,0.1964,0.1925,0.1964,wind
CA,Sacramento,SACRAMENTO,0.0013,0.0096,0.0486,0.102,0.102,winter
CA,San Benito,SAN BENITO,0.0061,0.0028,0.0224,0.0334,0.0334,winter
CA,San Bernardino,SAN BERNARDINO,0.0713,0.0766,0.3142,0.3023,0.3142,wind
CA,San Diego,SAN DIEGO,0.0271,0.0919,0.2402,0.1739,0.2402,wind
CA,San Francisco,SAN FRANCISCO,0.0009,0.0058,0.0617,0.0267,0.0617,wind
CA,San Joaquin,SAN JOAQUIN,0.0013,0.0098,0.0168,0.0386,0.0386,winter
CA,San Luis Obispo,SAN LUIS OBISPO,0.0072,0.0042,0.0379,0.0214,0.0379,wind
CA,San Mateo,SAN MATEO,0.0008,0.0076,0.0248,0.0053,0.0248,wind
CA,Santa Barbara,SANTA BARBARA,0.015,0.008,0.1096,0.0747,0.1096,wind
CA,Santa Clara,SANTA CLARA,0.0028,0.0036,0.0338,0.0287,0.0338,wind
CA,Santa Cruz,SANTA CRUZ,0.0023,0.0195,0.0625,0.037,0.0625,wind
CA,Shasta,SHASTA,0.0088,0.0102,0.0238,0.2631,0.2631,winter
CA,Sierra,SIERRA,0.0164,0.0125,0.1885,0.6068,0.6068,winter
CA,Siskiyou,SISKIYOU,0.0126,0.0013,0.1335,0.3035,0.3035,winter
CA,Solano,SOLANO,0.0007,0.0023,0.0092,0.0101,0.0101,winter
CA,Sonoma,SONOMA,0.002,0.0069,0.0237,0.0084,0.0237,wind
CA,Stanislaus,STANISLAUS,0.0031,0.0072,0.0149,0.0075,0.0149,wind
CA,Sutter,SUTTER,0.0008,0.0028,0.0103,0.0071,0.0103,wind
CA,Tehama,TEHAMA,0.0085,0.0089,0.0203,0.0375,0.0375,winter
CA,Trinity,TRINITY,0.0088,0.0006,0.0188,0.1749,0.1749,winter
CA,Tulare,TULARE,0.0073,0.0147,0.0653,0.3696,0.3696,winter
CA,Tuolumne,TUOLUMNE,0.0075,0.0055,0.0085,0.0678,0.0678,winter
CA,Ventura,VENTURA,0.0092,0.0048,0.1978,0.175,0.1978,wind
CA,Yolo,YOLO,0.0015,0.002,0.0133,0.0103,0.0133,wind
CA,Yuba,YUBA,0.004,0.0087,0.0101,0.0115,0.0115,winter
CO,Adams,ADAMS,0.0039,0.0,0.0418,0.2281,0.2281,winter
CO,Alamosa,ALAMOSA,0.0295,0.0001,0.0239,0.0522,0.0522,winter
CO,Arapahoe,ARAPAHOE,0.0035,0.0002,0.0472,0.2238,0.2238,winter
CO,Archuleta,ARCHULETA,0.0105,0.0003,0.001,0.0229,0.0229,winter
CO,Baca,BACA,0.039,0.0,0.0463,0.0895,0.0895,winter
CO,Bent,BENT,0.023,0.0001,0.0568,0.0518,0.0568,wind
CO,Boulder,BOULDER,0.0138,0.0003,0.2346,0.5022,0.5022,winter
CO,Broomfield,BROOMFIELD,0.0036,0.0,0.1066,0.2626,0.2626,winter
CO,Chaffee,CHAFFEE,0.0371,0.0001,0.0353,0.1765,0.1765,winter
CO,Cheyenne,CHEYENNE,0.0053,0.0,0.0661,0.1612,0.1612,winter
CO,Clear Creek,CLEAR CREEK,0.0107,0.0001,0.1674,0.4508,0.4508,winter
CO,Conejos,CONEJOS,0.0232,0.0001,0.0006,0.0233,0.0233,winter
CO,Costilla,COSTILLA,0.0075,0.0001,0.0063,0.022,0.022,winter
CO,Crowley,CROWLEY,0.0137,0.0,0.0622,0.0573,0.0622,wind
CO,Custer,CUSTER,0.0251,0.0001,0.0172,0.0586,0.0586,winter
CO,Delta,DELTA,0.011,0.0003,0.0044,0.0169,0.0169,winter
CO,Denver,DENVER,0.0018,0.0001,0.0677,0.2234,0.2234,winter
CO,Dolores,DOLORES,0.0142,0.0004,0.0187,0.4177,0.4177,winter
CO,Douglas,DOUGLAS,0.0243,0.0002,0.1326,0.3111,0.3111,winter
CO,Eagle,EAGLE,0.0061,0.0002,0.0044,0.0149,0.0149,winter
CO,El Paso,EL PASO,0.0542,0.0002,0.142,0.2166,0.2166,winter
CO,Elbert,ELBERT,0.0241,0.0001,0.0705,0.2243,0.2243,winter
CO,Fremont,FREMONT,0.0397,0.0001,0.0763,0.1937,0.1937,winter
CO,Garfield,GARFIELD,0.0146,0.0004,0.0039,0.015,0.015,winter
CO,Gilpin,GILPIN,0.0063,0.0001,0.1807,0.4386,0.4386,winter
CO,Grand,GRAND,0.0089,0.0002,0.1569,0.7507,0.7507,winter
CO,Gunnison,GUNNISON,0.0137,0.0003,0.0383,0.3944,0.3944,winter
CO,Hinsdale,HINSDALE,0.0031,0.0001,0.0005,0.0124,0.0124,winter
CO,Huerfano,HUERFANO,0.0218,0.0,0.13,0.2336,0.2336,winter
CO,Jackson,JACKSON,0.0038,0.0004,0.0777,0.3613,0.3613,winter
CO,Jefferson,JEFFERSON,0.0703,0.0002,0.1603,0.3493,0.3493,winter
CO,Kiowa,KIOWA,0.0053,0.0001,0.0543,0.0711,0.0711,winter
CO,Kit Carson,KIT CARSON,0.0026,0.0,0.0729,0.2,0.2,winter
CO,La Plata,LA PLATA,0.0166,0.0009,0.0028,0.0236,0.0236,winter
CO,Lake,LAKE,0.0108,0.0001,0.0327,0.2534,0.2534,winter
CO,Larimer,LARIMER,0.0349,0.0002,0.2242,0.4634,0.4634,winter
CO,Las Animas,LAS ANIMAS,0.04,0.0002,0.1019,0.191,0.191,winter
CO,Lincoln,LINCOLN,0.0083,0.0001,0.062,0.1229,0.1229,winter
CO,Logan,LOGAN,0.0078,0.0001,0.0586,0.1452,0.1452,winter
CO,Mesa,MESA,0.0342,0.0006,0.0086,0.0233,0.0342,fire
CO,Mineral,MINERAL,0.0064,0.0,0.0006,0.0215,0.0215,winter
CO,Moffat,MOFFAT,0.0113,0.0003,0.0013,0.0029,0.0113,fire
CO,Montezuma,MONTEZUMA,0.0216,0.0008,0.0023,0.0163,0.0216,fire
CO,Montrose,MONTROSE,0.0186,0.0003,0.0027,0.0085,0.0186,fire
CO,Morgan,MORGAN,0.0106,0.0001,0.0437,0.1163,0.1163,winter
CO,Otero,OTERO,0.032,0.0001,0.062,0.07,0.07,winter
CO,Ouray,OURAY,0.0052,0.0002,0.0008,0.013,0.013,winter
CO,Park,PARK,0.0746,0.0001,0.1663,0.7713,0.7713,winter
CO,Phillips,PHILLIPS,0.0019,0.0001,0.0515,0.1077,0.1077,winter
CO,Pitkin,PITKIN,0.0052,0.0003,0.0014,0.0147,0.0147,winter
CO,Prowers,PROWERS,0.0159,0.0001,0.0524,0.0872,0.0872,winter
CO,Pueblo,PUEBLO,0.0432,0.0002,0.0868,0.0924,0.0924,winter
CO,Rio Blanco,RIO BLANCO,0.0161,0.0002,0.0027,0.0151,0.0161,fire
CO,Rio Grande,RIO GRANDE,0.0314,0.0001,0.006,0.1214,0.1214,winter
CO,Routt,ROUTT,0.0044,0.0007,0.0049,0.0182,0.0182,winter
CO,Saguache,SAGUACHE,0.0114,0.0,0.0119,0.0852,0.0852,winter
CO,San Juan,SAN JUAN,0.0079,0.0001,0.0338,0.7178,0.7178,winter
CO,San Miguel,SAN MIGUEL,0.0117,0.0002,0.0009,0.0132,0.0132,winter
CO,Sedgwick,SEDGWICK,0.002,0.0001,0.0321,0.1113,0.1113,winter
CO,Summit,SUMMIT,0.005,0.0002,0.1352,0.4165,0.4165,winter
CO,Teller,TELLER,0.0416,0.0001,0.0808,0.2085,0.2085,winter
CO,Washington,WASHINGTON,0.0033,0.0001,0.0498,0.1329,0.1329,winter
CO,Weld,WELD,0.0243,0.0002,0.1326,0.2416,0.2416,winter
CO,Yuma,YUMA,0.0077,0.0001,0.061,0.2079,0.2079,winter
CT,Capitol,CAPITOL,0.0001,0.0086,0.0301,0.1861,0.1861,winter
CT,Greater Bridgeport,GREATER BRIDGEPORT,0.0005,0.0082,0.0331,0.2034,0.2034,winter
CT,Lower Connecticut River Valley,LOWER CONNECTICUT RIVER VALLEY,0.0003,0.0092,0.0365,0.1582,0.1582,winter
CT,Naugatuck Valley,NAUGATUCK VALLEY,0.0002,0.0104,0.0312,0.1752,0.1752,winter
CT,Northeastern Connecticut,NORTHEASTERN CONNECTICUT,0.0005,0.0044,0.0261,0.1738,0.1738,winter
CT,Northwest Hills,NORTHWEST HILLS,0.0002,0.0089,0.0315,0.2387,0.2387,winter
CT,South Central Connecticut,SOUTH CENTRAL CONNECTICUT,0.0002,0.0112,0.0357,0.1873,0.1873,winter
CT,Southeastern Connecticut,SOUTHEASTERN CONNECTICUT,0.0005,0.0098,0.029,0.1476,0.1476,winter
CT,Western Connecticut,WESTERN CONNECTICUT,0.0004,0.0102,0.0483,0.2923,0.2923,winter
DC,District Of Columbia,DISTRICT OF COLUMBIA,0.0003,0.0003,0.0157,0.2883,0.2883,winter
DE,Kent,KENT,0.0043,0.0011,0.0716,0.4017,0.4017,winter
DE,New Castle,NEW CASTLE,0.0035,0.0011,0.0589,0.4891,0.4891,winter
DE,Sussex,SUSSEX,0.0129,0.0016,0.0735,0.3929,0.3929,winter
FL,Alachua,ALACHUA,0.0339,0.0008,0.0574,0.0164,0.0574,wind
FL,Baker,BAKER,0.124,0.0006,0.025,0.008,0.124,fire
FL,Bay,BAY,0.0584,0.0066,0.0746,0.0043,0.0746,wind
FL,Bradford,BRADFORD,0.02,0.0009,0.0386,0.0093,0.0386,wind
FL,Brevard,BREVARD,0.0825,0.0007,0.0667,0.0135,0.0825,fire
FL,Broward,BROWARD,0.0438,0.0013,0.0414,0.027,0.0438,fire
FL,Calhoun,CALHOUN,0.0225,0.006,0.0442,0.0026,0.0442,wind
FL,Charlotte,CHARLOTTE,0.0475,0.0003,0.0137,0.0389,0.0475,fire
FL,Citrus,CITRUS,0.0341,0.0011,0.0297,0.1218,0.1218,winter
FL,Clay,CLAY,0.0612,0.0009,0.0354,0.0095,0.0612,fire
FL,Collier,COLLIER,0.0778,0.0007,0.027,0.0509,0.0778,fire
FL,Columbia,COLUMBIA,0.0831,0.0008,0.0481,0.0081,0.0831,fire
FL,Desoto,DESOTO,0.0207,0.0003,0.0003,0.0001,0.0207,fire
FL,Dixie,DIXIE,0.0394,0.0009,0.0294,0.0062,0.0394,fire
FL,Duval,DUVAL,0.0221,0.002,0.0625,0.0164,0.0625,wind
FL,Escambia,ESCAMBIA,0.0154,0.0053,0.0805,0.0134,0.0805,wind
FL,Flagler,FLAGLER,0.0388,0.0005,0.0483,0.0129,0.0483,wind
FL,Franklin,FRANKLIN,0.0361,0.0012,0.0355,0.0049,0.0361,fire
FL,Gadsden,GADSDEN,0.0201,0.0031,0.0454,0.0049,0.0454,wind
FL,Gilchrist,GILCHRIST,0.0059,0.0007,0.034,0.0039,0.034,wind
FL,Glades,GLADES,0.0724,0.0002,0.0151,0.0557,0.0724,fire
FL,Gulf,GULF,0.0125,0.0037,0.0274,0.0038,0.0274,wind
FL,Hamilton,HAMILTON,0.0101,0.0013,0.0449,0.0043,0.0449,wind
FL,Hardee,HARDEE,0.0261,0.0002,0.0091,0.0736,0.0736,winter
FL,Hendry,HENDRY,0.0786,0.0002,0.0091,0.0534,0.0786,fire
FL,Hernando,HERNANDO,0.0238,0.0007,0.0297,0.1151,0.1151,winter
FL,Highlands,HIGHLANDS,0.0717,0.0003,0.0121,0.0756,0.0756,winter
FL,Hillsborough,HILLSBOROUGH,0.023,0.0032,0.0414,0.0937,0.0937,winter
FL,Holmes,HOLMES,0.014,0.0085,0.087,0.0097,0.087,wind
FL,Indian River,INDIAN RIVER,0.0291,0.0009,0.0204,0.0124,0.0291,fire
FL,Jackson,JACKSON,0.0116,0.0038,0.088,0.0076,0.088,wind
FL,Jefferson,JEFFERSON,0.0067,0.0016,0.0639,0.0045,0.0639,wind
FL,Lafayette,LAFAYETTE,0.0117,0.0016,0.0319,0.0046,0.0319,wind
FL,Lake,LAKE,0.0824,0.0003,0.0245,0.0174,0.0824,fire
FL,Lee,LEE,0.0391,0.0011,0.0224,0.0036,0.0391,fire
FL,Leon,LEON,0.0879,0.0049,0.0926,0.0132,0.0926,wind
FL,Levy,LEVY,0.0797,0.0004,0.0433,0.1506,0.1506,winter
FL,Liberty,LIBERTY,0.1008,0.001,0.0361,0.0039,0.1008,fire
FL,Madison,MADISON,0.0122,0.0017,0.0689,0.0072,0.0689,wind
FL,Manatee,MANATEE,0.0254,0.0006,0.0238,0.0654,0.0654,winter
FL,Marion,MARION,0.1452,0.0006,0.0639,0.0146,0.1452,fire
FL,Martin,MARTIN,0.0179,0.0019,0.0178,0.0175,0.0179,fire
FL,Miami-Dade,MIAMI-DADE,0.1048,0.0016,0.0438,0.0218,0.1048,fire
FL,Monroe,MONROE,0.0101,0.0005,0.0255,0.0058,0.0255,wind
FL,Nassau,NASSAU,0.0328,0.0006,0.0384,0.0077,0.0384,wind
FL,Okaloosa,OKALOOSA,0.068,0.0058,0.0732,0.011,0.0732,wind
FL,Okeechobee,OKEECHOBEE,0.0474,0.0003,0.0105,0.0233,0.0474,fire
FL,Orange,ORANGE,0.0489,0.0005,0.0314,0.018,0.0489,fire
FL,Osceola,OSCEOLA,0.0442,0.0007,0.0245,0.0126,0.0442,fire
FL,Palm Beach,PALM BEACH,0.0114,0.0032,0.0572,0.0504,0.0572,wind
FL,Pasco,PASCO,0.0156,0.0008,0.0313,0.1,0.1,winter
FL,Pinellas,PINELLAS,0.0032,0.0029,0.0296,0.0369,0.0369,winter
FL,Polk,POLK,0.1347,0.0007,0.0271,0.0874,0.1347,fire
FL,Putnam,PUTNAM,0.1226,0.0008,0.0523,0.0103,0.1226,fire
FL,Santa Rosa,SANTA ROSA,0.0871,0.0064,0.0635,0.0098,0.0871,fire
FL,Sarasota,SARASOTA,0.0136,0.0006,0.0148,0.0644,0.0644,winter
FL,Seminole,SEMINOLE,0.0133,0.0005,0.0315,0.0116,0.0315,wind
FL,St. Johns,ST. JOHNS,0.038,0.0006,0.0427,0.0075,0.0427,wind
FL,St. Lucie,ST. LUCIE,0.0093,0.0015,0.0236,0.0104,0.0236,wind
FL,Sumter,SUMTER,0.0344,0.0004,0.0237,0.1035,0.1035,winter
FL,Suwannee,SUWANNEE,0.0085,0.0013,0.0641,0.0049,0.0641,wind
FL,Taylor,TAYLOR,0.0181,0.0013,0.0469,0.0037,0.0469,wind
FL,Union,UNION,0.0295,0.0007,0.0268,0.004,0.0295,fire
FL,Volusia,VOLUSIA,0.0636,0.0006,0.0317,0.0196,0.0636,fire
FL,Wakulla,WAKULLA,0.1452,0.0025,0.0752,0.0072,0.1452,fire
FL,Walton,WALTON,0.0518,0.0074,0.092,0.0093,0.092,wind
FL,Washington,WASHINGTON,0.0262,0.0041,0.0779,0.0064,0.0779,wind
GA,Appling,APPLING,0.0049,0.001,0.0354,0.0146,0.0354,wind
GA,Atkinson,ATKINSON,0.0078,0.0014,0.0561,0.0122,0.0561,wind
GA,Bacon,BACON,0.006,0.0013,0.0517,0.014,0.0517,wind
GA,Baker,BAKER,0.0042,0.0031,0.0368,0.0088,0.0368,wind
GA,Baldwin,BALDWIN,0.0042,0.0045,0.0332,0.0418,0.0418,winter
GA,Banks,BANKS,0.0014,0.0027,0.0285,0.1171,0.1171,winter
GA,Barrow,BARROW,0.002,0.0022,0.0318,0.0905,0.0905,winter
GA,Bartow,BARTOW,0.006,0.0026,0.0463,0.0929,0.0929,winter
GA,Ben Hill,BEN HILL,0.0043,0.0017,0.0344,0.0189,0.0344,wind
GA,Berrien,BERRIEN,0.0049,0.0017,0.0399,0.0134,0.0399,wind
GA,Bibb,BIBB,0.0016,0.0043,0.0579,0.0387,0.0579,wind
GA,Bleckley,BLECKLEY,0.0023,0.0032,0.0287,0.0285,0.0287,wind
GA,Brantley,BRANTLEY,0.0213,0.0016,0.042,0.0105,0.042,wind
GA,Brooks,BROOKS,0.0053,0.0018,0.0441,0.0101,0.0441,wind
GA,Bryan,BRYAN,0.0064,0.0008,0.0361,0.012,0.0361,wind
GA,Bulloch,BULLOCH,0.0041,0.0024,0.0629,0.0177,0.0629,wind
GA,Burke,BURKE,0.0056,0.0036,0.0591,0.0255,0.0591,wind
GA,Butts,BUTTS,0.0043,0.0021,0.0275,0.0506,0.0506,winter
GA,Calhoun,CALHOUN,0.0033,0.0019,0.0272,0.0149,0.0272,wind
GA,Camden,CAMDEN,0.0289,0.0012,0.0599,0.01,0.0599,wind
GA,Candler,CANDLER,0.0047,0.0014,0.042,0.0209,0.042,wind
GA,Carroll,CARROLL,0.0019,0.0028,0.0369,0.0782,0.0782,winter
GA,Catoosa,CATOOSA,0.0026,0.0055,0.0289,0.1006,0.1006,winter
GA,Charlton,CHARLTON,0.0133,0.0005,0.0317,0.0124,0.0317,wind
GA,Chatham,CHATHAM,0.0045,0.0033,0.0651,0.0148,0.0651,wind
GA,Chattahoochee,CHATTAHOOCHEE,0.0069,0.0014,0.0301,0.0328,0.0328,winter
GA,Chattooga,CHATTOOGA,0.0376,0.0045,0.0328,0.1105,0.1105,winter
GA,Cherokee,CHEROKEE,0.0011,0.0026,0.0575,0.1117,0.1117,winter
GA,Clarke,CLARKE,0.0007,0.0016,0.0194,0.0917,0.0917,winter
GA,Clay,CLAY,0.0033,0.0026,0.0302,0.0124,0.0302,wind
GA,Clayton,CLAYTON,0.0021,0.0047,0.0387,0.0668,0.0668,winter
GA,Clinch,CLINCH,0.0124,0.0006,0.0535,0.0091,0.0535,wind
GA,Cobb,COBB,0.0008,0.0016,0.0517,0.0977,0.0977,winter
GA,Coffee,COFFEE,0.0059,0.0017,0.075,0.0185,0.075,wind
GA,Colquitt,COLQUITT,0.0034,0.0033,0.0671,0.0126,0.0671,wind
GA,Columbia,COLUMBIA,0.0029,0.0027,0.0647,0.0321,0.0647,wind
GA,Cook,COOK,0.0033,0.0027,0.0351,0.0095,0.0351,wind
GA,Coweta,COWETA,0.0012,0.0011,0.0584,0.0652,0.0652,winter
GA,Crawford,CRAWFORD,0.0037,0.0023,0.0327,0.0437,0.0437,winter
GA,Crisp,CRISP,0.0014,0.0053,0.0401,0.0306,0.0401,wind
GA,Dade,DADE,0.0168,0.0058,0.0385,0.1186,0.1186,winter
GA,Dawson,DAWSON,0.0039,0.0044,0.0297,0.1326,0.1326,winter
GA,Decatur,DECATUR,0.0058,0.0028,0.07,0.0119,0.07,wind
GA,Dekalb,DEKALB,0.0009,0.0009,0.0,0.0001,0.0009,fire
GA,Dodge,DODGE,0.0069,0.0021,0.0404,0.0299,0.0404,wind
GA,Dooly,DOOLY,0.0018,0.002,0.0284,0.0268,0.0284,wind
GA,Dougherty,DOUGHERTY,0.0028,0.0047,0.0569,0.0097,0.0569,wind
GA,Douglas,DOUGLAS,0.0018,0.0021,0.0416,0.0844,0.0844,winter
GA,Early,EARLY,0.0045,0.0043,0.0503,0.012,0.0503,wind
GA,Echols,ECHOLS,0.0064,0.0012,0.0379,0.0019,0.0379,wind
GA,Effingham,EFFINGHAM,0.005,0.002,0.0543,0.0172,0.0543,wind
GA,Elbert,ELBERT,0.0107,0.003,0.0321,0.089,0.089,winter
GA,Emanuel,EMANUEL,0.0087,0.0015,0.0235,0.0287,0.0287,winter
GA,Evans,EVANS,0.0092,0.0014,0.0404,0.0149,0.0404,wind
GA,Fannin,FANNIN,0.0281,0.0053,0.0213,0.168,0.168,winter
GA,Fayette,FAYETTE,0.0009,0.0039,0.0418,0.0631,0.0631,winter
GA,Floyd,FLOYD,0.0103,0.0059,0.0537,0.098,0.098,winter
GA,Forsyth,FORSYTH,0.0019,0.0016,0.0402,0.1307,0.1307,winter
GA,Franklin,FRANKLIN,0.0028,0.004,0.0373,0.1112,0.1112,winter
GA,Fulton,FULTON,0.0019,0.0041,0.0574,0.1026,0.1026,winter
GA,Gilmer,GILMER,0.0181,0.0051,0.0315,0.1575,0.1575,winter
GA,Glascock,GLASCOCK,0.0086,0.0016,0.0199,0.0378,0.0378,winter
GA,Glynn,GLYNN,0.0087,0.0017,0.0389,0.0094,0.0389,wind
GA,Gordon,GORDON,0.0065,0.003,0.0237,0.1033,0.1033,winter
GA,Grady,GRADY,0.0078,0.0028,0.0739,0.0119,0.0739,wind
GA,Greene,GREENE,0.0101,0.0034,0.0329,0.0586,0.0586,winter
GA,Gwinnett,GWINNETT,0.0007,0.0021,0.0497,0.0937,0.0937,winter
GA,Habersham,HABERSHAM,0.0108,0.0046,0.0494,0.154,0.154,winter
GA,Hall,HALL,0.001,0.0038,0.0335,0.1254,0.1254,winter
GA,Hancock,HANCOCK,0.0082,0.0014,0.0247,0.0478,0.0478,winter
GA,Haralson,HARALSON,0.0051,0.0028,0.0348,0.086,0.086,winter
GA,Harris,HARRIS,0.0074,0.0034,0.0365,0.0418,0.0418,winter
GA,Hart,HART,0.0031,0.0032,0.0413,0.1066,0.1066,winter
GA,Heard,HEARD,0.0084,0.0027,0.0394,0.0561,0.0561,winter
GA,Henry,HENRY,0.0007,0.0013,0.043,0.0607,0.0607,winter
GA,Houston,HOUSTON,0.0029,0.0032,0.0531,0.0343,0.0531,wind
GA,Irwin,IRWIN,0.0028,0.0024,0.0403,0.0135,0.0403,wind
GA,Jackson,JACKSON,0.0014,0.0028,0.032,0.1079,0.1079,winter
GA,Jasper,JASPER,0.0325,0.0022,0.0286,0.0535,0.0535,winter
GA,Jeff Davis,JEFF DAVIS,0.0063,0.0025,0.0373,0.0168,0.0373,wind
GA,Jefferson,JEFFERSON,0.0049,0.0011,0.0301,0.0403,0.0403,winter
GA,Jenkins,JENKINS,0.0051,0.0014,0.0424,0.0195,0.0424,wind
GA,Johnson,JOHNSON,0.0036,0.0019,0.0321,0.0361,0.0361,winter
GA,Jones,JONES,0.0198,0.0024,0.0244,0.0489,0.0489,winter
GA,Lamar,LAMAR,0.0036,0.0027,0.0205,0.0465,0.0465,winter
GA,Lanier,LANIER,0.0102,0.0016,0.0373,0.0096,0.0373,wind
GA,Laurens,LAURENS,0.0102,0.0034,0.0592,0.0326,0.0592,wind
GA,Lee,LEE,0.0043,0.0032,0.0444,0.0038,0.0444,wind
GA,Liberty,LIBERTY,0.0072,0.0007,0.0553,0.0139,0.0553,wind
GA,Lincoln,LINCOLN,0.0055,0.0011,0.0391,0.0375,0.0391,wind
GA,Long,LONG,0.0065,0.0009,0.0451,0.0105,0.0451,wind
GA,Lowndes,LOWNDES,0.0125,0.0044,0.0778,0.0089,0.0778,wind
GA,Lumpkin,LUMPKIN,0.0214,0.0032,0.0216,0.1564,0.1564,winter
GA,Macon,MACON,0.0028,0.0023,0.0376,0.0309,0.0376,wind
GA,Madison,MADISON,0.0015,0.0019,0.0199,0.0974,0.0974,winter
GA,Marion,MARION,0.0063,0.0018,0.028,0.0357,0.0357,winter
GA,Mcduffie,MCDUFFIE,0.0125,0.0024,0.0418,0.0299,0.0418,wind
GA,Mcintosh,MCINTOSH,0.0127,0.0013,0.0354,0.0136,0.0354,wind
GA,Meriwether,MERIWETHER,0.007,0.0024,0.0346,0.0505,0.0505,winter
GA,Miller,MILLER,0.0023,0.0025,0.0499,0.0111,0.0499,wind
GA,Mitchell,MITCHELL,0.0019,0.0026,0.0683,0.0106,0.0683,wind
GA,Monroe,MONROE,0.0075,0.0027,0.0354,0.0462,0.0462,winter
GA,Montgomery,MONTGOMERY,0.0101,0.0021,0.0232,0.0215,0.0232,wind
GA,Morgan,MORGAN,0.0074,0.0019,0.0419,0.06,0.06,winter
GA,Murray,MURRAY,0.0404,0.0038,0.0222,0.1388,0.1388,winter
GA,Muscogee,MUSCOGEE,0.0035,0.0059,0.063,0.0368,0.063,wind
GA,Newton,NEWTON,0.0018,0.0022,0.0404,0.0557,0.0557,winter
GA,Oconee,OCONEE,0.0014,0.0021,0.0204,0.0798,0.0798,winter
GA,Oglethorpe,OGLETHORPE,0.0135,0.0025,0.0249,0.0763,0.0763,winter
GA,Paulding,PAULDING,0.0009,0.0014,0.044,0.0923,0.0923,winter
GA,Peach,PEACH,0.0027,0.0041,0.0291,0.0341,0.0341,winter
GA,Pickens,PICKENS,0.0019,0.0027,0.0323,0.1311,0.1311,winter
GA,Pierce,PIERCE,0.0062,0.0015,0.0357,0.0112,0.0357,wind
GA,Pike,PIKE,0.0021,0.0025,0.0246,0.0417,0.0417,winter
GA,Polk,POLK,0.0121,0.0029,0.0355,0.0874,0.0874,winter
GA,Pulaski,PULASKI,0.0023,0.003,0.0249,0.0281,0.0281,winter
GA,Putnam,PUTNAM,0.0298,0.0019,0.0261,0.0557,0.0557,winter
GA,Quitman,QUITMAN,0.0063,0.0016,0.0317,0.0159,0.0317,wind
GA,Rabun,RABUN,0.0198,0.0038,0.0556,0.1986,0.1986,winter
GA,Randolph,RANDOLPH,0.0037,0.0012,0.0381,0.0174,0.0381,wind
GA,Richmond,RICHMOND,0.0051,0.0024,0.0612,0.0242,0.0612,wind
GA,Rockdale,ROCKDALE,0.0004,0.0023,0.0182,0.0567,0.0567,winter
GA,Schley,SCHLEY,0.0033,0.0014,0.0253,0.0315,0.0315,winter
GA,Screven,SCREVEN,0.0041,0.003,0.0584,0.0233,0.0584,wind
GA,Seminole,SEMINOLE,0.0029,0.0039,0.0372,0.0078,0.0372,wind
GA,Spalding,SPALDING,0.0022,0.0024,0.0379,0.0546,0.0546,winter
GA,Stephens,STEPHENS,0.0061,0.0027,0.0379,0.135,0.135,winter
GA,Stewart,STEWART,0.0052,0.0011,0.0264,0.0319,0.0319,winter
GA,Sumter,SUMTER,0.0025,0.002,0.0513,0.0238,0.0513,wind
GA,Talbot,TALBOT,0.0043,0.0011,0.029,0.0386,0.0386,winter
GA,Taliaferro,TALIAFERRO,0.0095,0.0013,0.012,0.0487,0.0487,winter
GA,Tattnall,TATTNALL,0.0062,0.0015,0.0518,0.0123,0.0518,wind
GA,Taylor,TAYLOR,0.0104,0.0022,0.0427,0.0411,0.0427,wind
GA,Telfair,TELFAIR,0.0065,0.0012,0.0332,0.0223,0.0332,wind
GA,Terrell,TERRELL,0.0025,0.0016,0.0359,0.0137,0.0359,wind
GA,Thomas,THOMAS,0.012,0.0039,0.065,0.011,0.065,wind
GA,Tift,TIFT,0.0026,0.0038,0.0467,0.0135,0.0467,wind
GA,Toombs,TOOMBS,0.0039,0.0023,0.0288,0.0234,0.0288,wind
GA,Towns,TOWNS,0.0307,0.0041,0.0143,0.1773,0.1773,winter
GA,Treutlen,TREUTLEN,0.0046,0.0015,0.0186,0.0284,0.0284,winter
GA,Troup,TROUP,0.0059,0.0053,0.0444,0.0518,0.0518,winter
GA,Turner,TURNER,0.0015,0.0018,0.0333,0.0167,0.0333,wind
GA,Twiggs,TWIGGS,0.0075,0.0018,0.0409,0.0321,0.0409,wind
GA,Union,UNION,0.0411,0.0039,0.0196,0.177,0.177,winter
GA,Upson,UPSON,0.0104,0.0029,0.0419,0.0456,0.0456,winter
GA,Walker,WALKER,0.03,0.005,0.0437,0.1182,0.1182,winter
GA,Walton,WALTON,0.0005,0.0017,0.0408,0.0696,0.0696,winter
GA,Ware,WARE,0.0106,0.001,0.0464,0.0132,0.0464,wind
GA,Warren,WARREN,0.0084,0.0016,0.0245,0.0375,0.0375,winter
GA,Washington,WASHINGTON,0.0086,0.0015,0.0358,0.0399,0.0399,winter
GA,Wayne,WAYNE,0.0164,0.0013,0.0644,0.0128,0.0644,wind
GA,Webster,WEBSTER,0.0041,0.0015,0.024,0.0282,0.0282,winter
GA,Wheeler,WHEELER,0.005,0.0011,0.0296,0.0224,0.0296,wind
GA,White,WHITE,0.0104,0.0044,0.0218,0.1626,0.1626,winter
GA,Whitfield,WHITFIELD,0.0109,0.0051,0.0256,0.104,0.104,winter
GA,Wilcox,WILCOX,0.0022,0.0026,0.0244,0.0279,0.0279,winter
GA,Wilkes,WILKES,0.0148,0.0028,0.0236,0.0644,0.0644,winter
GA,Wilkinson,WILKINSON,0.0054,0.0015,0.0277,0.037,0.037,winter
GA,Worth,WORTH,0.0026,0.004,0.0646,0.016,0.0646,wind
IA,Adair,ADAIR,0.0006,0.0005,0.0201,0.2044,0.2044,winter
IA,Adams,ADAMS,0.0008,0.0005,0.015,0.2111,0.2111,winter
IA,Allamakee,ALLAMAKEE,0.0011,0.001,0.0032,0.2333,0.2333,winter
IA,Appanoose,APPANOOSE,0.0009,0.001,0.0064,0.1756,0.1756,winter
IA,Audubon,AUDUBON,0.0005,0.0006,0.0108,0.2298,0.2298,winter
IA,Benton,BENTON,0.0005,0.0011,0.0155,0.3791,0.3791,winter
IA,Black Hawk,BLACK HAWK,0.0004,0.017,0.016,0.2731,0.2731,winter
IA,Boone,BOONE,0.0006,0.0028,0.0219,0.2404,0.2404,winter
IA,Bremer,BREMER,0.0004,0.002,0.0093,0.2514,0.2514,winter
IA,Buchanan,BUCHANAN,0.0004,0.0008,0.0126,0.3657,0.3657,winter
IA,Buena Vista,BUENA VISTA,0.0002,0.0006,0.0167,0.3963,0.3963,winter
IA,Butler,BUTLER,0.0002,0.0088,0.0157,0.2477,0.2477,winter
IA,Calhoun,CALHOUN,0.0015,0.0008,0.0208,0.2406,0.2406,winter
IA,Carroll,CARROLL,0.0005,0.0006,0.018,0.2162,0.2162,winter
IA,Cass,CASS,0.0004,0.0006,0.019,0.2612,0.2612,winter
IA,Cedar,CEDAR,0.0003,0.0012,0.016,0.3724,0.3724,winter
IA,Cerro Gordo,CERRO GORDO,0.0002,0.0018,0.0202,0.2945,0.2945,winter
IA,Cherokee,CHEROKEE,0.0005,0.0005,0.0145,0.392,0.392,winter
IA,Chickasaw,CHICKASAW,0.0003,0.0008,0.0065,0.2646,0.2646,winter
IA,Clarke,CLARKE,0.0006,0.0009,0.0147,0.2273,0.2273,winter
IA,Clay,CLAY,0.0003,0.0003,0.0226,0.4172,0.4172,winter
IA,Clayton,CLAYTON,0.0005,0.002,0.0071,0.293,0.293,winter
IA,Clinton,CLINTON,0.0005,0.0019,0.0201,0.3397,0.3397,winter
IA,Crawford,CRAWFORD,0.0005,0.0003,0.0133,0.2478,0.2478,winter
IA,Dallas,DALLAS,0.0006,0.0046,0.0195,0.2428,0.2428,winter
IA,Davis,DAVIS,0.0007,0.0013,0.0064,0.1941,0.1941,winter
IA,Decatur,DECATUR,0.0007,0.001,0.0105,0.1932,0.1932,winter
IA,Delaware,DELAWARE,0.0004,0.0007,0.0126,0.3713,0.3713,winter
IA,Des Moines,DES MOINES,0.0007,0.0021,0.0122,0.3255,0.3255,winter
IA,Dickinson,DICKINSON,0.0004,0.0003,0.0192,0.4161,0.4161,winter
IA,Dubuque,DUBUQUE,0.0003,0.0016,0.0165,0.3798,0.3798,winter
IA,Emmet,EMMET,0.0002,0.0027,0.0214,0.2726,0.2726,winter
IA,Fayette,FAYETTE,0.0003,0.001,0.0062,0.2891,0.2891,winter
IA,Floyd,FLOYD,0.0002,0.0014,0.0099,0.2468,0.2468,winter
IA,Franklin,FRANKLIN,0.0001,0.0015,0.0165,0.2762,0.2762,winter
IA,Fremont,FREMONT,0.0018,0.0011,0.0103,0.187,0.187,winter
IA,Greene,GREENE,0.0004,0.0014,0.0123,0.2228,0.2228,winter
IA,Grundy,GRUNDY,0.0003,0.0017,0.0181,0.2589,0.2589,winter
IA,Guthrie,GUTHRIE,0.0008,0.001,0.015,0.2123,0.2123,winter
IA,Hamilton,HAMILTON,0.0003,0.003,0.022,0.2409,0.2409,winter
IA,Hancock,HANCOCK,0.0001,0.0007,0.0158,0.2824,0.2824,winter
IA,Hardin,HARDIN,0.0011,0.0017,0.0206,0.2472,0.2472,winter
IA,Harrison,HARRISON,0.0015,0.0007,0.0152,0.2843,0.2843,winter
IA,Henry,HENRY,0.0009,0.0007,0.0098,0.3409,0.3409,winter
IA,Howard,HOWARD,0.0002,0.0006,0.0063,0.2527,0.2527,winter
IA,Humboldt,HUMBOLDT,0.0002,0.0022,0.016,0.2445,0.2445,winter
IA,Ida,IDA,0.0004,0.0003,0.0036,0.0008,0.0036,wind
IA,Iowa,IOWA,0.0007,0.0014,0.0121,0.3557,0.3557,winter
IA,Jackson,JACKSON,0.0007,0.0023,0.0194,0.3581,0.3581,winter
IA,Jasper,JASPER,0.0003,0.0019,0.0169,0.2196,0.2196,winter
IA,Jefferson,JEFFERSON,0.0004,0.0008,0.0064,0.2967,0.2967,winter
IA,Johnson,JOHNSON,0.001,0.0014,0.0166,0.3773,0.3773,winter
IA,Jones,JONES,0.0004,0.0011,0.0178,0.3932,0.3932,winter
IA,Keokuk,KEOKUK,0.0004,0.0008,0.0098,0.3015,0.3015,winter
IA,Kossuth,KOSSUTH,0.0002,0.0029,0.0219,0.2765,0.2765,winter
IA,Lee,LEE,0.0014,0.0012,0.0062,0.0019,0.0062,wind
IA,Linn,LINN,0.0008,0.0013,0.0199,0.4223,0.4223,winter
IA,Louisa,LOUISA,0.0005,0.0024,0.0085,0.327,0.327,winter
IA,Lucas,LUCAS,0.0008,0.0019,0.0108,0.2047,0.2047,winter
IA,Lyon,LYON,0.0002,0.0003,0.0143,0.4013,0.4013,winter
IA,Madison,MADISON,0.0015,0.0009,0.0202,0.2222,0.2222,winter
IA,Mahaska,MAHASKA,0.0008,0.0106,0.0134,0.22,0.22,winter
IA,Marion,MARION,0.0008,0.0058,0.016,0.2193,0.2193,winter
IA,Marshall,MARSHALL,0.0004,0.0035,0.0194,0.2385,0.2385,winter
IA,Mills,MILLS,0.0022,0.0006,0.0178,0.2281,0.2281,winter
IA,Mitchell,MITCHELL,0.0001,0.0009,0.0079,0.2537,0.2537,winter
IA,Monona,MONONA,0.0018,0.0005,0.0123,0.2836,0.2836,winter
IA,Monroe,MONROE,0.0008,0.0015,0.0128,0.2063,0.2063,winter
IA,Montgomery,MONTGOMERY,0.0007,0.0003,0.0082,0.198,0.198,winter
IA,Muscatine,MUSCATINE,0.0006,0.0016,0.0099,0.3181,0.3181,winter
IA,O'Brien,O'BRIEN,0.0002,0.0003,0.0204,0.4284,0.4284,winter
IA,Osceola,OSCEOLA,0.0002,0.0003,0.0115,0.4209,0.4209,winter
IA,Page,PAGE,0.0007,0.0003,0.0076,0.1677,0.1677,winter
IA,Palo Alto,PALO ALTO,0.0002,0.0006,0.0144,0.2712,0.2712,winter
IA,Plymouth,PLYMOUTH,0.0009,0.0006,0.0153,0.3561,0.3561,winter
IA,Pocahontas,POCAHONTAS,0.0002,0.0006,0.0134,0.2546,0.2546,winter
IA,Polk,POLK,0.0007,0.0072,0.0267,0.2491,0.2491,winter
IA,Pottawattamie,POTTAWATTAMIE,0.0018,0.0006,0.0143,0.2752,0.2752,winter
IA,Poweshiek,POWESHIEK,0.001,0.0011,0.0157,0.2476,0.2476,winter
IA,Ringgold,RINGGOLD,0.0008,0.0006,0.0171,0.1937,0.1937,winter
IA,Sac,SAC,0.0003,0.0006,0.0046,0.0036,0.0046,wind
IA,Scott,SCOTT,0.001,0.0013,0.0163,0.3573,0.3573,winter
IA,Shelby,SHELBY,0.0004,0.0003,0.01,0.267,0.267,winter
IA,Sioux,SIOUX,0.0003,0.0005,0.0182,0.4201,0.4201,winter
IA,Story,STORY,0.0003,0.0027,0.0218,0.2299,0.2299,winter
IA,Tama,TAMA,0.0006,0.0016,0.0149,0.2496,0.2496,winter
IA,Taylor,TAYLOR,0.0007,0.0004,0.0125,0.2009,0.2009,winter
IA,Union,UNION,0.0005,0.0006,0.0218,0.2153,0.2153,winter
IA,Van Buren,VAN BUREN,0.0009,0.0016,0.0068,0.2874,0.2874,winter
IA,Wapello,WAPELLO,0.0008,0.0064,0.0092,0.2227,0.2227,winter
IA,Warren,WARREN,0.0006,0.0021,0.0141,0.2378,0.2378,winter
IA,Washington,WASHINGTON,0.0004,0.0017,0.0113,0.354,0.354,winter
IA,Wayne,WAYNE,0.0004,0.002,0.0088,0.1874,0.1874,winter
IA,Webster,WEBSTER,0.0009,0.0091,0.0201,0.2531,0.2531,winter
IA,Winnebago,WINNEBAGO,0.0001,0.0009,0.0108,0.2845,0.2845,winter
IA,Winneshiek,WINNESHIEK,0.0003,0.0009,0.0059,0.3047,0.3047,winter
IA,Woodbury,WOODBURY,0.0032,0.0009,0.0207,0.3576,0.3576,winter
IA,Worth,WORTH,0.0002,0.0008,0.0089,0.2619,0.2619,winter
IA,Wright,WRIGHT,0.0002,0.0012,0.0181,0.2562,0.2562,winter
ID,Ada,ADA,0.0051,0.0053,0.008,0.0056,0.008,wind
ID,Adams,ADAMS,0.0067,0.0033,0.0013,0.0005,0.0067,fire
ID,Bannock,BANNOCK,0.0043,0.0106,0.0114,0.0053,0.0114,wind
ID,Bear Lake,BEAR LAKE,0.0027,0.0099,0.0066,0.0766,0.0766,winter
ID,Benewah,BENEWAH,0.0035,0.0069,0.006,0.0919,0.0919,winter
ID,Bingham,BINGHAM,0.0013,0.0094,0.0114,0.0048,0.0114,wind
ID,Blaine,BLAINE,0.0035,0.0104,0.0086,0.0076,0.0104,flood
ID,Boise,BOISE,0.0105,0.0037,0.0141,0.1427,0.1427,winter
ID,Bonner,BONNER,0.0026,0.0047,0.0048,0.0776,0.0776,winter
ID,Bonneville,BONNEVILLE,0.0023,0.0097,0.0105,0.0169,0.0169,winter
ID,Boundary,BOUNDARY,0.002,0.0039,0.0062,0.0881,0.0881,winter
ID,Butte,BUTTE,0.0025,0.0078,0.0149,0.0061,0.0149,wind
ID,Camas,CAMAS,0.0027,0.005,0.0024,0.1088,0.1088,winter
ID,Canyon,CANYON,0.0013,0.0052,0.0125,0.0591,0.0591,winter
ID,Caribou,CARIBOU,0.0041,0.0117,0.0229,0.3124,0.3124,winter
ID,Cassia,CASSIA,0.0036,0.0094,0.0078,0.0109,0.0109,winter
ID,Clark,CLARK,0.002,0.0077,0.0027,0.0044,0.0077,flood
ID,Clearwater,CLEARWATER,0.0019,0.0037,0.0106,0.3264,0.3264,winter
ID,Custer,CUSTER,0.0044,0.0105,0.0039,0.0041,0.0105,flood
ID,Elmore,ELMORE,0.0081,0.0085,0.0048,0.0037,0.0085,flood
ID,Franklin,FRANKLIN,0.0011,0.0111,0.0044,0.0482,0.0482,winter
ID,Fremont,FREMONT,0.0031,0.0073,0.0027,0.0132,0.0132,winter
ID,Gem,GEM,0.006,0.0069,0.0022,0.0029,0.0069,flood
ID,Gooding,GOODING,0.0059,0.0081,0.0017,0.0072,0.0081,flood
ID,Idaho,IDAHO,0.018,0.0044,0.021,0.2115,0.2115,winter
ID,Jefferson,JEFFERSON,0.0007,0.0083,0.0116,0.0117,0.0117,winter
ID,Jerome,JEROME,0.0023,0.0064,0.0026,0.0002,0.0064,flood
ID,Kootenai,KOOTENAI,0.0032,0.0105,0.0083,0.106,0.106,winter
ID,Latah,LATAH,0.0031,0.012,0.0065,0.0797,0.0797,winter
ID,Lemhi,LEMHI,0.0079,0.0028,0.0298,0.2361,0.2361,winter
ID,Lewis,LEWIS,0.0032,0.0036,0.0173,0.1636,0.1636,winter
ID,Lincoln,LINCOLN,0.0063,0.0065,0.0034,0.0067,0.0067,winter
ID,Madison,MADISON,0.0003,0.0132,0.0016,0.0088,0.0132,flood
ID,Minidoka,MINIDOKA,0.0005,0.0067,0.0095,0.0025,0.0095,wind
ID,Nez Perce,NEZ PERCE,0.0031,0.0031,0.0196,0.1555,0.1555,winter
ID,Oneida,ONEIDA,0.0043,0.0125,0.0039,0.0505,0.0505,winter
ID,Owyhee,OWYHEE,0.0171,0.0046,0.0079,0.0487,0.0487,winter
ID,Payette,PAYETTE,0.0028,0.0066,0.0018,0.0026,0.0066,flood
ID,Power,POWER,0.0018,0.0081,0.0097,0.0045,0.0097,wind
ID,Shoshone,SHOSHONE,0.0025,0.0062,0.0082,0.1377,0.1377,winter
ID,Teton,TETON,0.0009,0.0082,0.0023,0.0482,0.0482,winter
ID,Twin Falls,TWIN FALLS,0.006,0.0053,0.0119,0.0732,0.0732,winter
ID,Valley,VALLEY,0.0066,0.0022,0.0467,0.2364,0.2364,winter
ID,Washington,WASHINGTON,0.0016,0.0069,0.0012,0.0018,0.0069,flood
IL,Adams,ADAMS,0.001,0.0005,0.0124,0.1442,0.1442,winter
IL,Alexander,ALEXANDER,0.0066,0.0341,0.0256,0.2304,0.2304,winter
IL,Bond,BOND,0.0005,0.0015,0.0184,0.1242,0.1242,winter
IL,Boone,BOONE,0.0003,0.0025,0.0116,0.2283,0.2283,winter
IL,Brown,BROWN,0.0016,0.0004,0.008,0.1188,0.1188,winter
IL,Bureau,BUREAU,0.0004,0.0013,0.0137,0.2971,0.2971,winter
IL,Calhoun,CALHOUN,0.0033,0.0013,0.0082,0.1256,0.1256,winter
IL,Carroll,CARROLL,0.0004,0.0016,0.0129,0.3265,0.3265,winter
IL,Cass,CASS,0.0009,0.0009,0.0086,0.1278,0.1278,winter
IL,Champaign,CHAMPAIGN,0.0003,0.0041,0.0206,0.1447,0.1447,winter
IL,Christian,CHRISTIAN,0.0005,0.0016,0.0212,0.1174,0.1174,winter
IL,Clark,CLARK,0.0008,0.0035,0.0177,0.0769,0.0769,winter
IL,Clay,CLAY,0.0008,0.0024,0.0234,0.0914,0.0914,winter
IL,Clinton,CLINTON,0.0007,0.0015,0.0269,0.112,0.112,winter
IL,Coles,COLES,0.0007,0.0022,0.0146,0.115,0.115,winter
IL,Cook,COOK,0.0009,0.0103,0.0503,0.418,0.418,winter
IL,Crawford,CRAWFORD,0.0008,0.003,0.0171,0.0651,0.0651,winter
IL,Cumberland,CUMBERLAND,0.0006,0.002,0.0136,0.0913,0.0913,winter
IL,De Witt,DE WITT,0.0002,0.0022,0.0184,0.1322,0.1322,winter
IL,Dekalb,DEKALB,0.0002,0.0008,0.0,0.0004,0.0008,flood
IL,Douglas,DOUGLAS,0.0004,0.0021,0.0118,0.1165,0.1165,winter
IL,Dupage,DUPAGE,0.0008,0.0008,0.0,0.0,0.0008,fire
IL,Edgar,EDGAR,0.0004,0.0024,0.015,0.0917,0.0917,winter
IL,Edwards,EDWARDS,0.0005,0.0043,0.0145,0.2921,0.2921,winter
IL,Effingham,EFFINGHAM,0.0008,0.0026,0.0207,0.092,0.092,winter
IL,Fayette,FAYETTE,0.001,0.0016,0.0193,0.1271,0.1271,winter
IL,Ford,FORD,0.0002,0.0043,0.0117,0.124,0.124,winter
IL,Franklin,FRANKLIN,0.0036,0.006,0.0343,0.3288,0.3288,winter
IL,Fulton,FULTON,0.0012,0.0012,0.0138,0.1646,0.1646,winter
IL,Gallatin,GALLATIN,0.0014,0.0159,0.0148,0.2725,0.2725,winter
IL,Greene,GREENE,0.0011,0.001,0.0089,0.1092,0.1092,winter
IL,Grundy,GRUNDY,0.0006,0.0046,0.0173,0.1835,0.1835,winter
IL,Hamilton,HAMILTON,0.0015,0.0041,0.0182,0.2969,0.2969,winter
IL,Hancock,HANCOCK,0.0003,0.0024,0.013,0.2591,0.2591,winter
IL,Hardin,HARDIN,0.025,0.0146,0.011,0.2806,0.2806,winter
IL,Henderson,HENDERSON,0.0007,0.0013,0.0075,0.2813,0.2813,winter
IL,Henry,HENRY,0.0002,0.0016,0.0163,0.3141,0.3141,winter
IL,Iroquois,IROQUOIS,0.0005,0.0058,0.0177,0.1397,0.1397,winter
IL,Jackson,JACKSON,0.0291,0.0085,0.0481,0.3031,0.3031,winter
IL,Jasper,JASPER,0.0006,0.0031,0.0215,0.0753,0.0753,winter
IL,Jefferson,JEFFERSON,0.0019,0.0053,0.0277,0.3371,0.3371,winter
IL,Jersey,JERSEY,0.001,0.0038,0.0172,0.1222,0.1222,winter
IL,Jo Daviess,JO DAVIESS,0.0005,0.0025,0.0163,0.3779,0.3779,winter
IL,Johnson,JOHNSON,0.0252,0.0087,0.0222,0.2733,0.2733,winter
IL,Kane,KANE,0.0007,0.0014,0.0275,0.2441,0.2441,winter
IL,Kankakee,KANKAKEE,0.0014,0.0053,0.0166,0.1462,0.1462,winter
IL,Kendall,KENDALL,0.0003,0.0019,0.0157,0.1885,0.1885,winter
IL,Knox,KNOX,0.0005,0.0013,0.0159,0.1636,0.1636,winter
IL,Lake,LAKE,0.001,0.0081,0.0383,0.2867,0.2867,winter
IL,Lasalle,LASALLE,0.0004,0.004,0.0,0.0,0.004,flood
IL,Lawrence,LAWRENCE,0.0007,0.005,0.0175,0.0743,0.0743,winter
IL,Lee,LEE,0.0002,0.0017,0.005,0.0036,0.005,wind
IL,Livingston,LIVINGSTON,0.0002,0.0022,0.0143,0.1505,0.1505,winter
IL,Logan,LOGAN,0.0004,0.0006,0.0244,0.1375,0.1375,winter
IL,Macon,MACON,0.0007,0.0019,0.0203,0.1213,0.1213,winter
IL,Macoupin,MACOUPIN,0.0009,0.0013,0.0184,0.1354,0.1354,winter
IL,Madison,MADISON,0.0006,0.0009,0.0285,0.1348,0.1348,winter
IL,Marion,MARION,0.0011,0.0016,0.0258,0.1233,0.1233,winter
IL,Marshall,MARSHALL,0.0003,0.0034,0.0188,0.1544,0.1544,winter
IL,Mason,MASON,0.0006,0.0023,0.0112,0.1278,0.1278,winter
IL,Massac,MASSAC,0.0029,0.0196,0.028,0.2519,0.2519,winter
IL,Mcdonough,MCDONOUGH,0.0005,0.0014,0.0158,0.2669,0.2669,winter
IL,Mchenry,MCHENRY,0.0006,0.0029,0.0172,0.2634,0.2634,winter
IL,Mclean,MCLEAN,0.0003,0.0012,0.0175,0.151,0.151,winter
IL,Menard,MENARD,0.0004,0.0014,0.012,0.1162,0.1162,winter
IL,Mercer,MERCER,0.0005,0.0012,0.0115,0.3134,0.3134,winter
IL,Monroe,MONROE,0.0015,0.002,0.0177,0.1153,0.1153,winter
IL,Montgomery,MONTGOMERY,0.0006,0.001,0.0178,0.1305,0.1305,winter
IL,Morgan,MORGAN,0.0008,0.0008,0.0157,0.1245,0.1245,winter
IL,Moultrie,MOULTRIE,0.0003,0.0014,0.0174,0.1008,0.1008,winter
IL,Ogle,OGLE,0.0005,0.002,0.0144,0.1867,0.1867,winter
IL,Peoria,PEORIA,0.0005,0.0041,0.0195,0.1567,0.1567,winter
IL,Perry,PERRY,0.0022,0.0037,0.0257,0.3283,0.3283,winter
IL,Piatt,PIATT,0.0005,0.0014,0.0174,0.107,0.107,winter
IL,Pike,PIKE,0.0018,0.0005,0.0156,0.121,0.121,winter
IL,Pope,POPE,0.0563,0.0136,0.0136,0.2949,0.2949,winter
IL,Pulaski,PULASKI,0.003,0.0188,0.022,0.262,0.262,winter
IL,Putnam,PUTNAM,0.0004,0.0022,0.0108,0.2754,0.2754,winter
IL,Randolph,RANDOLPH,0.001,0.0026,0.0135,0.1098,0.1098,winter
IL,Richland,RICHLAND,0.0003,0.0029,0.0154,0.0686,0.0686,winter
IL,Rock Island,ROCK ISLAND,0.0003,0.0042,0.0149,0.3052,0.3052,winter
IL,Saline,SALINE,0.0112,0.0095,0.0288,0.3278,0.3278,winter
IL,Sangamon,SANGAMON,0.0004,0.0022,0.0326,0.1659,0.1659,winter
IL,Schuyler,SCHUYLER,0.0011,0.001,0.0094,0.1513,0.1513,winter
IL,Scott,SCOTT,0.0003,0.0023,0.0096,0.1041,0.1041,winter
IL,Shelby,SHELBY,0.0004,0.0026,0.0207,0.1241,0.1241,winter
IL,St. Clair,ST. CLAIR,0.0005,0.0011,0.0292,0.1416,0.1416,winter
IL,Stark,STARK,0.0002,0.0008,0.0077,0.1688,0.1688,winter
IL,Stephenson,STEPHENSON,0.0001,0.0017,0.0141,0.3318,0.3318,winter
IL,Tazewell,TAZEWELL,0.0009,0.0017,0.0245,0.1476,0.1476,winter
IL,Union,UNION,0.0158,0.0117,0.0193,0.2765,0.2765,winter
IL,Vermilion,VERMILION,0.0005,0.006,0.0177,0.1237,0.1237,winter
IL,Wabash,WABASH,0.0004,0.0165,0.0175,0.2811,0.2811,winter
IL,Warren,WARREN,0.0005,0.0008,0.0127,0.2827,0.2827,winter
IL,Washington,WASHINGTON,0.0009,0.0015,0.0198,0.1189,0.1189,winter
IL,Wayne,WAYNE,0.0009,0.0047,0.0166,0.3008,0.3008,winter
IL,White,WHITE,0.0005,0.0107,0.0271,0.306,0.306,winter
IL,Whiteside,WHITESIDE,0.0004,0.003,0.0165,0.3399,0.3399,winter
IL,Will,WILL,0.0046,0.003,0.0272,0.2408,0.2408,winter
IL,Williamson,WILLIAMSON,0.0136,0.0084,0.0344,0.2804,0.2804,winter
IL,Winnebago,WINNEBAGO,0.0005,0.0028,0.0196,0.2316,0.2316,winter
IL,Woodford,WOODFORD,0.0004,0.0019,0.0206,0.164,0.164,winter
IN,Adams,ADAMS,0.0001,0.0032,0.0118,0.2101,0.2101,winter
IN,Allen,ALLEN,0.0001,0.0056,0.0305,0.2576,0.2576,winter
IN,Bartholomew,BARTHOLOMEW,0.0015,0.0081,0.0159,0.0938,0.0938,winter
IN,Benton,BENTON,0.0002,0.0059,0.0124,0.1003,0.1003,winter
IN,Blackford,BLACKFORD,0.0001,0.0033,0.011,0.1717,0.1717,winter
IN,Boone,BOONE,0.0002,0.003,0.0228,0.1406,0.1406,winter
IN,Brown,BROWN,0.0116,0.0058,0.0125,0.0834,0.0834,winter
IN,Carroll,CARROLL,0.0002,0.0083,0.0186,0.1162,0.1162,winter
IN,Cass,CASS,0.0002,0.0077,0.0118,0.1836,0.1836,winter
IN,Clark,CLARK,0.0019,0.0076,0.0382,0.1101,0.1101,winter
IN,Clay,CLAY,0.001,0.009,0.0198,0.0565,0.0565,winter
IN,Clinton,CLINTON,0.0002,0.0038,0.0225,0.11,0.11,winter
IN,Crawford,CRAWFORD,0.0122,0.008,0.0397,0.1134,0.1134,winter
IN,Daviess,DAVIESS,0.0006,0.0162,0.0226,0.066,0.066,winter
IN,Dearborn,DEARBORN,0.0004,0.0079,0.0321,0.2593,0.2593,winter
IN,Decatur,DECATUR,0.0003,0.0052,0.0242,0.0873,0.0873,winter
IN,Dekalb,DEKALB,0.0002,0.0024,0.0,0.0009,0.0024,flood
IN,Delaware,DELAWARE,0.0001,0.0079,0.0151,0.1284,0.1284,winter
IN,Dubois,DUBOIS,0.0015,0.0063,0.0401,0.1102,0.1102,winter
IN,Elkhart,ELKHART,0.0003,0.0102,0.0214,0.2777,0.2777,winter
IN,Fayette,FAYETTE,0.0005,0.0051,0.0293,0.2361,0.2361,winter
IN,Floyd,FLOYD,0.0008,0.007,0.0261,0.0953,0.0953,winter
IN,Fountain,FOUNTAIN,0.0005,0.0216,0.015,0.0845,0.0845,winter
IN,Franklin,FRANKLIN,0.0016,0.0061,0.0214,0.2521,0.2521,winter
IN,Fulton,FULTON,0.0002,0.0088,0.0116,0.2209,0.2209,winter
IN,Gibson,GIBSON,0.0009,0.0168,0.0298,0.3272,0.3272,winter
IN,Grant,GRANT,0.0002,0.0045,0.0155,0.1865,0.1865,winter
IN,Greene,GREENE,0.0011,0.0204,0.0216,0.0514,0.0514,winter
IN,Hamilton,HAMILTON,0.0001,0.0082,0.0239,0.1481,0.1481,winter
IN,Hancock,HANCOCK,0.0002,0.0032,0.025,0.1207,0.1207,winter
IN,Harrison,HARRISON,0.0015,0.0062,0.0527,0.1159,0.1159,winter
IN,Hendricks,HENDRICKS,0.0003,0.0034,0.0316,0.1172,0.1172,winter
IN,Henry,HENRY,0.0001,0.004,0.0192,0.1235,0.1235,winter
IN,Howard,HOWARD,0.0002,0.0053,0.0235,0.1197,0.1197,winter
IN,Huntington,HUNTINGTON,0.0002,0.0054,0.0214,0.2141,0.2141,winter
IN,Jackson,JACKSON,0.0026,0.0157,0.0282,0.1014,0.1014,winter
IN,Jasper,JASPER,0.0003,0.008,0.014,0.1799,0.1799,winter
IN,Jay,JAY,0.0001,0.004,0.009,0.0038,0.009,wind
IN,Jefferson,JEFFERSON,0.0026,0.0074,0.0189,0.1059,0.1059,winter
IN,Jennings,JENNINGS,0.0021,0.0076,0.0156,0.0826,0.0826,winter
IN,Johnson,JOHNSON,0.0007,0.0058,0.0274,0.086,0.086,winter
IN,Knox,KNOX,0.0003,0.0237,0.0305,0.0691,0.0691,winter
IN,Kosciusko,KOSCIUSKO,0.0004,0.0046,0.0204,0.2738,0.2738,winter
IN,Lagrange,LAGRANGE,0.0002,0.0054,0.0126,0.2359,0.2359,winter
IN,Lake,LAKE,0.007,0.0052,0.0247,0.2268,0.2268,winter
IN,Laporte,LAPORTE,0.0008,0.0065,0.0,0.0002,0.0065,flood
IN,Lawrence,LAWRENCE,0.0035,0.0155,0.0286,0.0758,0.0758,winter
IN,Madison,MADISON,0.0002,0.0082,0.026,0.1354,0.1354,winter
IN,Marion,MARION,0.0002,0.007,0.0421,0.1542,0.1542,winter
IN,Marshall,MARSHALL,0.0001,0.006,0.0241,0.258,0.258,winter
IN,Martin,MARTIN,0.003,0.0115,0.0152,0.0641,0.0641,winter
IN,Miami,MIAMI,0.0002,0.0043,0.0151,0.2004,0.2004,winter
IN,Monroe,MONROE,0.0033,0.01,0.025,0.0683,0.0683,winter
IN,Montgomery,MONTGOMERY,0.0005,0.0061,0.0159,0.0905,0.0905,winter
IN,Morgan,MORGAN,0.0013,0.0109,0.0289,0.0949,0.0949,winter
IN,Newton,NEWTON,0.0005,0.0076,0.0125,0.1396,0.1396,winter
IN,Noble,NOBLE,0.0003,0.0035,0.0161,0.253,0.253,winter
IN,Ohio,OHIO,0.0015,0.0084,0.0128,0.1703,0.1703,winter
IN,Orange,ORANGE,0.0052,0.0059,0.0253,0.1013,0.1013,winter
IN,Owen,OWEN,0.0028,0.0118,0.0134,0.0764,0.0764,winter
IN,Parke,PARKE,0.0011,0.0091,0.0124,0.0849,0.0849,winter
IN,Perry,PERRY,0.0084,0.0045,0.0257,0.1082,0.1082,winter
IN,Pike,PIKE,0.0038,0.0249,0.017,0.3117,0.3117,winter
IN,Porter,PORTER,0.0015,0.0067,0.019,0.2204,0.2204,winter
IN,Posey,POSEY,0.0012,0.0178,0.0177,0.3112,0.3112,winter
IN,Pulaski,PULASKI,0.0002,0.007,0.011,0.1878,0.1878,winter
IN,Putnam,PUTNAM,0.001,0.006,0.0204,0.0866,0.0866,winter
IN,Randolph,RANDOLPH,0.0001,0.0057,0.0139,0.1321,0.1321,winter
IN,Ripley,RIPLEY,0.0018,0.0081,0.0433,0.2587,0.2587,winter
IN,Rush,RUSH,0.0003,0.0055,0.0238,0.0971,0.0971,winter
IN,Scott,SCOTT,0.0021,0.0087,0.0196,0.0867,0.0867,winter
IN,Shelby,SHELBY,0.0002,0.0061,0.0229,0.09,0.09,winter
IN,Spencer,SPENCER,0.0009,0.0126,0.0318,0.2977,0.2977,winter
IN,St. Joseph,ST. JOSEPH,0.0003,0.0079,0.0207,0.289,0.289,winter
IN,Starke,STARKE,0.0003,0.007,0.0167,0.236,0.236,winter
IN,Steuben,STEUBEN,0.0003,0.0026,0.0141,0.2407,0.2407,winter
IN,Sullivan,SULLIVAN,0.001,0.0225,0.0104,0.0571,0.0571,winter
IN,Switzerland,SWITZERLAND,0.0007,0.0097,0.0154,0.1497,0.1497,winter
IN,Tippecanoe,TIPPECANOE,0.0002,0.0261,0.0186,0.1109,0.1109,winter
IN,Tipton,TIPTON,0.0001,0.0021,0.0176,0.1076,0.1076,winter
IN,Union,UNION,0.0004,0.0054,0.0282,0.23,0.23,winter
IN,Vanderburgh,VANDERBURGH,0.0015,0.0236,0.0313,0.3546,0.3546,winter
IN,Vermillion,VERMILLION,0.0009,0.0239,0.0172,0.0685,0.0685,winter
IN,Vigo,VIGO,0.0019,0.0302,0.0274,0.073,0.073,winter
IN,Wabash,WABASH,0.0002,0.0063,0.0162,0.2146,0.2146,winter
IN,Warren,WARREN,0.0006,0.014,0.0109,0.0947,0.0947,winter
IN,Warrick,WARRICK,0.0024,0.0151,0.0307,0.3165,0.3165,winter
IN,Washington,WASHINGTON,0.0011,0.0057,0.0369,0.104,0.104,winter
IN,Wayne,WAYNE,0.0002,0.003,0.0318,0.2626,0.2626,winter
IN,Wells,WELLS,0.0001,0.0032,0.0161,0.2086,0.2086,winter
IN,White,WHITE,0.0003,0.0068,0.0142,0.1448,0.1448,winter
IN,Whitley,WHITLEY,0.0002,0.0055,0.0201,0.2405,0.2405,winter
KS,Allen,ALLEN,0.0019,0.0004,0.0121,0.1528,0.1528,winter
KS,Anderson,ANDERSON,0.0032,0.0003,0.017,0.1716,0.1716,winter
KS,Atchison,ATCHISON,0.0038,0.0002,0.0048,0.1677,0.1677,winter
KS,Barber,BARBER,0.0159,0.0002,0.0274,0.165,0.165,winter
KS,Barton,BARTON,0.004,0.0001,0.0241,0.1767,0.1767,winter
KS,Bourbon,BOURBON,0.0081,0.0005,0.0218,0.1432,0.1432,winter
KS,Brown,BROWN,0.0112,0.0002,0.0096,0.1805,0.1805,winter
KS,Butler,BUTLER,0.0254,0.0007,0.0327,0.189,0.189,winter
KS,Chase,CHASE,0.0346,0.0003,0.0086,0.1557,0.1557,winter
KS,Chautauqua,CHAUTAUQUA,0.0144,0.0004,0.0176,0.1249,0.1249,winter
KS,Cherokee,CHEROKEE,0.0108,0.001,0.0364,0.132,0.132,winter
KS,Cheyenne,CHEYENNE,0.0047,0.0001,0.0508,0.2068,0.2068,winter
KS,Clark,CLARK,0.0112,0.0001,0.0124,0.1515,0.1515,winter
KS,Clay,CLAY,0.0035,0.0002,0.0064,0.1744,0.1744,winter
KS,Cloud,CLOUD,0.0036,0.0001,0.0109,0.1668,0.1668,winter
KS,Coffey,COFFEY,0.0167,0.0005,0.0132,0.1698,0.1698,winter
KS,Comanche,COMANCHE,0.0193,0.0001,0.0131,0.151,0.151,winter
KS,Cowley,COWLEY,0.0247,0.0008,0.0319,0.1601,0.1601,winter
KS,Crawford,CRAWFORD,0.0034,0.0004,0.0337,0.1389,0.1389,winter
KS,Decatur,DECATUR,0.003,0.0001,0.0285,0.1567,0.1567,winter
KS,Dickinson,DICKINSON,0.0042,0.0003,0.0108,0.1749,0.1749,winter
KS,Doniphan,DONIPHAN,0.0033,0.0004,0.0052,0.1464,0.1464,winter
KS,Douglas,DOUGLAS,0.0042,0.0004,0.0167,0.1852,0.1852,winter
KS,Edwards,EDWARDS,0.0022,0.0,0.0135,0.1746,0.1746,winter
KS,Elk,ELK,0.0114,0.0003,0.0062,0.01,0.0114,fire
KS,Ellis,ELLIS,0.0068,0.0001,0.0218,0.1811,0.1811,winter
KS,Ellsworth,ELLSWORTH,0.0099,0.0002,0.0173,0.1735,0.1735,winter
KS,Finney,FINNEY,0.0097,0.0001,0.0545,0.2027,0.2027,winter
KS,Ford,FORD,0.0081,0.0001,0.0538,0.2043,0.2043,winter
KS,Franklin,FRANKLIN,0.0031,0.0005,0.0161,0.1712,0.1712,winter
KS,Geary,GEARY,0.0165,0.0005,0.0132,0.1873,0.1873,winter
KS,Gove,GOVE,0.0045,0.0001,0.0433,0.162,0.162,winter
KS,Graham,GRAHAM,0.0061,0.0002,0.0396,0.1576,0.1576,winter
KS,Grant,GRANT,0.004,0.0001,0.0257,0.1607,0.1607,winter
KS,Gray,GRAY,0.0076,0.0001,0.0317,0.1804,0.1804,winter
KS,Greeley,GREELEY,0.0022,0.0,0.0301,0.1388,0.1388,winter
KS,Greenwood,GREENWOOD,0.0257,0.0003,0.0155,0.1579,0.1579,winter
KS,Hamilton,HAMILTON,0.0087,0.0001,0.0382,0.1325,0.1325,winter
KS,Harper,HARPER,0.0049,0.0003,0.0234,0.162,0.162,winter
KS,Harvey,HARVEY,0.0083,0.0003,0.014,0.1911,0.1911,winter
KS,Haskell,HASKELL,0.0039,0.0001,0.0256,0.1573,0.1573,winter
KS,Hodgeman,HODGEMAN,0.0071,0.0001,0.0238,0.1905,0.1905,winter
KS,Jackson,JACKSON,0.0567,0.0002,0.0162,0.2069,0.2069,winter
KS,Jefferson,JEFFERSON,0.0066,0.0008,0.0149,0.1965,0.1965,winter
KS,Jewell,JEWELL,0.0039,0.0001,0.0156,0.2256,0.2256,winter
KS,Johnson,JOHNSON,0.0022,0.0003,0.0244,0.1975,0.1975,winter
KS,Kearny,KEARNY,0.0047,0.0,0.0226,0.1603,0.1603,winter
KS,Kingman,KINGMAN,0.0099,0.0003,0.0231,0.1969,0.1969,winter
KS,Kiowa,KIOWA,0.0047,0.0001,0.0148,0.1584,0.1584,winter
KS,Labette,LABETTE,0.0018,0.0004,0.0301,0.1327,0.1327,winter
KS,Lane,LANE,0.0037,0.0,0.0205,0.1778,0.1778,winter
KS,Leavenworth,LEAVENWORTH,0.0166,0.0004,0.0128,0.1802,0.1802,winter
KS,Lincoln,LINCOLN,0.0035,0.0002,0.0169,0.1718,0.1718,winter
KS,Linn,LINN,0.0435,0.0005,0.009,0.1493,0.1493,winter
KS,Logan,LOGAN,0.0023,0.0001,0.0411,0.1769,0.1769,winter
KS,Lyon,LYON,0.022,0.0005,0.0189,0.1826,0.1826,winter
KS,Marion,MARION,0.0071,0.0003,0.0145,0.1834,0.1834,winter
KS,Marshall,MARSHALL,0.0034,0.0002,0.0091,0.1873,0.1873,winter
KS,Mcpherson,MCPHERSON,0.0048,0.0003,0.0234,0.2195,0.2195,winter
KS,Meade,MEADE,0.0097,0.0,0.0201,0.1588,0.1588,winter
KS,Miami,MIAMI,0.0027,0.0002,0.0124,0.1596,0.1596,winter
KS,Mitchell,MITCHELL,0.0018,0.0002,0.014,0.1862,0.1862,winter
KS,Montgomery,MONTGOMERY,0.0116,0.0007,0.0328,0.1484,0.1484,winter
KS,Morris,MORRIS,0.0107,0.0002,0.0101,0.1642,0.1642,winter
KS,Morton,MORTON,0.0249,0.0,0.0385,0.1339,0.1339,winter
KS,Nemaha,NEMAHA,0.0044,0.0002,0.0113,0.1976,0.1976,winter
KS,Neosho,NEOSHO,0.0037,0.0005,0.0211,0.1428,0.1428,winter
KS,Ness,NESS,0.0029,0.0,0.0195,0.1774,0.1774,winter
KS,Norton,NORTON,0.0029,0.0001,0.0254,0.1602,0.1602,winter
KS,Osage,OSAGE,0.0081,0.0004,0.0169,0.1752,0.1752,winter
KS,Osborne,OSBORNE,0.0035,0.0001,0.0149,0.1983,0.1983,winter
KS,Ottawa,OTTAWA,0.0043,0.0002,0.016,0.1677,0.1677,winter
KS,Pawnee,PAWNEE,0.0021,0.0001,0.0118,0.1835,0.1835,winter
KS,Phillips,PHILLIPS,0.0053,0.0002,0.0198,0.2169,0.2169,winter
KS,Pottawatomie,POTTAWATOMIE,0.0136,0.0005,0.0085,0.1951,0.1951,winter
KS,Pratt,PRATT,0.0043,0.0002,0.019,0.1859,0.1859,winter
KS,Rawlins,RAWLINS,0.0052,0.0001,0.0499,0.192,0.192,winter
KS,Reno,RENO,0.0169,0.0005,0.0283,0.2401,0.2401,winter
KS,Republic,REPUBLIC,0.0016,0.0002,0.0121,0.1928,0.1928,winter
KS,Rice,RICE,0.0057,0.0002,0.02,0.1881,0.1881,winter
KS,Riley,RILEY,0.0237,0.0005,0.0124,0.1818,0.1818,winter
KS,Rooks,ROOKS,0.0063,0.0002,0.0173,0.202,0.202,winter
KS,Rush,RUSH,0.0019,0.0001,0.0103,0.1548,0.1548,winter
KS,Russell,RUSSELL,0.0066,0.0002,0.0293,0.1752,0.1752,winter
KS,Saline,SALINE,0.009,0.0003,0.0153,0.1669,0.1669,winter
KS,Scott,SCOTT,0.0025,0.0001,0.0362,0.1781,0.1781,winter
KS,Sedgwick,SEDGWICK,0.0054,0.0012,0.05,0.2141,0.2141,winter
KS,Seward,SEWARD,0.0154,0.0001,0.0339,0.172,0.172,winter
KS,Shawnee,SHAWNEE,0.005,0.0006,0.0165,0.1918,0.1918,winter
KS,Sheridan,SHERIDAN,0.0036,0.0001,0.0325,0.1653,0.1653,winter
KS,Sherman,SHERMAN,0.005,0.0001,0.0871,0.2116,0.2116,winter
KS,Smith,SMITH,0.0052,0.0002,0.0172,0.2289,0.2289,winter
KS,Stafford,STAFFORD,0.0121,0.0001,0.0128,0.1811,0.1811,winter
KS,Stanton,STANTON,0.0075,0.0001,0.0367,0.1307,0.1307,winter
KS,Stevens,STEVENS,0.0051,0.0,0.0278,0.1567,0.1567,winter
KS,Sumner,SUMNER,0.0035,0.0004,0.0214,0.1519,0.1519,winter
KS,Thomas,THOMAS,0.0021,0.0001,0.0466,0.2006,0.2006,winter
KS,Trego,TREGO,0.0038,0.0001,0.0177,0.1544,0.1544,winter
KS,Wabaunsee,WABAUNSEE,0.0093,0.0004,0.0083,0.1868,0.1868,winter
KS,Wallace,WALLACE,0.0055,0.0,0.0409,0.1767,0.1767,winter
KS,Washington,WASHINGTON,0.0026,0.0002,0.0102,0.1812,0.1812,winter
KS,Wichita,WICHITA,0.0029,0.0,0.0205,0.1462,0.1462,winter
KS,Wilson,WILSON,0.0065,0.0006,0.0178,0.1373,0.1373,winter
KS,Woodson,WOODSON,0.0088,0.0003,0.0118,0.1307,0.1307,winter
KS,Wyandotte,WYANDOTTE,0.0019,0.0009,0.0147,0.162,0.162,winter
KY,Adair,ADAIR,0.0042,0.0086,0.0309,0.0616,0.0616,winter
KY,Allen,ALLEN,0.0017,0.0075,0.0385,0.0812,0.0812,winter
KY,Anderson,ANDERSON,0.0017,0.0077,0.0225,0.0992,0.0992,winter
KY,Ballard,BALLARD,0.0071,0.0118,0.0367,0.2869,0.2869,winter
KY,Barren,BARREN,0.0027,0.0088,0.0436,0.0739,0.0739,winter
KY,Bath,BATH,0.0021,0.0132,0.0368,0.1848,0.1848,winter
KY,Bell,BELL,0.0276,0.0196,0.034,0.1771,0.1771,winter
KY,Boone,BOONE,0.001,0.0079,0.0282,0.2665,0.2665,winter
KY,Bourbon,BOURBON,0.0003,0.0036,0.0246,0.1046,0.1046,winter
KY,Boyd,BOYD,0.0048,0.0311,0.0222,0.1245,0.1245,winter
KY,Boyle,BOYLE,0.0016,0.0091,0.0334,0.0831,0.0831,winter
KY,Bracken,BRACKEN,0.0014,0.0054,0.0196,0.199,0.199,winter
KY,Breathitt,BREATHITT,0.0106,0.0192,0.0401,0.2157,0.2157,winter
KY,Breckinridge,BRECKINRIDGE,0.0037,0.0082,0.0352,0.113,0.113,winter
KY,Bullitt,BULLITT,0.0018,0.0061,0.0298,0.1051,0.1051,winter
KY,Butler,BUTLER,0.004,0.0094,0.0317,0.0822,0.0822,winter
KY,Caldwell,CALDWELL,0.0083,0.0098,0.0234,0.2637,0.2637,winter
KY,Calloway,CALLOWAY,0.007,0.0222,0.0491,0.2832,0.2832,winter
KY,Campbell,CAMPBELL,0.0002,0.0062,0.0233,0.2371,0.2371,winter
KY,Carlisle,CARLISLE,0.0066,0.0144,0.0356,0.2617,0.2617,winter
KY,Carroll,CARROLL,0.0011,0.0069,0.015,0.1399,0.1399,winter
KY,Carter,CARTER,0.0204,0.0234,0.0151,0.1498,0.1498,winter
KY,Casey,CASEY,0.0018,0.0108,0.0456,0.0696,0.0696,winter
KY,Christian,CHRISTIAN,0.0126,0.0125,0.0579,0.2742,0.2742,winter
KY,Clark,CLARK,0.0004,0.0051,0.0293,0.0864,0.0864,winter
KY,Clay,CLAY,0.0367,0.019,0.0295,0.1576,0.1576,winter
KY,Clinton,CLINTON,0.003,0.0079,0.0236,0.0635,0.0635,winter
KY,Crittenden,CRITTENDEN,0.007,0.0111,0.0143,0.2807,0.2807,winter
KY,Cumberland,CUMBERLAND,0.0111,0.0093,0.0286,0.0626,0.0626,winter
KY,Daviess,DAVIESS,0.0052,0.0175,0.0327,0.3078,0.3078,winter
KY,Edmonson,EDMONSON,0.0031,0.0125,0.0315,0.0724,0.0724,winter
KY,Elliott,ELLIOTT,0.0042,0.0126,0.0164,0.1653,0.1653,winter
KY,Estill,ESTILL,0.0112,0.0189,0.0465,0.1656,0.1656,winter
KY,Fayette,FAYETTE,0.0003,0.0048,0.0409,0.1058,0.1058,winter
KY,Fleming,FLEMING,0.0016,0.011,0.0236,0.1897,0.1897,winter
KY,Floyd,FLOYD,0.0104,0.0249,0.0384,0.2015,0.2015,winter
KY,Franklin,FRANKLIN,0.0025,0.0153,0.0282,0.1111,0.1111,winter
KY,Fulton,FULTON,0.0037,0.01,0.0328,0.2491,0.2491,winter
KY,Gallatin,GALLATIN,0.0015,0.0112,0.0224,0.1989,0.1989,winter
KY,Garrard,GARRARD,0.0014,0.009,0.0255,0.0715,0.0715,winter
KY,Grant,GRANT,0.0006,0.0071,0.021,0.1784,0.1784,winter
KY,Graves,GRAVES,0.0063,0.0157,0.0513,0.2692,0.2692,winter
KY,Grayson,GRAYSON,0.0027,0.0102,0.0343,0.0941,0.0941,winter
KY,Green,GREEN,0.0014,0.0034,0.0308,0.0711,0.0711,winter
KY,Greenup,GREENUP,0.0065,0.0378,0.0291,0.1429,0.1429,winter
KY,Hancock,HANCOCK,0.0007,0.0051,0.0189,0.0917,0.0917,winter
KY,Hardin,HARDIN,0.0029,0.0094,0.0349,0.1107,0.1107,winter
KY,Harlan,HARLAN,0.0124,0.0241,0.0396,0.2237,0.2237,winter
KY,Harrison,HARRISON,0.0007,0.005,0.021,0.1255,0.1255,winter
KY,Hart,HART,0.0047,0.011,0.0317,0.0843,0.0843,winter
KY,Henderson,HENDERSON,0.0051,0.0204,0.0272,0.3362,0.3362,winter
KY,Henry,HENRY,0.0007,0.0086,0.0209,0.1045,0.1045,winter
KY,Hickman,HICKMAN,0.0042,0.0068,0.0271,0.2532,0.2532,winter
KY,Hopkins,HOPKINS,0.0096,0.0144,0.037,0.2685,0.2685,winter
KY,Jackson,JACKSON,0.0081,0.0104,0.0276,0.1707,0.1707,winter
KY,Jefferson,JEFFERSON,0.0006,0.0147,0.0504,0.1248,0.1248,winter
KY,Jessamine,JESSAMINE,0.0009,0.0082,0.0232,0.0694,0.0694,winter
KY,Johnson,JOHNSON,0.0052,0.0194,0.0323,0.1745,0.1745,winter
KY,Kenton,KENTON,0.0003,0.0078,0.0199,0.2272,0.2272,winter
KY,Knott,KNOTT,0.0045,0.0082,0.0269,0.1834,0.1834,winter
KY,Knox,KNOX,0.0158,0.0172,0.0242,0.142,0.142,winter
KY,Larue,LARUE,0.0013,0.0057,0.0276,0.0881,0.0881,winter
KY,Laurel,LAUREL,0.0077,0.0119,0.0464,0.1586,0.1586,winter
KY,Lawrence,LAWRENCE,0.0081,0.0254,0.0243,0.1369,0.1369,winter
KY,Lee,LEE,0.0042,0.0111,0.0275,0.0053,0.0275,wind
KY,Leslie,LESLIE,0.0284,0.0175,0.0415,0.1954,0.1954,winter
KY,Letcher,LETCHER,0.0069,0.0199,0.0288,0.2438,0.2438,winter
KY,Lewis,LEWIS,0.0048,0.011,0.0147,0.1867,0.1867,winter
KY,Lincoln,LINCOLN,0.0017,0.0092,0.0263,0.0716,0.0716,winter
KY,Livingston,LIVINGSTON,0.0068,0.02,0.0172,0.2527,0.2527,winter
KY,Logan,LOGAN,0.003,0.0144,0.0388,0.0725,0.0725,winter
KY,Lyon,LYON,0.013,0.0163,0.017,0.263,0.263,winter
KY,Madison,MADISON,0.0028,0.0106,0.0402,0.0755,0.0755,winter
KY,Magoffin,MAGOFFIN,0.0159,0.0146,0.0289,0.1858,0.1858,winter
KY,Marion,MARION,0.0015,0.0062,0.0265,0.0989,0.0989,winter
KY,Marshall,MARSHALL,0.0085,0.0163,0.0333,0.2844,0.2844,winter
KY,Martin,MARTIN,0.0072,0.0147,0.0308,0.1591,0.1591,winter
KY,Mason,MASON,0.0005,0.0098,0.0238,0.2123,0.2123,winter
KY,Mccracken,MCCRACKEN,0.01,0.0156,0.0456,0.2903,0.2903,winter
KY,Mccreary,MCCREARY,0.0211,0.0127,0.0273,0.1523,0.1523,winter
KY,Mclean,MCLEAN,0.0082,0.0174,0.0211,0.294,0.294,winter
KY,Meade,MEADE,0.0032,0.008,0.0207,0.0956,0.0956,winter
KY,Menifee,MENIFEE,0.0049,0.0129,0.0241,0.1915,0.1915,winter
KY,Mercer,MERCER,0.0006,0.0034,0.0182,0.0858,0.0858,winter
KY,Metcalfe,METCALFE,0.0043,0.0073,0.0228,0.0651,0.0651,winter
KY,Monroe,MONROE,0.0024,0.007,0.0353,0.0735,0.0735,winter
KY,Montgomery,MONTGOMERY,0.0013,0.0097,0.0392,0.1663,0.1663,winter
KY,Morgan,MORGAN,0.0121,0.013,0.0328,0.2091,0.2091,winter
KY,Muhlenberg,MUHLENBERG,0.0095,0.0151,0.032,0.2619,0.2619,winter
KY,Nelson,NELSON,0.0018,0.0087,0.0332,0.1057,0.1057,winter
KY,Nicholas,NICHOLAS,0.0007,0.0066,0.0184,0.0994,0.0994,winter
KY,Ohio,OHIO,0.0032,0.0093,0.0365,0.1066,0.1066,winter
KY,Oldham,OLDHAM,0.0025,0.0068,0.0231,0.0983,0.0983,winter
KY,Owen,OWEN,0.0012,0.0091,0.0311,0.1528,0.1528,winter
KY,Owsley,OWSLEY,0.0166,0.0167,0.0231,0.161,0.161,winter
KY,Pendleton,PENDLETON,0.0004,0.0098,0.0234,0.1624,0.1624,winter
KY,Perry,PERRY,0.011,0.0205,0.038,0.2144,0.2144,winter
KY,Pike,PIKE,0.0101,0.0171,0.0437,0.2294,0.2294,winter
KY,Powell,POWELL,0.0114,0.0172,0.0428,0.193,0.193,winter
KY,Pulaski,PULASKI,0.0088,0.011,0.0656,0.1578,0.1578,winter
KY,Robertson,ROBERTSON,0.0028,0.007,0.0098,0.1372,0.1372,winter
KY,Rockcastle,ROCKCASTLE,0.0115,0.0105,0.0391,0.1362,0.1362,winter
KY,Rowan,ROWAN,0.0137,0.0208,0.0276,0.2108,0.2108,winter
KY,Russell,RUSSELL,0.0039,0.0099,0.0406,0.058,0.058,winter
KY,Scott,SCOTT,0.0015,0.0069,0.0328,0.1131,0.1131,winter
KY,Shelby,SHELBY,0.0006,0.0044,0.0296,0.1076,0.1076,winter
KY,Simpson,SIMPSON,0.0005,0.0058,0.0338,0.0706,0.0706,winter
KY,Spencer,SPENCER,0.0009,0.0073,0.0233,0.0947,0.0947,winter
KY,Taylor,TAYLOR,0.0023,0.0092,0.0359,0.0854,0.0854,winter
KY,Todd,TODD,0.0068,0.0114,0.0382,0.244,0.244,winter
KY,Trigg,TRIGG,0.0178,0.017,0.051,0.281,0.281,winter
KY,Trimble,TRIMBLE,0.0006,0.007,0.0271,0.1013,0.1013,winter
KY,Union,UNION,0.0053,0.0107,0.015,0.3049,0.3049,winter
KY,Warren,WARREN,0.0021,0.0156,0.0515,0.0781,0.0781,winter
KY,Washington,WASHINGTON,0.0015,0.0033,0.016,0.1023,0.1023,winter
KY,Wayne,WAYNE,0.011,0.0081,0.0308,0.1351,0.1351,winter
KY,Webster,WEBSTER,0.0089,0.0108,0.0183,0.2863,0.2863,winter
KY,Whitley,WHITLEY,0.0168,0.015,0.0433,0.1582,0.1582,winter
KY,Wolfe,WOLFE,0.0082,0.0091,0.0349,0.1948,0.1948,winter
KY,Woodford,WOODFORD,0.0003,0.0079,0.0255,0.0857,0.0857,winter
LA,Acadia,ACADIA,0.0025,0.0078,0.0331,0.047,0.047,winter
LA,Allen,ALLEN,0.0225,0.0061,0.0358,0.0514,0.0514,winter
LA,Ascension,ASCENSION,0.0029,0.0054,0.027,0.0198,0.027,wind
LA,Assumption,ASSUMPTION,0.0039,0.0033,0.0171,0.0181,0.0181,winter
LA,Avoyelles,AVOYELLES,0.0018,0.0096,0.0375,0.0562,0.0562,winter
LA,Beauregard,BEAUREGARD,0.0235,0.0101,0.0428,0.0565,0.0565,winter
LA,Bienville,BIENVILLE,0.013,0.0025,0.0407,0.079,0.079,winter
LA,Bossier,BOSSIER,0.0183,0.0057,0.0727,0.0946,0.0946,winter
LA,Caddo,CADDO,0.0128,0.008,0.0882,0.0977,0.0977,winter
LA,Calcasieu,CALCASIEU,0.0108,0.0195,0.0546,0.0592,0.0592,winter
LA,Caldwell,CALDWELL,0.0122,0.0052,0.0346,0.0642,0.0642,winter
LA,Cameron,CAMERON,0.0512,0.0023,0.0344,0.0449,0.0512,fire
LA,Catahoula,CATAHOULA,0.0034,0.0111,0.0498,0.0586,0.0586,winter
LA,Claiborne,CLAIBORNE,0.0171,0.0024,0.047,0.0851,0.0851,winter
LA,Concordia,CONCORDIA,0.0027,0.0114,0.0589,0.0432,0.0589,wind
LA,De Soto,DE SOTO,0.016,0.0041,0.054,0.077,0.077,winter
LA,East Baton Rouge,EAST BATON ROUGE,0.0024,0.0079,0.0453,0.0325,0.0453,wind
LA,East Carroll,EAST CARROLL,0.0004,0.0103,0.0301,0.062,0.062,winter
LA,East Feliciana,EAST FELICIANA,0.011,0.0065,0.0337,0.0319,0.0337,wind
LA,Evangeline,EVANGELINE,0.0047,0.0086,0.0376,0.0547,0.0547,winter
LA,Franklin,FRANKLIN,0.0017,0.0096,0.0482,0.0612,0.0612,winter
LA,Grant,GRANT,0.0657,0.0053,0.0348,0.0694,0.0694,winter
LA,Iberia,IBERIA,0.0038,0.003,0.0359,0.0337,0.0359,wind
LA,Iberville,IBERVILLE,0.0111,0.0032,0.0287,0.0234,0.0287,wind
LA,Jackson,JACKSON,0.0081,0.0029,0.0281,0.0715,0.0715,winter
LA,Jefferson,JEFFERSON,0.0007,0.0036,0.0363,0.0215,0.0363,wind
LA,Jefferson Davis,JEFFERSON DAVIS,0.0026,0.0064,0.0297,0.0486,0.0486,winter
LA,Lafayette,LAFAYETTE,0.0015,0.0052,0.0381,0.0405,0.0405,winter
LA,Lafourche,LAFOURCHE,0.0033,0.0017,0.0295,0.0142,0.0295,wind
LA,Lasalle,LASALLE,0.0134,0.0071,0.0,0.0,0.0134,fire
LA,Lincoln,LINCOLN,0.0098,0.0058,0.0416,0.0839,0.0839,winter
LA,Livingston,LIVINGSTON,0.0036,0.0045,0.0472,0.0293,0.0472,wind
LA,Madison,MADISON,0.002,0.0086,0.0438,0.0605,0.0605,winter
LA,Morehouse,MOREHOUSE,0.0035,0.0103,0.0433,0.067,0.067,winter
LA,Natchitoches,NATCHITOCHES,0.0683,0.0061,0.0573,0.0735,0.0735,winter
LA,Orleans,ORLEANS,0.003,0.0046,0.0484,0.0202,0.0484,wind
LA,Ouachita,OUACHITA,0.0041,0.011,0.0414,0.0705,0.0705,winter
LA,Plaquemines,PLAQUEMINES,0.0047,0.0026,0.0183,0.011,0.0183,wind
LA,Pointe Coupee,POINTE COUPEE,0.0032,0.0051,0.0038,0.0289,0.0289,winter
LA,Rapides,RAPIDES,0.0775,0.0091,0.047,0.0756,0.0775,fire
LA,Red River,RED RIVER,0.0123,0.0042,0.0321,0.0693,0.0693,winter
LA,Richland,RICHLAND,0.0011,0.0104,0.035,0.0544,0.0544,winter
LA,Sabine,SABINE,0.0183,0.0033,0.0345,0.0699,0.0699,winter
LA,St. Bernard,ST. BERNARD,0.0049,0.0023,0.0178,0.0159,0.0178,wind
LA,St. Charles,ST. CHARLES,0.0071,0.003,0.0316,0.0133,0.0316,wind
LA,St. Helena,ST. HELENA,0.0097,0.0088,0.0308,0.0336,0.0336,winter
LA,St. James,ST. JAMES,0.0042,0.0021,0.0158,0.0162,0.0162,winter
LA,St. John The Baptist,ST. JOHN THE BAPTIST,0.0032,0.003,0.0164,0.0195,0.0195,winter
LA,St. Landry,ST. LANDRY,0.0032,0.006,0.0481,0.0508,0.0508,winter
LA,St. Martin,ST. MARTIN,0.0073,0.0029,0.0254,0.0305,0.0305,winter
LA,St. Mary,ST. MARY,0.004,0.0025,0.0181,0.0231,0.0231,winter
LA,St. Tammany,ST. TAMMANY,0.0142,0.009,0.0606,0.027,0.0606,wind
LA,Tangipahoa,TANGIPAHOA,0.0084,0.0057,0.0586,0.0284,0.0586,wind
LA,Tensas,TENSAS,0.0021,0.0094,0.0425,0.0543,0.0543,winter
LA,Terrebonne,TERREBONNE,0.0086,0.0018,0.0248,0.015,0.0248,wind
LA,Union,UNION,0.0183,0.0033,0.0458,0.0849,0.0849,winter
LA,Vermilion,VERMILION,0.0064,0.0025,0.023,0.0366,0.0366,winter
LA,Vernon,VERNON,0.1222,0.0099,0.0382,0.0638,0.1222,fire
LA,Washington,WASHINGTON,0.0116,0.0131,0.0566,0.0274,0.0566,wind
LA,Webster,WEBSTER,0.0149,0.0051,0.0626,0.091,0.091,winter
LA,West Baton Rouge,WEST BATON ROUGE,0.0013,0.0042,0.0127,0.0235,0.0235,winter
LA,West Carroll,WEST CARROLL,0.001,0.0067,0.0348,0.0647,0.0647,winter
LA,West Feliciana,WEST FELICIANA,0.0045,0.0046,0.0302,0.0324,0.0324,winter
LA,Winn,WINN,0.0364,0.0033,0.0502,0.0692,0.0692,winter
MA,Barnstable,BARNSTABLE,0.0005,0.0168,0.111,0.2129,0.2129,winter
MA,Berkshire,BERKSHIRE,0.001,0.0045,0.0572,0.3997,0.3997,winter
MA,Bristol,BRISTOL,0.0004,0.015,0.0763,0.2785,0.2785,winter
MA,Dukes,DUKES,0.0007,0.0028,0.0363,0.1601,0.1601,winter
MA,Essex,ESSEX,0.0003,0.0236,0.0677,0.3367,0.3367,winter
MA,Franklin,FRANKLIN,0.0011,0.0067,0.0305,0.3286,0.3286,winter
MA,Hampden,HAMPDEN,0.0031,0.012,0.0427,0.3206,0.3206,winter
MA,Hampshire,HAMPSHIRE,0.0007,0.0049,0.0367,0.3137,0.3137,winter
MA,Middlesex,MIDDLESEX,0.0006,0.0106,0.0697,0.3555,0.3555,winter
MA,Nantucket,NANTUCKET,0.0028,0.0072,0.0655,0.1637,0.1637,winter
MA,Norfolk,NORFOLK,0.0009,0.0111,0.1053,0.3371,0.3371,winter
MA,Plymouth,PLYMOUTH,0.0009,0.0189,0.0834,0.2593,0.2593,winter
MA,Suffolk,SUFFOLK,0.0005,0.0126,0.0603,0.2846,0.2846,winter
MA,Worcester,WORCESTER,0.001,0.0097,0.063,0.3653,0.3653,winter
MD,Allegany,ALLEGANY,0.004,0.0036,0.0602,0.5321,0.5321,winter
MD,Anne Arundel,ANNE ARUNDEL,0.0013,0.0013,0.0653,0.4215,0.4215,winter
MD,Baltimore,BALTIMORE,0.0018,0.0017,0.06,0.4801,0.4801,winter
MD,Baltimore City,BALTIMORE CITY,0.0002,0.0001,0.0,0.0,0.0002,fire
MD,Calvert,CALVERT,0.0005,0.0006,0.0507,0.2951,0.2951,winter
MD,Caroline,CAROLINE,0.0031,0.001,0.0311,0.3308,0.3308,winter
MD,Carroll,CARROLL,0.0008,0.0007,0.0474,0.462,0.462,winter
MD,Cecil,CECIL,0.0051,0.0014,0.0463,0.4271,0.4271,winter
MD,Charles,CHARLES,0.0009,0.0005,0.0556,0.3125,0.3125,winter
MD,Dorchester,DORCHESTER,0.0233,0.0004,0.0351,0.2472,0.2472,winter
MD,Frederick,FREDERICK,0.0017,0.0015,0.0754,0.4948,0.4948,winter
MD,Garrett,GARRETT,0.0013,0.0077,0.0482,0.417,0.417,winter
MD,Harford,HARFORD,0.0015,0.0014,0.0505,0.4657,0.4657,winter
MD,Howard,HOWARD,0.0014,0.0012,0.0576,0.4446,0.4446,winter
MD,Kent,KENT,0.0022,0.0006,0.0515,0.3672,0.3672,winter
MD,Montgomery,MONTGOMERY,0.0014,0.0013,0.0767,0.461,0.461,winter
MD,Prince George'S,PRINCE GEORGE'S,0.0013,0.0012,0.0315,0.0039,0.0315,wind
MD,Queen Anne'S,QUEEN ANNE'S,0.0009,0.0005,0.0198,0.0022,0.0198,wind
MD,Somerset,SOMERSET,0.0041,0.001,0.0175,0.241,0.241,winter
MD,St. Mary'S,ST. MARY'S,0.0007,0.0008,0.0563,0.3093,0.3093,winter
MD,Talbot,TALBOT,0.0034,0.0006,0.0385,0.3411,0.3411,winter
MD,Washington,WASHINGTON,0.0018,0.0011,0.0592,0.4435,0.4435,winter
MD,Wicomico,WICOMICO,0.0054,0.0009,0.0298,0.2927,0.2927,winter
MD,Worcester,WORCESTER,0.0035,0.0011,0.0256,0.2491,0.2491,winter
ME,Androscoggin,ANDROSCOGGIN,0.0005,0.0041,0.0118,0.3863,0.3863,winter
ME,Aroostook,AROOSTOOK,0.0009,0.0006,0.0401,0.5657,0.5657,winter
ME,Cumberland,CUMBERLAND,0.001,0.0178,0.0226,0.4338,0.4338,winter
ME,Franklin,FRANKLIN,0.0004,0.0031,0.013,0.4588,0.4588,winter
ME,Hancock,HANCOCK,0.0009,0.0015,0.063,0.4083,0.4083,winter
ME,Kennebec,KENNEBEC,0.0003,0.0037,0.0087,0.3844,0.3844,winter
ME,Knox,KNOX,0.0002,0.0071,0.0103,0.3709,0.3709,winter
ME,Lincoln,LINCOLN,0.0004,0.0064,0.0128,0.3795,0.3795,winter
ME,Oxford,OXFORD,0.0006,0.0033,0.0158,0.4803,0.4803,winter
ME,Penobscot,PENOBSCOT,0.0007,0.0011,0.0567,0.5084,0.5084,winter
ME,Piscataquis,PISCATAQUIS,0.0005,0.0003,0.0311,0.5072,0.5072,winter
ME,Sagadahoc,SAGADAHOC,0.0002,0.0076,0.0105,0.4052,0.4052,winter
ME,Somerset,SOMERSET,0.0003,0.0009,0.0179,0.5355,0.5355,winter
ME,Waldo,WALDO,0.0003,0.0046,0.0142,0.3939,0.3939,winter
ME,Washington,WASHINGTON,0.0005,0.0012,0.0747,0.4799,0.4799,winter
ME,York,YORK,0.0006,0.0207,0.0223,0.4409,0.4409,winter
MI,Alcona,ALCONA,0.0069,0.0015,0.0023,0.1656,0.1656,winter
MI,Alger,ALGER,0.0005,0.0006,0.0092,0.5584,0.5584,winter
MI,Allegan,ALLEGAN,0.0004,0.0177,0.0134,0.2823,0.2823,winter
MI,Alpena,ALPENA,0.0014,0.001,0.0032,0.2064,0.2064,winter
MI,Antrim,ANTRIM,0.0009,0.001,0.002,0.2461,0.2461,winter
MI,Arenac,ARENAC,0.0007,0.0029,0.0035,0.1562,0.1562,winter
MI,Baraga,BARAGA,0.0024,0.0005,0.0066,0.4758,0.4758,winter
MI,Barry,BARRY,0.0005,0.0118,0.007,0.1485,0.1485,winter
MI,Bay,BAY,0.0002,0.0049,0.0022,0.0056,0.0056,winter
MI,Benzie,BENZIE,0.0015,0.0015,0.0016,0.1956,0.1956,winter
MI,Berrien,BERRIEN,0.0007,0.0087,0.0216,0.3167,0.3167,winter
MI,Branch,BRANCH,0.0003,0.0024,0.0104,0.2156,0.2156,winter
MI,Calhoun,CALHOUN,0.0008,0.0119,0.0076,0.1327,0.1327,winter
MI,Cass,CASS,0.001,0.007,0.024,0.2777,0.2777,winter
MI,Charlevoix,CHARLEVOIX,0.0006,0.0007,0.0026,0.229,0.229,winter
MI,Cheboygan,CHEBOYGAN,0.0015,0.0007,0.0017,0.186,0.186,winter
MI,Chippewa,CHIPPEWA,0.0022,0.0015,0.0019,0.2734,0.2734,winter
MI,Clare,CLARE,0.0021,0.0072,0.0021,0.1674,0.1674,winter
MI,Clinton,CLINTON,0.0002,0.0101,0.007,0.1219,0.1219,winter
MI,Crawford,CRAWFORD,0.0035,0.0005,0.0017,0.1829,0.1829,winter
MI,Delta,DELTA,0.0027,0.0009,0.0054,0.4664,0.4664,winter
MI,Dickinson,DICKINSON,0.0016,0.0008,0.0049,0.3608,0.3608,winter
MI,Eaton,EATON,0.0002,0.0098,0.007,0.1227,0.1227,winter
MI,Emmet,EMMET,0.0008,0.001,0.0026,0.2381,0.2381,winter
MI,Genesee,GENESEE,0.0006,0.0107,0.0232,0.2083,0.2083,winter
MI,Gladwin,GLADWIN,0.0024,0.0041,0.0022,0.1548,0.1548,winter
MI,Gogebic,GOGEBIC,0.0015,0.0002,0.0063,0.5036,0.5036,winter
MI,Grand Traverse,GRAND TRAVERSE,0.0016,0.0026,0.002,0.236,0.236,winter
MI,Gratiot,GRATIOT,0.0001,0.0065,0.0071,0.1418,0.1418,winter
MI,Hillsdale,HILLSDALE,0.0002,0.004,0.0131,0.2233,0.2233,winter
MI,Houghton,HOUGHTON,0.0016,0.0005,0.017,0.5886,0.5886,winter
MI,Huron,HURON,0.0002,0.0055,0.012,0.2181,0.2181,winter
MI,Ingham,INGHAM,0.0004,0.0073,0.0088,0.123,0.123,winter
MI,Ionia,IONIA,0.0003,0.0124,0.0091,0.1382,0.1382,winter
MI,Iosco,IOSCO,0.0134,0.0035,0.0021,0.1743,0.1743,winter
MI,Iron,IRON,0.0012,0.0003,0.0059,0.336,0.336,winter
MI,Isabella,ISABELLA,0.0005,0.0084,0.0052,0.1677,0.1677,winter
MI,Jackson,JACKSON,0.0008,0.0075,0.0091,0.1408,0.1408,winter
MI,Kalamazoo,KALAMAZOO,0.0004,0.0135,0.0098,0.162,0.162,winter
MI,Kalkaska,KALKASKA,0.0016,0.0011,0.002,0.2323,0.2323,winter
MI,Kent,KENT,0.0005,0.0154,0.0107,0.1944,0.1944,winter
MI,Keweenaw,KEWEENAW,0.0007,0.0004,0.0067,0.4663,0.4663,winter
MI,Lake,LAKE,0.0177,0.0043,0.0044,0.2054,0.2054,winter
MI,Lapeer,LAPEER,0.0004,0.0059,0.0149,0.2241,0.2241,winter
MI,Leelanau,LEELANAU,0.0005,0.0011,0.0023,0.2544,0.2544,winter
MI,Lenawee,LENAWEE,0.0003,0.0053,0.0223,0.1908,0.1908,winter
MI,Livingston,LIVINGSTON,0.0006,0.0044,0.018,0.219,0.219,winter
MI,Luce,LUCE,0.0007,0.0006,0.0049,0.4441,0.4441,winter
MI,Mackinac,MACKINAC,0.0017,0.0005,0.0015,0.1869,0.1869,winter
MI,Macomb,MACOMB,0.0004,0.0062,0.0227,0.2245,0.2245,winter
MI,Manistee,MANISTEE,0.0028,0.0017,0.0028,0.2221,0.2221,winter
MI,Marquette,MARQUETTE,0.0022,0.0012,0.0134,0.5766,0.5766,winter
MI,Mason,MASON,0.0084,0.0058,0.0075,0.235,0.235,winter
MI,Mecosta,MECOSTA,0.0005,0.0128,0.005,0.1727,0.1727,winter
MI,Menominee,MENOMINEE,0.0016,0.0017,0.0034,0.372,0.372,winter
MI,Midland,MIDLAND,0.0015,0.0081,0.0092,0.2014,0.2014,winter
MI,Missaukee,MISSAUKEE,0.0015,0.0023,0.0017,0.1858,0.1858,winter
MI,Monroe,MONROE,0.0002,0.0066,0.024,0.1651,0.1651,winter
MI,Montcalm,MONTCALM,0.0005,0.0087,0.0069,0.1664,0.1664,winter
MI,Montmorency,MONTMORENCY,0.0021,0.0006,0.0016,0.1695,0.1695,winter
MI,Muskegon,MUSKEGON,0.0003,0.0145,0.0125,0.24,0.24,winter
MI,Newaygo,NEWAYGO,0.0038,0.0126,0.0072,0.1971,0.1971,winter
MI,Oakland,OAKLAND,0.0006,0.0055,0.0219,0.2365,0.2365,winter
MI,Oceana,OCEANA,0.0017,0.0114,0.0063,0.2253,0.2253,winter
MI,Ogemaw,OGEMAW,0.0027,0.0025,0.0015,0.1582,0.1582,winter
MI,Ontonagon,ONTONAGON,0.0011,0.0003,0.0074,0.5321,0.5321,winter
MI,Osceola,OSCEOLA,0.0015,0.0049,0.0045,0.1785,0.1785,winter
MI,Oscoda,OSCODA,0.0064,0.0015,0.0012,0.1537,0.1537,winter
MI,Otsego,OTSEGO,0.0013,0.0007,0.0035,0.2184,0.2184,winter
MI,Ottawa,OTTAWA,0.0005,0.0131,0.0125,0.262,0.262,winter
MI,Presque Isle,PRESQUE ISLE,0.0009,0.0011,0.0016,0.1684,0.1684,winter
MI,Roscommon,ROSCOMMON,0.0024,0.0011,0.002,0.1844,0.1844,winter
MI,Saginaw,SAGINAW,0.0003,0.0125,0.0154,0.2236,0.2236,winter
MI,Sanilac,SANILAC,0.0002,0.0094,0.0124,0.2455,0.2455,winter
MI,Schoolcraft,SCHOOLCRAFT,0.0013,0.0005,0.0053,0.4554,0.4554,winter
MI,Shiawassee,SHIAWASSEE,0.0002,0.0072,0.0152,0.177,0.177,winter
MI,St. Clair,ST. CLAIR,0.0006,0.0117,0.0239,0.2288,0.2288,winter
MI,St. Joseph,ST. JOSEPH,0.0002,0.0057,0.0137,0.2341,0.2341,winter
MI,Tuscola,TUSCOLA,0.0006,0.0072,0.0173,0.2243,0.2243,winter
MI,Van Buren,VAN BUREN,0.0004,0.0133,0.015,0.2657,0.2657,winter
MI,Washtenaw,WASHTENAW,0.001,0.0064,0.0278,0.1829,0.1829,winter
MI,Wayne,WAYNE,0.0003,0.0076,0.0264,0.2141,0.2141,winter
MI,Wexford,WEXFORD,0.0055,0.0028,0.003,0.1813,0.1813,winter
MN,Aitkin,AITKIN,0.0035,0.0002,0.0015,0.2025,0.2025,winter
MN,Anoka,ANOKA,0.0008,0.0007,0.0022,0.2007,0.2007,winter
MN,Becker,BECKER,0.0027,0.0002,0.0103,0.2972,0.2972,winter
MN,Beltrami,BELTRAMI,0.0203,0.0001,0.004,0.254,0.254,winter
MN,Benton,BENTON,0.0002,0.0003,0.0016,0.2027,0.2027,winter
MN,Big Stone,BIG STONE,0.0002,0.0002,0.0075,0.2626,0.2626,winter
MN,Blue Earth,BLUE EARTH,0.0002,0.0006,0.0025,0.2358,0.2358,winter
MN,Brown,BROWN,0.0002,0.0003,0.003,0.257,0.257,winter
MN,Carlton,CARLTON,0.003,0.0003,0.0053,0.2685,0.2685,winter
MN,Carver,CARVER,0.0002,0.0003,0.0024,0.2222,0.2222,winter
MN,Cass,CASS,0.0268,0.0001,0.0021,0.2157,0.2157,winter
MN,Chippewa,CHIPPEWA,0.0002,0.0002,0.0064,0.2626,0.2626,winter
MN,Chisago,CHISAGO,0.0009,0.0004,0.0013,0.174,0.174,winter
MN,Clay,CLAY,0.0002,0.0002,0.0156,0.3513,0.3513,winter
MN,Clearwater,CLEARWATER,0.007,0.0001,0.004,0.2837,0.2837,winter
MN,Cook,COOK,0.0033,0.0001,0.0017,0.3281,0.3281,winter
MN,Cottonwood,COTTONWOOD,0.0002,0.0002,0.0074,0.3995,0.3995,winter
MN,Crow Wing,CROW WING,0.0018,0.0002,0.0017,0.1747,0.1747,winter
MN,Dakota,DAKOTA,0.0002,0.0009,0.0039,0.2074,0.2074,winter
MN,Dodge,DODGE,0.0005,0.0004,0.0046,0.2834,0.2834,winter
MN,Douglas,DOUGLAS,0.0003,0.0001,0.0057,0.2405,0.2405,winter
MN,Faribault,FARIBAULT,0.0002,0.0003,0.0037,0.2643,0.2643,winter
MN,Fillmore,FILLMORE,0.0003,0.0008,0.0057,0.2978,0.2978,winter
MN,Freeborn,FREEBORN,0.0001,0.0004,0.0047,0.2599,0.2599,winter
MN,Goodhue,GOODHUE,0.0003,0.0006,0.0031,0.2167,0.2167,winter
MN,Grant,GRANT,0.0002,0.0002,0.0076,0.2906,0.2906,winter
MN,Hennepin,HENNEPIN,0.0003,0.0003,0.0033,0.2147,0.2147,winter
MN,Houston,HOUSTON,0.0012,0.0008,0.0028,0.2659,0.2659,winter
MN,Hubbard,HUBBARD,0.0043,0.0001,0.0048,0.2611,0.2611,winter
MN,Isanti,ISANTI,0.0007,0.0002,0.0011,0.1833,0.1833,winter
MN,Itasca,ITASCA,0.0117,0.0001,0.0028,0.2312,0.2312,winter
MN,Jackson,JACKSON,0.0003,0.0003,0.0099,0.4368,0.4368,winter
MN,Kanabec,KANABEC,0.0016,0.0003,0.0013,0.1736,0.1736,winter
MN,Kandiyohi,KANDIYOHI,0.0004,0.0001,0.0059,0.2556,0.2556,winter
MN,Kittson,KITTSON,0.0006,0.0002,0.0103,0.3054,0.3054,winter
MN,Koochiching,KOOCHICHING,0.0046,0.0003,0.0006,0.2015,0.2015,winter
MN,Lac Qui Parle,LAC QUI PARLE,0.0002,0.0001,0.0059,0.2751,0.2751,winter
MN,Lake,LAKE,0.0056,0.0001,0.0043,0.4165,0.4165,winter
MN,Lake Of The Woods,LAKE OF THE WOODS,0.002,0.0001,0.0031,0.224,0.224,winter
MN,Le Sueur,LE SUEUR,0.0002,0.0003,0.0023,0.2317,0.2317,winter
MN,Lincoln,LINCOLN,0.0003,0.0002,0.0067,0.3475,0.3475,winter
MN,Lyon,LYON,0.0003,0.0002,0.009,0.3687,0.3687,winter
MN,Mahnomen,MAHNOMEN,0.001,0.0001,0.0075,0.3161,0.3161,winter
MN,Marshall,MARSHALL,0.0003,0.0002,0.0097,0.3148,0.3148,winter
MN,Martin,MARTIN,0.0002,0.0003,0.0049,0.2773,0.2773,winter
MN,Mcleod,MCLEOD,0.0001,0.0002,0.0046,0.2445,0.2445,winter
MN,Meeker,MEEKER,0.0002,0.0002,0.0026,0.214,0.214,winter
MN,Mille Lacs,MILLE LACS,0.0009,0.0002,0.002,0.1995,0.1995,winter
MN,Morrison,MORRISON,0.001,0.0003,0.004,0.2228,0.2228,winter
MN,Mower,MOWER,0.0002,0.0005,0.0058,0.3001,0.3001,winter
MN,Murray,MURRAY,0.0002,0.0003,0.0085,0.4008,0.4008,winter
MN,Nicollet,NICOLLET,0.0002,0.0003,0.0024,0.2385,0.2385,winter
MN,Nobles,NOBLES,0.0002,0.0001,0.0106,0.4315,0.4315,winter
MN,Norman,NORMAN,0.0001,0.0002,0.0157,0.3351,0.3351,winter
MN,Olmsted,OLMSTED,0.0007,0.0007,0.0043,0.3158,0.3158,winter
MN,Otter Tail,OTTER TAIL,0.0015,0.0001,0.0142,0.3433,0.3433,winter
MN,Pennington,PENNINGTON,0.0004,0.0001,0.0039,0.2801,0.2801,winter
MN,Pine,PINE,0.0028,0.0002,0.0017,0.1877,0.1877,winter
MN,Pipestone,PIPESTONE,0.0002,0.0003,0.0064,0.3823,0.3823,winter
MN,Polk,POLK,0.0004,0.0002,0.0182,0.3604,0.3604,winter
MN,Pope,POPE,0.0004,0.0001,0.0037,0.2269,0.2269,winter
MN,Ramsey,RAMSEY,0.0003,0.0005,0.0017,0.203,0.203,winter
MN,Red Lake,RED LAKE,0.0001,0.0001,0.0055,0.2914,0.2914,winter
MN,Redwood,REDWOOD,0.0003,0.0002,0.004,0.2593,0.2593,winter
MN,Renville,RENVILLE,0.0001,0.0002,0.0045,0.2431,0.2431,winter
MN,Rice,RICE,0.0002,0.0005,0.0024,0.2222,0.2222,winter
MN,Rock,ROCK,0.0002,0.0002,0.0079,0.3811,0.3811,winter
MN,Roseau,ROSEAU,0.0003,0.0002,0.0049,0.2721,0.2721,winter
MN,Scott,SCOTT,0.0003,0.0007,0.0027,0.2024,0.2024,winter
MN,Sherburne,SHERBURNE,0.001,0.0003,0.0018,0.2064,0.2064,winter
MN,Sibley,SIBLEY,0.0002,0.0003,0.0029,0.2581,0.2581,winter
MN,St. Louis,ST. LOUIS,0.0065,0.0002,0.009,0.3698,0.3698,winter
MN,Stearns,STEARNS,0.0004,0.0002,0.0038,0.2545,0.2545,winter
MN,Steele,STEELE,0.0001,0.0005,0.0037,0.2456,0.2456,winter
MN,Stevens,STEVENS,0.0002,0.0001,0.0053,0.2342,0.2342,winter
MN,Swift,SWIFT,0.0003,0.0001,0.0066,0.258,0.258,winter
MN,Todd,TODD,0.0009,0.0001,0.0038,0.221,0.221,winter
MN,Traverse,TRAVERSE,0.0001,0.0001,0.0085,0.2517,0.2517,winter
MN,Wabasha,WABASHA,0.0003,0.0006,0.0024,0.2273,0.2273,winter
MN,Wadena,WADENA,0.0029,0.0001,0.0052,0.2484,0.2484,winter
MN,Waseca,WASECA,0.0002,0.0003,0.0019,0.2249,0.2249,winter
MN,Washington,WASHINGTON,0.0004,0.0004,0.002,0.2067,0.2067,winter
MN,Watonwan,WATONWAN,0.0002,0.0002,0.0022,0.2206,0.2206,winter
MN,Wilkin,WILKIN,0.0001,0.0002,0.0141,0.3278,0.3278,winter
MN,Winona,WINONA,0.0007,0.0016,0.002,0.2553,0.2553,winter
MN,Wright,WRIGHT,0.0003,0.0003,0.0025,0.1937,0.1937,winter
MN,Yellow Medicine,YELLOW MEDICINE,0.0002,0.0002,0.0054,0.2807,0.2807,winter
MO,Adair,ADAIR,0.0012,0.001,0.0088,0.1584,0.1584,winter
MO,Andrew,ANDREW,0.0019,0.0004,0.0078,0.149,0.149,winter
MO,Atchison,ATCHISON,0.0016,0.0002,0.0079,0.1624,0.1624,winter
MO,Audrain,AUDRAIN,0.0008,0.0005,0.0108,0.1117,0.1117,winter
MO,Barry,BARRY,0.0421,0.0029,0.0418,0.1377,0.1377,winter
MO,Barton,BARTON,0.0085,0.0006,0.0275,0.1291,0.1291,winter
MO,Bates,BATES,0.0028,0.0004,0.01,0.1197,0.1197,winter
MO,Benton,BENTON,0.0103,0.0015,0.0162,0.1322,0.1322,winter
MO,Bollinger,BOLLINGER,0.0119,0.0053,0.0217,0.2846,0.2846,winter
MO,Boone,BOONE,0.0031,0.0017,0.0163,0.124,0.124,winter
MO,Buchanan,BUCHANAN,0.004,0.001,0.0088,0.1453,0.1453,winter
MO,Butler,BUTLER,0.0133,0.0132,0.0345,0.2674,0.2674,winter
MO,Caldwell,CALDWELL,0.001,0.0002,0.0094,0.1313,0.1313,winter
MO,Callaway,CALLAWAY,0.0035,0.0013,0.0159,0.1103,0.1103,winter
MO,Camden,CAMDEN,0.021,0.0021,0.0156,0.1206,0.1206,winter
MO,Cape Girardeau,CAPE GIRARDEAU,0.003,0.0185,0.0494,0.2972,0.2972,winter
MO,Carroll,CARROLL,0.0007,0.001,0.0076,0.1173,0.1173,winter
MO,Carter,CARTER,0.0512,0.0043,0.0262,0.2787,0.2787,winter
MO,Cass,CASS,0.0008,0.0004,0.0187,0.1667,0.1667,winter
MO,Cedar,CEDAR,0.016,0.0025,0.0236,0.1063,0.1063,winter
MO,Chariton,CHARITON,0.0018,0.0005,0.0086,0.1182,0.1182,winter
MO,Christian,CHRISTIAN,0.0489,0.0045,0.0436,0.1312,0.1312,winter
MO,Clark,CLARK,0.0011,0.0015,0.0084,0.2807,0.2807,winter
MO,Clay,CLAY,0.002,0.0003,0.0148,0.1663,0.1663,winter
MO,Clinton,CLINTON,0.0014,0.0002,0.0104,0.157,0.157,winter
MO,Cole,COLE,0.0027,0.0013,0.0112,0.0958,0.0958,winter
MO,Cooper,COOPER,0.0013,0.0011,0.0118,0.1119,0.1119,winter
MO,Crawford,CRAWFORD,0.0331,0.0028,0.0204,0.1119,0.1119,winter
MO,Dade,DADE,0.0058,0.0015,0.0274,0.1094,0.1094,winter
MO,Dallas,DALLAS,0.0233,0.002,0.0235,0.1162,0.1162,winter
MO,Daviess,DAVIESS,0.0007,0.0003,0.0136,0.1613,0.1613,winter
MO,Dekalb,DEKALB,0.0018,0.0002,0.0,0.0001,0.0018,fire
MO,Dent,DENT,0.0473,0.0023,0.0154,0.1284,0.1284,winter
MO,Douglas,DOUGLAS,0.0451,0.0025,0.0355,0.1304,0.1304,winter
MO,Dunklin,DUNKLIN,0.0008,0.0053,0.0391,0.1659,0.1659,winter
MO,Franklin,FRANKLIN,0.0046,0.0024,0.0296,0.1304,0.1304,winter
MO,Gasconade,GASCONADE,0.0068,0.0012,0.021,0.1096,0.1096,winter
MO,Gentry,GENTRY,0.0005,0.0002,0.0076,0.1454,0.1454,winter
MO,Greene,GREENE,0.0044,0.004,0.0481,0.1617,0.1617,winter
MO,Grundy,GRUNDY,0.0012,0.0005,0.0112,0.152,0.152,winter
MO,Harrison,HARRISON,0.0008,0.0002,0.0085,0.1613,0.1613,winter
MO,Henry,HENRY,0.0031,0.0013,0.0106,0.1335,0.1335,winter
MO,Hickory,HICKORY,0.0215,0.0014,0.0187,0.1068,0.1068,winter
MO,Holt,HOLT,0.0024,0.0011,0.0059,0.1357,0.1357,winter
MO,Howard,HOWARD,0.0015,0.0013,0.0067,0.1012,0.1012,winter
MO,Howell,HOWELL,0.0511,0.0044,0.032,0.1307,0.1307,winter
MO,Iron,IRON,0.0353,0.0016,0.0188,0.1097,0.1097,winter
MO,Jackson,JACKSON,0.0013,0.0013,0.0214,0.1758,0.1758,winter
MO,Jasper,JASPER,0.0052,0.0021,0.0343,0.1396,0.1396,winter
MO,Jefferson,JEFFERSON,0.0011,0.0015,0.0183,0.1335,0.1335,winter
MO,Johnson,JOHNSON,0.0016,0.0011,0.0204,0.1377,0.1377,winter
MO,Knox,KNOX,0.0005,0.0003,0.0066,0.1213,0.1213,winter
MO,Laclede,LACLEDE,0.041,0.0036,0.0279,0.1362,0.1362,winter
MO,Lafayette,LAFAYETTE,0.0015,0.0005,0.0197,0.1439,0.1439,winter
MO,Lawrence,LAWRENCE,0.0047,0.0019,0.0349,0.1214,0.1214,winter
MO,Lewis,LEWIS,0.001,0.0006,0.0075,0.1129,0.1129,winter
MO,Lincoln,LINCOLN,0.0026,0.0029,0.0171,0.1275,0.1275,winter
MO,Linn,LINN,0.0016,0.0006,0.0123,0.1242,0.1242,winter
MO,Livingston,LIVINGSTON,0.0013,0.0004,0.0114,0.1411,0.1411,winter
MO,Macon,MACON,0.0016,0.0004,0.0095,0.1218,0.1218,winter
MO,Madison,MADISON,0.0227,0.0048,0.0216,0.1154,0.1154,winter
MO,Maries,MARIES,0.0088,0.0017,0.0156,0.1151,0.1151,winter
MO,Marion,MARION,0.0012,0.0006,0.0171,0.1146,0.1146,winter
MO,Mcdonald,MCDONALD,0.0284,0.0048,0.023,0.1088,0.1088,winter
MO,Mercer,MERCER,0.0009,0.0004,0.0059,0.1463,0.1463,winter
MO,Miller,MILLER,0.0073,0.0025,0.0194,0.1148,0.1148,winter
MO,Mississippi,MISSISSIPPI,0.0005,0.0075,0.0336,0.2338,0.2338,winter
MO,Moniteau,MONITEAU,0.0015,0.0004,0.0089,0.1121,0.1121,winter
MO,Monroe,MONROE,0.0017,0.0005,0.0094,0.1076,0.1076,winter
MO,Montgomery,MONTGOMERY,0.0012,0.0014,0.0116,0.1042,0.1042,winter
MO,Morgan,MORGAN,0.0099,0.0013,0.0205,0.1367,0.1367,winter
MO,New Madrid,NEW MADRID,0.0003,0.011,0.031,0.2162,0.2162,winter
MO,Newton,NEWTON,0.0114,0.0031,0.0292,0.1112,0.1112,winter
MO,Nodaway,NODAWAY,0.0007,0.0002,0.0121,0.1685,0.1685,winter
MO,Oregon,OREGON,0.0414,0.0024,0.0214,0.1302,0.1302,winter
MO,Osage,OSAGE,0.0026,0.0009,0.0116,0.0964,0.0964,winter
MO,Ozark,OZARK,0.058,0.0031,0.0293,0.1274,0.1274,winter
MO,Pemiscot,PEMISCOT,0.0007,0.0019,0.0343,0.1578,0.1578,winter
MO,Perry,PERRY,0.0052,0.0041,0.0196,0.2716,0.2716,winter
MO,Pettis,PETTIS,0.0013,0.0006,0.0127,0.1285,0.1285,winter
MO,Phelps,PHELPS,0.0349,0.0026,0.0258,0.1203,0.1203,winter
MO,Pike,PIKE,0.0022,0.0011,0.016,0.1164,0.1164,winter
MO,Platte,PLATTE,0.0026,0.0006,0.0107,0.1644,0.1644,winter
MO,Polk,POLK,0.0087,0.0038,0.0415,0.1244,0.1244,winter
MO,Pulaski,PULASKI,0.037,0.0029,0.0181,0.1252,0.1252,winter
MO,Putnam,PUTNAM,0.0007,0.0003,0.0055,0.164,0.164,winter
MO,Ralls,RALLS,0.0015,0.0011,0.0175,0.126,0.126,winter
MO,Randolph,RANDOLPH,0.0021,0.0007,0.0125,0.1145,0.1145,winter
MO,Ray,RAY,0.0013,0.0006,0.0057,0.006,0.006,winter
MO,Reynolds,REYNOLDS,0.052,0.0021,0.0133,0.1273,0.1273,winter
MO,Ripley,RIPLEY,0.0453,0.0079,0.0308,0.2512,0.2512,winter
MO,Saline,SALINE,0.0013,0.0006,0.0084,0.1106,0.1106,winter
MO,Schuyler,SCHUYLER,0.0007,0.0004,0.0027,0.1584,0.1584,winter
MO,Scotland,SCOTLAND,0.0006,0.0005,0.0078,0.2489,0.2489,winter
MO,Scott,SCOTT,0.0021,0.0111,0.0449,0.2556,0.2556,winter
MO,Shannon,SHANNON,0.0989,0.0023,0.0189,0.1294,0.1294,winter
MO,Shelby,SHELBY,0.0007,0.0005,0.0126,0.1047,0.1047,winter
MO,St. Charles,ST. CHARLES,0.0016,0.0022,0.0303,0.1408,0.1408,winter
MO,St. Clair,ST. CLAIR,0.0132,0.0016,0.018,0.1302,0.1302,winter
MO,St. Francois,ST. FRANCOIS,0.0054,0.0023,0.0189,0.1175,0.1175,winter
MO,St. Louis,ST. LOUIS,0.0011,0.0016,0.0257,0.1454,0.1454,winter
MO,St. Louis City,ST. LOUIS CITY,0.0007,0.0001,0.0,0.0016,0.0016,winter
MO,Ste. Genevieve,STE. GENEVIEVE,0.0079,0.0021,0.0141,0.1136,0.1136,winter
MO,Stoddard,STODDARD,0.0021,0.0086,0.0548,0.2539,0.2539,winter
MO,Stone,STONE,0.0171,0.0047,0.0281,0.1165,0.1165,winter
MO,Sullivan,SULLIVAN,0.001,0.0005,0.007,0.1486,0.1486,winter
MO,Taney,TANEY,0.0886,0.0044,0.0275,0.1331,0.1331,winter
MO,Texas,TEXAS,0.0393,0.0048,0.0298,0.1283,0.1283,winter
MO,Vernon,VERNON,0.0082,0.001,0.0247,0.1332,0.1332,winter
MO,Warren,WARREN,0.0037,0.0019,0.0162,0.118,0.118,winter
MO,Washington,WASHINGTON,0.0468,0.002,0.0147,0.1103,0.1103,winter
MO,Wayne,WAYNE,0.0439,0.0044,0.024,0.2846,0.2846,winter
MO,Webster,WEBSTER,0.0165,0.0052,0.0368,0.1397,0.1397,winter
MO,Worth,WORTH,0.001,0.0002,0.0069,0.1632,0.1632,winter
MO,Wright,WRIGHT,0.0254,0.0037,0.0252,0.1295,0.1295,winter
MS,Adams,ADAMS,0.0089,0.0102,0.0827,0.0522,0.0827,wind
MS,Alcorn,ALCORN,0.0101,0.0076,0.0246,0.1151,0.1151,winter
MS,Amite,AMITE,0.0365,0.0053,0.0361,0.0384,0.0384,winter
MS,Attala,ATTALA,0.016,0.015,0.0759,0.0728,0.0759,wind
MS,Benton,BENTON,0.0425,0.0066,0.0159,0.1244,0.1244,winter
MS,Bolivar,BOLIVAR,0.0005,0.0165,0.0601,0.091,0.091,winter
MS,Calhoun,CALHOUN,0.0104,0.011,0.0352,0.0743,0.0743,winter
MS,Carroll,CARROLL,0.0151,0.0086,0.0643,0.0654,0.0654,winter
MS,Chickasaw,CHICKASAW,0.0155,0.009,0.0299,0.0709,0.0709,winter
MS,Choctaw,CHOCTAW,0.0274,0.009,0.0532,0.074,0.074,winter
MS,Claiborne,CLAIBORNE,0.0195,0.0137,0.071,0.0486,0.071,wind
MS,Clarke,CLARKE,0.0263,0.0148,0.0957,0.0432,0.0957,wind
MS,Clay,CLAY,0.0095,0.0148,0.043,0.08,0.08,winter
MS,Coahoma,COAHOMA,0.0005,0.0056,0.0345,0.0996,0.0996,winter
MS,Copiah,COPIAH,0.0165,0.0142,0.1181,0.0529,0.1181,wind
MS,Covington,COVINGTON,0.0104,0.0235,0.0906,0.0425,0.0906,wind
MS,Desoto,DESOTO,0.0037,0.0071,0.0,0.0002,0.0071,flood
MS,Forrest,FORREST,0.0921,0.0351,0.0867,0.0335,0.0921,fire
MS,Franklin,FRANKLIN,0.0389,0.0146,0.0883,0.0543,0.0883,wind
MS,George,GEORGE,0.0257,0.0061,0.0287,0.0174,0.0287,wind
MS,Greene,GREENE,0.0344,0.0058,0.0585,0.0256,0.0585,wind
MS,Grenada,GRENADA,0.0176,0.0247,0.0547,0.0773,0.0773,winter
MS,Hancock,HANCOCK,0.0649,0.0078,0.0342,0.0202,0.0649,fire
MS,Harrison,HARRISON,0.1135,0.0089,0.0379,0.0139,0.1135,fire
MS,Hinds,HINDS,0.0048,0.0453,0.1234,0.0567,0.1234,wind
MS,Holmes,HOLMES,0.0111,0.0087,0.0541,0.073,0.073,winter
MS,Humphreys,HUMPHREYS,0.0004,0.0054,0.0429,0.0697,0.0697,winter
MS,Issaquena,ISSAQUENA,0.0035,0.0029,0.0274,0.0587,0.0587,winter
MS,Itawamba,ITAWAMBA,0.0229,0.0079,0.0432,0.0797,0.0797,winter
MS,Jackson,JACKSON,0.1099,0.0079,0.0352,0.0143,0.1099,fire
MS,Jasper,JASPER,0.0513,0.011,0.0805,0.0459,0.0805,wind
MS,Jefferson,JEFFERSON,0.0136,0.0076,0.0753,0.059,0.0753,wind
MS,Jefferson Davis,JEFFERSON DAVIS,0.017,0.013,0.0958,0.0425,0.0958,wind
MS,Jones,JONES,0.0223,0.0248,0.1072,0.0468,0.1072,wind
MS,Kemper,KEMPER,0.0109,0.0063,0.0683,0.0575,0.0683,wind
MS,Lafayette,LAFAYETTE,0.0259,0.0107,0.0384,0.1043,0.1043,winter
MS,Lamar,LAMAR,0.0723,0.0345,0.0783,0.0354,0.0783,wind
MS,Lauderdale,LAUDERDALE,0.013,0.03,0.1135,0.0532,0.1135,wind
MS,Lawrence,LAWRENCE,0.016,0.0237,0.0868,0.042,0.0868,wind
MS,Leake,LEAKE,0.0123,0.021,0.1061,0.0511,0.1061,wind
MS,Lee,LEE,0.0038,0.0142,0.0492,0.0697,0.0697,winter
MS,Leflore,LEFLORE,0.0013,0.015,0.0495,0.0749,0.0749,winter
MS,Lincoln,LINCOLN,0.0097,0.0216,0.0937,0.0516,0.0937,wind
MS,Lowndes,LOWNDES,0.0065,0.0213,0.0895,0.073,0.0895,wind
MS,Madison,MADISON,0.0044,0.0292,0.1075,0.0584,0.1075,wind
MS,Marion,MARION,0.0265,0.035,0.071,0.0352,0.071,wind
MS,Marshall,MARSHALL,0.0266,0.0073,0.0228,0.1242,0.1242,winter
MS,Monroe,MONROE,0.0102,0.0153,0.0666,0.0767,0.0767,winter
MS,Montgomery,MONTGOMERY,0.0126,0.0124,0.0441,0.0725,0.0725,winter
MS,Neshoba,NESHOBA,0.0128,0.0195,0.086,0.0516,0.086,wind
MS,Newton,NEWTON,0.0221,0.0186,0.0822,0.0444,0.0822,wind
MS,Noxubee,NOXUBEE,0.0092,0.0089,0.0668,0.0521,0.0668,wind
MS,Oktibbeha,OKTIBBEHA,0.0144,0.0117,0.0762,0.076,0.0762,wind
MS,Panola,PANOLA,0.0079,0.0093,0.0278,0.1129,0.1129,winter
MS,Pearl River,PEARL RIVER,0.0697,0.0086,0.0635,0.0255,0.0697,fire
MS,Perry,PERRY,0.1874,0.0105,0.0491,0.0213,0.1874,fire
MS,Pike,PIKE,0.0104,0.0101,0.0403,0.0352,0.0403,wind
MS,Pontotoc,PONTOTOC,0.0077,0.0081,0.0433,0.0807,0.0807,winter
MS,Prentiss,PRENTISS,0.0053,0.0096,0.0311,0.0835,0.0835,winter
MS,Quitman,QUITMAN,0.0007,0.0031,0.0173,0.0986,0.0986,winter
MS,Rankin,RANKIN,0.0132,0.0429,0.1155,0.0597,0.1155,wind
MS,Scott,SCOTT,0.0631,0.0203,0.0917,0.0574,0.0917,wind
MS,Sharkey,SHARKEY,0.0007,0.0068,0.0304,0.0669,0.0669,winter
MS,Simpson,SIMPSON,0.0161,0.0229,0.0953,0.0466,0.0953,wind
MS,Smith,SMITH,0.0723,0.0169,0.0987,0.0544,0.0987,wind
MS,Stone,STONE,0.0862,0.0058,0.043,0.0191,0.0862,fire
MS,Sunflower,SUNFLOWER,0.0004,0.0177,0.0456,0.0817,0.0817,winter
MS,Tallahatchie,TALLAHATCHIE,0.0035,0.0072,0.0223,0.0695,0.0695,winter
MS,Tate,TATE,0.0067,0.0072,0.0193,0.1153,0.1153,winter
MS,Tippah,TIPPAH,0.0225,0.0087,0.028,0.1221,0.1221,winter
MS,Tishomingo,TISHOMINGO,0.024,0.008,0.0494,0.0992,0.0992,winter
MS,Tunica,TUNICA,0.0029,0.005,0.0306,0.1286,0.1286,winter
MS,Union,UNION,0.0145,0.0115,0.0339,0.0957,0.0957,winter
MS,Walthall,WALTHALL,0.0053,0.0058,0.0533,0.0334,0.0533,wind
MS,Warren,WARREN,0.0029,0.0258,0.0858,0.0497,0.0858,wind
MS,Washington,WASHINGTON,0.0012,0.0191,0.0546,0.0841,0.0841,winter
MS,Wayne,WAYNE,0.0807,0.0085,0.0576,0.0418,0.0807,fire
MS,Webster,WEBSTER,0.0265,0.0128,0.0526,0.0757,0.0757,winter
MS,Wilkinson,WILKINSON,0.0192,0.0091,0.0344,0.0364,0.0364,winter
MS,Winston,WINSTON,0.0383,0.0113,0.0703,0.0633,0.0703,wind
MS,Yalobusha,YALOBUSHA,0.0213,0.0074,0.0244,0.0726,0.0726,winter
MS,Yazoo,YAZOO,0.0054,0.0168,0.0858,0.0763,0.0858,wind
MT,Beaverhead,BEAVERHEAD,0.0198,0.0009,0.0745,0.2028,0.2028,winter
MT,Big Horn,BIG HORN,0.0178,0.0003,0.067,0.2062,0.2062,winter
MT,Blaine,BLAINE,0.0032,0.0002,0.1572,0.1597,0.1597,winter
MT,Broadwater,BROADWATER,0.0105,0.0004,0.0992,0.1351,0.1351,winter
MT,Carbon,CARBON,0.0099,0.0003,0.0457,0.2102,0.2102,winter
MT,Carter,CARTER,0.004,0.0001,0.0423,0.1508,0.1508,winter
MT,Cascade,CASCADE,0.0133,0.0009,0.2643,0.2762,0.2762,winter
MT,Chouteau,CHOUTEAU,0.0144,0.0004,0.152,0.1887,0.1887,winter
MT,Custer,CUSTER,0.0114,0.0003,0.0376,0.1436,0.1436,winter
MT,Daniels,DANIELS,0.0006,0.0002,0.0241,0.1768,0.1768,winter
MT,Dawson,DAWSON,0.006,0.0003,0.0729,0.1796,0.1796,winter
MT,Deer Lodge,DEER LODGE,0.0069,0.0008,0.0002,0.0007,0.0069,fire
MT,Fallon,FALLON,0.002,0.0001,0.0514,0.1194,0.1194,winter
MT,Fergus,FERGUS,0.018,0.0002,0.1695,0.2342,0.2342,winter
MT,Flathead,FLATHEAD,0.0039,0.002,0.0634,0.2671,0.2671,winter
MT,Gallatin,GALLATIN,0.0107,0.0006,0.1352,0.3098,0.3098,winter
MT,Garfield,GARFIELD,0.0031,0.0001,0.0713,0.213,0.213,winter
MT,Glacier,GLACIER,0.0039,0.0013,0.2872,0.4042,0.4042,winter
MT,Golden Valley,GOLDEN VALLEY,0.0042,0.0001,0.0374,0.1269,0.1269,winter
MT,Granite,GRANITE,0.0036,0.0009,0.0003,0.0,0.0036,fire
MT,Hill,HILL,0.0021,0.0003,0.1415,0.1646,0.1646,winter
MT,Jefferson,JEFFERSON,0.026,0.0004,0.0663,0.2219,0.2219,winter
MT,Judith Basin,JUDITH BASIN,0.0071,0.0001,0.1904,0.2778,0.2778,winter
MT,Lake,LAKE,0.0092,0.0016,0.0139,0.2152,0.2152,winter
MT,Lewis And Clark,LEWIS AND CLARK,0.0382,0.0012,0.1688,0.3028,0.3028,winter
MT,Liberty,LIBERTY,0.0011,0.0002,0.1183,0.0798,0.1183,wind
MT,Lincoln,LINCOLN,0.0066,0.0005,0.0006,0.0005,0.0066,fire
MT,Madison,MADISON,0.0135,0.0004,0.1212,0.2422,0.2422,winter
MT,Mccone,MCCONE,0.0025,0.0002,0.0534,0.1793,0.1793,winter
MT,Meagher,MEAGHER,0.0141,0.0002,0.1016,0.2516,0.2516,winter
MT,Mineral,MINERAL,0.0128,0.0011,0.0009,0.0,0.0128,fire
MT,Missoula,MISSOULA,0.0163,0.0033,0.0378,0.2161,0.2161,winter
MT,Musselshell,MUSSELSHELL,0.0132,0.0002,0.0701,0.1754,0.1754,winter
MT,Park,PARK,0.0054,0.0003,0.0719,0.1618,0.1618,winter
MT,Petroleum,PETROLEUM,0.0055,0.0001,0.037,0.1409,0.1409,winter
MT,Phillips,PHILLIPS,0.003,0.0002,0.0844,0.2,0.2,winter
MT,Pondera,PONDERA,0.0011,0.0008,0.1234,0.1075,0.1234,wind
MT,Powder River,POWDER RIVER,0.0074,0.0,0.0285,0.154,0.154,winter
MT,Powell,POWELL,0.0088,0.0018,0.0013,0.0003,0.0088,fire
MT,Prairie,PRAIRIE,0.0033,0.0001,0.0434,0.1523,0.1523,winter
MT,Ravalli,RAVALLI,0.0331,0.0015,0.0019,0.0008,0.0331,fire
MT,Richland,RICHLAND,0.0038,0.0004,0.045,0.1669,0.1669,winter
MT,Roosevelt,ROOSEVELT,0.002,0.0005,0.0461,0.204,0.204,winter
MT,Rosebud,ROSEBUD,0.022,0.0001,0.0638,0.1849,0.1849,winter
MT,Sanders,SANDERS,0.0066,0.0017,0.0015,0.0001,0.0066,fire
MT,Sheridan,SHERIDAN,0.0003,0.0002,0.0406,0.1949,0.1949,winter
MT,Silver Bow,SILVER BOW,0.0049,0.0007,0.0001,0.0,0.0049,fire
MT,Stillwater,STILLWATER,0.0138,0.0003,0.1024,0.2276,0.2276,winter
MT,Sweet Grass,SWEET GRASS,0.0188,0.0001,0.1541,0.2187,0.2187,winter
MT,Teton,TETON,0.0044,0.0018,0.1824,0.1583,0.1824,wind
MT,Toole,TOOLE,0.0013,0.0004,0.1873,0.1189,0.1873,wind
MT,Treasure,TREASURE,0.0017,0.0001,0.0242,0.1248,0.1248,winter
MT,Valley,VALLEY,0.0021,0.0004,0.1016,0.3296,0.3296,winter
MT,Wheatland,WHEATLAND,0.0092,0.0001,0.2068,0.1529,0.2068,wind
MT,Wibaux,WIBAUX,0.0029,0.0001,0.0468,0.1374,0.1374,winter
MT,Yellowstone,YELLOWSTONE,0.0226,0.0004,0.1109,0.1957,0.1957,winter
NC,Alamance,ALAMANCE,0.0013,0.0022,0.0507,0.1898,0.1898,winter
NC,Alexander,ALEXANDER,0.0016,0.0029,0.0335,0.2283,0.2283,winter
NC,Alleghany,ALLEGHANY,0.0007,0.0056,0.0843,0.1658,0.1658,winter
NC,Anson,ANSON,0.0056,0.0015,0.0354,0.1001,0.1001,winter
NC,Ashe,ASHE,0.0021,0.0091,0.1532,0.2209,0.2209,winter
NC,Avery,AVERY,0.0065,0.0035,0.0643,0.5255,0.5255,winter
NC,Beaufort,BEAUFORT,0.0043,0.0004,0.0436,0.0826,0.0826,winter
NC,Bertie,BERTIE,0.0032,0.0002,0.0204,0.1531,0.1531,winter
NC,Bladen,BLADEN,0.0131,0.0008,0.0475,0.0642,0.0642,winter
NC,Brunswick,BRUNSWICK,0.0364,0.001,0.0454,0.036,0.0454,wind
NC,Buncombe,BUNCOMBE,0.0036,0.0089,0.0897,0.3993,0.3993,winter
NC,Burke,BURKE,0.0223,0.0056,0.0781,0.3427,0.3427,winter
NC,Cabarrus,CABARRUS,0.0007,0.0043,0.0584,0.1684,0.1684,winter
NC,Caldwell,CALDWELL,0.018,0.0049,0.0606,0.328,0.328,winter
NC,Camden,CAMDEN,0.0026,0.0003,0.0214,0.1256,0.1256,winter
NC,Carteret,CARTERET,0.0277,0.0008,0.0631,0.0779,0.0779,winter
NC,Caswell,CASWELL,0.0011,0.0021,0.0436,0.1374,0.1374,winter
NC,Catawba,CATAWBA,0.0023,0.0056,0.0452,0.2431,0.2431,winter
NC,Chatham,CHATHAM,0.0046,0.0029,0.0555,0.1548,0.1548,winter
NC,Cherokee,CHEROKEE,0.0202,0.0033,0.0345,0.094,0.094,winter
NC,Chowan,CHOWAN,0.0018,0.0004,0.022,0.1192,0.1192,winter
NC,Clay,CLAY,0.0145,0.0031,0.0286,0.0873,0.0873,winter
NC,Cleveland,CLEVELAND,0.0031,0.0046,0.0413,0.196,0.196,winter
NC,Columbus,COLUMBUS,0.005,0.0013,0.0396,0.0522,0.0522,winter
NC,Craven,CRAVEN,0.0174,0.0003,0.0473,0.0842,0.0842,winter
NC,Cumberland,CUMBERLAND,0.0074,0.0025,0.0458,0.0862,0.0862,winter
NC,Currituck,CURRITUCK,0.0027,0.0008,0.0246,0.1206,0.1206,winter
NC,Dare,DARE,0.0069,0.0027,0.0817,0.0995,0.0995,winter
NC,Davidson,DAVIDSON,0.0008,0.0033,0.0527,0.1765,0.1765,winter
NC,Davie,DAVIE,0.0005,0.0049,0.0388,0.2387,0.2387,winter
NC,Duplin,DUPLIN,0.0029,0.0006,0.0544,0.094,0.094,winter
NC,Durham,DURHAM,0.0024,0.0034,0.0484,0.1638,0.1638,winter
NC,Edgecombe,EDGECOMBE,0.0019,0.0008,0.0317,0.1163,0.1163,winter
NC,Forsyth,FORSYTH,0.0012,0.0063,0.0551,0.1895,0.1895,winter
NC,Franklin,FRANKLIN,0.0023,0.0006,0.0508,0.1672,0.1672,winter
NC,Gaston,GASTON,0.001,0.005,0.0399,0.1814,0.1814,winter
NC,Gates,GATES,0.0034,0.0004,0.0205,0.1452,0.1452,winter
NC,Graham,GRAHAM,0.0224,0.0054,0.0587,0.3707,0.3707,winter
NC,Granville,GRANVILLE,0.0028,0.0021,0.0373,0.1705,0.1705,winter
NC,Greene,GREENE,0.0035,0.0007,0.032,0.088,0.088,winter
NC,Guilford,GUILFORD,0.0021,0.0053,0.0654,0.1818,0.1818,winter
NC,Halifax,HALIFAX,0.0045,0.0005,0.0421,0.153,0.153,winter
NC,Harnett,HARNETT,0.0061,0.0013,0.0317,0.1444,0.1444,winter
NC,Haywood,HAYWOOD,0.018,0.0068,0.0595,0.4301,0.4301,winter
NC,Henderson,HENDERSON,0.0095,0.0066,0.0717,0.2807,0.2807,winter
NC,Hertford,HERTFORD,0.0047,0.0005,0.0222,0.1463,0.1463,winter
NC,Hoke,HOKE,0.0142,0.0012,0.031,0.0859,0.0859,winter
NC,Hyde,HYDE,0.0046,0.0002,0.0423,0.0739,0.0739,winter
NC,Iredell,IREDELL,0.0017,0.0047,0.0445,0.2607,0.2607,winter
NC,Jackson,JACKSON,0.0105,0.0062,0.0682,0.3907,0.3907,winter
NC,Johnston,JOHNSTON,0.0026,0.0011,0.0451,0.1507,0.1507,winter
NC,Jones,JONES,0.025,0.0003,0.0303,0.0699,0.0699,winter
NC,Lee,LEE,0.0028,0.0027,0.0216,0.0036,0.0216,wind
NC,Lenoir,LENOIR,0.0033,0.0007,0.0476,0.0936,0.0936,winter
NC,Lincoln,LINCOLN,0.0017,0.0046,0.0438,0.2178,0.2178,winter
NC,Macon,MACON,0.0256,0.0051,0.0681,0.3064,0.3064,winter
NC,Madison,MADISON,0.0071,0.008,0.0602,0.4528,0.4528,winter
NC,Martin,MARTIN,0.0036,0.0006,0.0291,0.0976,0.0976,winter
NC,Mcdowell,MCDOWELL,0.028,0.0048,0.0726,0.332,0.332,winter
NC,Mecklenburg,MECKLENBURG,0.0021,0.0082,0.0686,0.1921,0.1921,winter
NC,Mitchell,MITCHELL,0.0033,0.0029,0.0606,0.5155,0.5155,winter
NC,Montgomery,MONTGOMERY,0.0341,0.0024,0.0395,0.1158,0.1158,winter
NC,Moore,MOORE,0.0067,0.002,0.0457,0.1159,0.1159,winter
NC,Nash,NASH,0.001,0.0009,0.0404,0.1546,0.1546,winter
NC,New Hanover,NEW HANOVER,0.0042,0.0012,0.0533,0.0505,0.0533,wind
NC,Northampton,NORTHAMPTON,0.002,0.0005,0.0225,0.1548,0.1548,winter
NC,Onslow,ONSLOW,0.0088,0.0005,0.04,0.0691,0.0691,winter
NC,Orange,ORANGE,0.0019,0.0026,0.0514,0.1755,0.1755,winter
NC,Pamlico,PAMLICO,0.0032,0.0002,0.0176,0.0631,0.0631,winter
NC,Pasquotank,PASQUOTANK,0.0017,0.0004,0.0254,0.1157,0.1157,winter
NC,Pender,PENDER,0.0294,0.0025,0.0438,0.0698,0.0698,winter
NC,Perquimans,PERQUIMANS,0.0011,0.0003,0.0239,0.126,0.126,winter
NC,Person,PERSON,0.0034,0.0023,0.0445,0.1907,0.1907,winter
NC,Pitt,PITT,0.0025,0.001,0.0439,0.0901,0.0901,winter
NC,Polk,POLK,0.0071,0.0048,0.0516,0.2399,0.2399,winter
NC,Randolph,RANDOLPH,0.0051,0.0031,0.0591,0.1656,0.1656,winter
NC,Richmond,RICHMOND,0.0287,0.003,0.0379,0.0923,0.0923,winter
NC,Robeson,ROBESON,0.0238,0.0011,0.0432,0.084,0.084,winter
NC,Rockingham,ROCKINGHAM,0.0033,0.0072,0.05,0.1577,0.1577,winter
NC,Rowan,ROWAN,0.0012,0.0051,0.0581,0.2477,0.2477,winter
NC,Rutherford,RUTHERFORD,0.0121,0.0035,0.0767,0.2648,0.2648,winter
NC,Sampson,SAMPSON,0.0071,0.0006,0.0517,0.0966,0.0966,winter
NC,Scotland,SCOTLAND,0.0418,0.001,0.0294,0.0801,0.0801,winter
NC,Stanly,STANLY,0.0015,0.0055,0.0441,0.1224,0.1224,winter
NC,Stokes,STOKES,0.0012,0.0064,0.0518,0.129,0.129,winter
NC,Surry,SURRY,0.0012,0.0071,0.0695,0.1605,0.1605,winter
NC,Swain,SWAIN,0.0191,0.0104,0.0616,0.4143,0.4143,winter
NC,Transylvania,TRANSYLVANIA,0.0157,0.0095,0.0609,0.3048,0.3048,winter
NC,Tyrrell,TYRRELL,0.0024,0.0002,0.0203,0.0778,0.0778,winter
NC,Union,UNION,0.0033,0.0044,0.048,0.1196,0.1196,winter
NC,Vance,VANCE,0.0023,0.0008,0.0282,0.1634,0.1634,winter
NC,Wake,WAKE,0.0033,0.0032,0.0683,0.1816,0.1816,winter
NC,Warren,WARREN,0.0019,0.0005,0.0401,0.1576,0.1576,winter
NC,Washington,WASHINGTON,0.0026,0.0003,0.0282,0.0931,0.0931,winter
NC,Watauga,WATAUGA,0.0069,0.0131,0.1366,0.2566,0.2566,winter
NC,Wayne,WAYNE,0.0019,0.0009,0.0462,0.1006,0.1006,winter
NC,Wilkes,WILKES,0.0076,0.0045,0.0698,0.1718,0.1718,winter
NC,Wilson,WILSON,0.0014,0.0008,0.0377,0.1137,0.1137,winter
NC,Yadkin,YADKIN,0.0005,0.0051,0.0364,0.1259,0.1259,winter
NC,Yancey,YANCEY,0.004,0.0037,0.0676,0.5085,0.5085,winter
ND,Adams,ADAMS,0.0009,0.0003,0.0596,0.1474,0.1474,winter
ND,Barnes,BARNES,0.0001,0.0002,0.0251,0.3378,0.3378,winter
ND,Benson,BENSON,0.0002,0.0005,0.0209,0.2931,0.2931,winter
ND,Billings,BILLINGS,0.0025,0.0003,0.0441,0.1304,0.1304,winter
ND,Bottineau,BOTTINEAU,0.0003,0.0006,0.0114,0.1914,0.1914,winter
ND,Bowman,BOWMAN,0.0011,0.0002,0.0563,0.1337,0.1337,winter
ND,Burke,BURKE,0.0004,0.0004,0.0183,0.1601,0.1601,winter
ND,Burleigh,BURLEIGH,0.0018,0.001,0.0491,0.1683,0.1683,winter
ND,Cass,CASS,0.0001,0.0001,0.0235,0.3503,0.3503,winter
ND,Cavalier,CAVALIER,0.0001,0.0001,0.012,0.3214,0.3214,winter
ND,Dickey,DICKEY,0.0003,0.0003,0.0151,0.2249,0.2249,winter
ND,Divide,DIVIDE,0.0001,0.0003,0.022,0.1518,0.1518,winter
ND,Dunn,DUNN,0.0012,0.0005,0.045,0.1425,0.1425,winter
ND,Eddy,EDDY,0.0001,0.0002,0.0174,0.2738,0.2738,winter
ND,Emmons,EMMONS,0.0005,0.0004,0.0314,0.1675,0.1675,winter
ND,Foster,FOSTER,0.0001,0.0003,0.0214,0.2382,0.2382,winter
ND,Golden Valley,GOLDEN VALLEY,0.0014,0.0001,0.0425,0.121,0.121,winter
ND,Grand Forks,GRAND FORKS,0.0002,0.0004,0.026,0.3596,0.3596,winter
ND,Grant,GRANT,0.0007,0.0002,0.0497,0.1489,0.1489,winter
ND,Griggs,GRIGGS,0.0002,0.0002,0.0207,0.3031,0.3031,winter
ND,Hettinger,HETTINGER,0.0005,0.0004,0.059,0.145,0.145,winter
ND,Kidder,KIDDER,0.0002,0.0003,0.0273,0.1771,0.1771,winter
ND,Lamoure,LAMOURE,0.0002,0.0001,0.0,0.0003,0.0003,winter
ND,Logan,LOGAN,0.0002,0.0002,0.0199,0.1867,0.1867,winter
ND,Mchenry,MCHENRY,0.0004,0.0007,0.016,0.183,0.183,winter
ND,Mcintosh,MCINTOSH,0.0002,0.0002,0.0182,0.1813,0.1813,winter
ND,Mckenzie,MCKENZIE,0.0036,0.0005,0.0425,0.141,0.141,winter
ND,Mclean,MCLEAN,0.0005,0.001,0.0373,0.1832,0.1832,winter
ND,Mercer,MERCER,0.0019,0.0009,0.0367,0.1544,0.1544,winter
ND,Morton,MORTON,0.0022,0.0007,0.052,0.1746,0.1746,winter
ND,Mountrail,MOUNTRAIL,0.0014,0.0006,0.0282,0.1673,0.1673,winter
ND,Nelson,NELSON,0.0001,0.0002,0.0209,0.3156,0.3156,winter
ND,Oliver,OLIVER,0.0005,0.0004,0.035,0.1389,0.1389,winter
ND,Pembina,PEMBINA,0.0001,0.0002,0.0119,0.3054,0.3054,winter
ND,Pierce,PIERCE,0.0002,0.0003,0.0113,0.2009,0.2009,winter
ND,Ramsey,RAMSEY,0.0001,0.0002,0.0146,0.3344,0.3344,winter
ND,Ransom,RANSOM,0.0003,0.0002,0.0193,0.3076,0.3076,winter
ND,Renville,RENVILLE,0.0002,0.0003,0.0165,0.1819,0.1819,winter
ND,Richland,RICHLAND,0.0001,0.0003,0.0208,0.3205,0.3205,winter
ND,Rolette,ROLETTE,0.001,0.0014,0.0097,0.2086,0.2086,winter
ND,Sargent,SARGENT,0.0001,0.0001,0.0225,0.3055,0.3055,winter
ND,Sheridan,SHERIDAN,0.0002,0.0002,0.0189,0.1591,0.1591,winter
ND,Sioux,SIOUX,0.0078,0.0003,0.0479,0.1677,0.1677,winter
ND,Slope,SLOPE,0.0012,0.0002,0.0612,0.1358,0.1358,winter
ND,Stark,STARK,0.0009,0.0006,0.0691,0.1473,0.1473,winter
ND,Steele,STEELE,0.0001,0.0002,0.0207,0.3475,0.3475,winter
ND,Stutsman,STUTSMAN,0.0004,0.0004,0.0314,0.2533,0.2533,winter
ND,Towner,TOWNER,0.0001,0.0002,0.0126,0.2648,0.2648,winter
ND,Traill,TRAILL,0.0001,0.0001,0.019,0.3528,0.3528,winter
ND,Walsh,WALSH,0.0001,0.0001,0.0153,0.3274,0.3274,winter
ND,Ward,WARD,0.0008,0.0011,0.0212,0.2066,0.2066,winter
ND,Wells,WELLS,0.0002,0.0002,0.0226,0.2086,0.2086,winter
ND,Williams,WILLIAMS,0.001,0.0007,0.028,0.1619,0.1619,winter
NE,Adams,ADAMS,0.0018,0.0003,0.0374,0.263,0.263,winter
NE,Antelope,ANTELOPE,0.0021,0.0004,0.0191,0.2267,0.2267,winter
NE,Arthur,ARTHUR,0.0038,0.0,0.017,0.1271,0.1271,winter
NE,Banner,BANNER,0.0025,0.0001,0.0455,0.1527,0.1527,winter
NE,Blaine,BLAINE,0.0035,0.0,0.0235,0.1526,0.1526,winter
NE,Boone,BOONE,0.0014,0.0002,0.0177,0.2148,0.2148,winter
NE,Box Butte,BOX BUTTE,0.0021,0.0001,0.0286,0.1858,0.1858,winter
NE,Boyd,BOYD,0.0018,0.0002,0.013,0.1661,0.1661,winter
NE,Brown,BROWN,0.0072,0.0002,0.0194,0.1531,0.1531,winter
NE,Buffalo,BUFFALO,0.0049,0.0005,0.0355,0.2619,0.2619,winter
NE,Burt,BURT,0.0005,0.0011,0.0185,0.2584,0.2584,winter
NE,Butler,BUTLER,0.0018,0.0004,0.0187,0.2135,0.2135,winter
NE,Cass,CASS,0.0016,0.0014,0.0216,0.2452,0.2452,winter
NE,Cedar,CEDAR,0.0012,0.0004,0.0155,0.2878,0.2878,winter
NE,Chase,CHASE,0.0032,0.0001,0.0394,0.1165,0.1165,winter
NE,Cherry,CHERRY,0.005,0.0001,0.0433,0.1919,0.1919,winter
NE,Cheyenne,CHEYENNE,0.0034,0.0001,0.0468,0.1686,0.1686,winter
NE,Clay,CLAY,0.0038,0.0003,0.0249,0.2676,0.2676,winter
NE,Colfax,COLFAX,0.0014,0.0003,0.0163,0.2145,0.2145,winter
NE,Cuming,CUMING,0.0005,0.0007,0.018,0.2387,0.2387,winter
NE,Custer,CUSTER,0.0043,0.0003,0.0381,0.1997,0.1997,winter
NE,Dakota,DAKOTA,0.0026,0.0008,0.0134,0.2976,0.2976,winter
NE,Dawes,DAWES,0.0274,0.0003,0.0346,0.2036,0.2036,winter
NE,Dawson,DAWSON,0.0048,0.0003,0.0314,0.2423,0.2423,winter
NE,Deuel,DEUEL,0.0015,0.0001,0.0313,0.1141,0.1141,winter
NE,Dixon,DIXON,0.0011,0.0003,0.0171,0.3009,0.3009,winter
NE,Dodge,DODGE,0.0008,0.0012,0.0203,0.2389,0.2389,winter
NE,Douglas,DOUGLAS,0.0033,0.0014,0.024,0.292,0.292,winter
NE,Dundy,DUNDY,0.0045,0.0001,0.0384,0.164,0.164,winter
NE,Fillmore,FILLMORE,0.0011,0.0003,0.0199,0.2721,0.2721,winter
NE,Franklin,FRANKLIN,0.0028,0.0002,0.0172,0.254,0.254,winter
NE,Frontier,FRONTIER,0.0031,0.0002,0.0272,0.1374,0.1374,winter
NE,Furnas,FURNAS,0.0031,0.0001,0.0303,0.2404,0.2404,winter
NE,Gage,GAGE,0.0057,0.0003,0.0146,0.2026,0.2026,winter
NE,Garden,GARDEN,0.0056,0.0001,0.0262,0.1508,0.1508,winter
NE,Garfield,GARFIELD,0.0034,0.0002,0.0125,0.1359,0.1359,winter
NE,Gosper,GOSPER,0.0028,0.0003,0.0192,0.2272,0.2272,winter
NE,Grant,GRANT,0.0045,0.0,0.0184,0.1354,0.1354,winter
NE,Greeley,GREELEY,0.0018,0.0002,0.0142,0.2018,0.2018,winter
NE,Hall,HALL,0.0021,0.0006,0.0321,0.2326,0.2326,winter
NE,Hamilton,HAMILTON,0.0011,0.0004,0.025,0.2347,0.2347,winter
NE,Harlan,HARLAN,0.0023,0.0001,0.0161,0.2362,0.2362,winter
NE,Hayes,HAYES,0.002,0.0001,0.0247,0.1265,0.1265,winter
NE,Hitchcock,HITCHCOCK,0.0033,0.0001,0.0301,0.1544,0.1544,winter
NE,Holt,HOLT,0.0035,0.0003,0.0189,0.1699,0.1699,winter
NE,Hooker,HOOKER,0.0034,0.0,0.0201,0.1527,0.1527,winter
NE,Howard,HOWARD,0.004,0.0004,0.0178,0.2174,0.2174,winter
NE,Jefferson,JEFFERSON,0.0022,0.0002,0.0109,0.2035,0.2035,winter
NE,Johnson,JOHNSON,0.0018,0.0002,0.0096,0.172,0.172,winter
NE,Kearney,KEARNEY,0.0015,0.0002,0.0214,0.2403,0.2403,winter
NE,Keith,KEITH,0.0047,0.0003,0.0337,0.133,0.133,winter
NE,Keya Paha,KEYA PAHA,0.0038,0.0002,0.0227,0.159,0.159,winter
NE,Kimball,KIMBALL,0.0015,0.0,0.0481,0.1495,0.1495,winter
NE,Knox,KNOX,0.0038,0.0005,0.0158,0.261,0.261,winter
NE,Lancaster,LANCASTER,0.008,0.0004,0.0313,0.2853,0.2853,winter
NE,Lincoln,LINCOLN,0.0073,0.0004,0.047,0.1403,0.1403,winter
NE,Logan,LOGAN,0.0067,0.0001,0.0241,0.1425,0.1425,winter
NE,Loup,LOUP,0.0026,0.0001,0.0183,0.1405,0.1405,winter
NE,Madison,MADISON,0.002,0.0004,0.0264,0.2326,0.2326,winter
NE,Mcpherson,MCPHERSON,0.0037,0.0,0.0222,0.1488,0.1488,winter
NE,Merrick,MERRICK,0.0018,0.0002,0.0196,0.2212,0.2212,winter
NE,Morrill,MORRILL,0.0073,0.0001,0.0273,0.156,0.156,winter
NE,Nance,NANCE,0.0007,0.0002,0.0185,0.2155,0.2155,winter
NE,Nemaha,NEMAHA,0.0017,0.0005,0.0101,0.1647,0.1647,winter
NE,Nuckolls,NUCKOLLS,0.002,0.0001,0.0208,0.2643,0.2643,winter
NE,Otoe,OTOE,0.0016,0.0004,0.0172,0.2153,0.2153,winter
NE,Pawnee,PAWNEE,0.0026,0.0003,0.0068,0.1596,0.1596,winter
NE,Perkins,PERKINS,0.0019,0.0001,0.0289,0.1196,0.1196,winter
NE,Phelps,PHELPS,0.0021,0.0003,0.0234,0.2443,0.2443,winter
NE,Pierce,PIERCE,0.002,0.0003,0.0162,0.2516,0.2516,winter
NE,Platte,PLATTE,0.0016,0.0006,0.0229,0.2236,0.2236,winter
NE,Polk,POLK,0.0019,0.0005,0.0233,0.2433,0.2433,winter
NE,Red Willow,RED WILLOW,0.0037,0.0001,0.0564,0.1648,0.1648,winter
NE,Richardson,RICHARDSON,0.0013,0.0006,0.011,0.1618,0.1618,winter
NE,Rock,ROCK,0.0023,0.0002,0.0149,0.1499,0.1499,winter
NE,Saline,SALINE,0.0016,0.0003,0.0198,0.2423,0.2423,winter
NE,Sarpy,SARPY,0.0029,0.0008,0.0198,0.245,0.245,winter
NE,Saunders,SAUNDERS,0.0014,0.0005,0.0239,0.2635,0.2635,winter
NE,Scotts Bluff,SCOTTS BLUFF,0.0085,0.0003,0.0651,0.1552,0.1552,winter
NE,Seward,SEWARD,0.0033,0.0002,0.0218,0.2268,0.2268,winter
NE,Sheridan,SHERIDAN,0.0036,0.0001,0.0308,0.1757,0.1757,winter
NE,Sherman,SHERMAN,0.0035,0.0002,0.0178,0.2116,0.2116,winter
NE,Sioux,SIOUX,0.0059,0.0001,0.0312,0.1806,0.1806,winter
NE,Stanton,STANTON,0.0026,0.0004,0.0181,0.2308,0.2308,winter
NE,Thayer,THAYER,0.0016,0.0003,0.0173,0.2521,0.2521,winter
NE,Thomas,THOMAS,0.0215,0.0,0.0164,0.1534,0.1534,winter
NE,Thurston,THURSTON,0.004,0.0004,0.0149,0.2855,0.2855,winter
NE,Valley,VALLEY,0.0024,0.0002,0.0344,0.2205,0.2205,winter
NE,Washington,WASHINGTON,0.0017,0.0008,0.0205,0.2693,0.2693,winter
NE,Wayne,WAYNE,0.0007,0.0004,0.0156,0.2684,0.2684,winter
NE,Webster,WEBSTER,0.0018,0.0002,0.0195,0.2456,0.2456,winter
NE,Wheeler,WHEELER,0.0041,0.0002,0.0124,0.1428,0.1428,winter
NE,York,YORK,0.0008,0.0003,0.0217,0.2479,0.2479,winter
NH,Belknap,BELKNAP,0.0004,0.0049,0.0104,0.3686,0.3686,winter
NH,Carroll,CARROLL,0.0017,0.007,0.0136,0.4378,0.4378,winter
NH,Cheshire,CHESHIRE,0.0007,0.0077,0.0148,0.321,0.321,winter
NH,Coos,COOS,0.0004,0.0037,0.011,0.4353,0.4353,winter
NH,Grafton,GRAFTON,0.0017,0.0096,0.0138,0.4008,0.4008,winter
NH,Hillsborough,HILLSBOROUGH,0.001,0.0074,0.0169,0.3923,0.3923,winter
NH,Merrimack,MERRIMACK,0.0007,0.0059,0.0134,0.3891,0.3891,winter
NH,Rockingham,ROCKINGHAM,0.0003,0.0232,0.0184,0.4164,0.4164,winter
NH,Strafford,STRAFFORD,0.0005,0.0053,0.0128,0.406,0.406,winter
NH,Sullivan,SULLIVAN,0.001,0.0049,0.0107,0.3567,0.3567,winter
NJ,Atlantic,ATLANTIC,0.0114,0.0041,0.0602,0.4313,0.4313,winter
NJ,Bergen,BERGEN,0.0009,0.0015,0.034,0.2975,0.2975,winter
NJ,Burlington,BURLINGTON,0.0188,0.0025,0.0778,0.5076,0.5076,winter
NJ,Camden,CAMDEN,0.0095,0.0027,0.0636,0.4813,0.4813,winter
NJ,Cape May,CAPE MAY,0.0081,0.0036,0.0832,0.4246,0.4246,winter
NJ,Cumberland,CUMBERLAND,0.0104,0.0018,0.0688,0.463,0.463,winter
NJ,Essex,ESSEX,0.0011,0.001,0.0315,0.2846,0.2846,winter
NJ,Gloucester,GLOUCESTER,0.0078,0.0019,0.0532,0.4841,0.4841,winter
NJ,Hudson,HUDSON,0.0006,0.0006,0.0258,0.2545,0.2545,winter
NJ,Hunterdon,HUNTERDON,0.0034,0.0029,0.0497,0.5633,0.5633,winter
NJ,Mercer,MERCER,0.0026,0.0025,0.0634,0.4781,0.4781,winter
NJ,Middlesex,MIDDLESEX,0.0096,0.0033,0.0549,0.4674,0.4674,winter
NJ,Monmouth,MONMOUTH,0.0081,0.004,0.0767,0.4658,0.4658,winter
NJ,Morris,MORRIS,0.0026,0.0035,0.0498,0.5629,0.5629,winter
NJ,Ocean,OCEAN,0.0168,0.0068,0.1017,0.472,0.472,winter
NJ,Passaic,PASSAIC,0.0014,0.0015,0.0275,0.3032,0.3032,winter
NJ,Salem,SALEM,0.0045,0.0018,0.0493,0.4394,0.4394,winter
NJ,Somerset,SOMERSET,0.0047,0.0027,0.0528,0.5324,0.5324,winter
NJ,Sussex,SUSSEX,0.0044,0.0027,0.0656,0.6563,0.6563,winter
NJ,Union,UNION,0.001,0.001,0.0305,0.2902,0.2902,winter
NJ,Warren,WARREN,0.0061,0.0023,0.0452,0.6031,0.6031,winter
NM,Bernalillo,BERNALILLO,0.0435,0.0005,0.0185,0.044,0.044,winter
NM,Catron,CATRON,0.0645,0.0003,0.0028,0.0367,0.0645,fire
NM,Chaves,CHAVES,0.0345,0.0001,0.1279,0.1091,0.1279,wind
NM,Cibola,CIBOLA,0.0362,0.0002,0.0056,0.0391,0.0391,winter
NM,Colfax,COLFAX,0.0609,0.0001,0.0108,0.0751,0.0751,winter
NM,Curry,CURRY,0.0262,0.0001,0.0999,0.1125,0.1125,winter
NM,De Baca,DE BACA,0.0114,0.0001,0.1009,0.1228,0.1228,winter
NM,Doña Ana,DOÑA ANA,0.0242,0.0004,0.0,0.0001,0.0242,fire
NM,Eddy,EDDY,0.0341,0.0004,0.2223,0.0772,0.2223,wind
NM,Grant,GRANT,0.0426,0.0019,0.0026,0.0245,0.0426,fire
NM,Guadalupe,GUADALUPE,0.0354,0.0,0.2649,0.2003,0.2649,wind
NM,Harding,HARDING,0.0168,0.0,0.0378,0.1502,0.1502,winter
NM,Hidalgo,HIDALGO,0.019,0.0003,0.0012,0.0044,0.019,fire
NM,Lea,LEA,0.0314,0.0003,0.0157,0.0126,0.0314,fire
NM,Lincoln,LINCOLN,0.0669,0.0001,0.1284,0.1445,0.1445,winter
NM,Los Alamos,LOS ALAMOS,0.0212,0.0005,0.0022,0.0566,0.0566,winter
NM,Luna,LUNA,0.0128,0.0004,0.0039,0.0076,0.0128,fire
NM,Mckinley,MCKINLEY,0.0257,0.0003,0.0087,0.0581,0.0581,winter
NM,Mora,MORA,0.0171,0.0,0.0099,0.0694,0.0694,winter
NM,Otero,OTERO,0.0391,0.0002,0.0148,0.0389,0.0391,fire
NM,Quay,QUAY,0.0254,0.0001,0.1184,0.1342,0.1342,winter
NM,Rio Arriba,RIO ARRIBA,0.0484,0.0003,0.0035,0.0607,0.0607,winter
NM,Roosevelt,ROOSEVELT,0.036,0.0001,0.0742,0.1083,0.1083,winter
NM,San Juan,SAN JUAN,0.0537,0.0006,0.0141,0.2366,0.2366,winter
NM,San Miguel,SAN MIGUEL,0.0459,0.0,0.0324,0.1371,0.1371,winter
NM,Sandoval,SANDOVAL,0.0543,0.0002,0.008,0.0043,0.0543,fire
NM,Santa Fe,SANTA FE,0.036,0.0003,0.0645,0.2324,0.2324,winter
NM,Sierra,SIERRA,0.0247,0.0016,0.0218,0.0504,0.0504,winter
NM,Socorro,SOCORRO,0.0573,0.0001,0.0169,0.0496,0.0573,fire
NM,Taos,TAOS,0.0347,0.0001,0.0043,0.0666,0.0666,winter
NM,Torrance,TORRANCE,0.0374,0.0001,0.0138,0.0374,0.0374,fire
NM,Union,UNION,0.0364,0.0001,0.0917,0.186,0.186,winter
NM,Valencia,VALENCIA,0.031,0.0003,0.0111,0.0388,0.0388,winter
NV,Carson City,CARSON CITY,0.0099,0.0023,0.2297,0.2695,0.2695,winter
NV,Churchill,CHURCHILL,0.0119,0.0007,0.0208,0.0323,0.0323,winter
NV,Clark,CLARK,0.0264,0.0061,0.0907,0.0815,0.0907,wind
NV,Douglas,DOUGLAS,0.0078,0.0049,0.1033,0.1006,0.1033,wind
NV,Elko,ELKO,0.0113,0.0055,0.0929,0.2252,0.2252,winter
NV,Esmeralda,ESMERALDA,0.0037,0.0005,0.1444,0.0855,0.1444,wind
NV,Eureka,EUREKA,0.0054,0.0008,0.0307,0.1949,0.1949,winter
NV,Humboldt,HUMBOLDT,0.0199,0.0029,0.0974,0.1921,0.1921,winter
NV,Lander,LANDER,0.0104,0.0007,0.0333,0.1865,0.1865,winter
NV,Lincoln,LINCOLN,0.0123,0.0012,0.0542,0.157,0.157,winter
NV,Lyon,LYON,0.01,0.003,0.1803,0.1254,0.1803,wind
NV,Mineral,MINERAL,0.0048,0.0004,0.1158,0.079,0.1158,wind
NV,Nye,NYE,0.0186,0.0008,0.0087,0.0,0.0186,fire
NV,Pershing,PERSHING,0.0127,0.0005,0.0181,0.0301,0.0301,winter
NV,Storey,STOREY,0.0034,0.0038,0.0726,0.07,0.0726,wind
NV,Washoe,WASHOE,0.0159,0.002,0.0875,0.1103,0.1103,winter
NV,White Pine,WHITE PINE,0.0123,0.0005,0.04,0.2024,0.2024,winter
NY,Albany,ALBANY,0.0005,0.0067,0.0488,0.3734,0.3734,winter
NY,Allegany,ALLEGANY,0.0011,0.0059,0.0536,0.216,0.216,winter
NY,Bronx,BRONX,0.0002,0.0002,0.0183,0.2227,0.2227,winter
NY,Broome,BROOME,0.0006,0.0113,0.0257,0.2107,0.2107,winter
NY,Cattaraugus,CATTARAUGUS,0.001,0.0148,0.0771,0.3514,0.3514,winter
NY,Cayuga,CAYUGA,0.0002,0.0075,0.0641,0.3659,0.3659,winter
NY,Chautauqua,CHAUTAUQUA,0.0011,0.0154,0.0983,0.3629,0.3629,winter
NY,Chemung,CHEMUNG,0.0007,0.0061,0.0136,0.1648,0.1648,winter
NY,Chenango,CHENANGO,0.0005,0.008,0.0228,0.2256,0.2256,winter
NY,Clinton,CLINTON,0.0006,0.006,0.0273,0.4027,0.4027,winter
NY,Columbia,COLUMBIA,0.0006,0.0068,0.0494,0.3634,0.3634,winter
NY,Cortland,CORTLAND,0.0003,0.0074,0.0203,0.2082,0.2082,winter
NY,Delaware,DELAWARE,0.0007,0.0077,0.0222,0.2085,0.2085,winter
NY,Dutchess,DUTCHESS,0.0013,0.0046,0.048,0.3639,0.3639,winter
NY,Erie,ERIE,0.0002,0.072,0.1252,0.3355,0.3355,winter
NY,Essex,ESSEX,0.0009,0.008,0.031,0.3913,0.3913,winter
NY,Franklin,FRANKLIN,0.0005,0.0047,0.0401,0.4154,0.4154,winter
NY,Fulton,FULTON,0.0004,0.0042,0.0424,0.4341,0.4341,winter
NY,Genesee,GENESEE,0.0004,0.0101,0.0893,0.2301,0.2301,winter
NY,Greene,GREENE,0.0011,0.0038,0.0407,0.3846,0.3846,winter
NY,Hamilton,HAMILTON,0.0005,0.0004,0.036,0.4498,0.4498,winter
NY,Herkimer,HERKIMER,0.0005,0.0087,0.0637,0.5096,0.5096,winter
NY,Jefferson,JEFFERSON,0.0004,0.0076,0.0752,0.437,0.437,winter
NY,Kings,KINGS,0.0003,0.0002,0.0257,0.23,0.23,winter
NY,Lewis,LEWIS,0.0002,0.0047,0.0692,0.5095,0.5095,winter
NY,Livingston,LIVINGSTON,0.0004,0.005,0.0651,0.2154,0.2154,winter
NY,Madison,MADISON,0.0002,0.0061,0.0238,0.284,0.284,winter
NY,Monroe,MONROE,0.0005,0.0117,0.0898,0.2653,0.2653,winter
NY,Montgomery,MONTGOMERY,0.0003,0.0083,0.0406,0.3598,0.3598,winter
NY,Nassau,NASSAU,0.0008,0.001,0.0568,0.2705,0.2705,winter
NY,New York,NEW YORK,0.0002,0.0002,0.0145,0.2312,0.2312,winter
NY,Niagara,NIAGARA,0.0009,0.021,0.1025,0.214,0.214,winter
NY,Oneida,ONEIDA,0.0004,0.0077,0.0484,0.3917,0.3917,winter
NY,Onondaga,ONONDAGA,0.0004,0.0054,0.0391,0.3153,0.3153,winter
NY,Ontario,ONTARIO,0.0003,0.0044,0.0576,0.2317,0.2317,winter
NY,Orange,ORANGE,0.0013,0.0019,0.0301,0.2937,0.2937,winter
NY,Orleans,ORLEANS,0.0005,0.0059,0.0888,0.2089,0.2089,winter
NY,Oswego,OSWEGO,0.0002,0.005,0.0749,0.5354,0.5354,winter
NY,Otsego,OTSEGO,0.0006,0.0056,0.0286,0.227,0.227,winter
NY,Putnam,PUTNAM,0.0005,0.0006,0.016,0.2679,0.2679,winter
NY,Queens,QUEENS,0.005,0.0005,0.0432,0.2701,0.2701,winter
NY,Rensselaer,RENSSELAER,0.0004,0.0052,0.0464,0.3882,0.3882,winter
NY,Richmond,RICHMOND,0.0007,0.0007,0.0191,0.2487,0.2487,winter
NY,Rockland,ROCKLAND,0.0013,0.0007,0.0205,0.2667,0.2667,winter
NY,Saratoga,SARATOGA,0.0005,0.0057,0.0503,0.4006,0.4006,winter
NY,Schenectady,SCHENECTADY,0.0002,0.0051,0.0392,0.3898,0.3898,winter
NY,Schoharie,SCHOHARIE,0.0006,0.004,0.0424,0.3616,0.3616,winter
NY,Schuyler,SCHUYLER,0.0014,0.0026,0.0141,0.1602,0.1602,winter
NY,Seneca,SENECA,0.0007,0.0025,0.0204,0.1851,0.1851,winter
NY,St. Lawrence,ST. LAWRENCE,0.0005,0.0058,0.0477,0.3915,0.3915,winter
NY,Steuben,STEUBEN,0.0007,0.0065,0.0257,0.1732,0.1732,winter
NY,Suffolk,SUFFOLK,0.0021,0.0033,0.097,0.2956,0.2956,winter
NY,Sullivan,SULLIVAN,0.001,0.0025,0.0231,0.2118,0.2118,winter
NY,Tioga,TIOGA,0.0005,0.0064,0.0142,0.1896,0.1896,winter
NY,Tompkins,TOMPKINS,0.0005,0.0036,0.0143,0.1773,0.1773,winter
NY,Ulster,ULSTER,0.0018,0.0026,0.0439,0.3849,0.3849,winter
NY,Warren,WARREN,0.0011,0.0053,0.0378,0.44,0.44,winter
NY,Washington,WASHINGTON,0.0008,0.0058,0.0428,0.3925,0.3925,winter
NY,Wayne,WAYNE,0.0002,0.0058,0.0607,0.335,0.335,winter
NY,Westchester,WESTCHESTER,0.0005,0.0021,0.0443,0.305,0.305,winter
NY,Wyoming,WYOMING,0.0002,0.0114,0.0881,0.2881,0.2881,winter
NY,Yates,YATES,0.0005,0.0023,0.0232,0.1565,0.1565,winter
OH,Adams,ADAMS,0.0031,0.019,0.0359,0.2802,0.2802,winter
OH,Allen,ALLEN,0.0002,0.0031,0.0191,0.2315,0.2315,winter
OH,Ashland,ASHLAND,0.0002,0.0075,0.0308,0.1795,0.1795,winter
OH,Ashtabula,ASHTABULA,0.0003,0.017,0.0396,0.3026,0.3026,winter
OH,Athens,ATHENS,0.0086,0.0236,0.0217,0.2037,0.2037,winter
OH,Auglaize,AUGLAIZE,0.0001,0.0068,0.0171,0.3153,0.3153,winter
OH,Belmont,BELMONT,0.001,0.0134,0.017,0.1493,0.1493,winter
OH,Brown,BROWN,0.0008,0.0155,0.0359,0.2933,0.2933,winter
OH,Butler,BUTLER,0.0004,0.0083,0.0303,0.3166,0.3166,winter
OH,Carroll,CARROLL,0.0008,0.0087,0.0194,0.1346,0.1346,winter
OH,Champaign,CHAMPAIGN,0.0001,0.0039,0.0278,0.3241,0.3241,winter
OH,Clark,CLARK,0.0004,0.0046,0.038,0.3434,0.3434,winter
OH,Clermont,CLERMONT,0.0014,0.0123,0.0495,0.2992,0.2992,winter
OH,Clinton,CLINTON,0.0003,0.0066,0.0462,0.3358,0.3358,winter
OH,Columbiana,COLUMBIANA,0.0005,0.0081,0.0311,0.1711,0.1711,winter
OH,Coshocton,COSHOCTON,0.0018,0.0124,0.0157,0.125,0.125,winter
OH,Crawford,CRAWFORD,0.0001,0.0055,0.0203,0.1239,0.1239,winter
OH,Cuyahoga,CUYAHOGA,0.0007,0.0219,0.0438,0.2841,0.2841,winter
OH,Darke,DARKE,0.0001,0.0042,0.0283,0.3468,0.3468,winter
OH,Defiance,DEFIANCE,0.0001,0.0085,0.0154,0.233,0.233,winter
OH,Delaware,DELAWARE,0.0003,0.0055,0.024,0.3165,0.3165,winter
OH,Erie,ERIE,0.0002,0.0106,0.0281,0.1448,0.1448,winter
OH,Fairfield,FAIRFIELD,0.0006,0.0082,0.0306,0.2903,0.2903,winter
OH,Fayette,FAYETTE,0.0001,0.0045,0.0338,0.3052,0.3052,winter
OH,Franklin,FRANKLIN,0.0002,0.0065,0.0457,0.3312,0.3312,winter
OH,Fulton,FULTON,0.0004,0.0029,0.0115,0.2016,0.2016,winter
OH,Gallia,GALLIA,0.004,0.0187,0.0163,0.1419,0.1419,winter
OH,Geauga,GEAUGA,0.0001,0.0088,0.0331,0.2915,0.2915,winter
OH,Greene,GREENE,0.0004,0.0049,0.0412,0.3303,0.3303,winter
OH,Guernsey,GUERNSEY,0.0026,0.0115,0.0173,0.1378,0.1378,winter
OH,Hamilton,HAMILTON,0.0009,0.0132,0.0409,0.3289,0.3289,winter
OH,Hancock,HANCOCK,0.0001,0.0071,0.0295,0.1456,0.1456,winter
OH,Hardin,HARDIN,0.0002,0.0046,0.0153,0.2422,0.2422,winter
OH,Harrison,HARRISON,0.0015,0.0076,0.0228,0.1404,0.1404,winter
OH,Henry,HENRY,0.0001,0.0065,0.0213,0.201,0.201,winter
OH,Highland,HIGHLAND,0.0005,0.0089,0.0404,0.3129,0.3129,winter
OH,Hocking,HOCKING,0.015,0.0183,0.0231,0.2341,0.2341,winter
OH,Holmes,HOLMES,0.0009,0.0083,0.023,0.1269,0.1269,winter
OH,Huron,HURON,0.0001,0.0115,0.0278,0.144,0.144,winter
OH,Jackson,JACKSON,0.0035,0.0198,0.0162,0.1765,0.1765,winter
OH,Jefferson,JEFFERSON,0.001,0.01,0.0171,0.14,0.14,winter
OH,Knox,KNOX,0.0003,0.0087,0.025,0.1236,0.1236,winter
OH,Lake,LAKE,0.0002,0.0226,0.0351,0.2589,0.2589,winter
OH,Lawrence,LAWRENCE,0.0198,0.0276,0.0246,0.1403,0.1403,winter
OH,Licking,LICKING,0.0004,0.0087,0.0381,0.3186,0.3186,winter
OH,Logan,LOGAN,0.0001,0.0047,0.022,0.3587,0.3587,winter
OH,Lorain,LORAIN,0.0002,0.0151,0.037,0.2078,0.2078,winter
OH,Lucas,LUCAS,0.0006,0.01,0.0293,0.1671,0.1671,winter
OH,Madison,MADISON,0.0002,0.0022,0.0274,0.2681,0.2681,winter
OH,Mahoning,MAHONING,0.0005,0.0088,0.0267,0.1392,0.1392,winter
OH,Marion,MARION,0.0002,0.0079,0.0235,0.1427,0.1427,winter
OH,Medina,MEDINA,0.0004,0.0082,0.0267,0.212,0.212,winter
OH,Meigs,MEIGS,0.0039,0.0239,0.0147,0.1518,0.1518,winter
OH,Mercer,MERCER,0.0001,0.0062,0.0214,0.2987,0.2987,winter
OH,Miami,MIAMI,0.0001,0.0039,0.0298,0.3406,0.3406,winter
OH,Monroe,MONROE,0.002,0.0159,0.0142,0.0979,0.0979,winter
OH,Montgomery,MONTGOMERY,0.0003,0.0072,0.0486,0.3463,0.3463,winter
OH,Morgan,MORGAN,0.0049,0.0203,0.0168,0.1992,0.1992,winter
OH,Morrow,MORROW,0.0002,0.0055,0.0234,0.1191,0.1191,winter
OH,Muskingum,MUSKINGUM,0.0022,0.0122,0.0248,0.1395,0.1395,winter
OH,Noble,NOBLE,0.0039,0.0107,0.0151,0.1058,0.1058,winter
OH,Ottawa,OTTAWA,0.0001,0.0092,0.0249,0.1406,0.1406,winter
OH,Paulding,PAULDING,0.0001,0.004,0.0204,0.2373,0.2373,winter
OH,Perry,PERRY,0.0016,0.0138,0.0266,0.2456,0.2456,winter
OH,Pickaway,PICKAWAY,0.0002,0.0054,0.0319,0.2792,0.2792,winter
OH,Pike,PIKE,0.0062,0.017,0.0262,0.2712,0.2712,winter
OH,Portage,PORTAGE,0.0004,0.0067,0.029,0.1761,0.1761,winter
OH,Preble,PREBLE,0.0003,0.0056,0.0386,0.3109,0.3109,winter
OH,Putnam,PUTNAM,0.0001,0.0038,0.016,0.2282,0.2282,winter
OH,Richland,RICHLAND,0.0005,0.0095,0.0335,0.1797,0.1797,winter
OH,Ross,ROSS,0.0009,0.0165,0.0293,0.2874,0.2874,winter
OH,Sandusky,SANDUSKY,0.0001,0.0093,0.0327,0.1535,0.1535,winter
OH,Scioto,SCIOTO,0.007,0.0179,0.0382,0.2721,0.2721,winter
OH,Seneca,SENECA,0.0001,0.0065,0.0298,0.1275,0.1275,winter
OH,Shelby,SHELBY,0.0001,0.0048,0.02,0.3233,0.3233,winter
OH,Stark,STARK,0.0008,0.0086,0.0278,0.1579,0.1579,winter
OH,Summit,SUMMIT,0.0007,0.0061,0.0274,0.2074,0.2074,winter
OH,Trumbull,TRUMBULL,0.0003,0.0092,0.043,0.2113,0.2113,winter
OH,Tuscarawas,TUSCARAWAS,0.0012,0.0097,0.0251,0.148,0.148,winter
OH,Union,UNION,0.0001,0.0035,0.0195,0.311,0.311,winter
OH,Van Wert,VAN WERT,0.0001,0.0034,0.0186,0.2555,0.2555,winter
OH,Vinton,VINTON,0.0061,0.0165,0.0181,0.1947,0.1947,winter
OH,Warren,WARREN,0.0011,0.0093,0.0358,0.343,0.343,winter
OH,Washington,WASHINGTON,0.0138,0.0208,0.0234,0.1813,0.1813,winter
OH,Wayne,WAYNE,0.0002,0.0065,0.0261,0.1616,0.1616,winter
OH,Williams,WILLIAMS,0.0001,0.0034,0.0125,0.2246,0.2246,winter
OH,Wood,WOOD,0.0001,0.0115,0.0256,0.1673,0.1673,winter
OH,Wyandot,WYANDOT,0.0001,0.007,0.0185,0.1059,0.1059,winter
OK,Adair,ADAIR,0.2103,0.0035,0.0274,0.1,0.2103,fire
OK,Alfalfa,ALFALFA,0.0141,0.0002,0.0213,0.1634,0.1634,winter
OK,Atoka,ATOKA,0.1202,0.0012,0.0229,0.0795,0.1202,fire
OK,Beaver,BEAVER,0.0393,0.0001,0.0353,0.2082,0.2082,winter
OK,Beckham,BECKHAM,0.042,0.0002,0.0319,0.1292,0.1292,winter
OK,Blaine,BLAINE,0.0345,0.0004,0.0128,0.1573,0.1573,winter
OK,Bryan,BRYAN,0.0128,0.0017,0.0305,0.0835,0.0835,winter
OK,Caddo,CADDO,0.0878,0.0005,0.0367,0.1643,0.1643,winter
OK,Canadian,CANADIAN,0.0284,0.001,0.0288,0.17,0.17,winter
OK,Carter,CARTER,0.0276,0.0008,0.0266,0.0846,0.0846,winter
OK,Cherokee,CHEROKEE,0.1095,0.0034,0.0415,0.0909,0.1095,fire
OK,Choctaw,CHOCTAW,0.0307,0.0024,0.033,0.0839,0.0839,winter
OK,Cimarron,CIMARRON,0.0149,0.0,0.0616,0.1886,0.1886,winter
OK,Cleveland,CLEVELAND,0.0136,0.0008,0.0253,0.1356,0.1356,winter
OK,Coal,COAL,0.0404,0.0008,0.0161,0.0899,0.0899,winter
OK,Comanche,COMANCHE,0.0593,0.0007,0.064,0.151,0.151,winter
OK,Cotton,COTTON,0.0108,0.0003,0.0264,0.0873,0.0873,winter
OK,Craig,CRAIG,0.0128,0.0006,0.0176,0.1107,0.1107,winter
OK,Creek,CREEK,0.1335,0.0011,0.0175,0.1205,0.1335,fire
OK,Custer,CUSTER,0.0446,0.0004,0.0311,0.1493,0.1493,winter
OK,Delaware,DELAWARE,0.1303,0.0015,0.0301,0.1104,0.1303,fire
OK,Dewey,DEWEY,0.0185,0.0002,0.0248,0.1737,0.1737,winter
OK,Ellis,ELLIS,0.0132,0.0001,0.0193,0.1427,0.1427,winter
OK,Garfield,GARFIELD,0.0087,0.0003,0.0212,0.1721,0.1721,winter
OK,Garvin,GARVIN,0.0279,0.0006,0.0231,0.1096,0.1096,winter
OK,Grady,GRADY,0.0273,0.0007,0.0346,0.1378,0.1378,winter
OK,Grant,GRANT,0.0033,0.0002,0.0115,0.1505,0.1505,winter
OK,Greer,GREER,0.0143,0.0002,0.0273,0.1173,0.1173,winter
OK,Harmon,HARMON,0.0055,0.0,0.0261,0.11,0.11,winter
OK,Harper,HARPER,0.0257,0.0003,0.0142,0.1493,0.1493,winter
OK,Haskell,HASKELL,0.0598,0.0022,0.0271,0.1008,0.1008,winter
OK,Hughes,HUGHES,0.0968,0.001,0.017,0.0889,0.0968,fire
OK,Jackson,JACKSON,0.0112,0.0003,0.035,0.1251,0.1251,winter
OK,Jefferson,JEFFERSON,0.0086,0.0004,0.0228,0.0732,0.0732,winter
OK,Johnston,JOHNSTON,0.0506,0.0007,0.0282,0.0927,0.0927,winter
OK,Kay,KAY,0.0221,0.0007,0.0222,0.0077,0.0222,wind
OK,Kingfisher,KINGFISHER,0.0094,0.0005,0.0303,0.1659,0.1659,winter
OK,Kiowa,KIOWA,0.0131,0.0002,0.0362,0.1227,0.1227,winter
OK,Latimer,LATIMER,0.1487,0.001,0.0146,0.0851,0.1487,fire
OK,Le Flore,LE FLORE,0.1619,0.0028,0.0459,0.1312,0.1619,fire
OK,Lincoln,LINCOLN,0.0454,0.0007,0.0153,0.1202,0.1202,winter
OK,Logan,LOGAN,0.0284,0.0006,0.0158,0.1457,0.1457,winter
OK,Love,LOVE,0.0205,0.0008,0.0153,0.0824,0.0824,winter
OK,Major,MAJOR,0.0209,0.0003,0.0149,0.1622,0.1622,winter
OK,Marshall,MARSHALL,0.0235,0.001,0.0162,0.0781,0.0781,winter
OK,Mayes,MAYES,0.0535,0.0036,0.0183,0.0896,0.0896,winter
OK,Mcclain,MCCLAIN,0.0135,0.0006,0.0186,0.1161,0.1161,winter
OK,Mccurtain,MCCURTAIN,0.0792,0.0028,0.0408,0.1333,0.1333,winter
OK,Mcintosh,MCINTOSH,0.1263,0.0022,0.0253,0.1126,0.1263,fire
OK,Murray,MURRAY,0.04,0.001,0.0162,0.0927,0.0927,winter
OK,Muskogee,MUSKOGEE,0.0466,0.0037,0.0264,0.103,0.103,winter
OK,Noble,NOBLE,0.0381,0.0005,0.018,0.1404,0.1404,winter
OK,Nowata,NOWATA,0.0154,0.0009,0.012,0.126,0.126,winter
OK,Okfuskee,OKFUSKEE,0.1229,0.0007,0.0256,0.1265,0.1265,winter
OK,Oklahoma,OKLAHOMA,0.0065,0.0012,0.0348,0.1556,0.1556,winter
OK,Okmulgee,OKMULGEE,0.0838,0.0015,0.0192,0.1184,0.1184,winter
OK,Osage,OSAGE,0.2209,0.0008,0.0298,0.1251,0.2209,fire
OK,Ottawa,OTTAWA,0.0659,0.0022,0.0217,0.0949,0.0949,winter
OK,Pawnee,PAWNEE,0.0539,0.0011,0.0155,0.1308,0.1308,winter
OK,Payne,PAYNE,0.0418,0.0011,0.0171,0.128,0.128,winter
OK,Pittsburg,PITTSBURG,0.1243,0.0015,0.0298,0.1178,0.1243,fire
OK,Pontotoc,PONTOTOC,0.0376,0.0008,0.031,0.0898,0.0898,winter
OK,Pottawatomie,POTTAWATOMIE,0.0465,0.0009,0.0234,0.1194,0.1194,winter
OK,Pushmataha,PUSHMATAHA,0.1242,0.0016,0.0201,0.1017,0.1242,fire
OK,Roger Mills,ROGER MILLS,0.0477,0.0001,0.0258,0.1368,0.1368,winter
OK,Rogers,ROGERS,0.0257,0.002,0.0185,0.1121,0.1121,winter
OK,Seminole,SEMINOLE,0.1454,0.0008,0.01,0.0871,0.1454,fire
OK,Sequoyah,SEQUOYAH,0.0877,0.002,0.0332,0.0937,0.0937,winter
OK,Stephens,STEPHENS,0.0268,0.0007,0.0375,0.1025,0.1025,winter
OK,Texas,TEXAS,0.0485,0.0001,0.0584,0.2053,0.2053,winter
OK,Tillman,TILLMAN,0.0037,0.0002,0.0369,0.1088,0.1088,winter
OK,Tulsa,TULSA,0.019,0.0019,0.0385,0.1191,0.1191,winter
OK,Wagoner,WAGONER,0.0255,0.0035,0.0221,0.0974,0.0974,winter
OK,Washington,WASHINGTON,0.0295,0.0016,0.0227,0.1231,0.1231,winter
OK,Washita,WASHITA,0.01,0.0003,0.0303,0.1451,0.1451,winter
OK,Woods,WOODS,0.0208,0.0003,0.0218,0.1617,0.1617,winter
OK,Woodward,WOODWARD,0.0557,0.0003,0.0322,0.1715,0.1715,winter
OR,Baker,BAKER,0.0057,0.0027,0.0163,0.1239,0.1239,winter
OR,Benton,BENTON,0.0005,0.0011,0.0022,0.0002,0.0022,wind
OR,Clackamas,CLACKAMAS,0.0022,0.0018,0.0096,0.0035,0.0096,wind
OR,Clatsop,CLATSOP,0.0006,0.0004,0.0016,0.0004,0.0016,wind
OR,Columbia,COLUMBIA,0.0015,0.0038,0.0593,0.1464,0.1464,winter
OR,Coos,COOS,0.0019,0.0009,0.0051,0.0026,0.0051,wind
OR,Crook,CROOK,0.0157,0.0015,0.0005,0.0,0.0157,fire
OR,Curry,CURRY,0.0032,0.0012,0.2266,0.1791,0.2266,wind
OR,Deschutes,DESCHUTES,0.0199,0.0017,0.0021,0.0008,0.0199,fire
OR,Douglas,DOUGLAS,0.003,0.0008,0.0202,0.1088,0.1088,winter
OR,Gilliam,GILLIAM,0.0041,0.0017,0.0019,0.0133,0.0133,winter
OR,Grant,GRANT,0.0123,0.0014,0.0015,0.0011,0.0123,fire
OR,Harney,HARNEY,0.0296,0.0017,0.0165,0.0661,0.0661,winter
OR,Hood River,HOOD RIVER,0.0062,0.0005,0.0087,0.0888,0.0888,winter
OR,Jackson,JACKSON,0.0053,0.0011,0.0297,0.1324,0.1324,winter
OR,Jefferson,JEFFERSON,0.0111,0.0008,0.0012,0.0017,0.0111,fire
OR,Josephine,JOSEPHINE,0.0035,0.001,0.0214,0.1516,0.1516,winter
OR,Klamath,KLAMATH,0.0149,0.0013,0.0752,0.1288,0.1288,winter
OR,Lake,LAKE,0.0165,0.0016,0.1939,0.1155,0.1939,wind
OR,Lane,LANE,0.0031,0.0014,0.0276,0.1221,0.1221,winter
OR,Lincoln,LINCOLN,0.0012,0.0012,0.0054,0.0009,0.0054,wind
OR,Linn,LINN,0.0013,0.0008,0.0068,0.0018,0.0068,wind
OR,Malheur,MALHEUR,0.0234,0.001,0.0126,0.0422,0.0422,winter
OR,Marion,MARION,0.0008,0.0007,0.0057,0.0016,0.0057,wind
OR,Morrow,MORROW,0.0049,0.0023,0.0008,0.0001,0.0049,fire
OR,Multnomah,MULTNOMAH,0.0003,0.0019,0.0071,0.0008,0.0071,wind
OR,Polk,POLK,0.0004,0.0019,0.002,0.0032,0.0032,winter
OR,Sherman,SHERMAN,0.002,0.0008,0.0002,0.0,0.002,fire
OR,Tillamook,TILLAMOOK,0.0006,0.0012,0.0025,0.0011,0.0025,wind
OR,Umatilla,UMATILLA,0.0045,0.0071,0.0057,0.0007,0.0071,flood
OR,Union,UNION,0.0037,0.0064,0.0008,0.0002,0.0064,flood
OR,Wallowa,WALLOWA,0.0065,0.004,0.0416,0.1371,0.1371,winter
OR,Wasco,WASCO,0.0108,0.0008,0.0027,0.001,0.0108,fire
OR,Washington,WASHINGTON,0.0005,0.0011,0.0037,0.0008,0.0037,wind
OR,Wheeler,WHEELER,0.0082,0.0007,0.0026,0.0214,0.0214,winter
OR,Yamhill,YAMHILL,0.0007,0.0007,0.0012,0.0001,0.0012,wind
PA,Adams,ADAMS,0.0009,0.0013,0.0328,0.1939,0.1939,winter
PA,Allegheny,ALLEGHENY,0.0009,0.0339,0.0395,0.177,0.177,winter
PA,Armstrong,ARMSTRONG,0.0006,0.0113,0.0255,0.1563,0.1563,winter
PA,Beaver,BEAVER,0.0003,0.0227,0.0261,0.1473,0.1473,winter
PA,Bedford,BEDFORD,0.0015,0.0011,0.0321,0.2114,0.2114,winter
PA,Berks,BERKS,0.0034,0.0015,0.0672,0.5467,0.5467,winter
PA,Blair,BLAIR,0.0022,0.0011,0.0346,0.1987,0.1987,winter
PA,Bradford,BRADFORD,0.0002,0.009,0.0205,0.1781,0.1781,winter
PA,Bucks,BUCKS,0.0035,0.0035,0.0498,0.552,0.552,winter
PA,Butler,BUTLER,0.0005,0.0077,0.0267,0.1713,0.1713,winter
PA,Cambria,CAMBRIA,0.0009,0.0031,0.0498,0.2467,0.2467,winter
PA,Cameron,CAMERON,0.0007,0.001,0.0138,0.1921,0.1921,winter
PA,Carbon,CARBON,0.0066,0.0008,0.0291,0.6775,0.6775,winter
PA,Centre,CENTRE,0.0027,0.0007,0.0297,0.2164,0.2164,winter
PA,Chester,CHESTER,0.0031,0.0019,0.0609,0.5203,0.5203,winter
PA,Clarion,CLARION,0.0006,0.0113,0.0255,0.1973,0.1973,winter
PA,Clearfield,CLEARFIELD,0.0008,0.0013,0.0409,0.2007,0.2007,winter
PA,Clinton,CLINTON,0.001,0.0012,0.0266,0.2136,0.2136,winter
PA,Columbia,COLUMBIA,0.0004,0.0012,0.0186,0.1636,0.1636,winter
PA,Crawford,CRAWFORD,0.0007,0.0106,0.0473,0.3064,0.3064,winter
PA,Cumberland,CUMBERLAND,0.0008,0.0007,0.0339,0.181,0.181,winter
PA,Dauphin,DAUPHIN,0.0006,0.0008,0.0373,0.1701,0.1701,winter
PA,Delaware,DELAWARE,0.0026,0.0013,0.0548,0.4779,0.4779,winter
PA,Elk,ELK,0.0017,0.0014,0.0089,0.0008,0.0089,wind
PA,Erie,ERIE,0.0004,0.0196,0.0601,0.3393,0.3393,winter
PA,Fayette,FAYETTE,0.0015,0.024,0.0605,0.2861,0.2861,winter
PA,Forest,FOREST,0.0012,0.0035,0.0274,0.2251,0.2251,winter
PA,Franklin,FRANKLIN,0.0013,0.0008,0.0393,0.1849,0.1849,winter
PA,Fulton,FULTON,0.0008,0.0006,0.0147,0.1837,0.1837,winter
PA,Greene,GREENE,0.002,0.0115,0.0217,0.1207,0.1207,winter
PA,Huntingdon,HUNTINGDON,0.0013,0.001,0.0267,0.17,0.17,winter
PA,Indiana,INDIANA,0.0007,0.0074,0.0376,0.191,0.191,winter
PA,Jefferson,JEFFERSON,0.0011,0.0055,0.0295,0.1927,0.1927,winter
PA,Juniata,JUNIATA,0.0009,0.0007,0.0197,0.1552,0.1552,winter
PA,Lackawanna,LACKAWANNA,0.0013,0.004,0.0244,0.1905,0.1905,winter
PA,Lancaster,LANCASTER,0.0007,0.0011,0.0547,0.2114,0.2114,winter
PA,Lawrence,LAWRENCE,0.0004,0.0123,0.0253,0.1634,0.1634,winter
PA,Lebanon,LEBANON,0.0005,0.0005,0.0348,0.17,0.17,winter
PA,Lehigh,LEHIGH,0.0032,0.0021,0.0493,0.586,0.586,winter
PA,Luzerne,LUZERNE,0.0013,0.0052,0.0293,0.193,0.193,winter
PA,Lycoming,LYCOMING,0.0003,0.001,0.0372,0.2097,0.2097,winter
PA,Mckean,MCKEAN,0.0013,0.0022,0.027,0.2245,0.2245,winter
PA,Mercer,MERCER,0.0003,0.0086,0.0415,0.2057,0.2057,winter
PA,Mifflin,MIFFLIN,0.0011,0.0004,0.0222,0.1554,0.1554,winter
PA,Monroe,MONROE,0.0026,0.001,0.0388,0.6778,0.6778,winter
PA,Montgomery,MONTGOMERY,0.0031,0.0023,0.0553,0.5325,0.5325,winter
PA,Montour,MONTOUR,0.0005,0.0015,0.0156,0.159,0.159,winter
PA,Northampton,NORTHAMPTON,0.0043,0.0029,0.0495,0.606,0.606,winter
PA,Northumberland,NORTHUMBERLAND,0.0004,0.001,0.0207,0.1634,0.1634,winter
PA,Perry,PERRY,0.0011,0.0009,0.0326,0.163,0.163,winter
PA,Philadelphia,PHILADELPHIA,0.0006,0.0015,0.0561,0.4506,0.4506,winter
PA,Pike,PIKE,0.0013,0.0019,0.0174,0.1997,0.1997,winter
PA,Potter,POTTER,0.0007,0.0013,0.022,0.1973,0.1973,winter
PA,Schuylkill,SCHUYLKILL,0.002,0.0004,0.0252,0.1919,0.1919,winter
PA,Snyder,SNYDER,0.0006,0.0003,0.0197,0.1529,0.1529,winter
PA,Somerset,SOMERSET,0.0016,0.0062,0.045,0.3069,0.3069,winter
PA,Sullivan,SULLIVAN,0.0011,0.001,0.0125,0.2018,0.2018,winter
PA,Susquehanna,SUSQUEHANNA,0.0005,0.0035,0.0201,0.2001,0.2001,winter
PA,Tioga,TIOGA,0.0008,0.0015,0.019,0.1917,0.1917,winter
PA,Union,UNION,0.0009,0.0011,0.0172,0.1493,0.1493,winter
PA,Venango,VENANGO,0.0007,0.0139,0.0375,0.2493,0.2493,winter
PA,Warren,WARREN,0.0016,0.0054,0.0393,0.2774,0.2774,winter
PA,Washington,WASHINGTON,0.0003,0.0195,0.0388,0.1425,0.1425,winter
PA,Wayne,WAYNE,0.0004,0.0031,0.0201,0.1992,0.1992,winter
PA,Westmoreland,WESTMORELAND,0.0011,0.0157,0.0596,0.2902,0.2902,winter
PA,Wyoming,WYOMING,0.0004,0.0038,0.0131,0.1604,0.1604,winter
PA,York,YORK,0.0008,0.0016,0.0625,0.2006,0.2006,winter
RI,Bristol,BRISTOL,0.0005,0.0021,0.035,0.2033,0.2033,winter
RI,Kent,KENT,0.0009,0.0073,0.0389,0.283,0.283,winter
RI,Newport,NEWPORT,0.0004,0.0054,0.0311,0.2169,0.2169,winter
RI,Providence,PROVIDENCE,0.0006,0.009,0.0449,0.3219,0.3219,winter
RI,Washington,WASHINGTON,0.0009,0.0057,0.0438,0.2108,0.2108,winter
SC,Abbeville,ABBEVILLE,0.0241,0.0024,0.0329,0.1002,0.1002,winter
SC,Aiken,AIKEN,0.0816,0.0025,0.0724,0.0485,0.0816,fire
SC,Allendale,ALLENDALE,0.0034,0.0012,0.0459,0.0253,0.0459,wind
SC,Anderson,ANDERSON,0.003,0.0058,0.0869,0.1395,0.1395,winter
SC,Bamberg,BAMBERG,0.0084,0.0016,0.0353,0.0264,0.0353,wind
SC,Barnwell,BARNWELL,0.1055,0.0015,0.0425,0.0249,0.1055,fire
SC,Beaufort,BEAUFORT,0.0043,0.002,0.0488,0.0244,0.0488,wind
SC,Berkeley,BERKELEY,0.1055,0.0023,0.0466,0.0385,0.1055,fire
SC,Calhoun,CALHOUN,0.0028,0.0018,0.0436,0.0355,0.0436,wind
SC,Charleston,CHARLESTON,0.0382,0.0027,0.0682,0.0326,0.0682,wind
SC,Cherokee,CHEROKEE,0.0061,0.0048,0.0385,0.1592,0.1592,winter
SC,Chester,CHESTER,0.0127,0.0028,0.0361,0.1179,0.1179,winter
SC,Chesterfield,CHESTERFIELD,0.0235,0.0011,0.042,0.0904,0.0904,winter
SC,Clarendon,CLARENDON,0.0049,0.0009,0.0438,0.0359,0.0438,wind
SC,Colleton,COLLETON,0.0061,0.0005,0.0659,0.0321,0.0659,wind
SC,Darlington,DARLINGTON,0.0075,0.0012,0.0372,0.0619,0.0619,winter
SC,Dillon,DILLON,0.0039,0.001,0.0327,0.054,0.054,winter
SC,Dorchester,DORCHESTER,0.008,0.0011,0.0507,0.0337,0.0507,wind
SC,Edgefield,EDGEFIELD,0.0494,0.0016,0.051,0.0416,0.051,wind
SC,Fairfield,FAIRFIELD,0.0102,0.0021,0.0464,0.0721,0.0721,winter
SC,Florence,FLORENCE,0.0049,0.0023,0.0484,0.0458,0.0484,wind
SC,Georgetown,GEORGETOWN,0.0069,0.0021,0.0405,0.0381,0.0405,wind
SC,Greenville,GREENVILLE,0.0022,0.0071,0.0932,0.2161,0.2161,winter
SC,Greenwood,GREENWOOD,0.0166,0.0043,0.0359,0.0945,0.0945,winter
SC,Hampton,HAMPTON,0.0084,0.0014,0.0537,0.023,0.0537,wind
SC,Horry,HORRY,0.0139,0.0017,0.0421,0.0424,0.0424,winter
SC,Jasper,JASPER,0.0085,0.0005,0.0586,0.0237,0.0586,wind
SC,Kershaw,KERSHAW,0.0044,0.0015,0.0528,0.0604,0.0604,winter
SC,Lancaster,LANCASTER,0.0061,0.0056,0.0477,0.0882,0.0882,winter
SC,Laurens,LAURENS,0.0144,0.0032,0.0515,0.118,0.118,winter
SC,Lee,LEE,0.0041,0.0012,0.028,0.0102,0.028,wind
SC,Lexington,LEXINGTON,0.0011,0.0022,0.089,0.059,0.089,wind
SC,Marion,MARION,0.0075,0.0017,0.0276,0.041,0.041,winter
SC,Marlboro,MARLBORO,0.007,0.0026,0.046,0.0607,0.0607,winter
SC,Mccormick,MCCORMICK,0.0505,0.0014,0.0377,0.0443,0.0505,fire
SC,Newberry,NEWBERRY,0.0409,0.0021,0.054,0.0837,0.0837,winter
SC,Oconee,OCONEE,0.0406,0.0041,0.0876,0.1849,0.1849,winter
SC,Orangeburg,ORANGEBURG,0.0059,0.0015,0.076,0.0383,0.076,wind
SC,Pickens,PICKENS,0.0038,0.0063,0.0745,0.1987,0.1987,winter
SC,Richland,RICHLAND,0.0039,0.0035,0.078,0.0494,0.078,wind
SC,Saluda,SALUDA,0.0144,0.0017,0.0464,0.0543,0.0543,winter
SC,Spartanburg,SPARTANBURG,0.0021,0.006,0.0739,0.1788,0.1788,winter
SC,Sumter,SUMTER,0.0049,0.0009,0.0538,0.0418,0.0538,wind
SC,Union,UNION,0.0358,0.0035,0.0407,0.1221,0.1221,winter
SC,Williamsburg,WILLIAMSBURG,0.0113,0.0009,0.0268,0.0341,0.0341,winter
SC,York,YORK,0.0023,0.0065,0.0727,0.1655,0.1655,winter
SD,Aurora,AURORA,0.0002,0.0002,0.0216,0.3123,0.3123,winter
SD,Beadle,BEADLE,0.0004,0.0002,0.025,0.3261,0.3261,winter
SD,Bennett,BENNETT,0.0063,0.0002,0.0454,0.2051,0.2051,winter
SD,Bon Homme,BON HOMME,0.0006,0.0003,0.0174,0.294,0.294,winter
SD,Brookings,BROOKINGS,0.0002,0.0002,0.0129,0.3534,0.3534,winter
SD,Brown,BROWN,0.0009,0.0002,0.0337,0.3123,0.3123,winter
SD,Brule,BRULE,0.0007,0.0003,0.0275,0.2811,0.2811,winter
SD,Buffalo,BUFFALO,0.0024,0.0003,0.0304,0.1885,0.1885,winter
SD,Butte,BUTTE,0.0078,0.0002,0.1091,0.2178,0.2178,winter
SD,Campbell,CAMPBELL,0.0006,0.0003,0.0326,0.1732,0.1732,winter
SD,Charles Mix,CHARLES MIX,0.0011,0.0003,0.0273,0.3058,0.3058,winter
SD,Clark,CLARK,0.0005,0.0001,0.0153,0.3195,0.3195,winter
SD,Clay,CLAY,0.0005,0.0003,0.0181,0.3244,0.3244,winter
SD,Codington,CODINGTON,0.0006,0.0002,0.0113,0.2708,0.2708,winter
SD,Corson,CORSON,0.0059,0.0002,0.077,0.1843,0.1843,winter
SD,Custer,CUSTER,0.0742,0.0001,0.0525,0.19,0.19,winter
SD,Davison,DAVISON,0.0006,0.0002,0.0273,0.3166,0.3166,winter
SD,Day,DAY,0.0002,0.0002,0.0008,0.0001,0.0008,wind
SD,Deuel,DEUEL,0.0004,0.0002,0.0117,0.2984,0.2984,winter
SD,Dewey,DEWEY,0.0134,0.0002,0.045,0.1882,0.1882,winter
SD,Douglas,DOUGLAS,0.0005,0.0001,0.0185,0.3103,0.3103,winter
SD,Edmunds,EDMUNDS,0.0004,0.0001,0.0263,0.2331,0.2331,winter
SD,Fall River,FALL RIVER,0.0321,0.0002,0.0413,0.2111,0.2111,winter
SD,Faulk,FAULK,0.0003,0.0001,0.0256,0.2171,0.2171,winter
SD,Grant,GRANT,0.0003,0.0002,0.0154,0.3024,0.3024,winter
SD,Gregory,GREGORY,0.0021,0.0003,0.0321,0.2629,0.2629,winter
SD,Haakon,HAAKON,0.0029,0.0002,0.0958,0.2029,0.2029,winter
SD,Hamlin,HAMLIN,0.0002,0.0001,0.0105,0.296,0.296,winter
SD,Hand,HAND,0.0006,0.0001,0.0332,0.2484,0.2484,winter
SD,Hanson,HANSON,0.0004,0.0002,0.0161,0.3113,0.3113,winter
SD,Harding,HARDING,0.0046,0.0001,0.1493,0.1943,0.1943,winter
SD,Hughes,HUGHES,0.0023,0.0004,0.0514,0.2025,0.2025,winter
SD,Hutchinson,HUTCHINSON,0.0004,0.0003,0.0197,0.321,0.321,winter
SD,Hyde,HYDE,0.001,0.0001,0.0258,0.1969,0.1969,winter
SD,Jackson,JACKSON,0.0099,0.0003,0.0667,0.213,0.213,winter
SD,Jerauld,JERAULD,0.0004,0.0002,0.0194,0.2771,0.2771,winter
SD,Jones,JONES,0.0048,0.0001,0.0537,0.178,0.178,winter
SD,Kingsbury,KINGSBURY,0.0002,0.0002,0.0139,0.3485,0.3485,winter
SD,Lake,LAKE,0.0002,0.0001,0.0155,0.3633,0.3633,winter
SD,Lawrence,LAWRENCE,0.0392,0.0002,0.0134,0.0372,0.0392,fire
SD,Lincoln,LINCOLN,0.0003,0.0003,0.0158,0.373,0.373,winter
SD,Lyman,LYMAN,0.0097,0.0003,0.0583,0.1985,0.1985,winter
SD,Marshall,MARSHALL,0.0005,0.0002,0.0192,0.2876,0.2876,winter
SD,Mccook,MCCOOK,0.0002,0.0002,0.0158,0.3483,0.3483,winter
SD,Mcpherson,MCPHERSON,0.0005,0.0001,0.0329,0.2294,0.2294,winter
SD,Meade,MEADE,0.0231,0.0003,0.1638,0.2646,0.2646,winter
SD,Mellette,MELLETTE,0.0114,0.0002,0.0377,0.1709,0.1709,winter
SD,Miner,MINER,0.0002,0.0002,0.0162,0.3205,0.3205,winter
SD,Minnehaha,MINNEHAHA,0.0006,0.0005,0.0179,0.3959,0.3959,winter
SD,Moody,MOODY,0.0004,0.0002,0.0103,0.3631,0.3631,winter
SD,Oglala Lakota,OGLALA LAKOTA,0.0146,0.0003,0.0624,0.2293,0.2293,winter
SD,Pennington,PENNINGTON,0.0516,0.0004,0.1342,0.2581,0.2581,winter
SD,Perkins,PERKINS,0.0023,0.0002,0.1108,0.1895,0.1895,winter
SD,Potter,POTTER,0.0011,0.0002,0.0282,0.2141,0.2141,winter
SD,Roberts,ROBERTS,0.0008,0.0002,0.0383,0.3124,0.3124,winter
SD,Sanborn,SANBORN,0.0006,0.0002,0.0213,0.2929,0.2929,winter
SD,Spink,SPINK,0.0003,0.0002,0.0202,0.2709,0.2709,winter
SD,Stanley,STANLEY,0.0056,0.0004,0.0551,0.1853,0.1853,winter
SD,Sully,SULLY,0.0004,0.0001,0.038,0.1916,0.1916,winter
SD,Todd,TODD,0.0133,0.0005,0.0657,0.2051,0.2051,winter
SD,Tripp,TRIPP,0.0019,0.0002,0.0589,0.2001,0.2001,winter
SD,Turner,TURNER,0.0004,0.0002,0.0149,0.3483,0.3483,winter
SD,Union,UNION,0.0007,0.0006,0.0197,0.3799,0.3799,winter
SD,Walworth,WALWORTH,0.0011,0.0002,0.0297,0.1935,0.1935,winter
SD,Yankton,YANKTON,0.0015,0.0004,0.0205,0.3478,0.3478,winter
SD,Ziebach,ZIEBACH,0.0045,0.0001,0.0968,0.1982,0.1982,winter
TN,Anderson,ANDERSON,0.0096,0.0091,0.0359,0.0927,0.0927,winter
TN,Bedford,BEDFORD,0.0024,0.0074,0.0632,0.1287,0.1287,winter
TN,Benton,BENTON,0.0144,0.0102,0.0428,0.1285,0.1285,winter
TN,Bledsoe,BLEDSOE,0.0034,0.0065,0.0461,0.0845,0.0845,winter
TN,Blount,BLOUNT,0.0108,0.0091,0.0863,0.1413,0.1413,winter
TN,Bradley,BRADLEY,0.0014,0.0054,0.0499,0.0702,0.0702,winter
TN,Campbell,CAMPBELL,0.0239,0.0117,0.0379,0.1244,0.1244,winter
TN,Cannon,CANNON,0.0023,0.0053,0.047,0.1206,0.1206,winter
TN,Carroll,CARROLL,0.0105,0.0101,0.0395,0.1635,0.1635,winter
TN,Carter,CARTER,0.0275,0.0088,0.0431,0.2078,0.2078,winter
TN,Cheatham,CHEATHAM,0.0021,0.0183,0.0411,0.1398,0.1398,winter
TN,Chester,CHESTER,0.0064,0.0076,0.0226,0.1262,0.1262,winter
TN,Claiborne,CLAIBORNE,0.0048,0.0153,0.0332,0.1108,0.1108,winter
TN,Clay,CLAY,0.0032,0.0072,0.0371,0.1471,0.1471,winter
TN,Cocke,COCKE,0.0251,0.0063,0.0442,0.1436,0.1436,winter
TN,Coffee,COFFEE,0.0024,0.009,0.0766,0.1425,0.1425,winter
TN,Crockett,CROCKETT,0.0009,0.0089,0.0271,0.1597,0.1597,winter
TN,Cumberland,CUMBERLAND,0.0133,0.0127,0.0442,0.2008,0.2008,winter
TN,Davidson,DAVIDSON,0.001,0.0237,0.0872,0.1667,0.1667,winter
TN,Decatur,DECATUR,0.0072,0.0076,0.0338,0.1172,0.1172,winter
TN,Dekalb,DEKALB,0.0042,0.01,0.0483,0.1468,0.1468,winter
TN,Dickson,DICKSON,0.0044,0.0113,0.0786,0.1502,0.1502,winter
TN,Dyer,DYER,0.0017,0.0103,0.0347,0.1703,0.1703,winter
TN,Fayette,FAYETTE,0.0057,0.0081,0.0294,0.1323,0.1323,winter
TN,Fentress,FENTRESS,0.0098,0.0118,0.038,0.2268,0.2268,winter
TN,Franklin,FRANKLIN,0.0042,0.005,0.0617,0.2182,0.2182,winter
TN,Gibson,GIBSON,0.0019,0.0109,0.0395,0.1752,0.1752,winter
TN,Giles,GILES,0.0028,0.0099,0.056,0.1106,0.1106,winter
TN,Grainger,GRAINGER,0.0028,0.0133,0.0306,0.0874,0.0874,winter
TN,Greene,GREENE,0.0044,0.0106,0.0913,0.1549,0.1549,winter
TN,Grundy,GRUNDY,0.0138,0.0061,0.057,0.1508,0.1508,winter
TN,Hamblen,HAMBLEN,0.0019,0.0138,0.0335,0.0821,0.0821,winter
TN,Hamilton,HAMILTON,0.0027,0.0097,0.0652,0.0748,0.0748,winter
TN,Hancock,HANCOCK,0.0073,0.0102,0.0139,0.0961,0.0961,winter
TN,Hardeman,HARDEMAN,0.0082,0.01,0.0275,0.125,0.125,winter
TN,Hardin,HARDIN,0.0171,0.0113,0.0263,0.1163,0.1163,winter
TN,Hawkins,HAWKINS,0.0049,0.0093,0.0429,0.094,0.094,winter
TN,Haywood,HAYWOOD,0.0023,0.0041,0.0211,0.1417,0.1417,winter
TN,Henderson,HENDERSON,0.0074,0.0071,0.0342,0.1343,0.1343,winter
TN,Henry,HENRY,0.0041,0.0106,0.0394,0.1537,0.1537,winter
TN,Hickman,HICKMAN,0.0146,0.0124,0.0565,0.1457,0.1457,winter
TN,Houston,HOUSTON,0.0174,0.0088,0.0373,0.1253,0.1253,winter
TN,Humphreys,HUMPHREYS,0.0175,0.0117,0.0494,0.1147,0.1147,winter
TN,Jackson,JACKSON,0.0027,0.0089,0.0428,0.1193,0.1193,winter
TN,Jefferson,JEFFERSON,0.0013,0.0079,0.0272,0.0833,0.0833,winter
TN,Johnson,JOHNSON,0.0064,0.0076,0.034,0.1685,0.1685,winter
TN,Knox,KNOX,0.0017,0.0155,0.0558,0.0887,0.0887,winter
TN,Lake,LAKE,0.0009,0.0058,0.0217,0.1534,0.1534,winter
TN,Lauderdale,LAUDERDALE,0.0051,0.0096,0.0375,0.1563,0.1563,winter
TN,Lawrence,LAWRENCE,0.0069,0.0088,0.066,0.1172,0.1172,winter
TN,Lewis,LEWIS,0.0089,0.0065,0.0383,0.1061,0.1061,winter
TN,Lincoln,LINCOLN,0.0022,0.0062,0.0545,0.176,0.176,winter
TN,Loudon,LOUDON,0.0026,0.0075,0.0473,0.0913,0.0913,winter
TN,Macon,MACON,0.002,0.0095,0.0366,0.1375,0.1375,winter
TN,Madison,MADISON,0.0056,0.0115,0.0313,0.1479,0.1479,winter
TN,Marion,MARION,0.0167,0.0083,0.0728,0.0916,0.0916,winter
TN,Marshall,MARSHALL,0.0021,0.0126,0.046,0.1216,0.1216,winter
TN,Maury,MAURY,0.002,0.0147,0.0673,0.1395,0.1395,winter
TN,Mcminn,MCMINN,0.0017,0.0045,0.0532,0.0728,0.0728,winter
TN,Mcnairy,MCNAIRY,0.0092,0.0067,0.027,0.1315,0.1315,winter
TN,Meigs,MEIGS,0.0036,0.0062,0.0308,0.0653,0.0653,winter
TN,Monroe,MONROE,0.0395,0.0041,0.0875,0.1247,0.1247,winter
TN,Montgomery,MONTGOMERY,0.0044,0.0165,0.0678,0.1643,0.1643,winter
TN,Moore,MOORE,0.0014,0.005,0.0382,0.1706,0.1706,winter
TN,Morgan,MORGAN,0.0266,0.0115,0.0451,0.1147,0.1147,winter
TN,Obion,OBION,0.0023,0.0106,0.0398,0.1766,0.1766,winter
TN,Overton,OVERTON,0.0021,0.0105,0.0475,0.1854,0.1854,winter
TN,Perry,PERRY,0.0159,0.0122,0.0368,0.1204,0.1204,winter
TN,Pickett,PICKETT,0.0045,0.0093,0.0235,0.1431,0.1431,winter
TN,Polk,POLK,0.0349,0.0029,0.0386,0.0859,0.0859,winter
TN,Putnam,PUTNAM,0.0048,0.014,0.0533,0.2155,0.2155,winter
TN,Rhea,RHEA,0.0062,0.0076,0.0489,0.0821,0.0821,winter
TN,Roane,ROANE,0.0038,0.0164,0.0491,0.0821,0.0821,winter
TN,Robertson,ROBERTSON,0.0017,0.0106,0.0439,0.1458,0.1458,winter
TN,Rutherford,RUTHERFORD,0.0041,0.0107,0.0676,0.1473,0.1473,winter
TN,Scott,SCOTT,0.0149,0.0194,0.0363,0.1058,0.1058,winter
TN,Sequatchie,SEQUATCHIE,0.0099,0.007,0.0561,0.0938,0.0938,winter
TN,Sevier,SEVIER,0.0127,0.0098,0.1154,0.2139,0.2139,winter
TN,Shelby,SHELBY,0.0019,0.0148,0.042,0.1545,0.1545,winter
TN,Smith,SMITH,0.0012,0.0107,0.0474,0.1409,0.1409,winter
TN,Stewart,STEWART,0.0152,0.0104,0.0462,0.1601,0.1601,winter
TN,Sullivan,SULLIVAN,0.0112,0.0087,0.0293,0.1177,0.1177,winter
TN,Sumner,SUMNER,0.0019,0.0116,0.0596,0.1625,0.1625,winter
TN,Tipton,TIPTON,0.002,0.0135,0.0265,0.1597,0.1597,winter
TN,Trousdale,TROUSDALE,0.0012,0.0086,0.0225,0.0818,0.0818,winter
TN,Unicoi,UNICOI,0.013,0.0078,0.0329,0.1876,0.1876,winter
TN,Union,UNION,0.0018,0.0114,0.0287,0.0844,0.0844,winter
TN,Van Buren,VAN BUREN,0.0088,0.0057,0.0205,0.1243,0.1243,winter
TN,Warren,WARREN,0.0019,0.0141,0.0479,0.1664,0.1664,winter
TN,Washington,WASHINGTON,0.0033,0.0059,0.0312,0.1321,0.1321,winter
TN,Wayne,WAYNE,0.0116,0.0051,0.0496,0.1162,0.1162,winter
TN,Weakley,WEAKLEY,0.0037,0.0113,0.0369,0.1685,0.1685,winter
TN,White,WHITE,0.0028,0.0083,0.0461,0.1697,0.1697,winter
TN,Williamson,WILLIAMSON,0.0025,0.0109,0.0685,0.1588,0.1588,winter
TN,Wilson,WILSON,0.0024,0.0114,0.0659,0.1452,0.1452,winter
TX,Anderson,ANDERSON,0.0611,0.0033,0.0366,0.0718,0.0718,winter
TX,Andrews,ANDREWS,0.014,0.0003,0.0196,0.059,0.059,winter
TX,Angelina,ANGELINA,0.0981,0.004,0.0324,0.0657,0.0981,fire
TX,Aransas,ARANSAS,0.0384,0.0004,0.013,0.0223,0.0384,fire
TX,Archer,ARCHER,0.0301,0.0003,0.0085,0.0909,0.0909,winter
TX,Armstrong,ARMSTRONG,0.0548,0.0001,0.0478,0.1791,0.1791,winter
TX,Atascosa,ATASCOSA,0.0193,0.0005,0.0119,0.0334,0.0334,winter
TX,Austin,AUSTIN,0.0045,0.0014,0.0204,0.0439,0.0439,winter
TX,Bailey,BAILEY,0.0279,0.0001,0.0399,0.1542,0.1542,winter
TX,Bandera,BANDERA,0.0106,0.0032,0.0089,0.0512,0.0512,winter
TX,Bastrop,BASTROP,0.0428,0.0043,0.0196,0.0659,0.0659,winter
TX,Baylor,BAYLOR,0.0112,0.0002,0.0161,0.0843,0.0843,winter
TX,Bee,BEE,0.0141,0.0005,0.019,0.0273,0.0273,winter
TX,Bell,BELL,0.021,0.0023,0.0266,0.0825,0.0825,winter
TX,Bexar,BEXAR,0.0072,0.0023,0.0328,0.065,0.065,winter
TX,Blanco,BLANCO,0.0242,0.0016,0.0075,0.0568,0.0568,winter
TX,Borden,BORDEN,0.0073,0.0001,0.0144,0.0702,0.0702,winter
TX,Bosque,BOSQUE,0.0154,0.0014,0.0179,0.0763,0.0763,winter
TX,Bowie,BOWIE,0.0444,0.0041,0.0326,0.113,0.113,winter
TX,Brazoria,BRAZORIA,0.0461,0.0017,0.0332,0.0254,0.0461,fire
TX,Brazos,BRAZOS,0.0049,0.0044,0.0359,0.0616,0.0616,winter
TX,Brewster,BREWSTER,0.0267,0.0002,0.0103,0.0093,0.0267,fire
TX,Briscoe,BRISCOE,0.0245,0.0001,0.0577,0.1604,0.1604,winter
TX,Brooks,BROOKS,0.0521,0.0003,0.0068,0.1022,0.1022,winter
TX,Brown,BROWN,0.0248,0.0014,0.0214,0.1238,0.1238,winter
TX,Burleson,BURLESON,0.0059,0.0023,0.0204,0.0552,0.0552,winter
TX,Burnet,BURNET,0.0451,0.0015,0.0161,0.0707,0.0707,winter
TX,Caldwell,CALDWELL,0.0132,0.0022,0.0181,0.0621,0.0621,winter
TX,Calhoun,CALHOUN,0.0204,0.0003,0.008,0.0307,0.0307,winter
TX,Callahan,CALLAHAN,0.0486,0.0007,0.0152,0.1425,0.1425,winter
TX,Cameron,CAMERON,0.0268,0.0019,0.0112,0.06,0.06,winter
TX,Camp,CAMP,0.0466,0.002,0.0141,0.0941,0.0941,winter
TX,Carson,CARSON,0.0787,0.0001,0.0367,0.1669,0.1669,winter
TX,Cass,CASS,0.0688,0.0028,0.0267,0.1025,0.1025,winter
TX,Castro,CASTRO,0.0105,0.0001,0.0639,0.1639,0.1639,winter
TX,Chambers,CHAMBERS,0.0208,0.0021,0.0069,0.018,0.0208,fire
TX,Cherokee,CHEROKEE,0.0725,0.0021,0.0455,0.0761,0.0761,winter
TX,Childress,CHILDRESS,0.0362,0.0002,0.0385,0.1329,0.1329,winter
TX,Clay,CLAY,0.0325,0.0003,0.0122,0.0846,0.0846,winter
TX,Cochran,COCHRAN,0.0221,0.0001,0.0492,0.1427,0.1427,winter
TX,Coke,COKE,0.0179,0.0002,0.0129,0.1165,0.1165,winter
TX,Coleman,COLEMAN,0.0174,0.0003,0.0183,0.1061,0.1061,winter
TX,Collin,COLLIN,0.0133,0.0033,0.0377,0.1294,0.1294,winter
TX,Collingsworth,COLLINGSWORTH,0.0259,0.0001,0.0296,0.1399,0.1399,winter
TX,Colorado,COLORADO,0.0133,0.001,0.0127,0.0397,0.0397,winter
TX,Comal,COMAL,0.0033,0.0026,0.0168,0.058,0.058,winter
TX,Comanche,COMANCHE,0.0176,0.0007,0.0181,0.082,0.082,winter
TX,Concho,CONCHO,0.0146,0.0002,0.0118,0.1045,0.1045,winter
TX,Cooke,COOKE,0.0171,0.0014,0.0288,0.1203,0.1203,winter
TX,Coryell,CORYELL,0.0188,0.0013,0.0225,0.077,0.077,winter
TX,Cottle,COTTLE,0.0287,0.0,0.0283,0.1243,0.1243,winter
TX,Crane,CRANE,0.0045,0.0001,0.0055,0.0378,0.0378,winter
TX,Crockett,CROCKETT,0.0405,0.0001,0.0106,0.0757,0.0757,winter
TX,Crosby,CROSBY,0.016,0.0002,0.0397,0.169,0.169,winter
TX,Culberson,CULBERSON,0.007,0.0,0.365,0.0433,0.365,wind
TX,Dallam,DALLAM,0.0475,0.0001,0.0414,0.1795,0.1795,winter
TX,Dallas,DALLAS,0.0072,0.0083,0.0584,0.1299,0.1299,winter
TX,Dawson,DAWSON,0.0034,0.0003,0.015,0.0735,0.0735,winter
TX,Deaf Smith,DEAF SMITH,0.0319,0.0001,0.0638,0.1544,0.1544,winter
TX,Delta,DELTA,0.0095,0.0015,0.0072,0.0798,0.0798,winter
TX,Denton,DENTON,0.0123,0.003,0.0355,0.1263,0.1263,winter
TX,Dewitt,DEWITT,0.0174,0.0001,0.0004,0.0042,0.0174,fire
TX,Dickens,DICKENS,0.0247,0.0001,0.0165,0.1122,0.1122,winter
TX,Dimmit,DIMMIT,0.009,0.0001,0.0075,0.0106,0.0106,winter
TX,Donley,DONLEY,0.0503,0.0001,0.0351,0.1431,0.1431,winter
TX,Duval,DUVAL,0.0261,0.0002,0.016,0.0369,0.0369,winter
TX,Eastland,EASTLAND,0.0349,0.0011,0.02,0.1052,0.1052,winter
TX,Ector,ECTOR,0.0149,0.0009,0.0281,0.0588,0.0588,winter
TX,Edwards,EDWARDS,0.0109,0.0002,0.0077,0.0482,0.0482,winter
TX,El Paso,EL PASO,0.0036,0.0008,0.0923,0.0333,0.0923,wind
TX,Ellis,ELLIS,0.0111,0.0024,0.0211,0.0951,0.0951,winter
TX,Erath,ERATH,0.0197,0.0012,0.0169,0.0995,0.0995,winter
TX,Falls,FALLS,0.0076,0.0018,0.0192,0.0653,0.0653,winter
TX,Fannin,FANNIN,0.0346,0.0024,0.0225,0.1058,0.1058,winter
TX,Fayette,FAYETTE,0.0143,0.0021,0.0153,0.0579,0.0579,winter
TX,Fisher,FISHER,0.0218,0.0002,0.0145,0.1122,0.1122,winter
TX,Floyd,FLOYD,0.0105,0.0001,0.0402,0.1594,0.1594,winter
TX,Foard,FOARD,0.0114,0.0001,0.0133,0.0813,0.0813,winter
TX,Fort Bend,FORT BEND,0.0045,0.0026,0.0312,0.0389,0.0389,winter
TX,Franklin,FRANKLIN,0.0265,0.0014,0.0191,0.1114,0.1114,winter
TX,Freestone,FREESTONE,0.0215,0.002,0.0239,0.0684,0.0684,winter
TX,Frio,FRIO,0.0115,0.0003,0.0054,0.0179,0.0179,winter
TX,Gaines,GAINES,0.0082,0.0006,0.0239,0.0779,0.0779,winter
TX,Galveston,GALVESTON,0.0085,0.0024,0.0227,0.0173,0.0227,wind
TX,Garza,GARZA,0.0269,0.0002,0.0395,0.126,0.126,winter
TX,Gillespie,GILLESPIE,0.0269,0.0016,0.012,0.079,0.079,winter
TX,Glasscock,GLASSCOCK,0.0048,0.0001,0.0129,0.0498,0.0498,winter
TX,Goliad,GOLIAD,0.019,0.0003,0.0089,0.0286,0.0286,winter
TX,Gonzales,GONZALES,0.0216,0.0009,0.0095,0.0365,0.0365,winter
TX,Gray,GRAY,0.0663,0.0002,0.0443,0.1726,0.1726,winter
TX,Grayson,GRAYSON,0.0181,0.0038,0.0391,0.1307,0.1307,winter
TX,Gregg,GREGG,0.0118,0.0041,0.0311,0.0981,0.0981,winter
TX,Grimes,GRIMES,0.0356,0.0036,0.0217,0.049,0.049,winter
TX,Guadalupe,GUADALUPE,0.0085,0.0038,0.3449,0.0807,0.3449,wind
TX,Hale,HALE,0.0281,0.0002,0.055,0.1662,0.1662,winter
TX,Hall,HALL,0.0213,0.0001,0.0505,0.1439,0.1439,winter
TX,Hamilton,HAMILTON,0.0154,0.0005,0.0184,0.0619,0.0619,winter
TX,Hansford,HANSFORD,0.0133,0.0,0.0321,0.1678,0.1678,winter
TX,Hardeman,HARDEMAN,0.009,0.0001,0.0165,0.1083,0.1083,winter
TX,Hardin,HARDIN,0.0503,0.0051,0.0168,0.0484,0.0503,fire
TX,Harris,HARRIS,0.0032,0.0122,0.0577,0.041,0.0577,wind
TX,Harrison,HARRISON,0.0556,0.0033,0.0554,0.0939,0.0939,winter
TX,Hartley,HARTLEY,0.0656,0.0,0.063,0.1775,0.1775,winter
TX,Haskell,HASKELL,0.0125,0.0002,0.0228,0.1297,0.1297,winter
TX,Hays,HAYS,0.0083,0.0029,0.0113,0.0603,0.0603,winter
TX,Hemphill,HEMPHILL,0.037,0.0001,0.0234,0.1671,0.1671,winter
TX,Henderson,HENDERSON,0.0352,0.004,0.0343,0.093,0.093,winter
TX,Hidalgo,HIDALGO,0.0635,0.0013,0.0137,0.1144,0.1144,winter
TX,Hill,HILL,0.0135,0.0019,0.0232,0.0829,0.0829,winter
TX,Hockley,HOCKLEY,0.0368,0.0003,0.0514,0.1694,0.1694,winter
TX,Hood,HOOD,0.0205,0.0015,0.0164,0.1069,0.1069,winter
TX,Hopkins,HOPKINS,0.0124,0.0031,0.0309,0.1044,0.1044,winter
TX,Houston,HOUSTON,0.0836,0.0025,0.0367,0.0511,0.0836,fire
TX,Howard,HOWARD,0.0188,0.0009,0.0165,0.061,0.061,winter
TX,Hudspeth,HUDSPETH,0.005,0.0001,0.0151,0.0284,0.0284,winter
TX,Hunt,HUNT,0.0324,0.0031,0.0261,0.1009,0.1009,winter
TX,Hutchinson,HUTCHINSON,0.11,0.0002,0.0383,0.1606,0.1606,winter
TX,Irion,IRION,0.0184,0.0,0.0087,0.0981,0.0981,winter
TX,Jack,JACK,0.0372,0.0005,0.0124,0.1158,0.1158,winter
TX,Jackson,JACKSON,0.0116,0.0005,0.007,0.0269,0.0269,winter
TX,Jasper,JASPER,0.0699,0.0057,0.0341,0.0517,0.0699,fire
TX,Jeff Davis,JEFF DAVIS,0.0159,0.0001,0.0047,0.0072,0.0159,fire
TX,Jefferson,JEFFERSON,0.0381,0.0115,0.031,0.0407,0.0407,winter
TX,Jim Hogg,JIM HOGG,0.023,0.0003,0.006,0.1087,0.1087,winter
TX,Jim Wells,JIM WELLS,0.044,0.0007,0.0206,0.0362,0.044,fire
TX,Johnson,JOHNSON,0.0109,0.002,0.0273,0.1159,0.1159,winter
TX,Jones,JONES,0.0413,0.0005,0.0145,0.1476,0.1476,winter
TX,Karnes,KARNES,0.0083,0.0004,0.0086,0.0225,0.0225,winter
TX,Kaufman,KAUFMAN,0.0124,0.0032,0.0201,0.1028,0.1028,winter
TX,Kendall,KENDALL,0.013,0.0029,0.0094,0.0606,0.0606,winter
TX,Kenedy,KENEDY,0.039,0.0001,0.0041,0.1034,0.1034,winter
TX,Kent,KENT,0.0139,0.0001,0.0155,0.0991,0.0991,winter
TX,Kerr,KERR,0.0106,0.0016,0.0068,0.07,0.07,winter
TX,Kimble,KIMBLE,0.0189,0.0003,0.0072,0.0779,0.0779,winter
TX,King,KING,0.016,0.0,0.0179,0.1173,0.1173,winter
TX,Kinney,KINNEY,0.008,0.0001,0.0072,0.025,0.025,winter
TX,Kleberg,KLEBERG,0.0659,0.0004,0.0117,0.0414,0.0659,fire
TX,Knox,KNOX,0.0098,0.0001,0.0109,0.0838,0.0838,winter
TX,La Salle,LA SALLE,0.0174,0.0001,0.0151,0.0335,0.0335,winter
TX,Lamar,LAMAR,0.0396,0.0029,0.0258,0.0998,0.0998,winter
TX,Lamb,LAMB,0.0189,0.0001,0.0623,0.1703,0.1703,winter
TX,Lampasas,LAMPASAS,0.019,0.0008,0.0164,0.0772,0.0772,winter
TX,Lavaca,LAVACA,0.005,0.0006,0.0133,0.0342,0.0342,winter
TX,Lee,LEE,0.014,0.0016,0.0126,0.0119,0.014,fire
TX,Leon,LEON,0.0332,0.0016,0.0275,0.0582,0.0582,winter
TX,Liberty,LIBERTY,0.0653,0.0056,0.0203,0.0306,0.0653,fire
TX,Limestone,LIMESTONE,0.0189,0.0024,0.0225,0.0851,0.0851,winter
TX,Lipscomb,LIPSCOMB,0.0625,0.0001,0.0202,0.1813,0.1813,winter
TX,Live Oak,LIVE OAK,0.0195,0.0005,0.0163,0.0312,0.0312,winter
TX,Llano,LLANO,0.0151,0.0012,0.0084,0.0663,0.0663,winter
TX,Loving,LOVING,0.0025,0.0,0.0039,0.0323,0.0323,winter
TX,Lubbock,LUBBOCK,0.0651,0.0005,0.068,0.2034,0.2034,winter
TX,Lynn,LYNN,0.0071,0.0002,0.0323,0.1378,0.1378,winter
TX,Madison,MADISON,0.0134,0.002,0.0135,0.0508,0.0508,winter
TX,Marion,MARION,0.0439,0.0031,0.0272,0.0877,0.0877,winter
TX,Martin,MARTIN,0.0047,0.0002,0.016,0.0502,0.0502,winter
TX,Mason,MASON,0.0158,0.0003,0.0083,0.081,0.081,winter
TX,Matagorda,MATAGORDA,0.0113,0.0004,0.0104,0.019,0.019,winter
TX,Maverick,MAVERICK,0.0068,0.0005,0.0115,0.0177,0.0177,winter
TX,Mcculloch,MCCULLOCH,0.0122,0.0004,0.0145,0.1039,0.1039,winter
TX,Mclennan,MCLENNAN,0.0115,0.0037,0.0288,0.0908,0.0908,winter
TX,Mcmullen,MCMULLEN,0.0045,0.0001,0.0047,0.0244,0.0244,winter
TX,Medina,MEDINA,0.0091,0.0004,0.0209,0.0419,0.0419,winter
TX,Menard,MENARD,0.0154,0.0001,0.0052,0.0854,0.0854,winter
TX,Midland,MIDLAND,0.0131,0.0012,0.0327,0.0556,0.0556,winter
TX,Milam,MILAM,0.0132,0.0037,0.0226,0.0682,0.0682,winter
TX,Mills,MILLS,0.011,0.0005,0.0114,0.0582,0.0582,winter
TX,Mitchell,MITCHELL,0.015,0.0003,0.0166,0.0692,0.0692,winter
TX,Montague,MONTAGUE,0.0238,0.001,0.0222,0.1203,0.1203,winter
TX,Montgomery,MONTGOMERY,0.0641,0.0037,0.0231,0.043,0.0641,fire
TX,Moore,MOORE,0.0572,0.0001,0.0556,0.1669,0.1669,winter
TX,Morris,MORRIS,0.0325,0.0027,0.0152,0.0962,0.0962,winter
TX,Motley,MOTLEY,0.0287,0.0001,0.0382,0.1497,0.1497,winter
TX,Nacogdoches,NACOGDOCHES,0.0602,0.0034,0.0432,0.0924,0.0924,winter
TX,Navarro,NAVARRO,0.0195,0.0021,0.0276,0.0992,0.0992,winter
TX,Newton,NEWTON,0.0492,0.0039,0.0278,0.0539,0.0539,winter
TX,Nolan,NOLAN,0.0552,0.0003,0.0164,0.1349,0.1349,winter
TX,Nueces,NUECES,0.0289,0.0035,0.0286,0.032,0.032,winter
TX,Ochiltree,OCHILTREE,0.0233,0.0001,0.0184,0.1688,0.1688,winter
TX,Oldham,OLDHAM,0.0491,0.0,0.0397,0.1609,0.1609,winter
TX,Orange,ORANGE,0.0183,0.0055,0.0172,0.0413,0.0413,winter
TX,Palo Pinto,PALO PINTO,0.0279,0.001,0.0243,0.127,0.127,winter
TX,Panola,PANOLA,0.0536,0.0027,0.0336,0.0789,0.0789,winter
TX,Parker,PARKER,0.0307,0.0015,0.0232,0.1282,0.1282,winter
TX,Parmer,PARMER,0.0046,0.0001,0.0635,0.1568,0.1568,winter
TX,Pecos,PECOS,0.0208,0.0002,0.0298,0.0491,0.0491,winter
TX,Polk,POLK,0.0679,0.0034,0.0328,0.0389,0.0679,fire
TX,Potter,POTTER,0.1217,0.0003,0.0884,0.1732,0.1732,winter
TX,Presidio,PRESIDIO,0.0157,0.0,0.0108,0.0189,0.0189,winter
TX,Rains,RAINS,0.0121,0.0017,0.0079,0.0843,0.0843,winter
TX,Randall,RANDALL,0.0834,0.0004,0.075,0.1865,0.1865,winter
TX,Reagan,REAGAN,0.0067,0.0001,0.0224,0.0607,0.0607,winter
TX,Real,REAL,0.0059,0.0006,0.0051,0.0457,0.0457,winter
TX,Red River,RED RIVER,0.0522,0.0011,0.023,0.1095,0.1095,winter
TX,Reeves,REEVES,0.0088,0.0002,0.0212,0.0361,0.0361,winter
TX,Refugio,REFUGIO,0.0106,0.0003,0.0076,0.0232,0.0232,winter
TX,Roberts,ROBERTS,0.0379,0.0001,0.0304,0.1572,0.1572,winter
TX,Robertson,ROBERTSON,0.0116,0.0017,0.0206,0.0609,0.0609,winter
TX,Rockwall,ROCKWALL,0.0086,0.0031,0.0084,0.0759,0.0759,winter
TX,Runnels,RUNNELS,0.0145,0.0002,0.0123,0.1176,0.1176,winter
TX,Rusk,RUSK,0.0581,0.0022,0.058,0.0985,0.0985,winter
TX,Sabine,SABINE,0.0632,0.0055,0.0348,0.0663,0.0663,winter
TX,San Augustine,SAN AUGUSTINE,0.058,0.0028,0.0275,0.0582,0.0582,winter
TX,San Jacinto,SAN JACINTO,0.0637,0.0035,0.0144,0.0321,0.0637,fire
TX,San Patricio,SAN PATRICIO,0.0308,0.0011,0.0197,0.033,0.033,winter
TX,San Saba,SAN SABA,0.0134,0.0004,0.0073,0.074,0.074,winter
TX,Schleicher,SCHLEICHER,0.0244,0.0001,0.0085,0.0873,0.0873,winter
TX,Scurry,SCURRY,0.0155,0.0006,0.0284,0.0876,0.0876,winter
TX,Shackelford,SHACKELFORD,0.0351,0.0002,0.0171,0.1412,0.1412,winter
TX,Shelby,SHELBY,0.058,0.0036,0.046,0.0788,0.0788,winter
TX,Sherman,SHERMAN,0.0245,0.0001,0.0189,0.148,0.148,winter
TX,Smith,SMITH,0.044,0.0033,0.0884,0.1837,0.1837,winter
TX,Somervell,SOMERVELL,0.0132,0.0009,0.0068,0.0845,0.0845,winter
TX,Starr,STARR,0.0409,0.0007,0.0082,0.1073,0.1073,winter
TX,Stephens,STEPHENS,0.0183,0.0005,0.012,0.1192,0.1192,winter
TX,Sterling,STERLING,0.014,0.0,0.0096,0.0829,0.0829,winter
TX,Stonewall,STONEWALL,0.017,0.0001,0.0105,0.108,0.108,winter
TX,Sutton,SUTTON,0.0265,0.0001,0.0047,0.0827,0.0827,winter
TX,Swisher,SWISHER,0.0243,0.0001,0.0484,0.1679,0.1679,winter
TX,Tarrant,TARRANT,0.0121,0.0053,0.0574,0.1507,0.1507,winter
TX,Taylor,TAYLOR,0.0562,0.0008,0.0258,0.169,0.169,winter
TX,Terrell,TERRELL,0.0117,0.0,0.0067,0.0298,0.0298,winter
TX,Terry,TERRY,0.01,0.0001,0.0275,0.1355,0.1355,winter
TX,Throckmorton,THROCKMORTON,0.0134,0.0001,0.0137,0.1345,0.1345,winter
TX,Titus,TITUS,0.024,0.0016,0.0133,0.1047,0.1047,winter
TX,Tom Green,TOM GREEN,0.0451,0.0007,0.0219,0.1235,0.1235,winter
TX,Travis,TRAVIS,0.02,0.0043,0.0271,0.084,0.084,winter
TX,Trinity,TRINITY,0.0722,0.0018,0.0214,0.0374,0.0722,fire
TX,Tyler,TYLER,0.0637,0.0029,0.0269,0.0535,0.0637,fire
TX,Upshur,UPSHUR,0.052,0.0022,0.0329,0.1016,0.1016,winter
TX,Upton,UPTON,0.008,0.0004,0.0092,0.0383,0.0383,winter
TX,Uvalde,UVALDE,0.0108,0.0004,0.0139,0.0366,0.0366,winter
TX,Val Verde,VAL VERDE,0.0213,0.0007,0.0252,0.0415,0.0415,winter
TX,Van Zandt,VAN ZANDT,0.0288,0.0027,0.0151,0.0968,0.0968,winter
TX,Victoria,VICTORIA,0.0226,0.0005,0.0117,0.0408,0.0408,winter
TX,Walker,WALKER,0.0817,0.0027,0.0282,0.0446,0.0817,fire
TX,Waller,WALLER,0.0087,0.0021,0.0093,0.0352,0.0352,winter
TX,Ward,WARD,0.0113,0.0002,0.0072,0.0278,0.0278,winter
TX,Washington,WASHINGTON,0.004,0.0022,0.0254,0.0433,0.0433,winter
TX,Webb,WEBB,0.0206,0.0011,0.0228,0.0388,0.0388,winter
TX,Wharton,WHARTON,0.0054,0.0007,0.0324,0.0301,0.0324,wind
TX,Wheeler,WHEELER,0.0571,0.0001,0.0219,0.1592,0.1592,winter
TX,Wichita,WICHITA,0.0252,0.0008,0.031,0.1005,0.1005,winter
TX,Wilbarger,WILBARGER,0.0112,0.0001,0.0227,0.1029,0.1029,winter
TX,Willacy,WILLACY,0.0106,0.0006,0.0084,0.0809,0.0809,winter
TX,Williamson,WILLIAMSON,0.0123,0.0035,0.0226,0.0825,0.0825,winter
TX,Wilson,WILSON,0.0083,0.0009,0.0138,0.0321,0.0321,winter
TX,Winkler,WINKLER,0.0065,0.0,0.0139,0.0499,0.0499,winter
TX,Wise,WISE,0.0466,0.0015,0.0348,0.1367,0.1367,winter
TX,Wood,WOOD,0.0317,0.0032,0.0267,0.0857,0.0857,winter
TX,Yoakum,YOAKUM,0.0248,0.0003,0.0581,0.1304,0.1304,winter
TX,Young,YOUNG,0.035,0.0005,0.0147,0.1156,0.1156,winter
TX,Zapata,ZAPATA,0.0258,0.0004,0.007,0.1112,0.1112,winter
TX,Zavala,ZAVALA,0.0078,0.0001,0.0076,0.0173,0.0173,winter
UT,Beaver,BEAVER,0.0228,0.0007,0.0081,0.1066,0.1066,winter
UT,Box Elder,BOX ELDER,0.0086,0.0034,0.0299,0.1404,0.1404,winter
UT,Cache,CACHE,0.0048,0.0094,0.0482,0.2868,0.2868,winter
UT,Carbon,CARBON,0.0095,0.0004,0.0019,0.0651,0.0651,winter
UT,Daggett,DAGGETT,0.0084,0.0002,0.0001,0.0001,0.0084,fire
UT,Davis,DAVIS,0.0016,0.0024,0.0157,0.1205,0.1205,winter
UT,Duchesne,DUCHESNE,0.0124,0.0004,0.0035,0.064,0.064,winter
UT,Emery,EMERY,0.0221,0.0005,0.0058,0.1007,0.1007,winter
UT,Garfield,GARFIELD,0.0175,0.0006,0.0061,0.1149,0.1149,winter
UT,Grand,GRAND,0.0271,0.0004,0.0217,0.1843,0.1843,winter
UT,Iron,IRON,0.0199,0.0011,0.0061,0.1128,0.1128,winter
UT,Juab,JUAB,0.0184,0.0006,0.0145,0.1579,0.1579,winter
UT,Kane,KANE,0.0257,0.0014,0.0076,0.0995,0.0995,winter
UT,Millard,MILLARD,0.0323,0.0005,0.008,0.1165,0.1165,winter
UT,Morgan,MORGAN,0.002,0.0051,0.0115,0.1495,0.1495,winter
UT,Piute,PIUTE,0.0139,0.0005,0.0037,0.1142,0.1142,winter
UT,Rich,RICH,0.005,0.0048,0.0138,0.147,0.147,winter
UT,Salt Lake,SALT LAKE,0.0038,0.0013,0.1749,0.3977,0.3977,winter
UT,San Juan,SAN JUAN,0.0414,0.0006,0.0015,0.0215,0.0414,fire
UT,Sanpete,SANPETE,0.0088,0.0009,0.0245,0.1919,0.1919,winter
UT,Sevier,SEVIER,0.0224,0.0005,0.0261,0.1728,0.1728,winter
UT,Summit,SUMMIT,0.0162,0.0017,0.0168,0.1595,0.1595,winter
UT,Tooele,TOOELE,0.0157,0.0009,0.1125,0.2291,0.2291,winter
UT,Uintah,UINTAH,0.0203,0.0004,0.0005,0.0014,0.0203,fire
UT,Utah,UTAH,0.0182,0.0017,0.1273,0.4952,0.4952,winter
UT,Wasatch,WASATCH,0.0114,0.0013,0.1183,0.5326,0.5326,winter
UT,Washington,WASHINGTON,0.0246,0.0038,0.0239,0.1109,0.1109,winter
UT,Wayne,WAYNE,0.0139,0.0003,0.0037,0.1026,0.1026,winter
UT,Weber,WEBER,0.0024,0.0081,0.0253,0.1529,0.1529,winter
VA,Accomack,ACCOMACK,0.0015,0.0014,0.0334,0.2244,0.2244,winter
VA,Albemarle,ALBEMARLE,0.0081,0.0012,0.0446,0.3484,0.3484,winter
VA,Alexandria,ALEXANDRIA,0.0001,0.0,0.0004,0.0379,0.0379,winter
VA,Alleghany,ALLEGHANY,0.008,0.0074,0.0651,0.1737,0.1737,winter
VA,Amelia,AMELIA,0.0006,0.0007,0.0234,0.2064,0.2064,winter
VA,Amherst,AMHERST,0.006,0.0044,0.063,0.1952,0.1952,winter
VA,Appomattox,APPOMATTOX,0.0017,0.0022,0.0269,0.1682,0.1682,winter
VA,Arlington,ARLINGTON,0.0001,0.0026,0.034,0.362,0.362,winter
VA,Augusta,AUGUSTA,0.0122,0.0017,0.0396,0.3903,0.3903,winter
VA,Bath,BATH,0.0068,0.0057,0.0726,0.206,0.206,winter
VA,Bedford,BEDFORD,0.0026,0.0086,0.0757,0.1841,0.1841,winter
VA,Bland,BLAND,0.0079,0.0058,0.0466,0.1727,0.1727,winter
VA,Botetourt,BOTETOURT,0.0085,0.0109,0.0824,0.1558,0.1558,winter
VA,Bristol,BRISTOL,0.0003,0.0001,0.0007,0.0643,0.0643,winter
VA,Brunswick,BRUNSWICK,0.0032,0.0007,0.0284,0.1897,0.1897,winter
VA,Buchanan,BUCHANAN,0.0072,0.0264,0.0241,0.1735,0.1735,winter
VA,Buckingham,BUCKINGHAM,0.0018,0.0015,0.0353,0.1845,0.1845,winter
VA,Buena Vista,BUENA VISTA,0.0001,0.0,0.0013,0.0319,0.0319,winter
VA,Campbell,CAMPBELL,0.0031,0.0041,0.0548,0.1654,0.1654,winter
VA,Caroline,CAROLINE,0.0056,0.0006,0.0248,0.2358,0.2358,winter
VA,Carroll,CARROLL,0.003,0.0084,0.1076,0.187,0.187,winter
VA,Charles City,CHARLES CITY,0.002,0.0002,0.0046,0.1898,0.1898,winter
VA,Charlotte,CHARLOTTE,0.0025,0.0014,0.0351,0.1535,0.1535,winter
VA,Charlottesville,CHARLOTTESVILLE,0.0001,0.0,0.0,0.0005,0.0005,winter
VA,Chesapeake,CHESAPEAKE,0.0004,0.0,0.0082,0.1568,0.1568,winter
VA,Chesterfield,CHESTERFIELD,0.0009,0.0009,0.0421,0.2258,0.2258,winter
VA,Clarke,CLARKE,0.0006,0.0007,0.0328,0.3561,0.3561,winter
VA,Colonial Heights,COLONIAL HEIGHTS,0.0001,0.0,0.0003,0.0503,0.0503,winter
VA,Covington,COVINGTON,0.0001,0.0001,0.0012,0.0272,0.0272,winter
VA,Craig,CRAIG,0.0091,0.0057,0.0605,0.156,0.156,winter
VA,Culpeper,CULPEPER,0.0016,0.001,0.031,0.3408,0.3408,winter
VA,Cumberland,CUMBERLAND,0.0011,0.0007,0.0165,0.2192,0.2192,winter
VA,Danville,DANVILLE,0.0003,0.0,0.0012,0.0316,0.0316,winter
VA,Dickenson,DICKENSON,0.0085,0.0244,0.0171,0.1883,0.1883,winter
VA,Dinwiddie,DINWIDDIE,0.0042,0.0007,0.0285,0.1886,0.1886,winter
VA,Emporia,EMPORIA,0.0001,0.0001,0.0037,0.0384,0.0384,winter
VA,Essex,ESSEX,0.0023,0.0004,0.0185,0.2268,0.2268,winter
VA,Fairfax,FAIRFAX,0.0015,0.0008,0.05,0.4227,0.4227,winter
VA,Fairfax City,FAIRFAX CITY,0.0001,0.0001,0.0,0.0001,0.0001,fire
VA,Falls Church,FALLS CHURCH,0.0001,0.0,0.001,0.0485,0.0485,winter
VA,Fauquier,FAUQUIER,0.0015,0.0008,0.0396,0.4147,0.4147,winter
VA,Floyd,FLOYD,0.0009,0.0075,0.0954,0.1704,0.1704,winter
VA,Fluvanna,FLUVANNA,0.0016,0.0006,0.0175,0.2143,0.2143,winter
VA,Franklin,FRANKLIN,0.0033,0.0088,0.1006,0.1604,0.1604,winter
VA,Franklin City,FRANKLIN CITY,0.0005,0.0004,0.0,0.0003,0.0005,fire
VA,Frederick,FREDERICK,0.0012,0.0008,0.0382,0.4083,0.4083,winter
VA,Fredericksburg,FREDERICKSBURG,0.0001,0.0,0.0001,0.0355,0.0355,winter
VA,Galax,GALAX,0.0014,0.0001,0.0042,0.035,0.035,winter
VA,Giles,GILES,0.0097,0.0145,0.0795,0.1618,0.1618,winter
VA,Gloucester,GLOUCESTER,0.0032,0.0008,0.0214,0.2211,0.2211,winter
VA,Goochland,GOOCHLAND,0.001,0.0007,0.0197,0.2225,0.2225,winter
VA,Grayson,GRAYSON,0.0019,0.0071,0.1284,0.2168,0.2168,winter
VA,Greene,GREENE,0.0021,0.0007,0.0263,0.3372,0.3372,winter
VA,Greensville,GREENSVILLE,0.0019,0.0003,0.0161,0.1848,0.1848,winter
VA,Halifax,HALIFAX,0.0024,0.0035,0.0584,0.1389,0.1389,winter
VA,Hampton,HAMPTON,0.0001,0.0,0.0075,0.0981,0.0981,winter
VA,Hanover,HANOVER,0.0008,0.0004,0.0246,0.2532,0.2532,winter
VA,Harrisonburg,HARRISONBURG,0.0001,0.0,0.0005,0.0454,0.0454,winter
VA,Henrico,HENRICO,0.0016,0.0007,0.0313,0.2296,0.2296,winter
VA,Henry,HENRY,0.0023,0.0079,0.0629,0.1498,0.1498,winter
VA,Highland,HIGHLAND,0.0016,0.0026,0.0234,0.4754,0.4754,winter
VA,Hopewell,HOPEWELL,0.0001,0.0,0.0001,0.0459,0.0459,winter
VA,Isle Of Wight,ISLE OF WIGHT,0.0023,0.0007,0.0282,0.1829,0.1829,winter
VA,James City,JAMES CITY,0.0015,0.0008,0.0247,0.2054,0.2054,winter
VA,King And Queen,KING AND QUEEN,0.0015,0.0004,0.018,0.2225,0.2225,winter
VA,King George,KING GEORGE,0.0006,0.0004,0.0262,0.2805,0.2805,winter
VA,King William,KING WILLIAM,0.0019,0.0003,0.0198,0.2403,0.2403,winter
VA,Lancaster,LANCASTER,0.0005,0.0006,0.0179,0.2127,0.2127,winter
VA,Lee,LEE,0.0147,0.0195,0.0188,0.0042,0.0195,flood
VA,Lexington,LEXINGTON,0.0001,0.0,0.0011,0.0254,0.0254,winter
VA,Loudoun,LOUDOUN,0.0004,0.0006,0.0732,0.4436,0.4436,winter
VA,Louisa,LOUISA,0.0005,0.0003,0.0259,0.2445,0.2445,winter
VA,Lunenburg,LUNENBURG,0.003,0.0006,0.0174,0.2112,0.2112,winter
VA,Lynchburg,LYNCHBURG,0.0001,0.0,0.0017,0.0291,0.0291,winter
VA,Madison,MADISON,0.0018,0.0008,0.0201,0.3511,0.3511,winter
VA,Manassas,MANASSAS,0.0001,0.0,0.0013,0.0482,0.0482,winter
VA,Manassas Park,MANASSAS PARK,0.0001,0.0,0.0,0.0,0.0001,fire
VA,Martinsville,MARTINSVILLE,0.0002,0.0001,0.0012,0.0234,0.0234,winter
VA,Mathews,MATHEWS,0.0004,0.0003,0.026,0.2126,0.2126,winter
VA,Mecklenburg,MECKLENBURG,0.0033,0.0003,0.0286,0.1984,0.1984,winter
VA,Middlesex,MIDDLESEX,0.0012,0.0007,0.0201,0.224,0.224,winter
VA,Montgomery,MONTGOMERY,0.0038,0.01,0.0939,0.1666,0.1666,winter
VA,Nelson,NELSON,0.0115,0.0015,0.0444,0.3007,0.3007,winter
VA,New Kent,NEW KENT,0.0009,0.0002,0.0217,0.2203,0.2203,winter
VA,Newport News,NEWPORT NEWS,0.0001,0.0,0.0129,0.1605,0.1605,winter
VA,Norfolk,NORFOLK,0.0001,0.0,0.0133,0.1539,0.1539,winter
VA,Northampton,NORTHAMPTON,0.0014,0.0005,0.0156,0.1418,0.1418,winter
VA,Northumberland,NORTHUMBERLAND,0.0006,0.0006,0.0195,0.2323,0.2323,winter
VA,Norton,NORTON,0.0001,0.0002,0.0005,0.053,0.053,winter
VA,Nottoway,NOTTOWAY,0.0033,0.0006,0.0187,0.2018,0.2018,winter
VA,Orange,ORANGE,0.0011,0.0011,0.0373,0.3327,0.3327,winter
VA,Page,PAGE,0.0052,0.0003,0.0254,0.3816,0.3816,winter
VA,Patrick,PATRICK,0.0027,0.007,0.0799,0.1895,0.1895,winter
VA,Petersburg,PETERSBURG,0.0001,0.0,0.0001,0.0398,0.0398,winter
VA,Pittsylvania,PITTSYLVANIA,0.0068,0.0062,0.0748,0.1528,0.1528,winter
VA,Poquoson,POQUOSON,0.0001,0.0,0.0083,0.0849,0.0849,winter
VA,Portsmouth,PORTSMOUTH,0.0001,0.0,0.0001,0.0355,0.0355,winter
VA,Powhatan,POWHATAN,0.0007,0.0005,0.0141,0.2043,0.2043,winter
VA,Prince Edward,PRINCE EDWARD,0.002,0.001,0.0214,0.2159,0.2159,winter
VA,Prince George,PRINCE GEORGE,0.0013,0.0004,0.0262,0.2071,0.2071,winter
VA,Prince William,PRINCE WILLIAM,0.0028,0.0009,0.0468,0.3857,0.3857,winter
VA,Pulaski,PULASKI,0.0057,0.0092,0.0842,0.1682,0.1682,winter
VA,Radford,RADFORD,0.0001,0.0001,0.0047,0.0217,0.0217,winter
VA,Rappahannock,RAPPAHANNOCK,0.0015,0.0006,0.0197,0.3394,0.3394,winter
VA,Richmond,RICHMOND,0.0009,0.0006,0.0256,0.2322,0.2322,winter
VA,Richmond City,RICHMOND CITY,0.0003,0.0003,0.0,0.0001,0.0003,fire
VA,Roanoke,ROANOKE,0.0053,0.0113,0.094,0.1792,0.1792,winter
VA,Roanoke City,ROANOKE CITY,0.0009,0.0025,0.0,0.001,0.0025,flood
VA,Rockbridge,ROCKBRIDGE,0.0078,0.0078,0.0748,0.1923,0.1923,winter
VA,Rockingham,ROCKINGHAM,0.0124,0.0012,0.0342,0.3876,0.3876,winter
VA,Russell,RUSSELL,0.0057,0.0156,0.0389,0.1557,0.1557,winter
VA,Salem,SALEM,0.0001,0.0,0.0049,0.0247,0.0247,winter
VA,Scott,SCOTT,0.0176,0.0255,0.0369,0.1338,0.1338,winter
VA,Shenandoah,SHENANDOAH,0.0037,0.001,0.0365,0.3932,0.3932,winter
VA,Smyth,SMYTH,0.0082,0.0117,0.0801,0.1649,0.1649,winter
VA,Southampton,SOUTHAMPTON,0.002,0.0003,0.0282,0.1741,0.1741,winter
VA,Spotsylvania,SPOTSYLVANIA,0.0006,0.0007,0.0329,0.304,0.304,winter
VA,Stafford,STAFFORD,0.001,0.0006,0.0308,0.2968,0.2968,winter
VA,Staunton,STAUNTON,0.0001,0.0,0.0003,0.0426,0.0426,winter
VA,Suffolk,SUFFOLK,0.0001,0.0,0.0063,0.1633,0.1633,winter
VA,Surry,SURRY,0.002,0.0004,0.0285,0.1978,0.1978,winter
VA,Sussex,SUSSEX,0.0042,0.0004,0.0263,0.2032,0.2032,winter
VA,Tazewell,TAZEWELL,0.0074,0.0171,0.0846,0.191,0.191,winter
VA,Virginia Beach,VIRGINIA BEACH,0.0002,0.0,0.0145,0.1393,0.1393,winter
VA,Warren,WARREN,0.002,0.0012,0.0333,0.3549,0.3549,winter
VA,Washington,WASHINGTON,0.0055,0.0123,0.0384,0.1524,0.1524,winter
VA,Waynesboro,WAYNESBORO,0.0001,0.0,0.0,0.0002,0.0002,winter
VA,Westmoreland,WESTMORELAND,0.0013,0.0004,0.0186,0.2251,0.2251,winter
VA,Williamsburg,WILLIAMSBURG,0.0001,0.0,0.0003,0.0406,0.0406,winter
VA,Winchester,WINCHESTER,0.0001,0.0,0.0006,0.0362,0.0362,winter
VA,Wise,WISE,0.0097,0.0218,0.0344,0.1845,0.1845,winter
VA,Wythe,WYTHE,0.0025,0.0079,0.0687,0.166,0.166,winter
VA,York,YORK,0.0025,0.0011,0.0215,0.1782,0.1782,winter
VT,Addison,ADDISON,0.0005,0.0066,0.0226,0.4551,0.4551,winter
VT,Bennington,BENNINGTON,0.0036,0.004,0.0495,0.4519,0.4519,winter
VT,Caledonia,CALEDONIA,0.0003,0.0073,0.0118,0.4593,0.4593,winter
VT,Chittenden,CHITTENDEN,0.0005,0.0072,0.0302,0.4805,0.4805,winter
VT,Essex,ESSEX,0.0003,0.0021,0.0103,0.4505,0.4505,winter
VT,Franklin,FRANKLIN,0.0007,0.0076,0.0215,0.4576,0.4576,winter
VT,Grand Isle,GRAND ISLE,0.0001,0.0013,0.0098,0.3657,0.3657,winter
VT,Lamoille,LAMOILLE,0.0003,0.0059,0.0202,0.4612,0.4612,winter
VT,Orange,ORANGE,0.0003,0.0055,0.0129,0.4367,0.4367,winter
VT,Orleans,ORLEANS,0.0002,0.0055,0.0141,0.4563,0.4563,winter
VT,Rutland,RUTLAND,0.0019,0.0064,0.0274,0.4255,0.4255,winter
VT,Washington,WASHINGTON,0.0007,0.0074,0.0137,0.4612,0.4612,winter
VT,Windham,WINDHAM,0.0016,0.0041,0.0274,0.4897,0.4897,winter
VT,Windsor,WINDSOR,0.0006,0.0105,0.0125,0.4806,0.4806,winter
WA,Adams,ADAMS,0.0014,0.0063,0.0044,0.0131,0.0131,winter
WA,Asotin,ASOTIN,0.0047,0.0033,0.0276,0.0848,0.0848,winter
WA,Benton,BENTON,0.0037,0.0039,0.0146,0.0194,0.0194,winter
WA,Chelan,CHELAN,0.0029,0.0074,0.0111,0.0429,0.0429,winter
WA,Clallam,CLALLAM,0.0009,0.0008,0.0115,0.0154,0.0154,winter
WA,Clark,CLARK,0.0003,0.0016,0.0188,0.0183,0.0188,wind
WA,Columbia,COLUMBIA,0.0037,0.0045,0.0948,0.2251,0.2251,winter
WA,Cowlitz,COWLITZ,0.002,0.0013,0.0068,0.0224,0.0224,winter
WA,Douglas,DOUGLAS,0.0027,0.003,0.0065,0.0342,0.0342,winter
WA,Ferry,FERRY,0.005,0.0055,0.004,0.0357,0.0357,winter
WA,Franklin,FRANKLIN,0.0024,0.0039,0.0108,0.0207,0.0207,winter
WA,Garfield,GARFIELD,0.002,0.0027,0.0222,0.089,0.089,winter
WA,Grant,GRANT,0.0035,0.0017,0.0062,0.0277,0.0277,winter
WA,Grays Harbor,GRAYS HARBOR,0.0012,0.001,0.0143,0.016,0.016,winter
WA,Island,ISLAND,0.0001,0.0008,0.0081,0.0093,0.0093,winter
WA,Jefferson,JEFFERSON,0.0014,0.0024,0.0135,0.0153,0.0153,winter
WA,King,KING,0.0009,0.003,0.0139,0.1274,0.1274,winter
WA,Kitsap,KITSAP,0.0003,0.0009,0.0162,0.0212,0.0212,winter
WA,Kittitas,KITTITAS,0.0064,0.003,0.0114,0.1408,0.1408,winter
WA,Klickitat,KLICKITAT,0.0051,0.0012,0.0157,0.0254,0.0254,winter
WA,Lewis,LEWIS,0.0043,0.0026,0.0176,0.1399,0.1399,winter
WA,Lincoln,LINCOLN,0.0014,0.0055,0.0064,0.0271,0.0271,winter
WA,Mason,MASON,0.0009,0.0009,0.0147,0.0312,0.0312,winter
WA,Okanogan,OKANOGAN,0.0049,0.0054,0.0188,0.2781,0.2781,winter
WA,Pacific,PACIFIC,0.0014,0.0005,0.0129,0.0106,0.0129,wind
WA,Pend Oreille,PEND OREILLE,0.0019,0.0038,0.0031,0.0451,0.0451,winter
WA,Pierce,PIERCE,0.0018,0.0024,0.0234,0.1406,0.1406,winter
WA,San Juan,SAN JUAN,0.0002,0.0003,0.0354,0.04,0.04,winter
WA,Skagit,SKAGIT,0.001,0.0023,0.0215,0.1501,0.1501,winter
WA,Skamania,SKAMANIA,0.0024,0.0006,0.0074,0.0254,0.0254,winter
WA,Snohomish,SNOHOMISH,0.0008,0.003,0.0117,0.1214,0.1214,winter
WA,Spokane,SPOKANE,0.0051,0.0126,0.033,0.2726,0.2726,winter
WA,Stevens,STEVENS,0.0035,0.0029,0.0051,0.0516,0.0516,winter
WA,Thurston,THURSTON,0.0006,0.0014,0.0195,0.0146,0.0195,wind
WA,Wahkiakum,WAHKIAKUM,0.0015,0.0008,0.0036,0.0052,0.0052,winter
WA,Walla Walla,WALLA WALLA,0.0027,0.0077,0.016,0.0303,0.0303,winter
WA,Whatcom,WHATCOM,0.0016,0.0019,0.0879,0.173,0.173,winter
WA,Whitman,WHITMAN,0.0007,0.0149,0.0078,0.0349,0.0349,winter
WA,Yakima,YAKIMA,0.0154,0.0023,0.0299,0.1257,0.1257,winter
WI,Adams,ADAMS,0.0038,0.0009,0.0016,0.225,0.225,winter
WI,Ashland,ASHLAND,0.0016,0.0003,0.0008,0.3036,0.3036,winter
WI,Barron,BARRON,0.0004,0.0003,0.0019,0.1881,0.1881,winter
WI,Bayfield,BAYFIELD,0.0028,0.0002,0.0017,0.309,0.309,winter
WI,Brown,BROWN,0.0002,0.0017,0.0032,0.2226,0.2226,winter
WI,Buffalo,BUFFALO,0.001,0.0005,0.0016,0.2082,0.2082,winter
WI,Burnett,BURNETT,0.0022,0.0003,0.0013,0.1688,0.1688,winter
WI,Calumet,CALUMET,0.0003,0.0019,0.0023,0.2169,0.2169,winter
WI,Chippewa,CHIPPEWA,0.0003,0.0003,0.0029,0.2088,0.2088,winter
WI,Clark,CLARK,0.0003,0.0005,0.0045,0.2025,0.2025,winter
WI,Columbia,COLUMBIA,0.0003,0.0061,0.0076,0.4556,0.4556,winter
WI,Crawford,CRAWFORD,0.0008,0.0018,0.0028,0.2468,0.2468,winter
WI,Dane,DANE,0.0002,0.0089,0.0075,0.4659,0.4659,winter
WI,Dodge,DODGE,0.0005,0.0054,0.0105,0.438,0.438,winter
WI,Door,DOOR,0.0002,0.0012,0.0027,0.2206,0.2206,winter
WI,Douglas,DOUGLAS,0.0033,0.0002,0.0014,0.2544,0.2544,winter
WI,Dunn,DUNN,0.0003,0.0005,0.0021,0.2044,0.2044,winter
WI,Eau Claire,EAU CLAIRE,0.0005,0.0007,0.0026,0.1822,0.1822,winter
WI,Florence,FLORENCE,0.001,0.0003,0.0007,0.1947,0.1947,winter
WI,Fond Du Lac,FOND DU LAC,0.0004,0.0018,0.0063,0.413,0.413,winter
WI,Forest,FOREST,0.0012,0.0002,0.0006,0.2099,0.2099,winter
WI,Grant,GRANT,0.0004,0.0035,0.0066,0.2549,0.2549,winter
WI,Green,GREEN,0.0002,0.0064,0.0115,0.4374,0.4374,winter
WI,Green Lake,GREEN LAKE,0.0005,0.0013,0.0047,0.3751,0.3751,winter
WI,Iowa,IOWA,0.0005,0.0014,0.0073,0.4249,0.4249,winter
WI,Iron,IRON,0.0013,0.0002,0.0017,0.3477,0.3477,winter
WI,Jackson,JACKSON,0.0037,0.0009,0.0023,0.2073,0.2073,winter
WI,Jefferson,JEFFERSON,0.0002,0.0087,0.0103,0.4485,0.4485,winter
WI,Juneau,JUNEAU,0.0034,0.0008,0.002,0.2387,0.2387,winter
WI,Kenosha,KENOSHA,0.0002,0.0125,0.0184,0.4309,0.4309,winter
WI,Kewaunee,KEWAUNEE,0.0001,0.0019,0.0016,0.1924,0.1924,winter
WI,La Crosse,LA CROSSE,0.002,0.0012,0.003,0.2208,0.2208,winter
WI,Lafayette,LAFAYETTE,0.0001,0.0032,0.0114,0.4045,0.4045,winter
WI,Langlade,LANGLADE,0.0009,0.0004,0.0017,0.206,0.206,winter
WI,Lincoln,LINCOLN,0.0014,0.0004,0.0008,0.1807,0.1807,winter
WI,Manitowoc,MANITOWOC,0.0002,0.0034,0.0027,0.2534,0.2534,winter
WI,Marathon,MARATHON,0.0004,0.001,0.0024,0.196,0.196,winter
WI,Marinette,MARINETTE,0.0012,0.001,0.0012,0.2281,0.2281,winter
WI,Marquette,MARQUETTE,0.0016,0.0012,0.0032,0.3678,0.3678,winter
WI,Menominee,MENOMINEE,0.0027,0.0004,0.0002,0.1616,0.1616,winter
WI,Milwaukee,MILWAUKEE,0.0002,0.0098,0.0158,0.4874,0.4874,winter
WI,Monroe,MONROE,0.0009,0.0009,0.0026,0.2203,0.2203,winter
WI,Oconto,OCONTO,0.0021,0.0009,0.0013,0.2286,0.2286,winter
WI,Oneida,ONEIDA,0.0018,0.0003,0.0012,0.1989,0.1989,winter
WI,Outagamie,OUTAGAMIE,0.0002,0.0013,0.003,0.2066,0.2066,winter
WI,Ozaukee,OZAUKEE,0.0003,0.0086,0.0081,0.4512,0.4512,winter
WI,Pepin,PEPIN,0.0004,0.0009,0.0008,0.1754,0.1754,winter
WI,Pierce,PIERCE,0.0003,0.0006,0.002,0.1836,0.1836,winter
WI,Polk,POLK,0.0008,0.0005,0.0026,0.1944,0.1944,winter
WI,Portage,PORTAGE,0.0005,0.0007,0.0017,0.1945,0.1945,winter
WI,Price,PRICE,0.0019,0.0002,0.001,0.1798,0.1798,winter
WI,Racine,RACINE,0.0002,0.0108,0.0152,0.4503,0.4503,winter
WI,Richland,RICHLAND,0.0005,0.0014,0.0018,0.1994,0.1994,winter
WI,Rock,ROCK,0.0003,0.0077,0.0138,0.4446,0.4446,winter
WI,Rusk,RUSK,0.0017,0.0004,0.0008,0.1852,0.1852,winter
WI,Sauk,SAUK,0.0004,0.003,0.0051,0.3929,0.3929,winter
WI,Sawyer,SAWYER,0.0022,0.0002,0.0006,0.2055,0.2055,winter
WI,Shawano,SHAWANO,0.0004,0.0006,0.0015,0.2001,0.2001,winter
WI,Sheboygan,SHEBOYGAN,0.0002,0.0054,0.0076,0.4177,0.4177,winter
WI,St. Croix,ST. CROIX,0.0002,0.0003,0.0024,0.1955,0.1955,winter
WI,Taylor,TAYLOR,0.001,0.0003,0.0016,0.1958,0.1958,winter
WI,Trempealeau,TREMPEALEAU,0.0006,0.0005,0.0018,0.223,0.223,winter
WI,Vernon,VERNON,0.0005,0.0008,0.0023,0.2309,0.2309,winter
WI,Vilas,VILAS,0.0008,0.0002,0.0013,0.2417,0.2417,winter
WI,Walworth,WALWORTH,0.0003,0.0064,0.013,0.4261,0.4261,winter
WI,Washburn,WASHBURN,0.0022,0.0001,0.0005,0.1744,0.1744,winter
WI,Washington,WASHINGTON,0.0004,0.006,0.0109,0.4372,0.4372,winter
WI,Waukesha,WAUKESHA,0.0003,0.0117,0.0148,0.464,0.464,winter
WI,Waupaca,WAUPACA,0.0004,0.0011,0.003,0.2165,0.2165,winter
WI,Waushara,WAUSHARA,0.0009,0.0011,0.0019,0.2017,0.2017,winter
WI,Winnebago,WINNEBAGO,0.0003,0.002,0.0029,0.1845,0.1845,winter
WI,Wood,WOOD,0.0008,0.0016,0.0013,0.1676,0.1676,winter
WV,Barbour,BARBOUR,0.0024,0.023,0.0189,0.2281,0.2281,winter
WV,Berkeley,BERKELEY,0.0011,0.0008,0.0477,0.4024,0.4024,winter
WV,Boone,BOONE,0.0205,0.0282,0.0392,0.1515,0.1515,winter
WV,Braxton,BRAXTON,0.0024,0.0149,0.0228,0.17,0.17,winter
WV,Brooke,BROOKE,0.0004,0.0051,0.0151,0.1429,0.1429,winter
WV,Cabell,CABELL,0.0033,0.0325,0.0349,0.1321,0.1321,winter
WV,Calhoun,CALHOUN,0.0013,0.0158,0.0102,0.14,0.14,winter
WV,Clay,CLAY,0.0026,0.0167,0.0163,0.1559,0.1559,winter
WV,Doddridge,DODDRIDGE,0.0025,0.0159,0.0118,0.1572,0.1572,winter
WV,Fayette,FAYETTE,0.0051,0.0241,0.0301,0.2221,0.2221,winter
WV,Gilmer,GILMER,0.0031,0.0162,0.0109,0.1569,0.1569,winter
WV,Grant,GRANT,0.0048,0.0026,0.0614,0.5527,0.5527,winter
WV,Greenbrier,GREENBRIER,0.0054,0.0149,0.0585,0.2518,0.2518,winter
WV,Hampshire,HAMPSHIRE,0.0017,0.0019,0.041,0.4103,0.4103,winter
WV,Hancock,HANCOCK,0.0003,0.0046,0.0143,0.1245,0.1245,winter
WV,Hardy,HARDY,0.0056,0.0021,0.039,0.4184,0.4184,winter
WV,Harrison,HARRISON,0.0019,0.0229,0.0236,0.1756,0.1756,winter
WV,Jackson,JACKSON,0.0043,0.0208,0.0201,0.1466,0.1466,winter
WV,Jefferson,JEFFERSON,0.001,0.0014,0.0462,0.4217,0.4217,winter
WV,Kanawha,KANAWHA,0.0119,0.051,0.0508,0.163,0.163,winter
WV,Lewis,LEWIS,0.0042,0.015,0.0143,0.1738,0.1738,winter
WV,Lincoln,LINCOLN,0.003,0.0245,0.0271,0.1243,0.1243,winter
WV,Logan,LOGAN,0.0111,0.0313,0.0271,0.1341,0.1341,winter
WV,Marion,MARION,0.0011,0.0211,0.0208,0.1014,0.1014,winter
WV,Marshall,MARSHALL,0.0016,0.012,0.0206,0.1347,0.1347,winter
WV,Mason,MASON,0.0037,0.021,0.0172,0.126,0.126,winter
WV,Mcdowell,MCDOWELL,0.0229,0.0301,0.0252,0.1668,0.1668,winter
WV,Mercer,MERCER,0.0021,0.0222,0.0522,0.2154,0.2154,winter
WV,Mineral,MINERAL,0.0033,0.0028,0.0518,0.5191,0.5191,winter
WV,Mingo,MINGO,0.0109,0.0316,0.0371,0.1372,0.1372,winter
WV,Monongalia,MONONGALIA,0.0008,0.0222,0.0281,0.1479,0.1479,winter
WV,Monroe,MONROE,0.0017,0.0167,0.0472,0.1464,0.1464,winter
WV,Morgan,MORGAN,0.001,0.001,0.0422,0.4109,0.4109,winter
WV,Nicholas,NICHOLAS,0.0031,0.0187,0.0218,0.2827,0.2827,winter
WV,Ohio,OHIO,0.0005,0.0092,0.025,0.137,0.137,winter
WV,Pendleton,PENDLETON,0.0058,0.0011,0.0493,0.5012,0.5012,winter
WV,Pleasants,PLEASANTS,0.0027,0.0135,0.0108,0.1568,0.1568,winter
WV,Pocahontas,POCAHONTAS,0.0037,0.0107,0.0278,0.383,0.383,winter
WV,Preston,PRESTON,0.0022,0.018,0.0425,0.3451,0.3451,winter
WV,Putnam,PUTNAM,0.0067,0.0254,0.0301,0.1349,0.1349,winter
WV,Raleigh,RALEIGH,0.0079,0.0203,0.0271,0.23,0.23,winter
WV,Randolph,RANDOLPH,0.0026,0.0134,0.0287,0.3668,0.3668,winter
WV,Ritchie,RITCHIE,0.0034,0.0144,0.0178,0.1624,0.1624,winter
WV,Roane,ROANE,0.0029,0.017,0.0193,0.147,0.147,winter
WV,Summers,SUMMERS,0.0036,0.0187,0.0314,0.1621,0.1621,winter
WV,Taylor,TAYLOR,0.0025,0.019,0.0194,0.1654,0.1654,winter
WV,Tucker,TUCKER,0.0029,0.0075,0.0425,0.4151,0.4151,winter
WV,Tyler,TYLER,0.002,0.0198,0.0082,0.1528,0.1528,winter
WV,Upshur,UPSHUR,0.0025,0.0159,0.0232,0.2379,0.2379,winter
WV,Wayne,WAYNE,0.0063,0.0257,0.025,0.1376,0.1376,winter
WV,Webster,WEBSTER,0.0033,0.0167,0.0244,0.293,0.293,winter
WV,Wetzel,WETZEL,0.0031,0.011,0.0107,0.1004,0.1004,winter
WV,Wirt,WIRT,0.0039,0.0175,0.012,0.1366,0.1366,winter
WV,Wood,WOOD,0.0033,0.0243,0.019,0.1883,0.1883,winter
WV,Wyoming,WYOMING,0.0156,0.0233,0.0151,0.1659,0.1659,winter
WY,Albany,ALBANY,0.0199,0.0002,0.0306,0.0381,0.0381,winter
WY,Big Horn,BIG HORN,0.0117,0.0008,0.0424,0.1513,0.1513,winter
WY,Campbell,CAMPBELL,0.0193,0.0003,0.0717,0.2107,0.2107,winter
WY,Carbon,CARBON,0.0088,0.0003,0.1609,0.2306,0.2306,winter
WY,Converse,CONVERSE,0.0215,0.0003,0.0688,0.1881,0.1881,winter
WY,Crook,CROOK,0.0306,0.0002,0.055,0.1809,0.1809,winter
WY,Fremont,FREMONT,0.0145,0.0033,0.009,0.0248,0.0248,winter
WY,Goshen,GOSHEN,0.0192,0.0002,0.0579,0.1603,0.1603,winter
WY,Hot Springs,HOT SPRINGS,0.0093,0.0002,0.0019,0.007,0.0093,fire
WY,Johnson,JOHNSON,0.0244,0.0002,0.1093,0.1753,0.1753,winter
WY,Laramie,LARAMIE,0.0186,0.0001,0.5092,0.3402,0.5092,wind
WY,Lincoln,LINCOLN,0.0073,0.0027,0.0191,0.1397,0.1397,winter
WY,Natrona,NATRONA,0.0255,0.0002,0.217,0.2001,0.217,wind
WY,Niobrara,NIOBRARA,0.0056,0.0,0.0207,0.1866,0.1866,winter
WY,Park,PARK,0.0112,0.0007,0.0155,0.2236,0.2236,winter
WY,Platte,PLATTE,0.0182,0.0001,0.4324,0.2542,0.4324,wind
WY,Sheridan,SHERIDAN,0.0103,0.0002,0.1026,0.223,0.223,winter
WY,Sublette,SUBLETTE,0.0057,0.0019,0.0063,0.0488,0.0488,winter
WY,Sweetwater,SWEETWATER,0.0099,0.0003,0.0838,0.1236,0.1236,winter
WY,Teton,TETON,0.0069,0.0038,0.0138,0.3169,0.3169,winter
WY,Uinta,UINTA,0.0039,0.0006,0.0316,0.0853,0.0853,winter
WY,Washakie,WASHAKIE,0.0122,0.0015,0.0032,0.0079,0.0122,fire
WY,Weston,WESTON,0.0237,0.0002,0.0448,0.2089,0.2089,winter
