state,county,county_id,fire_p,flood_p,wind_p,winter_p,max_p,max_hazard
AL,Autauga,AUTAUGA,0.0014,0.0105,0.1356,0.0033,0.1356,wind
AL,Baldwin,BALDWIN,0.0111,0.1129,0.1828,0.0,0.1828,wind
AL,Barbour,BARBOUR,0.0023,0.0024,0.1074,0.001,0.1074,wind
AL,Bibb,BIBB,0.0014,0.0054,0.1255,0.003,0.1255,wind
AL,Blount,BLOUNT,0.0023,0.0114,0.11,0.0056,0.11,wind
AL,Bullock,BULLOCK,0.002,0.0046,0.1183,0.003,0.1183,wind
AL,Butler,BUTLER,0.0017,0.0022,0.0946,0.0006,0.0946,wind
AL,Calhoun,CALHOUN,0.0045,0.0249,0.1192,0.0108,0.1192,wind
AL,Chambers,CHAMBERS,0.0017,0.0045,0.0343,0.017,0.0343,wind
AL,Cherokee,CHEROKEE,0.0032,0.0123,0.0592,0.0102,0.0592,wind
AL,Chilton,CHILTON,0.0014,0.0056,0.1192,0.0014,0.1192,wind
AL,Choctaw,CHOCTAW,0.0014,0.0022,0.1528,0.001,0.1528,wind
AL,Clarke,CLARKE,0.0018,0.006,0.1828,0.0068,0.1828,wind
AL,Clay,CLAY,0.0024,0.002,0.1479,0.0034,0.1479,wind
AL,Cleburne,CLEBURNE,0.0032,0.0157,0.0746,0.0072,0.0746,wind
AL,Coffee,COFFEE,0.0032,0.0042,0.0762,0.0001,0.0762,wind
AL,Colbert,COLBERT,0.0032,0.0448,0.2746,0.0068,0.2746,wind
AL,Conecuh,CONECUH,0.0019,0.0038,0.0946,0.0003,0.0946,wind
AL,Coosa,COOSA,0.001,0.0025,0.11,0.003,0.11,wind
AL,Covington,COVINGTON,0.0048,0.0046,0.1079,0.0,0.1079,wind
AL,Crenshaw,CRENSHAW,0.0023,0.0028,0.0592,0.0,0.0592,wind
AL,Cullman,CULLMAN,0.003,0.0123,0.1356,0.014,0.1356,wind
AL,Dale,DALE,0.0032,0.0024,0.0612,0.0,0.0612,wind
AL,Dallas,DALLAS,0.0034,0.007,0.0909,0.0021,0.0909,wind
AL,Dekalb,DEKALB,0.0032,0.0105,0.1653,0.02,0.1653,wind
AL,Elmore,ELMORE,0.001,0.0056,0.1676,0.0072,0.1676,wind
AL,Escambia,ESCAMBIA,0.0047,0.006,0.1255,0.0001,0.1255,wind
AL,Etowah,ETOWAH,0.001,0.0114,0.1015,0.0088,0.1015,wind
AL,Fayette,FAYETTE,0.001,0.0316,0.0679,0.0006,0.0679,wind
AL,Franklin,FRANKLIN,0.003,0.0658,0.1653,0.0056,0.1653,wind
AL,Geneva,GENEVA,0.0024,0.0024,0.0316,0.0,0.0316,wind
AL,Greene,GREENE,0.001,0.006,0.0762,0.001,0.0762,wind
AL,Hale,HALE,0.0019,0.0136,0.11,0.0011,0.11,wind
AL,Henry,HENRY,0.0018,0.0022,0.0418,0.0,0.0418,wind
AL,Houston,HOUSTON,0.0017,0.0054,0.0251,0.0,0.0251,wind
AL,Jackson,JACKSON,0.0014,0.0448,0.1449,0.034,0.1449,wind
AL,Jefferson,JEFFERSON,0.0047,0.0658,0.1231,0.0698,0.1231,wind
AL,Lamar,LAMAR,0.001,0.0479,0.0481,0.0003,0.0481,wind
AL,Lauderdale,LAUDERDALE,0.003,0.0316,0.2885,0.017,0.2885,wind
AL,Lawrence,LAWRENCE,0.0024,0.0361,0.2211,0.0056,0.2211,wind
AL,Lee,LEE,0.0045,0.0069,0.0762,0.0044,0.0762,wind
AL,Limestone,LIMESTONE,0.001,0.0212,0.342,0.0179,0.342,wind
AL,Lowndes,LOWNDES,0.0009,0.0039,0.0647,0.0006,0.0647,wind
AL,Macon,MACON,0.003,0.0022,0.1192,0.0068,0.1192,wind
AL,Madison,MADISON,0.003,0.0533,0.3235,0.0415,0.3235,wind
AL,Marengo,MARENGO,0.0024,0.0046,0.1015,0.0014,0.1015,wind
AL,Marion,MARION,0.001,0.0361,0.09,0.0017,0.09,wind
AL,Marshall,MARSHALL,0.0023,0.0056,0.1528,0.0154,0.1528,wind
AL,Mobile,MOBILE,0.0066,0.1129,0.1831,0.0002,0.1831,wind
AL,Monroe,MONROE,0.003,0.0105,0.1356,0.0017,0.1356,wind
AL,Montgomery,MONTGOMERY,0.0024,0.0128,0.1831,0.0917,0.1831,wind
AL,Morgan,MORGAN,0.0019,0.0316,0.2211,0.0108,0.2211,wind
AL,Perry,PERRY,0.001,0.0054,0.0878,0.0017,0.0878,wind
AL,Pickens,PICKENS,0.0014,0.0069,0.0762,0.001,0.0762,wind
AL,Pike,PIKE,0.0014,0.0059,0.0612,0.0006,0.0612,wind
AL,Randolph,RANDOLPH,0.001,0.0028,0.0817,0.0043,0.0817,wind
AL,Russell,RUSSELL,0.0034,0.0039,0.0979,0.0477,0.0979,wind
AL,Shelby,SHELBY,0.0032,0.0069,0.1653,0.0113,0.1653,wind
AL,St. Clair,ST. CLAIR,0.001,0.0533,0.1082,0.0088,0.1082,wind
AL,Sumter,SUMTER,0.003,0.0105,0.11,0.001,0.11,wind
AL,Talladega,TALLADEGA,0.0034,0.007,0.1293,0.0072,0.1293,wind
AL,Tallapoosa,TALLAPOOSA,0.0047,0.002,0.111,0.0088,0.111,wind
AL,Tuscaloosa,TUSCALOOSA,0.0061,0.0071,0.2015,0.0072,0.2015,wind
AL,Walker,WALKER,0.0032,0.0185,0.0829,0.0011,0.0829,wind
AL,Washington,WASHINGTON,0.0032,0.0123,0.1079,0.0014,0.1079,wind
AL,Wilcox,WILCOX,0.0032,0.0028,0.0668,0.001,0.0668,wind
AL,Winston,WINSTON,0.0018,0.0342,0.1116,0.001,0.1116,wind
AR,Arkansas,ARKANSAS,0.001,0.0448,0.1653,0.0002,0.1653,wind
AR,Ashley,ASHLEY,0.001,0.0533,0.1449,0.0002,0.1449,wind
AR,Baxter,BAXTER,0.0034,0.0533,0.1831,0.001,0.1831,wind
AR,Benton,BENTON,0.0032,0.0625,0.26,0.0,0.26,wind
AR,Boone,BOONE,0.0014,0.0316,0.2477,0.0008,0.2477,wind
AR,Bradley,BRADLEY,0.001,0.0479,0.2477,0.0001,0.2477,wind
AR,Calhoun,CALHOUN,0.001,0.0856,0.2195,0.0002,0.2195,wind
AR,Carroll,CARROLL,0.0045,0.0212,0.2195,0.0003,0.2195,wind
AR,Chicot,CHICOT,0.0001,0.0856,0.0797,0.0001,0.0856,flood
AR,Clark,CLARK,0.0047,0.0128,0.2477,0.0006,0.2477,wind
AR,Clay,CLAY,0.0003,0.0856,0.0829,0.0056,0.0856,flood
AR,Cleburne,CLEBURNE,0.0048,0.0625,0.2477,0.0006,0.2477,wind
AR,Cleveland,CLEVELAND,0.0006,0.0326,0.1797,0.0006,0.1797,wind
AR,Columbia,COLUMBIA,0.0014,0.0479,0.1831,0.0003,0.1831,wind
AR,Conway,CONWAY,0.0024,0.0249,0.35,0.0016,0.35,wind
AR,Craighead,CRAIGHEAD,0.001,0.1667,0.2031,0.0018,0.2031,wind
AR,Crawford,CRAWFORD,0.0032,0.0316,0.2477,0.0002,0.2477,wind
AR,Crittenden,CRITTENDEN,0.0003,0.0361,0.0782,0.001,0.0782,wind
AR,Cross,CROSS,0.0007,0.1129,0.0979,0.003,0.1129,flood
AR,Dallas,DALLAS,0.0017,0.0157,0.1831,0.0001,0.1831,wind
AR,Desha,DESHA,0.0007,0.0658,0.1528,0.0017,0.1528,wind
AR,Drew,DREW,0.001,0.0316,0.2477,0.0017,0.2477,wind
AR,Faulkner,FAULKNER,0.0032,0.0128,0.4342,0.0043,0.4342,wind
AR,Franklin,FRANKLIN,0.0024,0.0431,0.342,0.0003,0.342,wind
AR,Fulton,FULTON,0.0032,0.0326,0.111,0.0008,0.111,wind
AR,Garland,GARLAND,0.0032,0.0821,0.342,0.0017,0.342,wind
AR,Grant,GRANT,0.0055,0.0332,0.2031,0.0017,0.2031,wind
AR,Greene,GREENE,0.0003,0.0856,0.1354,0.0006,0.1354,wind
AR,Hempstead,HEMPSTEAD,0.0004,0.0448,0.2031,0.0002,0.2031,wind
AR,Hot Spring,HOT SPRING,0.001,0.0533,0.2031,0.0001,0.2031,wind
AR,Howard,HOWARD,0.0014,0.0185,0.2028,0.0017,0.2028,wind
AR,Independence,INDEPENDENCE,0.0034,0.0361,0.2195,0.0007,0.2195,wind
AR,Izard,IZARD,0.0055,0.0214,0.1653,0.0006,0.1653,wind
AR,Jackson,JACKSON,0.0006,0.0361,0.2015,0.0008,0.2015,wind
AR,Jefferson,JEFFERSON,0.0017,0.0533,0.3118,0.0006,0.3118,wind
AR,Johnson,JOHNSON,0.0039,0.0361,0.342,0.0017,0.342,wind
AR,Lafayette,LAFAYETTE,0.001,0.0431,0.1528,0.0002,0.1528,wind
AR,Lawrence,LAWRENCE,0.0034,0.0342,0.1449,0.0006,0.1449,wind
AR,Lee,LEE,0.0003,0.0533,0.0343,0.0,0.0533,flood
AR,Lincoln,LINCOLN,0.0007,0.0185,0.2031,0.001,0.2031,wind
AR,Little River,LITTLE RIVER,0.0003,0.0332,0.1911,0.001,0.1911,wind
AR,Logan,LOGAN,0.0047,0.0316,0.342,0.0047,0.342,wind
AR,Lonoke,LONOKE,0.0014,0.0316,0.35,0.0016,0.35,wind
AR,Madison,MADISON,0.0023,0.0448,0.2885,0.0006,0.2885,wind
AR,Marion,MARION,0.0019,0.0533,0.1998,0.0006,0.1998,wind
AR,Miller,MILLER,0.001,0.0185,0.2015,0.0006,0.2015,wind
AR,Mississippi,MISSISSIPPI,0.0001,0.0431,0.1528,0.0018,0.1528,wind
AR,Monroe,MONROE,0.001,0.0448,0.0801,0.0011,0.0801,wind
AR,Montgomery,MONTGOMERY,0.0032,0.0212,0.3118,0.0043,0.3118,wind
AR,Nevada,NEVADA,0.0007,0.0431,0.1356,0.0,0.1356,wind
AR,Newton,NEWTON,0.0045,0.0165,0.35,0.003,0.35,wind
AR,Ouachita,OUACHITA,0.0017,0.0533,0.2028,0.0006,0.2028,wind
AR,Perry,PERRY,0.0032,0.0212,0.35,0.0068,0.35,wind
AR,Phillips,PHILLIPS,0.001,0.0326,0.0316,0.001,0.0326,flood
AR,Pike,PIKE,0.001,0.0533,0.2746,0.0003,0.2746,wind
AR,Poinsett,POINSETT,0.0003,0.151,0.2195,0.003,0.2195,wind
AR,Polk,POLK,0.0006,0.0342,0.26,0.0017,0.26,wind
AR,Pope,POPE,0.0032,0.0316,0.4342,0.0068,0.4342,wind
AR,Prairie,PRAIRIE,0.0013,0.04,0.2031,0.0001,0.2031,wind
AR,Pulaski,PULASKI,0.0076,0.0316,0.3656,0.0044,0.3656,wind
AR,Randolph,RANDOLPH,0.0014,0.0479,0.0829,0.001,0.0829,wind
AR,Saline,SALINE,0.0032,0.0625,0.3147,0.0017,0.3147,wind
AR,Scott,SCOTT,0.0014,0.0448,0.2746,0.0011,0.2746,wind
AR,Searcy,SEARCY,0.0048,0.0212,0.26,0.0022,0.26,wind
AR,Sebastian,SEBASTIAN,0.0066,0.0361,0.2746,0.0,0.2746,wind
AR,Sevier,SEVIER,0.0001,0.0533,0.2031,0.0002,0.2031,wind
AR,Sharp,SHARP,0.003,0.0201,0.1079,0.0007,0.1079,wind
AR,St. Francis,ST. FRANCIS,0.001,0.1129,0.0592,0.0017,0.1129,flood
AR,Stone,STONE,0.0045,0.0316,0.2195,0.0018,0.2195,wind
AR,Union,UNION,0.0006,0.0881,0.1831,0.0,0.1831,wind
AR,Van Buren,VAN BUREN,0.0019,0.0361,0.3118,0.0006,0.3118,wind
AR,Washington,WASHINGTON,0.0034,0.1701,0.3235,0.0002,0.3235,wind
AR,White,WHITE,0.0017,0.0316,0.3228,0.0022,0.3228,wind
AR,Woodruff,WOODRUFF,0.0013,0.0114,0.1735,0.0006,0.1735,wind
AR,Yell,YELL,0.0045,0.0105,0.35,0.0072,0.35,wind
AZ,Apache,APACHE,0.0366,0.002,0.0316,0.0056,0.0366,fire
AZ,Cochise,COCHISE,0.0325,0.0123,0.0087,0.0044,0.0325,fire
AZ,Coconino,COCONINO,0.075,0.0019,0.0222,0.0056,0.075,fire
AZ,Gila,GILA,0.3068,0.0028,0.0118,0.0056,0.3068,fire
AZ,Graham,GRAHAM,0.0989,0.0024,0.0068,0.0033,0.0989,fire
AZ,Greenlee,GREENLEE,0.104,0.0046,0.0049,0.0102,0.104,fire
AZ,La Paz,LA PAZ,0.0707,0.0032,0.0068,0.0,0.0707,fire
AZ,Maricopa,MARICOPA,0.0273,0.0361,0.0285,0.0006,0.0361,flood
AZ,Mohave,MOHAVE,0.0598,0.0032,0.0251,0.0017,0.0598,fire
AZ,Navajo,NAVAJO,0.0509,0.0015,0.0285,0.0003,0.0509,fire
AZ,Pima,PIMA,0.0254,0.0105,0.017,0.0006,0.0254,fire
AZ,Pinal,PINAL,0.0209,0.0123,0.0126,0.0011,0.0209,fire
AZ,Santa Cruz,SANTA CRUZ,0.075,0.0105,0.0047,0.0031,0.075,fire
AZ,Yavapai,YAVAPAI,0.0707,0.0128,0.0189,0.0033,0.0707,fire
AZ,Yuma,YUMA,0.0209,0.0019,0.0057,0.0,0.0209,fire
CA,Alameda,ALAMEDA,0.0131,0.0028,0.0087,0.0068,0.0131,fire
CA,Alpine,ALPINE,0.0055,0.0004,0.039,0.0693,0.0693,winter
CA,Amador,AMADOR,0.0048,0.0039,0.0019,0.037,0.037,winter
CA,Butte,BUTTE,0.0091,0.0045,0.0032,0.0072,0.0091,fire
CA,Calaveras,CALAVERAS,0.0045,0.0028,0.0,0.0343,0.0343,winter
CA,Colusa,COLUSA,0.0048,0.0022,0.0061,0.0043,0.0061,wind
CA,Contra Costa,CONTRA COSTA,0.0061,0.001,0.0126,0.0113,0.0126,wind
CA,Del Norte,DEL NORTE,0.001,0.0011,0.0047,0.0026,0.0047,wind
CA,El Dorado,EL DORADO,0.0115,0.0105,0.0316,0.0785,0.0785,winter
CA,Fresno,FRESNO,0.0347,0.0349,0.0093,0.0017,0.0349,flood
CA,Glenn,GLENN,0.0023,0.006,0.0049,0.0056,0.006,flood
CA,Humboldt,HUMBOLDT,0.002,0.002,0.0049,0.0044,0.0049,wind
CA,Imperial,IMPERIAL,0.0061,0.0019,0.0049,0.0,0.0061,fire
CA,Inyo,INYO,0.0085,0.0128,0.1015,0.02,0.1015,wind
CA,Kern,KERN,0.02,0.0069,0.2746,0.037,0.2746,wind
CA,Kings,KINGS,0.0032,0.002,0.0083,0.0033,0.0083,wind
CA,Lake,LAKE,0.0165,0.0024,0.0316,0.0264,0.0316,wind
CA,Lassen,LASSEN,0.0111,0.0024,0.0979,0.0477,0.0979,wind
CA,Los Angeles,LOS ANGELES,0.0325,0.0128,0.0801,0.0033,0.0801,wind
CA,Madera,MADERA,0.0085,0.0105,0.0028,0.0006,0.0105,flood
CA,Marin,MARIN,0.0007,0.0071,0.0093,0.0033,0.0093,wind
CA,Mariposa,MARIPOSA,0.0085,0.006,0.0028,0.003,0.0085,fire
CA,Mendocino,MENDOCINO,0.0017,0.0042,0.0057,0.0088,0.0088,winter
CA,Merced,MERCED,0.0209,0.0042,0.0027,0.0006,0.0209,fire
CA,Modoc,MODOC,0.0061,0.001,0.0762,0.1573,0.1573,winter
CA,Mono,MONO,0.0066,0.0185,0.0909,0.0559,0.0909,wind
CA,Monterey,MONTEREY,0.0254,0.0105,0.0118,0.003,0.0254,fire
CA,Napa,NAPA,0.0034,0.0032,0.0037,0.0033,0.0037,wind
CA,Nevada,NEVADA,0.0111,0.0008,0.0534,0.1223,0.1223,winter
CA,Orange,ORANGE,0.0635,0.0128,0.0343,0.0002,0.0635,fire
CA,Placer,PLACER,0.0047,0.0136,0.0126,0.0679,0.0679,winter
CA,Plumas,PLUMAS,0.0168,0.0342,0.0746,0.0997,0.0997,winter
CA,Riverside,RIVERSIDE,0.3068,0.0316,0.1007,0.0047,0.3068,fire
CA,Sacramento,SACRAMENTO,0.0085,0.0019,0.0047,0.0354,0.0354,winter
CA,San Benito,SAN BENITO,0.0045,0.0032,0.0068,0.0047,0.0068,wind
CA,San Bernardino,SAN BERNARDINO,0.3172,0.0316,0.2477,0.0113,0.3172,fire
CA,San Diego,SAN DIEGO,0.0707,0.2599,0.0534,0.0017,0.2599,flood
CA,San Francisco,SAN FRANCISCO,0.001,0.002,0.0134,0.0031,0.0134,wind
CA,San Joaquin,SAN JOAQUIN,0.0048,0.0024,0.0028,0.0236,0.0236,winter
CA,San Luis Obispo,SAN LUIS OBISPO,0.0131,0.0042,0.0316,0.0017,0.0316,wind
CA,San Mateo,SAN MATEO,0.0032,0.0042,0.0154,0.0033,0.0154,wind
CA,Santa Barbara,SANTA BARBARA,0.0143,0.006,0.0513,0.0072,0.0513,wind
CA,Santa Clara,SANTA CLARA,0.0131,0.0032,0.0068,0.0056,0.0131,fire
CA,Santa Cruz,SANTA CRUZ,0.0061,0.0038,0.0126,0.003,0.0126,wind
CA,Shasta,SHASTA,0.0055,0.0025,0.0087,0.0386,0.0386,winter
CA,Sierra,SIERRA,0.0301,0.0006,0.2028,0.1949,0.2028,wind
CA,Siskiyou,SISKIYOU,0.0034,0.002,0.0612,0.1873,0.1873,winter
CA,Solano,SOLANO,0.0066,0.002,0.0028,0.0113,0.0113,winter
CA,Sonoma,SONOMA,0.003,0.0069,0.0118,0.0017,0.0118,wind
CA,Stanislaus,STANISLAUS,0.0066,0.0046,0.0019,0.0123,0.0123,winter
CA,Sutter,SUTTER,0.0004,0.0009,0.0019,0.0088,0.0088,winter
CA,Tehama,TEHAMA,0.0083,0.0105,0.0028,0.0141,0.0141,winter
CA,Trinity,TRINITY,0.0066,0.0011,0.0041,0.0123,0.0123,winter
CA,Tulare,TULARE,0.0347,0.0123,0.0762,0.0549,0.0762,wind
CA,Tuolumne,TUOLUMNE,0.0048,0.0022,0.0028,0.037,0.037,winter
CA,Ventura,VENTURA,0.0811,0.0046,0.0481,0.0047,0.0811,fire
CA,Yolo,YOLO,0.0045,0.0011,0.0028,0.0056,0.0056,winter
CA,Yuba,YUBA,0.0034,0.0046,0.0028,0.0108,0.0108,winter
CO,Adams,ADAMS,0.0034,0.0003,0.017,0.7696,0.7696,winter
CO,Alamosa,ALAMOSA,0.01,0.0008,0.0083,0.1227,0.1227,winter
CO,Arapahoe,ARAPAHOE,0.0047,0.0006,0.0167,0.6814,0.6814,winter
CO,Archuleta,ARCHULETA,0.0384,0.0005,0.0009,0.0033,0.0384,fire
CO,Baca,BACA,0.0048,0.0039,0.0434,0.2837,0.2837,winter
CO,Bent,BENT,0.0066,0.001,0.0316,0.3203,0.3203,winter
CO,Boulder,BOULDER,0.0055,0.0006,0.0762,0.7176,0.7176,winter
CO,Broomfield,BROOMFIELD,0.0045,0.0028,0.0316,0.5852,0.5852,winter
CO,Chaffee,CHAFFEE,0.0045,0.0015,0.0083,0.1734,0.1734,winter
CO,Cheyenne,CHEYENNE,0.002,0.001,0.0782,0.6695,0.6695,winter
CO,Clear Creek,CLEAR CREEK,0.0032,0.0028,0.0561,0.6959,0.6959,winter
CO,Conejos,CONEJOS,0.0083,0.0005,0.0019,0.0179,0.0179,winter
CO,Costilla,COSTILLA,0.0045,0.0009,0.0049,0.0044,0.0049,wind
CO,Crowley,CROWLEY,0.0091,0.0008,0.0239,0.435,0.435,winter
CO,Custer,CUSTER,0.0047,0.001,0.001,0.0017,0.0047,fire
CO,Delta,DELTA,0.0254,0.001,0.0019,0.0003,0.0254,fire
CO,Denver,DENVER,0.0023,0.0011,0.0191,0.5307,0.5307,winter
CO,Dolores,DOLORES,0.0507,0.0004,0.0083,0.5529,0.5529,winter
CO,Douglas,DOUGLAS,0.0045,0.0011,0.0534,0.7689,0.7689,winter
CO,Eagle,EAGLE,0.0066,0.0009,0.0009,0.0,0.0066,fire
CO,El Paso,EL PASO,0.0131,0.001,0.0393,0.7696,0.7696,winter
CO,Elbert,ELBERT,0.0045,0.001,0.0285,0.8499,0.8499,winter
CO,Fremont,FREMONT,0.0076,0.0008,0.0147,0.3258,0.3258,winter
CO,Garfield,GARFIELD,0.0507,0.0008,0.0014,0.0002,0.0507,fire
CO,Gilpin,GILPIN,0.0032,0.0011,0.0629,0.6643,0.6643,winter
CO,Grand,GRAND,0.0032,0.0019,0.0376,0.8441,0.8441,winter
CO,Gunnison,GUNNISON,0.0143,0.0006,0.0068,0.5202,0.5202,winter
CO,Hinsdale,HINSDALE,0.0037,0.0,0.0,0.0,0.0037,fire
CO,Huerfano,HUERFANO,0.0061,0.0002,0.0376,0.7375,0.7375,winter
CO,Jackson,JACKSON,0.0047,0.0009,0.0205,0.383,0.383,winter
CO,Jefferson,JEFFERSON,0.0055,0.001,0.0481,0.6948,0.6948,winter
CO,Kiowa,KIOWA,0.0047,0.001,0.0343,0.3726,0.3726,winter
CO,Kit Carson,KIT CARSON,0.001,0.0028,0.0592,0.8598,0.8598,winter
CO,La Plata,LA PLATA,0.0273,0.0019,0.0019,0.0002,0.0273,fire
CO,Lake,LAKE,0.0076,0.0008,0.0068,0.2837,0.2837,winter
CO,Larimer,LARIMER,0.0143,0.0069,0.0762,0.6637,0.6637,winter
CO,Las Animas,LAS ANIMAS,0.0066,0.0024,0.0454,0.6076,0.6076,winter
CO,Lincoln,LINCOLN,0.0007,0.002,0.0251,0.6637,0.6637,winter
CO,Logan,LOGAN,0.0047,0.0015,0.0762,0.6076,0.6076,winter
CO,Mesa,MESA,0.0509,0.001,0.0019,0.003,0.0509,fire
CO,Mineral,MINERAL,0.0039,0.0009,0.0,0.0003,0.0039,fire
CO,Moffat,MOFFAT,0.0254,0.0028,0.0009,0.001,0.0254,fire
CO,Montezuma,MONTEZUMA,0.075,0.002,0.0009,0.0,0.075,fire
CO,Montrose,MONTROSE,0.02,0.0002,0.0019,0.0003,0.02,fire
CO,Morgan,MORGAN,0.0045,0.0028,0.0316,0.5529,0.5529,winter
CO,Otero,OTERO,0.0111,0.0032,0.017,0.4726,0.4726,winter
CO,Ouray,OURAY,0.0209,0.0008,0.0,0.0001,0.0209,fire
CO,Park,PARK,0.0047,0.0004,0.0507,0.9229,0.9229,winter
CO,Phillips,PHILLIPS,0.001,0.0011,0.0418,0.2837,0.2837,winter
CO,Pitkin,PITKIN,0.0091,0.0014,0.0,0.0002,0.0091,fire
CO,Prowers,PROWERS,0.0076,0.0019,0.039,0.2526,0.2526,winter
CO,Pueblo,PUEBLO,0.0085,0.0022,0.0285,0.383,0.383,winter
CO,Rio Blanco,RIO BLANCO,0.0115,0.0011,0.0002,0.0003,0.0115,fire
CO,Rio Grande,RIO GRANDE,0.0108,0.0005,0.0028,0.1788,0.1788,winter
CO,Routt,ROUTT,0.0111,0.0011,0.0022,0.0006,0.0111,fire
CO,Saguache,SAGUACHE,0.0066,0.001,0.0028,0.1055,0.1055,winter
CO,San Juan,SAN JUAN,0.023,0.0001,0.0083,0.8232,0.8232,winter
CO,San Miguel,SAN MIGUEL,0.0301,0.0001,0.0002,0.0,0.0301,fire
CO,Sedgwick,SEDGWICK,0.0007,0.0011,0.037,0.2325,0.2325,winter
CO,Summit,SUMMIT,0.0032,0.0022,0.0481,0.3921,0.3921,winter
CO,Teller,TELLER,0.0066,0.0008,0.0285,0.4726,0.4726,winter
CO,Washington,WASHINGTON,0.0007,0.0038,0.0376,0.7176,0.7176,winter
CO,Weld,WELD,0.012,0.0006,0.0762,0.7311,0.7311,winter
CO,Yuma,YUMA,0.0055,0.0032,0.0592,0.7599,0.7599,winter
CT,Capitol,CAPITOL,0.0007,0.0038,0.1116,0.0179,0.1116,wind
CT,Greater Bridgeport,GREATER BRIDGEPORT,0.0007,0.0028,0.0239,0.0056,0.0239,wind
CT,Lower Connecticut River Valley,LOWER CONNECTICUT RIVER VALLEY,0.0004,0.0123,0.0134,0.0047,0.0134,wind
CT,Naugatuck Valley,NAUGATUCK VALLEY,0.0007,0.0128,0.0173,0.0056,0.0173,wind
CT,Northeastern Connecticut,NORTHEASTERN CONNECTICUT,0.0004,0.0361,0.1356,0.017,0.1356,wind
CT,Northwest Hills,NORTHWEST HILLS,0.0019,0.0105,0.2885,0.0774,0.2885,wind
CT,South Central Connecticut,SOUTH CENTRAL CONNECTICUT,0.0003,0.006,0.0134,0.0072,0.0134,wind
CT,Southeastern Connecticut,SOUTHEASTERN CONNECTICUT,0.001,0.0056,0.0604,0.0108,0.0604,wind
CT,Western Connecticut,WESTERN CONNECTICUT,0.0007,0.0114,0.2385,0.0581,0.2385,wind
DC,District Of Columbia,DISTRICT OF COLUMBIA,0.002,0.0028,0.0316,0.0303,0.0316,wind
DE,Kent,KENT,0.0111,0.0157,0.2659,0.0477,0.2659,wind
DE,New Castle,NEW CASTLE,0.0778,0.0039,0.3235,0.034,0.3235,wind
DE,Sussex,SUSSEX,0.0707,0.0105,0.3118,0.0291,0.3118,wind
FL,Alachua,ALACHUA,0.1783,0.002,0.039,0.0021,0.1783,fire
FL,Baker,BAKER,0.012,0.0032,0.0242,0.0,0.0242,wind
FL,Bay,BAY,0.0707,0.0185,0.0265,0.0,0.0707,fire
FL,Bradford,BRADFORD,0.0509,0.0028,0.0513,0.0006,0.0513,wind
FL,Brevard,BREVARD,0.0811,0.0123,0.3118,0.0017,0.3118,wind
FL,Broward,BROWARD,0.1818,0.007,0.26,0.0001,0.26,wind
FL,Calhoun,CALHOUN,0.0061,0.0045,0.0167,0.0,0.0167,wind
FL,Charlotte,CHARLOTTE,0.1818,0.0024,0.0829,0.0072,0.1818,fire
FL,Citrus,CITRUS,0.4272,0.0028,0.0104,0.0179,0.4272,fire
FL,Clay,CLAY,0.0707,0.0069,0.0629,0.0003,0.0707,fire
FL,Collier,COLLIER,0.343,0.0015,0.2449,0.0017,0.343,fire
FL,Columbia,COLUMBIA,0.0254,0.0019,0.0285,0.0001,0.0285,wind
FL,Desoto,DESOTO,0.1114,0.0038,0.0002,0.0,0.1114,fire
FL,Dixie,DIXIE,0.063,0.0056,0.0029,0.0017,0.063,fire
FL,Duval,DUVAL,0.0276,0.0212,0.1653,0.0044,0.1653,wind
FL,Escambia,ESCAMBIA,0.0301,0.0821,0.1831,0.0006,0.1831,wind
FL,Flagler,FLAGLER,0.1243,0.0054,0.1831,0.0072,0.1831,wind
FL,Franklin,FRANKLIN,0.0374,0.0038,0.0239,0.0002,0.0374,fire
FL,Gadsden,GADSDEN,0.0055,0.0039,0.0402,0.0001,0.0402,wind
FL,Gilchrist,GILCHRIST,0.0598,0.0038,0.0047,0.0001,0.0598,fire
FL,Glades,GLADES,0.3399,0.0019,0.1267,0.0036,0.3399,fire
FL,Gulf,GULF,0.0254,0.0165,0.0087,0.0002,0.0254,fire
FL,Hamilton,HAMILTON,0.0034,0.002,0.0205,0.0,0.0205,wind
FL,Hardee,HARDEE,0.0509,0.0028,0.0834,0.0056,0.0834,wind
FL,Hendry,HENDRY,0.425,0.0019,0.0612,0.0056,0.425,fire
FL,Hernando,HERNANDO,0.2047,0.0019,0.0179,0.037,0.2047,fire
FL,Highlands,HIGHLANDS,0.104,0.0042,0.1449,0.0056,0.1449,wind
FL,Hillsborough,HILLSBOROUGH,0.4842,0.0028,0.1653,0.0072,0.4842,fire
FL,Holmes,HOLMES,0.0018,0.0045,0.0222,0.0,0.0222,wind
FL,Indian River,INDIAN RIVER,0.1082,0.0165,0.1828,0.0003,0.1828,wind
FL,Jackson,JACKSON,0.0055,0.0054,0.0242,0.0003,0.0242,wind
FL,Jefferson,JEFFERSON,0.0047,0.0028,0.0285,0.0,0.0285,wind
FL,Lafayette,LAFAYETTE,0.0254,0.0038,0.0068,0.0003,0.0254,fire
FL,Lake,LAKE,0.0384,0.0045,0.0592,0.0001,0.0592,wind
FL,Lee,LEE,0.397,0.0128,0.0817,0.0001,0.397,fire
FL,Leon,LEON,0.0091,0.0056,0.0534,0.0002,0.0534,wind
FL,Levy,LEVY,0.1748,0.0028,0.0087,0.0679,0.1748,fire
FL,Liberty,LIBERTY,0.343,0.0045,0.0143,0.0,0.343,fire
FL,Madison,MADISON,0.0032,0.0028,0.0167,0.0001,0.0167,wind
FL,Manatee,MANATEE,0.2404,0.006,0.1255,0.0088,0.2404,fire
FL,Marion,MARION,0.2347,0.0019,0.0481,0.0006,0.2347,fire
FL,Martin,MARTIN,0.061,0.0105,0.1231,0.0006,0.1231,wind
FL,Miami-Dade,MIAMI-DADE,0.2047,0.0071,0.2195,0.0003,0.2195,wind
FL,Monroe,MONROE,0.0598,0.0073,0.1192,0.0014,0.1192,wind
FL,Nassau,NASSAU,0.02,0.002,0.0534,0.0003,0.0534,wind
FL,Okaloosa,OKALOOSA,0.0061,0.0212,0.1192,0.0001,0.1192,wind
FL,Okeechobee,OKEECHOBEE,0.1519,0.0042,0.0801,0.0017,0.1519,fire
FL,Orange,ORANGE,0.074,0.0042,0.2353,0.0006,0.2353,wind
FL,Osceola,OSCEOLA,0.0384,0.0069,0.2029,0.0006,0.2029,wind
FL,Palm Beach,PALM BEACH,0.2829,0.0028,0.342,0.0017,0.342,wind
FL,Pasco,PASCO,0.1276,0.0028,0.0191,0.0108,0.1276,fire
FL,Pinellas,PINELLAS,0.0617,0.0165,0.0422,0.0031,0.0617,fire
FL,Polk,POLK,0.1423,0.006,0.2885,0.0033,0.2885,wind
FL,Putnam,PUTNAM,0.1818,0.0039,0.1653,0.0021,0.1818,fire
FL,Santa Rosa,SANTA ROSA,0.0055,0.0533,0.1255,0.0,0.1255,wind
FL,Sarasota,SARASOTA,0.4842,0.0042,0.1356,0.0154,0.4842,fire
FL,Seminole,SEMINOLE,0.0366,0.0105,0.1356,0.0002,0.1356,wind
FL,St. Johns,ST. JOHNS,0.0811,0.0056,0.1356,0.001,0.1356,wind
FL,St. Lucie,ST. LUCIE,0.075,0.0105,0.1449,0.0001,0.1449,wind
FL,Sumter,SUMTER,0.1082,0.0024,0.0068,0.0108,0.1082,fire
FL,Suwannee,SUWANNEE,0.0083,0.0028,0.0154,0.0,0.0154,wind
FL,Taylor,TAYLOR,0.0325,0.0032,0.0154,0.0001,0.0325,fire
FL,Union,UNION,0.0374,0.0011,0.0205,0.0,0.0374,fire
FL,Volusia,VOLUSIA,0.1276,0.0165,0.2195,0.0014,0.2195,wind
FL,Wakulla,WAKULLA,0.0366,0.0856,0.0534,0.0001,0.0856,flood
FL,Walton,WALTON,0.0066,0.0856,0.039,0.0,0.0856,flood
FL,Washington,WASHINGTON,0.0047,0.0032,0.0191,0.0,0.0191,wind
GA,Appling,APPLING,0.001,0.0024,0.0285,0.0068,0.0285,wind
GA,Atkinson,ATKINSON,0.0034,0.0042,0.0083,0.0003,0.0083,wind
GA,Bacon,BACON,0.001,0.0028,0.0159,0.0008,0.0159,wind
GA,Baker,BAKER,0.0019,0.0045,0.0014,0.0022,0.0045,flood
GA,Baldwin,BALDWIN,0.0083,0.0019,0.0057,0.2837,0.2837,winter
GA,Banks,BANKS,0.0004,0.0019,0.037,0.166,0.166,winter
GA,Barrow,BARROW,0.002,0.0042,0.0291,0.1841,0.1841,winter
GA,Bartow,BARTOW,0.003,0.0056,0.0285,0.1949,0.1949,winter
GA,Ben Hill,BEN HILL,0.0014,0.0025,0.0083,0.0141,0.0141,winter
GA,Berrien,BERRIEN,0.0019,0.0046,0.0068,0.0003,0.0068,wind
GA,Bibb,BIBB,0.0034,0.0042,0.0343,0.1873,0.1873,winter
GA,Bleckley,BLECKLEY,0.0017,0.0039,0.0167,0.2194,0.2194,winter
GA,Brantley,BRANTLEY,0.0091,0.0012,0.0316,0.0,0.0316,wind
GA,Brooks,BROOKS,0.0048,0.0045,0.017,0.0017,0.017,wind
GA,Bryan,BRYAN,0.0034,0.0165,0.0979,0.0006,0.0979,wind
GA,Bulloch,BULLOCH,0.0018,0.0056,0.111,0.003,0.111,wind
GA,Burke,BURKE,0.0032,0.0019,0.0205,0.0014,0.0205,wind
GA,Butts,BUTTS,0.0034,0.002,0.0316,0.1564,0.1564,winter
GA,Calhoun,CALHOUN,0.002,0.0022,0.0022,0.0108,0.0108,winter
GA,Camden,CAMDEN,0.0066,0.0069,0.0612,0.0,0.0612,wind
GA,Candler,CANDLER,0.0017,0.0019,0.0679,0.0297,0.0679,wind
GA,Carroll,CARROLL,0.001,0.0069,0.037,0.1873,0.1873,winter
GA,Catoosa,CATOOSA,0.0024,0.0201,0.1797,0.1501,0.1797,wind
GA,Charlton,CHARLTON,0.0055,0.0025,0.0285,0.0,0.0285,wind
GA,Chatham,CHATHAM,0.0014,0.0123,0.1079,0.0,0.1079,wind
GA,Chattahoochee,CHATTAHOOCHEE,0.0055,0.001,0.0222,0.26,0.26,winter
GA,Chattooga,CHATTOOGA,0.0091,0.0157,0.039,0.1501,0.1501,winter
GA,Cherokee,CHEROKEE,0.0014,0.0039,0.0679,0.2325,0.2325,winter
GA,Clarke,CLARKE,0.0032,0.0019,0.0481,0.1573,0.1573,winter
GA,Clay,CLAY,0.0017,0.0039,0.0068,0.001,0.0068,wind
GA,Clayton,CLAYTON,0.0034,0.007,0.0103,0.1342,0.1342,winter
GA,Clinch,CLINCH,0.0076,0.0008,0.0191,0.0001,0.0191,wind
GA,Cobb,COBB,0.0014,0.007,0.0285,0.1949,0.1949,winter
GA,Coffee,COFFEE,0.003,0.0025,0.0118,0.0043,0.0118,wind
GA,Colquitt,COLQUITT,0.003,0.0069,0.0083,0.0003,0.0083,wind
GA,Columbia,COLUMBIA,0.0048,0.0022,0.0433,0.0056,0.0433,wind
GA,Cook,COOK,0.002,0.006,0.0126,0.0017,0.0126,wind
GA,Coweta,COWETA,0.0005,0.0028,0.039,0.226,0.226,winter
GA,Crawford,CRAWFORD,0.001,0.0028,0.0205,0.2325,0.2325,winter
GA,Crisp,CRISP,0.0007,0.0046,0.0154,0.187,0.187,winter
GA,Dade,DADE,0.0034,0.0361,0.1253,0.0785,0.1253,wind
GA,Dawson,DAWSON,0.0024,0.0046,0.0433,0.2837,0.2837,winter
GA,Decatur,DECATUR,0.0039,0.0069,0.0134,0.0056,0.0134,wind
GA,Dekalb,DEKALB,0.0037,0.0038,0.0,0.0,0.0038,flood
GA,Dodge,DODGE,0.0019,0.0022,0.0159,0.2074,0.2074,winter
GA,Dooly,DOOLY,0.0014,0.0042,0.0316,0.1998,0.1998,winter
GA,Dougherty,DOUGHERTY,0.0045,0.0046,0.0028,0.0008,0.0046,flood
GA,Douglas,DOUGLAS,0.0032,0.0105,0.0376,0.166,0.166,winter
GA,Early,EARLY,0.0047,0.0025,0.0093,0.0002,0.0093,wind
GA,Echols,ECHOLS,0.0034,0.001,0.0083,0.0,0.0083,wind
GA,Effingham,EFFINGHAM,0.0047,0.0025,0.065,0.0,0.065,wind
GA,Elbert,ELBERT,0.0032,0.0025,0.0762,0.0264,0.0762,wind
GA,Emanuel,EMANUEL,0.0032,0.0019,0.0083,0.26,0.26,winter
GA,Evans,EVANS,0.0023,0.0011,0.0668,0.0108,0.0668,wind
GA,Fannin,FANNIN,0.0108,0.0212,0.0782,0.34,0.34,winter
GA,Fayette,FAYETTE,0.0019,0.0028,0.0189,0.1342,0.1342,winter
GA,Floyd,FLOYD,0.0034,0.0123,0.0422,0.0917,0.0917,winter
GA,Forsyth,FORSYTH,0.0055,0.0025,0.0222,0.2721,0.2721,winter
GA,Franklin,FRANKLIN,0.0024,0.0022,0.1116,0.037,0.1116,wind
GA,Fulton,FULTON,0.0047,0.0046,0.0316,0.1873,0.1873,winter
GA,Gilmer,GILMER,0.0083,0.0128,0.0561,0.3258,0.3258,winter
GA,Glascock,GLASCOCK,0.0032,0.0019,0.0022,0.2624,0.2624,winter
GA,Glynn,GLYNN,0.0032,0.0185,0.0679,0.0002,0.0679,wind
GA,Gordon,GORDON,0.002,0.0042,0.1015,0.1998,0.1998,winter
GA,Grady,GRADY,0.0034,0.0042,0.0251,0.0,0.0251,wind
GA,Greene,GREENE,0.0032,0.0042,0.0083,0.3258,0.3258,winter
GA,Gwinnett,GWINNETT,0.0017,0.0038,0.0242,0.2681,0.2681,winter
GA,Habersham,HABERSHAM,0.003,0.0105,0.1301,0.0477,0.1301,wind
GA,Hall,HALL,0.0024,0.0069,0.0418,0.2721,0.2721,winter
GA,Hancock,HANCOCK,0.0024,0.0028,0.0028,0.3258,0.3258,winter
GA,Haralson,HARALSON,0.0017,0.0028,0.0418,0.166,0.166,winter
GA,Harris,HARRIS,0.0014,0.0028,0.0143,0.2526,0.2526,winter
GA,Hart,HART,0.0017,0.0039,0.0801,0.0141,0.0801,wind
GA,Heard,HEARD,0.001,0.002,0.0316,0.1501,0.1501,winter
GA,Henry,HENRY,0.0023,0.002,0.0191,0.1564,0.1564,winter
GA,Houston,HOUSTON,0.0034,0.007,0.0316,0.2336,0.2336,winter
GA,Irwin,IRWIN,0.0076,0.007,0.0049,0.0017,0.0076,fire
GA,Jackson,JACKSON,0.0017,0.0019,0.0422,0.2427,0.2427,winter
GA,Jasper,JASPER,0.0032,0.0024,0.0126,0.1223,0.1223,winter
GA,Jeff Davis,JEFF DAVIS,0.0023,0.0038,0.0083,0.0386,0.0386,winter
GA,Jefferson,JEFFERSON,0.0055,0.0019,0.0049,0.3258,0.3258,winter
GA,Jenkins,JENKINS,0.0018,0.0011,0.017,0.0068,0.017,wind
GA,Johnson,JOHNSON,0.0014,0.0014,0.0049,0.2943,0.2943,winter
GA,Jones,JONES,0.0045,0.0022,0.0154,0.2325,0.2325,winter
GA,Lamar,LAMAR,0.0023,0.002,0.0222,0.1873,0.1873,winter
GA,Lanier,LANIER,0.0034,0.0025,0.0126,0.0006,0.0126,wind
GA,Laurens,LAURENS,0.0045,0.0015,0.0083,0.3056,0.3056,winter
GA,Lee,LEE,0.002,0.0042,0.0037,0.001,0.0042,flood
GA,Liberty,LIBERTY,0.0045,0.0069,0.1251,0.0002,0.1251,wind
GA,Lincoln,LINCOLN,0.0034,0.001,0.0448,0.0033,0.0448,wind
GA,Long,LONG,0.0047,0.001,0.0647,0.0006,0.0647,wind
GA,Lowndes,LOWNDES,0.0061,0.0056,0.0393,0.0006,0.0393,wind
GA,Lumpkin,LUMPKIN,0.0055,0.007,0.0211,0.2943,0.2943,winter
GA,Macon,MACON,0.0032,0.002,0.0126,0.2507,0.2507,winter
GA,Madison,MADISON,0.0017,0.0022,0.0376,0.1234,0.1234,winter
GA,Marion,MARION,0.0017,0.002,0.0093,0.3056,0.3056,winter
GA,Mcduffie,MCDUFFIE,0.0034,0.0028,0.0093,0.037,0.037,winter
GA,Mcintosh,MCINTOSH,0.0024,0.007,0.0762,0.0002,0.0762,wind
GA,Meriwether,MERIWETHER,0.0017,0.002,0.0118,0.2526,0.2526,winter
GA,Miller,MILLER,0.0007,0.0039,0.0057,0.0056,0.0057,wind
GA,Mitchell,MITCHELL,0.0007,0.0056,0.0083,0.0006,0.0083,wind
GA,Monroe,MONROE,0.0023,0.0039,0.0376,0.1368,0.1368,winter
GA,Montgomery,MONTGOMERY,0.001,0.0011,0.0057,0.2681,0.2681,winter
GA,Morgan,MORGAN,0.003,0.0022,0.0263,0.1473,0.1473,winter
GA,Murray,MURRAY,0.0085,0.0172,0.1116,0.2943,0.2943,winter
GA,Muscogee,MUSCOGEE,0.0034,0.0056,0.039,0.2345,0.2345,winter
GA,Newton,NEWTON,0.0034,0.0028,0.0167,0.1342,0.1342,winter
GA,Oconee,OCONEE,0.0014,0.0014,0.0239,0.166,0.166,winter
GA,Oglethorpe,OGLETHORPE,0.003,0.0019,0.0251,0.2194,0.2194,winter
GA,Paulding,PAULDING,0.0007,0.0042,0.037,0.1949,0.1949,winter
GA,Peach,PEACH,0.0037,0.006,0.0143,0.2194,0.2194,winter
GA,Pickens,PICKENS,0.0014,0.0054,0.0418,0.2526,0.2526,winter
GA,Pierce,PIERCE,0.0032,0.0019,0.0143,0.0001,0.0143,wind
GA,Pike,PIKE,0.0007,0.0022,0.0158,0.2074,0.2074,winter
GA,Polk,POLK,0.0019,0.0069,0.0343,0.0997,0.0997,winter
GA,Pulaski,PULASKI,0.0032,0.0028,0.0154,0.226,0.226,winter
GA,Putnam,PUTNAM,0.0083,0.0015,0.0068,0.2275,0.2275,winter
GA,Quitman,QUITMAN,0.0032,0.0019,0.0087,0.0056,0.0087,wind
GA,Rabun,RABUN,0.0032,0.0361,0.1082,0.0236,0.1082,wind
GA,Randolph,RANDOLPH,0.0014,0.0025,0.0061,0.0108,0.0108,winter
GA,Richmond,RICHMOND,0.0076,0.0028,0.065,0.0011,0.065,wind
GA,Rockdale,ROCKDALE,0.0032,0.0042,0.0083,0.1227,0.1227,winter
GA,Schley,SCHLEY,0.0014,0.0019,0.0104,0.2526,0.2526,winter
GA,Screven,SCREVEN,0.001,0.0015,0.0402,0.0006,0.0402,wind
GA,Seminole,SEMINOLE,0.0034,0.0028,0.0068,0.0002,0.0068,wind
GA,Spalding,SPALDING,0.0032,0.0042,0.0239,0.1227,0.1227,winter
GA,Stephens,STEPHENS,0.0032,0.0019,0.09,0.0477,0.09,wind
GA,Stewart,STEWART,0.001,0.0019,0.0285,0.2563,0.2563,winter
GA,Sumter,SUMTER,0.0014,0.0042,0.0154,0.1572,0.1572,winter
GA,Talbot,TALBOT,0.001,0.0009,0.0083,0.3142,0.3142,winter
GA,Taliaferro,TALIAFERRO,0.0032,0.0028,0.0028,0.3398,0.3398,winter
GA,Tattnall,TATTNALL,0.0017,0.002,0.0762,0.0026,0.0762,wind
GA,Taylor,TAYLOR,0.0034,0.0039,0.0126,0.2325,0.2325,winter
GA,Telfair,TELFAIR,0.0023,0.002,0.0093,0.2507,0.2507,winter
GA,Terrell,TERRELL,0.0014,0.0032,0.0028,0.0322,0.0322,winter
GA,Thomas,THOMAS,0.0055,0.0105,0.0126,0.0,0.0126,wind
GA,Tift,TIFT,0.0019,0.0069,0.0041,0.0026,0.0069,flood
GA,Toombs,TOOMBS,0.0032,0.002,0.0104,0.2721,0.2721,winter
GA,Towns,TOWNS,0.0066,0.0533,0.0222,0.2194,0.2194,winter
GA,Treutlen,TREUTLEN,0.0019,0.0011,0.0041,0.3203,0.3203,winter
GA,Troup,TROUP,0.0032,0.0054,0.0167,0.1949,0.1949,winter
GA,Turner,TURNER,0.0006,0.0042,0.0049,0.0113,0.0113,winter
GA,Twiggs,TWIGGS,0.001,0.0019,0.0205,0.2943,0.2943,winter
GA,Union,UNION,0.0076,0.0342,0.0251,0.3398,0.3398,winter
GA,Upson,UPSON,0.0032,0.002,0.0126,0.2526,0.2526,winter
GA,Walker,WALKER,0.0034,0.1129,0.1255,0.1873,0.1873,winter
GA,Walton,WALTON,0.001,0.002,0.0143,0.1501,0.1501,winter
GA,Ware,WARE,0.0083,0.0022,0.0126,0.0003,0.0126,wind
GA,Warren,WARREN,0.0034,0.0022,0.0029,0.2943,0.2943,winter
GA,Washington,WASHINGTON,0.0034,0.002,0.0068,0.2837,0.2837,winter
GA,Wayne,WAYNE,0.0055,0.0028,0.0411,0.0006,0.0411,wind
GA,Webster,WEBSTER,0.0014,0.0019,0.0205,0.2364,0.2364,winter
GA,Wheeler,WHEELER,0.0023,0.001,0.0061,0.2721,0.2721,winter
GA,White,WHITE,0.0034,0.0185,0.0167,0.3004,0.3004,winter
GA,Whitfield,WHITFIELD,0.0032,0.0326,0.1653,0.2364,0.2364,winter
GA,Wilcox,WILCOX,0.0023,0.0028,0.0189,0.2194,0.2194,winter
GA,Wilkes,WILKES,0.0047,0.0022,0.0093,0.2837,0.2837,winter
GA,Wilkinson,WILKINSON,0.0034,0.0009,0.0045,0.3258,0.3258,winter
GA,Worth,WORTH,0.0014,0.006,0.0049,0.0056,0.006,flood
IA,Adair,ADAIR,0.0003,0.0856,0.1356,0.0,0.1356,wind
IA,Adams,ADAMS,0.0001,0.1129,0.0801,0.0,0.1129,flood
IA,Allamakee,ALLAMAKEE,0.0037,0.0658,0.1356,0.001,0.1356,wind
IA,Appanoose,APPANOOSE,0.0003,0.0821,0.1356,0.0006,0.1356,wind
IA,Audubon,AUDUBON,0.0001,0.0658,0.1082,0.0,0.1082,wind
IA,Benton,BENTON,0.0032,0.0165,0.2885,0.0044,0.2885,wind
IA,Black Hawk,BLACK HAWK,0.001,0.0658,0.2677,0.0056,0.2677,wind
IA,Boone,BOONE,0.0019,0.0479,0.2015,0.0011,0.2015,wind
IA,Bremer,BREMER,0.0048,0.0326,0.1653,0.0017,0.1653,wind
IA,Buchanan,BUCHANAN,0.001,0.0105,0.3118,0.0088,0.3118,wind
IA,Buena Vista,BUENA VISTA,0.0045,0.007,0.1231,0.0011,0.1231,wind
IA,Butler,BUTLER,0.0032,0.2599,0.2211,0.0072,0.2599,flood
IA,Calhoun,CALHOUN,0.001,0.1701,0.2477,0.0017,0.2477,wind
IA,Carroll,CARROLL,0.0017,0.0821,0.2028,0.0006,0.2028,wind
IA,Cass,CASS,0.0001,0.0479,0.1116,0.0,0.1116,wind
IA,Cedar,CEDAR,0.0004,0.0342,0.2195,0.0088,0.2195,wind
IA,Cerro Gordo,CERRO GORDO,0.0014,0.0658,0.1653,0.0068,0.1653,wind
IA,Cherokee,CHEROKEE,0.0017,0.04,0.0983,0.0017,0.0983,wind
IA,Chickasaw,CHICKASAW,0.0023,0.0201,0.1255,0.0017,0.1255,wind
IA,Clarke,CLARKE,0.0004,0.0856,0.0979,0.0,0.0979,wind
IA,Clay,CLAY,0.0061,0.0157,0.1015,0.0022,0.1015,wind
IA,Clayton,CLAYTON,0.0023,0.0533,0.1356,0.0011,0.1356,wind
IA,Clinton,CLINTON,0.0007,0.0361,0.2477,0.0179,0.2477,wind
IA,Crawford,CRAWFORD,0.0003,0.0165,0.11,0.0,0.11,wind
IA,Dallas,DALLAS,0.0019,0.0212,0.203,0.0006,0.203,wind
IA,Davis,DAVIS,0.0004,0.0856,0.1082,0.001,0.1082,wind
IA,Decatur,DECATUR,0.0001,0.0856,0.1015,0.0003,0.1015,wind
IA,Delaware,DELAWARE,0.0006,0.0448,0.26,0.0068,0.26,wind
IA,Des Moines,DES MOINES,0.0017,0.0316,0.2885,0.0386,0.2885,wind
IA,Dickinson,DICKINSON,0.0048,0.0105,0.1192,0.0056,0.1192,wind
IA,Dubuque,DUBUQUE,0.0017,0.0856,0.2211,0.0043,0.2211,wind
IA,Emmet,EMMET,0.0032,0.1701,0.1528,0.0048,0.1701,flood
IA,Fayette,FAYETTE,0.0017,0.0658,0.1479,0.0022,0.1479,wind
IA,Floyd,FLOYD,0.0037,0.0479,0.1037,0.003,0.1037,wind
IA,Franklin,FRANKLIN,0.001,0.146,0.1797,0.0056,0.1797,wind
IA,Fremont,FREMONT,0.0006,0.0448,0.0497,0.0,0.0497,wind
IA,Greene,GREENE,0.0034,0.0332,0.1301,0.0017,0.1301,wind
IA,Grundy,GRUNDY,0.0006,0.1667,0.2885,0.0072,0.2885,wind
IA,Guthrie,GUTHRIE,0.0007,0.0533,0.1356,0.0003,0.1356,wind
IA,Hamilton,HAMILTON,0.0018,0.0533,0.26,0.0035,0.26,wind
IA,Hancock,HANCOCK,0.0055,0.0533,0.1449,0.0033,0.1449,wind
IA,Hardin,HARDIN,0.0055,0.0361,0.3147,0.0056,0.3147,wind
IA,Harrison,HARRISON,0.0014,0.0448,0.1079,0.0003,0.1079,wind
IA,Henry,HENRY,0.0003,0.0361,0.2383,0.0141,0.2383,wind
IA,Howard,HOWARD,0.0045,0.0479,0.1253,0.0014,0.1253,wind
IA,Humboldt,HUMBOLDT,0.0017,0.0446,0.1797,0.0033,0.1797,wind
IA,Ida,IDA,0.0001,0.0128,0.0561,0.0,0.0561,wind
IA,Iowa,IOWA,0.001,0.0821,0.2742,0.0033,0.2742,wind
IA,Jackson,JACKSON,0.001,0.0533,0.2195,0.0141,0.2195,wind
IA,Jasper,JASPER,0.0007,0.2599,0.2385,0.0006,0.2599,flood
IA,Jefferson,JEFFERSON,0.0004,0.0431,0.1231,0.0056,0.1231,wind
IA,Johnson,JOHNSON,0.0013,0.0856,0.3147,0.0088,0.3147,wind
IA,Jones,JONES,0.0007,0.0658,0.2746,0.0102,0.2746,wind
IA,Keokuk,KEOKUK,0.0001,0.0165,0.2031,0.0083,0.2031,wind
IA,Kossuth,KOSSUTH,0.0034,0.2115,0.1739,0.0044,0.2115,flood
IA,Lee,LEE,0.0017,0.0658,0.1831,0.001,0.1831,wind
IA,Linn,LINN,0.0024,0.0361,0.3147,0.0108,0.3147,wind
IA,Louisa,LOUISA,0.0013,0.0128,0.2195,0.02,0.2195,wind
IA,Lucas,LUCAS,0.0006,0.2599,0.1356,0.0002,0.2599,flood
IA,Lyon,LYON,0.0032,0.0157,0.09,0.0088,0.09,wind
IA,Madison,MADISON,0.001,0.0821,0.1116,0.0,0.1116,wind
IA,Mahaska,MAHASKA,0.0001,0.0448,0.2496,0.0017,0.2496,wind
IA,Marion,MARION,0.0003,0.0856,0.26,0.0006,0.26,wind
IA,Marshall,MARSHALL,0.0007,0.0821,0.342,0.0036,0.342,wind
IA,Mills,MILLS,0.0014,0.0479,0.0669,0.0001,0.0669,wind
IA,Mitchell,MITCHELL,0.0032,0.0748,0.0946,0.0017,0.0946,wind
IA,Monona,MONONA,0.001,0.0212,0.0679,0.0001,0.0679,wind
IA,Monroe,MONROE,0.0004,0.0856,0.1356,0.0017,0.1356,wind
IA,Montgomery,MONTGOMERY,0.0007,0.04,0.0534,0.0,0.0534,wind
IA,Muscatine,MUSCATINE,0.001,0.0212,0.2746,0.014,0.2746,wind
IA,O'Brien,O'BRIEN,0.0047,0.0046,0.1082,0.0033,0.1082,wind
IA,Osceola,OSCEOLA,0.0055,0.0069,0.0679,0.0083,0.0679,wind
IA,Page,PAGE,0.0001,0.0625,0.0561,0.0,0.0625,flood
IA,Palo Alto,PALO ALTO,0.0045,0.1129,0.1528,0.0017,0.1528,wind
IA,Plymouth,PLYMOUTH,0.0045,0.0123,0.1079,0.001,0.1079,wind
IA,Pocahontas,POCAHONTAS,0.0024,0.2088,0.1653,0.0015,0.2088,flood
IA,Polk,POLK,0.0048,0.0342,0.2477,0.001,0.2477,wind
IA,Pottawattamie,POTTAWATTAMIE,0.0055,0.0361,0.1231,0.0006,0.1231,wind
IA,Poweshiek,POWESHIEK,0.0013,0.1129,0.2885,0.0034,0.2885,wind
IA,Ringgold,RINGGOLD,0.0001,0.0856,0.1015,0.0002,0.1015,wind
IA,Sac,SAC,0.0017,0.0533,0.0762,0.0,0.0762,wind
IA,Scott,SCOTT,0.0048,0.0361,0.2659,0.0305,0.2659,wind
IA,Shelby,SHELBY,0.0001,0.0212,0.0871,0.0,0.0871,wind
IA,Sioux,SIOUX,0.0047,0.0185,0.1192,0.0043,0.1192,wind
IA,Story,STORY,0.0017,0.1595,0.3235,0.0011,0.3235,wind
IA,Tama,TAMA,0.0034,0.1129,0.2659,0.0033,0.2659,wind
IA,Taylor,TAYLOR,0.0001,0.1412,0.0679,0.0003,0.1412,flood
IA,Union,UNION,0.0003,0.151,0.11,0.0,0.151,flood
IA,Van Buren,VAN BUREN,0.0014,0.0212,0.1449,0.01,0.1449,wind
IA,Wapello,WAPELLO,0.0013,0.0533,0.2477,0.0043,0.2477,wind
IA,Warren,WARREN,0.001,0.1412,0.1449,0.0,0.1449,wind
IA,Washington,WASHINGTON,0.0001,0.0165,0.2885,0.0123,0.2885,wind
IA,Wayne,WAYNE,0.0001,0.1701,0.0979,0.0,0.1701,flood
IA,Webster,WEBSTER,0.0024,0.0479,0.2659,0.0022,0.2659,wind
IA,Winnebago,WINNEBAGO,0.0047,0.151,0.1356,0.0033,0.151,flood
IA,Winneshiek,WINNESHIEK,0.0031,0.0821,0.1356,0.0043,0.1356,wind
IA,Woodbury,WOODBURY,0.0061,0.0316,0.1356,0.001,0.1356,wind
IA,Worth,WORTH,0.0034,0.151,0.0979,0.0022,0.151,flood
IA,Wright,WRIGHT,0.0017,0.0342,0.2211,0.0043,0.2211,wind
ID,Ada,ADA,0.0131,0.0316,0.0291,0.0011,0.0316,flood
ID,Adams,ADAMS,0.0066,0.0028,0.0083,0.0003,0.0083,wind
ID,Bannock,BANNOCK,0.0209,0.0054,0.0561,0.0002,0.0561,wind
ID,Bear Lake,BEAR LAKE,0.01,0.0024,0.0118,0.0102,0.0118,wind
ID,Benewah,BENEWAH,0.0032,0.0316,0.0341,0.1091,0.1091,winter
ID,Bingham,BINGHAM,0.02,0.0022,0.0592,0.0,0.0592,wind
ID,Blaine,BLAINE,0.0131,0.0059,0.0782,0.0043,0.0782,wind
ID,Boise,BOISE,0.0131,0.0042,0.0251,0.0477,0.0477,winter
ID,Bonner,BONNER,0.0007,0.0128,0.0316,0.1203,0.1203,winter
ID,Bonneville,BONNEVILLE,0.0131,0.0046,0.0167,0.0,0.0167,wind
ID,Boundary,BOUNDARY,0.0004,0.0533,0.0418,0.1227,0.1227,winter
ID,Butte,BUTTE,0.0151,0.0028,0.0762,0.0006,0.0762,wind
ID,Camas,CAMAS,0.0083,0.002,0.0265,0.0154,0.0265,wind
ID,Canyon,CANYON,0.0083,0.006,0.0316,0.0179,0.0316,wind
ID,Caribou,CARIBOU,0.012,0.002,0.0143,0.0665,0.0665,winter
ID,Cassia,CASSIA,0.0061,0.0045,0.0839,0.0154,0.0839,wind
ID,Clark,CLARK,0.0131,0.0046,0.0118,0.0001,0.0131,fire
ID,Clearwater,CLEARWATER,0.0017,0.0105,0.0341,0.0477,0.0477,winter
ID,Custer,CUSTER,0.02,0.0025,0.0285,0.0,0.0285,wind
ID,Elmore,ELMORE,0.0168,0.0105,0.0481,0.0017,0.0481,wind
ID,Franklin,FRANKLIN,0.0066,0.0028,0.0126,0.0017,0.0126,wind
ID,Fremont,FREMONT,0.0131,0.0105,0.0154,0.0,0.0154,wind
ID,Gem,GEM,0.0085,0.0059,0.0087,0.0006,0.0087,wind
ID,Gooding,GOODING,0.0384,0.0038,0.0513,0.0014,0.0513,wind
ID,Idaho,IDAHO,0.001,0.0361,0.051,0.0102,0.051,wind
ID,Jefferson,JEFFERSON,0.0055,0.0123,0.0434,0.0,0.0434,wind
ID,Jerome,JEROME,0.0091,0.0201,0.1356,0.0017,0.1356,wind
ID,Kootenai,KOOTENAI,0.001,0.0201,0.0481,0.1227,0.1227,winter
ID,Latah,LATAH,0.0007,0.0316,0.039,0.0868,0.0868,winter
ID,Lemhi,LEMHI,0.0115,0.0042,0.0782,0.0477,0.0782,wind
ID,Lewis,LEWIS,0.0014,0.0073,0.0239,0.0236,0.0239,wind
ID,Lincoln,LINCOLN,0.0347,0.002,0.0497,0.0017,0.0497,wind
ID,Madison,MADISON,0.0066,0.0128,0.0061,0.0,0.0128,flood
ID,Minidoka,MINIDOKA,0.0045,0.0009,0.0762,0.0014,0.0762,wind
ID,Nez Perce,NEZ PERCE,0.0024,0.0316,0.037,0.0343,0.037,wind
ID,Oneida,ONEIDA,0.0085,0.002,0.0242,0.0033,0.0242,wind
ID,Owyhee,OWYHEE,0.0131,0.0019,0.0418,0.0314,0.0418,wind
ID,Payette,PAYETTE,0.0066,0.0105,0.0093,0.0,0.0105,flood
ID,Power,POWER,0.0143,0.001,0.0497,0.0006,0.0497,wind
ID,Shoshone,SHOSHONE,0.0014,0.0165,0.0316,0.1342,0.1342,winter
ID,Teton,TETON,0.0115,0.0128,0.0047,0.0006,0.0128,flood
ID,Twin Falls,TWIN FALLS,0.0509,0.0012,0.11,0.0868,0.11,wind
ID,Valley,VALLEY,0.0034,0.0022,0.0539,0.0236,0.0539,wind
ID,Washington,WASHINGTON,0.0111,0.0123,0.0093,0.0001,0.0123,flood
IL,Adams,ADAMS,0.0006,0.0069,0.1231,0.0072,0.1231,wind
IL,Alexander,ALEXANDER,0.0091,0.0533,0.1015,0.0154,0.1015,wind
IL,Bond,BOND,0.0003,0.0157,0.1356,0.0088,0.1356,wind
IL,Boone,BOONE,0.0006,0.0212,0.2211,0.0123,0.2211,wind
IL,Brown,BROWN,0.0023,0.0069,0.0612,0.0044,0.0612,wind
IL,Bureau,BUREAU,0.0007,0.0105,0.2195,0.0303,0.2195,wind
IL,Calhoun,CALHOUN,0.0066,0.0214,0.0592,0.0072,0.0592,wind
IL,Carroll,CARROLL,0.0017,0.0821,0.2028,0.0141,0.2028,wind
IL,Cass,CASS,0.0014,0.0165,0.0909,0.0014,0.0909,wind
IL,Champaign,CHAMPAIGN,0.0013,0.0105,0.35,0.0088,0.35,wind
IL,Christian,CHRISTIAN,0.0001,0.0165,0.3235,0.0072,0.3235,wind
IL,Clark,CLARK,0.001,0.0316,0.2015,0.0014,0.2015,wind
IL,Clay,CLAY,0.0001,0.0249,0.2659,0.0056,0.2659,wind
IL,Clinton,CLINTON,0.0007,0.0105,0.1116,0.0072,0.1116,wind
IL,Coles,COLES,0.0007,0.0123,0.2037,0.0033,0.2037,wind
IL,Cook,COOK,0.0045,0.0479,0.3235,0.0413,0.3235,wind
IL,Crawford,CRAWFORD,0.0007,0.0157,0.2885,0.0044,0.2885,wind
IL,Cumberland,CUMBERLAND,0.0003,0.0165,0.2351,0.003,0.2351,wind
IL,De Witt,DE WITT,0.0001,0.0042,0.3118,0.0113,0.3118,wind
IL,Dekalb,DEKALB,0.0014,0.007,0.0,0.0,0.007,flood
IL,Douglas,DOUGLAS,0.0001,0.0046,0.1831,0.0033,0.1831,wind
IL,Dupage,DUPAGE,0.001,0.0212,0.0,0.0,0.0212,flood
IL,Edgar,EDGAR,0.0006,0.007,0.1653,0.0031,0.1653,wind
IL,Edwards,EDWARDS,0.001,0.0448,0.2195,0.0305,0.2195,wind
IL,Effingham,EFFINGHAM,0.0007,0.0128,0.342,0.0088,0.342,wind
IL,Fayette,FAYETTE,0.0006,0.0201,0.2885,0.0123,0.2885,wind
IL,Ford,FORD,0.0001,0.0212,0.2031,0.0044,0.2031,wind
IL,Franklin,FRANKLIN,0.0023,0.0448,0.093,0.0997,0.0997,winter
IL,Fulton,FULTON,0.0007,0.0249,0.1479,0.001,0.1479,wind
IL,Gallatin,GALLATIN,0.0007,0.0361,0.1079,0.047,0.1079,wind
IL,Greene,GREENE,0.0055,0.0105,0.0782,0.0072,0.0782,wind
IL,Grundy,GRUNDY,0.0023,0.0128,0.2659,0.062,0.2659,wind
IL,Hamilton,HAMILTON,0.0003,0.0431,0.1082,0.0477,0.1082,wind
IL,Hancock,HANCOCK,0.001,0.0249,0.1676,0.0236,0.1676,wind
IL,Hardin,HARDIN,0.0055,0.0856,0.11,0.0556,0.11,wind
IL,Henderson,HENDERSON,0.0003,0.0533,0.1356,0.0303,0.1356,wind
IL,Henry,HENRY,0.0001,0.0533,0.26,0.0354,0.26,wind
IL,Iroquois,IROQUOIS,0.0001,0.0069,0.3118,0.0102,0.3118,wind
IL,Jackson,JACKSON,0.0061,0.0332,0.1255,0.0698,0.1255,wind
IL,Jasper,JASPER,0.0001,0.006,0.2659,0.0056,0.2659,wind
IL,Jefferson,JEFFERSON,0.0017,0.0332,0.111,0.0798,0.111,wind
IL,Jersey,JERSEY,0.0037,0.0212,0.0762,0.0088,0.0762,wind
IL,Jo Daviess,JO DAVIESS,0.0014,0.0856,0.3118,0.017,0.3118,wind
IL,Johnson,JOHNSON,0.0066,0.0361,0.1079,0.1055,0.1079,wind
IL,Kane,KANE,0.0037,0.0212,0.26,0.0639,0.26,wind
IL,Kankakee,KANKAKEE,0.0006,0.0128,0.2885,0.0123,0.2885,wind
IL,Kendall,KENDALL,0.001,0.0039,0.1528,0.0679,0.1528,wind
IL,Knox,KNOX,0.0003,0.0316,0.2195,0.0088,0.2195,wind
IL,Lake,LAKE,0.0045,0.151,0.342,0.037,0.342,wind
IL,Lasalle,LASALLE,0.0007,0.0128,0.0,0.0,0.0128,flood
IL,Lawrence,LAWRENCE,0.0023,0.0342,0.2477,0.0034,0.2477,wind
IL,Lee,LEE,0.0007,0.0549,0.1528,0.0001,0.1528,wind
IL,Livingston,LIVINGSTON,0.0001,0.007,0.2659,0.0303,0.2659,wind
IL,Logan,LOGAN,0.0001,0.0038,0.3235,0.0123,0.3235,wind
IL,Macon,MACON,0.001,0.0056,0.342,0.0088,0.342,wind
IL,Macoupin,MACOUPIN,0.0007,0.0105,0.0979,0.0088,0.0979,wind
IL,Madison,MADISON,0.001,0.0316,0.1828,0.0088,0.1828,wind
IL,Marion,MARION,0.0007,0.0157,0.2659,0.0154,0.2659,wind
IL,Marshall,MARSHALL,0.0018,0.0185,0.1653,0.0102,0.1653,wind
IL,Mason,MASON,0.001,0.0071,0.1921,0.0017,0.1921,wind
IL,Massac,MASSAC,0.0048,0.0533,0.1479,0.0679,0.1479,wind
IL,Mcdonough,MCDONOUGH,0.0007,0.0185,0.1797,0.02,0.1797,wind
IL,Mchenry,MCHENRY,0.001,0.0316,0.3118,0.02,0.3118,wind
IL,Mclean,MCLEAN,0.0014,0.0128,0.35,0.0141,0.35,wind
IL,Menard,MENARD,0.0001,0.0054,0.1449,0.0026,0.1449,wind
IL,Mercer,MERCER,0.0004,0.0479,0.3118,0.0343,0.3118,wind
IL,Monroe,MONROE,0.0017,0.0201,0.0979,0.0006,0.0979,wind
IL,Montgomery,MONTGOMERY,0.0003,0.0128,0.2195,0.0108,0.2195,wind
IL,Morgan,MORGAN,0.0003,0.0105,0.1082,0.0033,0.1082,wind
IL,Moultrie,MOULTRIE,0.001,0.006,0.2195,0.0056,0.2195,wind
IL,Ogle,OGLE,0.001,0.0448,0.2477,0.0108,0.2477,wind
IL,Peoria,PEORIA,0.0007,0.0533,0.26,0.0068,0.26,wind
IL,Perry,PERRY,0.001,0.0533,0.1192,0.0917,0.1192,wind
IL,Piatt,PIATT,0.0003,0.0038,0.2885,0.0068,0.2885,wind
IL,Pike,PIKE,0.0006,0.0042,0.0782,0.0033,0.0782,wind
IL,Pope,POPE,0.0066,0.0448,0.0979,0.1091,0.1091,winter
IL,Pulaski,PULASKI,0.0047,0.0479,0.1074,0.0427,0.1074,wind
IL,Putnam,PUTNAM,0.0014,0.0448,0.1479,0.034,0.1479,wind
IL,Randolph,RANDOLPH,0.001,0.0332,0.0762,0.0014,0.0762,wind
IL,Richland,RICHLAND,0.0001,0.007,0.2031,0.0083,0.2031,wind
IL,Rock Island,ROCK ISLAND,0.0014,0.0533,0.26,0.0123,0.26,wind
IL,Saline,SALINE,0.0083,0.0361,0.1231,0.062,0.1231,wind
IL,Sangamon,SANGAMON,0.0003,0.0128,0.3118,0.0108,0.3118,wind
IL,Schuyler,SCHUYLER,0.0007,0.0332,0.0809,0.0017,0.0809,wind
IL,Scott,SCOTT,0.0003,0.007,0.0647,0.0033,0.0647,wind
IL,Shelby,SHELBY,0.0007,0.0071,0.2885,0.0056,0.2885,wind
IL,St. Clair,ST. CLAIR,0.001,0.0342,0.1356,0.0072,0.1356,wind
IL,Stark,STARK,0.001,0.0123,0.1449,0.0123,0.1449,wind
IL,Stephenson,STEPHENSON,0.0007,0.0212,0.2885,0.0141,0.2885,wind
IL,Tazewell,TAZEWELL,0.0032,0.0201,0.342,0.0088,0.342,wind
IL,Union,UNION,0.0048,0.0479,0.0679,0.062,0.0679,wind
IL,Vermilion,VERMILION,0.0007,0.0157,0.2659,0.0056,0.2659,wind
IL,Wabash,WABASH,0.0001,0.0212,0.2659,0.0179,0.2659,wind
IL,Warren,WARREN,0.0006,0.04,0.1494,0.0264,0.1494,wind
IL,Washington,WASHINGTON,0.0007,0.0212,0.0909,0.0088,0.0909,wind
IL,Wayne,WAYNE,0.0006,0.0123,0.1465,0.0556,0.1465,wind
IL,White,WHITE,0.0001,0.04,0.1479,0.037,0.1479,wind
IL,Whiteside,WHITESIDE,0.003,0.0332,0.2031,0.02,0.2031,wind
IL,Will,WILL,0.0083,0.0361,0.3147,0.1342,0.3147,wind
IL,Williamson,WILLIAMSON,0.0061,0.0448,0.111,0.1055,0.111,wind
IL,Winnebago,WINNEBAGO,0.0024,0.0856,0.3118,0.017,0.3118,wind
IL,Woodford,WOODFORD,0.0007,0.0165,0.2477,0.014,0.2477,wind
IN,Adams,ADAMS,0.0001,0.0059,0.0592,0.0036,0.0592,wind
IN,Allen,ALLEN,0.0001,0.0123,0.0979,0.003,0.0979,wind
IN,Bartholomew,BARTHOLOMEW,0.0019,0.0165,0.2477,0.0022,0.2477,wind
IN,Benton,BENTON,0.0006,0.0069,0.1356,0.003,0.1356,wind
IN,Blackford,BLACKFORD,0.0004,0.0123,0.1211,0.0012,0.1211,wind
IN,Boone,BOONE,0.0006,0.0157,0.1831,0.0017,0.1831,wind
IN,Brown,BROWN,0.0032,0.0625,0.2195,0.0003,0.2195,wind
IN,Carroll,CARROLL,0.0023,0.0157,0.1479,0.001,0.1479,wind
IN,Cass,CASS,0.0001,0.0071,0.0839,0.0017,0.0839,wind
IN,Clark,CLARK,0.0047,0.0201,0.2609,0.0033,0.2609,wind
IN,Clay,CLAY,0.001,0.0185,0.2364,0.0043,0.2364,wind
IN,Clinton,CLINTON,0.0003,0.0249,0.1653,0.001,0.1653,wind
IN,Crawford,CRAWFORD,0.0007,0.151,0.3118,0.0002,0.3118,wind
IN,Daviess,DAVIESS,0.0006,0.1277,0.3118,0.0033,0.3118,wind
IN,Dearborn,DEARBORN,0.0006,0.0361,0.0871,0.0001,0.0871,wind
IN,Decatur,DECATUR,0.0006,0.0123,0.2477,0.0017,0.2477,wind
IN,Dekalb,DEKALB,0.0007,0.0105,0.0,0.0,0.0105,flood
IN,Delaware,DELAWARE,0.001,0.0123,0.2031,0.0017,0.2031,wind
IN,Dubois,DUBOIS,0.0083,0.0212,0.3118,0.003,0.3118,wind
IN,Elkhart,ELKHART,0.0004,0.0157,0.1653,0.0003,0.1653,wind
IN,Fayette,FAYETTE,0.0006,0.0157,0.1528,0.0017,0.1528,wind
IN,Floyd,FLOYD,0.0032,0.0128,0.2211,0.0017,0.2211,wind
IN,Fountain,FOUNTAIN,0.001,0.0165,0.2031,0.0033,0.2031,wind
IN,Franklin,FRANKLIN,0.0032,0.0201,0.0871,0.001,0.0871,wind
IN,Fulton,FULTON,0.0003,0.0316,0.0839,0.0011,0.0839,wind
IN,Gibson,GIBSON,0.0017,0.0316,0.26,0.0154,0.26,wind
IN,Grant,GRANT,0.0003,0.0212,0.1231,0.0006,0.1231,wind
IN,Greene,GREENE,0.0017,0.0332,0.3411,0.0033,0.3411,wind
IN,Hamilton,HAMILTON,0.0001,0.0114,0.2477,0.0021,0.2477,wind
IN,Hancock,HANCOCK,0.0017,0.0105,0.26,0.0021,0.26,wind
IN,Harrison,HARRISON,0.0024,0.0212,0.2885,0.0026,0.2885,wind
IN,Hendricks,HENDRICKS,0.001,0.0201,0.2746,0.0033,0.2746,wind
IN,Henry,HENRY,0.0001,0.0212,0.2028,0.0011,0.2028,wind
IN,Howard,HOWARD,0.001,0.0123,0.1356,0.001,0.1356,wind
IN,Huntington,HUNTINGTON,0.0003,0.0105,0.1828,0.0017,0.1828,wind
IN,Jackson,JACKSON,0.0032,0.0821,0.3118,0.0026,0.3118,wind
IN,Jasper,JASPER,0.0001,0.007,0.1356,0.0044,0.1356,wind
IN,Jay,JAY,0.0001,0.0157,0.0534,0.0,0.0534,wind
IN,Jefferson,JEFFERSON,0.0047,0.0185,0.1653,0.0017,0.1653,wind
IN,Jennings,JENNINGS,0.0013,0.0533,0.2031,0.0026,0.2031,wind
IN,Johnson,JOHNSON,0.0023,0.0128,0.2885,0.0014,0.2885,wind
IN,Knox,KNOX,0.0003,0.0856,0.3235,0.0017,0.3235,wind
IN,Kosciusko,KOSCIUSKO,0.0032,0.0123,0.1192,0.001,0.1192,wind
IN,Lagrange,LAGRANGE,0.0006,0.0448,0.0979,0.0,0.0979,wind
IN,Lake,LAKE,0.0076,0.0249,0.26,0.0123,0.26,wind
IN,Laporte,LAPORTE,0.001,0.0316,0.0,0.0,0.0316,flood
IN,Lawrence,LAWRENCE,0.003,0.1412,0.342,0.0035,0.342,wind
IN,Madison,MADISON,0.0001,0.0105,0.2031,0.0017,0.2031,wind
IN,Marion,MARION,0.0006,0.0157,0.3118,0.0056,0.3118,wind
IN,Marshall,MARSHALL,0.0001,0.0069,0.1231,0.0017,0.1231,wind
IN,Martin,MARTIN,0.001,0.0201,0.2211,0.0017,0.2211,wind
IN,Miami,MIAMI,0.0001,0.0105,0.1158,0.0026,0.1158,wind
IN,Monroe,MONROE,0.0037,0.0533,0.26,0.0002,0.26,wind
IN,Montgomery,MONTGOMERY,0.001,0.0136,0.2351,0.003,0.2351,wind
IN,Morgan,MORGAN,0.003,0.0212,0.26,0.0033,0.26,wind
IN,Newton,NEWTON,0.001,0.0316,0.1653,0.0056,0.1653,wind
IN,Noble,NOBLE,0.0006,0.0105,0.1356,0.0001,0.1356,wind
IN,Ohio,OHIO,0.0013,0.0212,0.0534,0.0,0.0534,wind
IN,Orange,ORANGE,0.0032,0.0165,0.2659,0.0017,0.2659,wind
IN,Owen,OWEN,0.0006,0.0479,0.3118,0.0056,0.3118,wind
IN,Parke,PARKE,0.0047,0.0201,0.2195,0.0026,0.2195,wind
IN,Perry,PERRY,0.001,0.0448,0.2195,0.0011,0.2195,wind
IN,Pike,PIKE,0.0037,0.0316,0.2381,0.0108,0.2381,wind
IN,Porter,PORTER,0.0019,0.0201,0.1653,0.0068,0.1653,wind
IN,Posey,POSEY,0.001,0.0479,0.1911,0.0141,0.1911,wind
IN,Pulaski,PULASKI,0.0001,0.0128,0.1015,0.001,0.1015,wind
IN,Putnam,PUTNAM,0.0017,0.0185,0.2746,0.003,0.2746,wind
IN,Randolph,RANDOLPH,0.0003,0.0165,0.1676,0.0011,0.1676,wind
IN,Ripley,RIPLEY,0.001,0.0316,0.1449,0.0006,0.1449,wind
IN,Rush,RUSH,0.0003,0.0128,0.2195,0.0021,0.2195,wind
IN,Scott,SCOTT,0.0032,0.0105,0.2195,0.0033,0.2195,wind
IN,Shelby,SHELBY,0.0003,0.0128,0.26,0.0022,0.26,wind
IN,Spencer,SPENCER,0.0019,0.0533,0.2351,0.017,0.2351,wind
IN,St. Joseph,ST. JOSEPH,0.001,0.0316,0.1528,0.0009,0.1528,wind
IN,Starke,STARKE,0.0003,0.0157,0.0909,0.0014,0.0909,wind
IN,Steuben,STEUBEN,0.0003,0.0185,0.0958,0.0017,0.0958,wind
IN,Sullivan,SULLIVAN,0.0032,0.0185,0.2195,0.003,0.2195,wind
IN,Switzerland,SWITZERLAND,0.0007,0.0201,0.0762,0.0002,0.0762,wind
IN,Tippecanoe,TIPPECANOE,0.0006,0.0326,0.26,0.0034,0.26,wind
IN,Tipton,TIPTON,0.0004,0.0059,0.1653,0.0006,0.1653,wind
IN,Union,UNION,0.001,0.0185,0.1356,0.0011,0.1356,wind
IN,Vanderburgh,VANDERBURGH,0.003,0.0856,0.3118,0.0123,0.3118,wind
IN,Vermillion,VERMILLION,0.0014,0.0212,0.1828,0.0033,0.1828,wind
IN,Vigo,VIGO,0.0045,0.0249,0.2015,0.0047,0.2015,wind
IN,Wabash,WABASH,0.0006,0.0105,0.1015,0.001,0.1015,wind
IN,Warren,WARREN,0.0003,0.0332,0.1828,0.0044,0.1828,wind
IN,Warrick,WARRICK,0.0061,0.0856,0.2195,0.0088,0.2195,wind
IN,Washington,WASHINGTON,0.003,0.0448,0.2746,0.0043,0.2746,wind
IN,Wayne,WAYNE,0.0014,0.0157,0.2195,0.003,0.2195,wind
IN,Wells,WELLS,0.0001,0.007,0.0534,0.001,0.0534,wind
IN,White,WHITE,0.0004,0.0046,0.1653,0.003,0.1653,wind
IN,Whitley,WHITLEY,0.0001,0.0185,0.0979,0.0001,0.0979,wind
KS,Allen,ALLEN,0.0001,0.0136,0.1356,0.0014,0.1356,wind
KS,Anderson,ANDERSON,0.001,0.0157,0.1479,0.0017,0.1479,wind
KS,Atchison,ATCHISON,0.0006,0.0069,0.0561,0.0022,0.0561,wind
KS,Barber,BARBER,0.001,0.0342,0.1653,0.0043,0.1653,wind
KS,Barton,BARTON,0.0003,0.0658,0.1253,0.0043,0.1253,wind
KS,Bourbon,BOURBON,0.0007,0.0172,0.1528,0.0006,0.1528,wind
KS,Brown,BROWN,0.0003,0.0342,0.09,0.0006,0.09,wind
KS,Butler,BUTLER,0.0066,0.0185,0.2746,0.0006,0.2746,wind
KS,Chase,CHASE,0.0024,0.0128,0.1449,0.0002,0.1449,wind
KS,Chautauqua,CHAUTAUQUA,0.0004,0.0128,0.1828,0.001,0.1828,wind
KS,Cherokee,CHEROKEE,0.0032,0.0165,0.2477,0.0006,0.2477,wind
KS,Cheyenne,CHEYENNE,0.0014,0.0057,0.1449,0.2837,0.2837,winter
KS,Clark,CLARK,0.0006,0.0342,0.0679,0.0179,0.0679,wind
KS,Clay,CLAY,0.0003,0.0448,0.0809,0.0011,0.0809,wind
KS,Cloud,CLOUD,0.0003,0.0071,0.1082,0.0006,0.1082,wind
KS,Coffey,COFFEY,0.0023,0.007,0.2351,0.0033,0.2351,wind
KS,Comanche,COMANCHE,0.0019,0.0431,0.0762,0.0113,0.0762,wind
KS,Cowley,COWLEY,0.0019,0.0361,0.2195,0.0006,0.2195,wind
KS,Crawford,CRAWFORD,0.0001,0.0332,0.1831,0.0001,0.1831,wind
KS,Decatur,DECATUR,0.001,0.0069,0.1449,0.0088,0.1449,wind
KS,Dickinson,DICKINSON,0.0034,0.0431,0.1116,0.001,0.1116,wind
KS,Doniphan,DONIPHAN,0.0004,0.0185,0.0534,0.0011,0.0534,wind
KS,Douglas,DOUGLAS,0.0003,0.0105,0.1911,0.0017,0.1911,wind
KS,Edwards,EDWARDS,0.0001,0.0748,0.0979,0.0141,0.0979,wind
KS,Elk,ELK,0.0006,0.0185,0.0809,0.0,0.0809,wind
KS,Ellis,ELLIS,0.0004,0.0856,0.0979,0.0056,0.0979,wind
KS,Ellsworth,ELLSWORTH,0.0003,0.0361,0.0892,0.0014,0.0892,wind
KS,Finney,FINNEY,0.0006,0.0625,0.1449,0.1227,0.1449,wind
KS,Ford,FORD,0.0007,0.0479,0.1653,0.034,0.1653,wind
KS,Franklin,FRANKLIN,0.0001,0.006,0.2195,0.0006,0.2195,wind
KS,Geary,GEARY,0.0037,0.0342,0.11,0.0003,0.11,wind
KS,Gove,GOVE,0.0001,0.0069,0.1079,0.037,0.1079,wind
KS,Graham,GRAHAM,0.0003,0.0201,0.1015,0.006,0.1015,wind
KS,Grant,GRANT,0.0004,0.0123,0.0762,0.0598,0.0762,wind
KS,Gray,GRAY,0.0001,0.0856,0.1253,0.0679,0.1253,wind
KS,Greeley,GREELEY,0.0006,0.0069,0.0746,0.2194,0.2194,winter
KS,Greenwood,GREENWOOD,0.0024,0.0123,0.1863,0.0006,0.1863,wind
KS,Hamilton,HAMILTON,0.0014,0.0214,0.0909,0.187,0.187,winter
KS,Harper,HARPER,0.0047,0.0249,0.1449,0.0015,0.1449,wind
KS,Harvey,HARVEY,0.003,0.0105,0.1231,0.0017,0.1231,wind
KS,Haskell,HASKELL,0.0001,0.0249,0.0592,0.0798,0.0798,winter
KS,Hodgeman,HODGEMAN,0.0006,0.2088,0.1079,0.0236,0.2088,flood
KS,Jackson,JACKSON,0.001,0.0165,0.1095,0.0008,0.1095,wind
KS,Jefferson,JEFFERSON,0.0007,0.0212,0.1479,0.001,0.1479,wind
KS,Jewell,JEWELL,0.0003,0.0165,0.0834,0.0011,0.0834,wind
KS,Johnson,JOHNSON,0.0006,0.0105,0.1479,0.0017,0.1479,wind
KS,Kearny,KEARNY,0.0006,0.0069,0.0782,0.0868,0.0868,winter
KS,Kingman,KINGMAN,0.0061,0.0157,0.1231,0.0031,0.1231,wind
KS,Kiowa,KIOWA,0.0003,0.0658,0.0762,0.014,0.0762,wind
KS,Labette,LABETTE,0.0004,0.0201,0.2395,0.0011,0.2395,wind
KS,Lane,LANE,0.0003,0.0123,0.0746,0.0785,0.0785,winter
KS,Leavenworth,LEAVENWORTH,0.0014,0.0114,0.1528,0.0008,0.1528,wind
KS,Lincoln,LINCOLN,0.0001,0.0856,0.1015,0.0016,0.1015,wind
KS,Linn,LINN,0.0032,0.0128,0.1192,0.0006,0.1192,wind
KS,Logan,LOGAN,0.0003,0.0128,0.1112,0.1572,0.1572,winter
KS,Lyon,LYON,0.0032,0.0105,0.2477,0.0011,0.2477,wind
KS,Marion,MARION,0.0066,0.0165,0.1449,0.001,0.1449,wind
KS,Marshall,MARSHALL,0.0003,0.0361,0.1015,0.0006,0.1015,wind
KS,Mcpherson,MCPHERSON,0.0003,0.0316,0.1449,0.0043,0.1449,wind
KS,Meade,MEADE,0.0003,0.0316,0.0592,0.0305,0.0592,wind
KS,Miami,MIAMI,0.0006,0.0157,0.11,0.0006,0.11,wind
KS,Mitchell,MITCHELL,0.0001,0.0448,0.0839,0.0011,0.0839,wind
KS,Montgomery,MONTGOMERY,0.0013,0.0212,0.2211,0.0007,0.2211,wind
KS,Morris,MORRIS,0.0019,0.0212,0.1116,0.0003,0.1116,wind
KS,Morton,MORTON,0.0032,0.0128,0.0762,0.1873,0.1873,winter
KS,Nemaha,NEMAHA,0.0003,0.0165,0.09,0.0006,0.09,wind
KS,Neosho,NEOSHO,0.0001,0.0316,0.1449,0.0001,0.1449,wind
KS,Ness,NESS,0.0001,0.0212,0.0801,0.0236,0.0801,wind
KS,Norton,NORTON,0.0006,0.0212,0.11,0.0047,0.11,wind
KS,Osage,OSAGE,0.0006,0.0136,0.2031,0.001,0.2031,wind
KS,Osborne,OSBORNE,0.0001,0.0658,0.0762,0.0017,0.0762,wind
KS,Ottawa,OTTAWA,0.0004,0.0212,0.0782,0.0008,0.0782,wind
KS,Pawnee,PAWNEE,0.0001,0.0856,0.0834,0.0123,0.0856,flood
KS,Phillips,PHILLIPS,0.001,0.0533,0.09,0.004,0.09,wind
KS,Pottawatomie,POTTAWATOMIE,0.001,0.0533,0.1231,0.0003,0.1231,wind
KS,Pratt,PRATT,0.0032,0.0821,0.0909,0.0088,0.0909,wind
KS,Rawlins,RAWLINS,0.001,0.0123,0.1528,0.1223,0.1528,wind
KS,Reno,RENO,0.0111,0.0533,0.1797,0.0056,0.1797,wind
KS,Republic,REPUBLIC,0.0001,0.0212,0.1082,0.0003,0.1082,wind
KS,Rice,RICE,0.0019,0.0316,0.1231,0.0033,0.1231,wind
KS,Riley,RILEY,0.001,0.0533,0.1394,0.0003,0.1394,wind
KS,Rooks,ROOKS,0.0003,0.0658,0.065,0.0033,0.0658,flood
KS,Rush,RUSH,0.0003,0.0856,0.0679,0.0088,0.0856,flood
KS,Russell,RUSSELL,0.0007,0.0533,0.1192,0.0017,0.1192,wind
KS,Saline,SALINE,0.0003,0.0533,0.1192,0.0014,0.1192,wind
KS,Scott,SCOTT,0.0001,0.0069,0.0909,0.0734,0.0909,wind
KS,Sedgwick,SEDGWICK,0.0076,0.0342,0.26,0.0011,0.26,wind
KS,Seward,SEWARD,0.0007,0.0549,0.0762,0.0477,0.0762,wind
KS,Shawnee,SHAWNEE,0.001,0.0128,0.2015,0.0006,0.2015,wind
KS,Sheridan,SHERIDAN,0.0003,0.0069,0.0946,0.0154,0.0946,wind
KS,Sherman,SHERMAN,0.0006,0.0069,0.1653,0.2721,0.2721,winter
KS,Smith,SMITH,0.001,0.0533,0.0713,0.0021,0.0713,wind
KS,Stafford,STAFFORD,0.001,0.0533,0.0909,0.0068,0.0909,wind
KS,Stanton,STANTON,0.0014,0.0057,0.0762,0.1998,0.1998,winter
KS,Stevens,STEVENS,0.0004,0.0128,0.0575,0.0598,0.0598,winter
KS,Sumner,SUMNER,0.003,0.0105,0.2195,0.001,0.2195,wind
KS,Thomas,THOMAS,0.0006,0.0042,0.1115,0.0997,0.1115,wind
KS,Trego,TREGO,0.0001,0.0128,0.0679,0.0123,0.0679,wind
KS,Wabaunsee,WABAUNSEE,0.001,0.0201,0.1356,0.0002,0.1356,wind
KS,Wallace,WALLACE,0.0004,0.0123,0.1015,0.2943,0.2943,winter
KS,Washington,WASHINGTON,0.0007,0.0431,0.11,0.0006,0.11,wind
KS,Wichita,WICHITA,0.0006,0.0046,0.0746,0.1261,0.1261,winter
KS,Wilson,WILSON,0.0005,0.0201,0.1356,0.0006,0.1356,wind
KS,Woodson,WOODSON,0.0006,0.0249,0.1082,0.0002,0.1082,wind
KS,Wyandotte,WYANDOTTE,0.0019,0.0361,0.065,0.0014,0.065,wind
KY,Adair,ADAIR,0.0024,0.0316,0.1797,0.0006,0.1797,wind
KY,Allen,ALLEN,0.002,0.0326,0.1231,0.0,0.1231,wind
KY,Anderson,ANDERSON,0.0083,0.006,0.1831,0.0003,0.1831,wind
KY,Ballard,BALLARD,0.0061,0.0533,0.1653,0.0285,0.1653,wind
KY,Barren,BARREN,0.0017,0.0249,0.2885,0.0006,0.2885,wind
KY,Bath,BATH,0.0047,0.0249,0.2659,0.0088,0.2659,wind
KY,Bell,BELL,0.0111,0.0332,0.1267,0.02,0.1267,wind
KY,Boone,BOONE,0.0007,0.0479,0.139,0.001,0.139,wind
KY,Bourbon,BOURBON,0.0006,0.0212,0.2746,0.0006,0.2746,wind
KY,Boyd,BOYD,0.0019,0.1129,0.1653,0.1573,0.1653,wind
KY,Boyle,BOYLE,0.0047,0.0185,0.1356,0.0001,0.1356,wind
KY,Bracken,BRACKEN,0.0013,0.0114,0.1831,0.0006,0.1831,wind
KY,Breathitt,BREATHITT,0.0034,0.0185,0.342,0.0108,0.342,wind
KY,Breckinridge,BRECKINRIDGE,0.0055,0.0533,0.2477,0.0003,0.2477,wind
KY,Bullitt,BULLITT,0.0034,0.0249,0.2481,0.0014,0.2481,wind
KY,Butler,BUTLER,0.0018,0.0533,0.11,0.0,0.11,wind
KY,Caldwell,CALDWELL,0.0091,0.0332,0.1192,0.034,0.1192,wind
KY,Calloway,CALLOWAY,0.0034,0.0361,0.26,0.0179,0.26,wind
KY,Campbell,CAMPBELL,0.0006,0.0316,0.2195,0.0006,0.2195,wind
KY,Carlisle,CARLISLE,0.0034,0.0625,0.1449,0.0113,0.1449,wind
KY,Carroll,CARROLL,0.0061,0.0249,0.0909,0.0003,0.0909,wind
KY,Carter,CARTER,0.001,0.0856,0.1828,0.1572,0.1828,wind
KY,Casey,CASEY,0.0023,0.0185,0.1911,0.0001,0.1911,wind
KY,Christian,CHRISTIAN,0.0085,0.1595,0.1797,0.0141,0.1797,wind
KY,Clark,CLARK,0.0006,0.0039,0.2477,0.0003,0.2477,wind
KY,Clay,CLAY,0.0045,0.0448,0.2659,0.0264,0.2659,wind
KY,Clinton,CLINTON,0.0032,0.0316,0.1479,0.0,0.1479,wind
KY,Crittenden,CRITTENDEN,0.0024,0.0533,0.11,0.0329,0.11,wind
KY,Cumberland,CUMBERLAND,0.0032,0.0185,0.1911,0.0,0.1911,wind
KY,Daviess,DAVIESS,0.0032,0.1351,0.2211,0.0179,0.2211,wind
KY,Edmonson,EDMONSON,0.0014,0.0533,0.1356,0.0,0.1356,wind
KY,Elliott,ELLIOTT,0.0014,0.0533,0.1528,0.0296,0.1528,wind
KY,Estill,ESTILL,0.0066,0.0249,0.3118,0.0088,0.3118,wind
KY,Fayette,FAYETTE,0.001,0.0479,0.2999,0.0011,0.2999,wind
KY,Fleming,FLEMING,0.0017,0.0316,0.2477,0.0088,0.2477,wind
KY,Floyd,FLOYD,0.0017,0.0479,0.2477,0.0477,0.2477,wind
KY,Franklin,FRANKLIN,0.0034,0.0361,0.2031,0.0003,0.2031,wind
KY,Fulton,FULTON,0.0013,0.0533,0.1528,0.0123,0.1528,wind
KY,Gallatin,GALLATIN,0.0045,0.0316,0.0592,0.0006,0.0592,wind
KY,Garrard,GARRARD,0.0076,0.0123,0.1653,0.001,0.1653,wind
KY,Grant,GRANT,0.001,0.0123,0.1479,0.0001,0.1479,wind
KY,Graves,GRAVES,0.0023,0.0856,0.2195,0.0108,0.2195,wind
KY,Grayson,GRAYSON,0.0014,0.0856,0.2028,0.0,0.2028,wind
KY,Green,GREEN,0.001,0.0212,0.1653,0.0,0.1653,wind
KY,Greenup,GREENUP,0.0055,0.0128,0.1831,0.1501,0.1831,wind
KY,Hancock,HANCOCK,0.0024,0.0128,0.2028,0.0002,0.2028,wind
KY,Hardin,HARDIN,0.0055,0.04,0.2477,0.001,0.2477,wind
KY,Harlan,HARLAN,0.0091,0.0342,0.0762,0.047,0.0762,wind
KY,Harrison,HARRISON,0.0007,0.0136,0.2015,0.0001,0.2015,wind
KY,Hart,HART,0.0032,0.0431,0.1831,0.0002,0.1831,wind
KY,Henderson,HENDERSON,0.0032,0.0856,0.2028,0.014,0.2028,wind
KY,Henry,HENRY,0.0032,0.0249,0.1828,0.0001,0.1828,wind
KY,Hickman,HICKMAN,0.0032,0.0212,0.1528,0.0141,0.1528,wind
KY,Hopkins,HOPKINS,0.0168,0.0856,0.1356,0.0154,0.1356,wind
KY,Jackson,JACKSON,0.0024,0.0625,0.2885,0.0108,0.2885,wind
KY,Jefferson,JEFFERSON,0.0032,0.0856,0.35,0.0033,0.35,wind
KY,Jessamine,JESSAMINE,0.001,0.0123,0.2015,0.0002,0.2015,wind
KY,Johnson,JOHNSON,0.0018,0.007,0.1831,0.0291,0.1831,wind
KY,Kenton,KENTON,0.0004,0.0185,0.1653,0.0011,0.1653,wind
KY,Knott,KNOTT,0.0032,0.0157,0.0909,0.0088,0.0909,wind
KY,Knox,KNOX,0.0055,0.0533,0.2211,0.0154,0.2211,wind
KY,Larue,LARUE,0.0023,0.0316,0.1911,0.0001,0.1911,wind
KY,Laurel,LAUREL,0.0036,0.0105,0.26,0.0162,0.26,wind
KY,Lawrence,LAWRENCE,0.0066,0.0533,0.1253,0.1501,0.1501,winter
KY,Lee,LEE,0.0045,0.0212,0.2659,0.0007,0.2659,wind
KY,Leslie,LESLIE,0.0066,0.0342,0.1273,0.0581,0.1273,wind
KY,Letcher,LETCHER,0.0061,0.0316,0.0979,0.0253,0.0979,wind
KY,Lewis,LEWIS,0.003,0.0123,0.2028,0.0108,0.2028,wind
KY,Lincoln,LINCOLN,0.0032,0.0165,0.1449,0.0001,0.1449,wind
KY,Livingston,LIVINGSTON,0.0055,0.0448,0.1255,0.0354,0.1255,wind
KY,Logan,LOGAN,0.0014,0.1129,0.1442,0.0,0.1442,wind
KY,Lyon,LYON,0.0111,0.0479,0.1231,0.0305,0.1231,wind
KY,Madison,MADISON,0.0034,0.0157,0.26,0.0002,0.26,wind
KY,Magoffin,MAGOFFIN,0.0045,0.0361,0.2198,0.0072,0.2198,wind
KY,Marion,MARION,0.0017,0.0342,0.1828,0.0001,0.1828,wind
KY,Marshall,MARSHALL,0.0066,0.0361,0.1831,0.0154,0.1831,wind
KY,Martin,MARTIN,0.0039,0.0185,0.1911,0.1004,0.1911,wind
KY,Mason,MASON,0.0019,0.0342,0.2885,0.0017,0.2885,wind
KY,Mccracken,MCCRACKEN,0.0047,0.0448,0.2028,0.037,0.2028,wind
KY,Mccreary,MCCREARY,0.0037,0.0114,0.2496,0.0253,0.2496,wind
KY,Mclean,MCLEAN,0.0168,0.0533,0.1356,0.0123,0.1356,wind
KY,Meade,MEADE,0.0034,0.0316,0.2031,0.0003,0.2031,wind
KY,Menifee,MENIFEE,0.0034,0.0201,0.26,0.0083,0.26,wind
KY,Mercer,MERCER,0.0039,0.0038,0.1449,0.0002,0.1449,wind
KY,Metcalfe,METCALFE,0.0014,0.0479,0.1831,0.0,0.1831,wind
KY,Monroe,MONROE,0.0047,0.0201,0.1676,0.0,0.1676,wind
KY,Montgomery,MONTGOMERY,0.0017,0.0105,0.3118,0.0088,0.3118,wind
KY,Morgan,MORGAN,0.0007,0.0856,0.2195,0.0113,0.2195,wind
KY,Muhlenberg,MUHLENBERG,0.0085,0.1412,0.1253,0.02,0.1412,flood
KY,Nelson,NELSON,0.0066,0.0316,0.26,0.0,0.26,wind
KY,Nicholas,NICHOLAS,0.0013,0.0123,0.2195,0.0017,0.2195,wind
KY,Ohio,OHIO,0.0014,0.0856,0.1449,0.0006,0.1449,wind
KY,Oldham,OLDHAM,0.0017,0.0185,0.2779,0.0017,0.2779,wind
KY,Owen,OWEN,0.0032,0.0212,0.1231,0.0001,0.1231,wind
KY,Owsley,OWSLEY,0.0055,0.0157,0.2195,0.014,0.2195,wind
KY,Pendleton,PENDLETON,0.0017,0.0105,0.2028,0.0001,0.2028,wind
KY,Perry,PERRY,0.0048,0.0332,0.1653,0.0179,0.1653,wind
KY,Pike,PIKE,0.0037,0.0533,0.2885,0.1227,0.2885,wind
KY,Powell,POWELL,0.0048,0.0069,0.2659,0.0088,0.2659,wind
KY,Pulaski,PULASKI,0.0091,0.0105,0.2659,0.0088,0.2659,wind
KY,Robertson,ROBERTSON,0.0017,0.0069,0.1231,0.0017,0.1231,wind
KY,Rockcastle,ROCKCASTLE,0.0034,0.0201,0.2195,0.0056,0.2195,wind
KY,Rowan,ROWAN,0.0085,0.0533,0.26,0.0154,0.26,wind
KY,Russell,RUSSELL,0.0034,0.04,0.1528,0.0,0.1528,wind
KY,Scott,SCOTT,0.001,0.0114,0.2031,0.001,0.2031,wind
KY,Shelby,SHELBY,0.0006,0.0249,0.2195,0.0017,0.2195,wind
KY,Simpson,SIMPSON,0.0001,0.0128,0.1192,0.0002,0.1192,wind
KY,Spencer,SPENCER,0.001,0.0105,0.2195,0.0017,0.2195,wind
KY,Taylor,TAYLOR,0.0023,0.0658,0.1828,0.0,0.1828,wind
KY,Todd,TODD,0.0047,0.1277,0.1116,0.0179,0.1277,flood
KY,Trigg,TRIGG,0.0325,0.0658,0.1653,0.02,0.1653,wind
KY,Trimble,TRIMBLE,0.0006,0.0316,0.1528,0.0002,0.1528,wind
KY,Union,UNION,0.003,0.0446,0.1356,0.0236,0.1356,wind
KY,Warren,WARREN,0.0032,0.0448,0.1828,0.0,0.1828,wind
KY,Washington,WASHINGTON,0.001,0.0046,0.1231,0.0006,0.1231,wind
KY,Wayne,WAYNE,0.0039,0.0123,0.2028,0.0088,0.2028,wind
KY,Webster,WEBSTER,0.0032,0.0856,0.1356,0.0236,0.1356,wind
KY,Whitley,WHITLEY,0.0047,0.0349,0.26,0.02,0.26,wind
KY,Wolfe,WOLFE,0.0032,0.0105,0.2211,0.0123,0.2211,wind
KY,Woodford,WOODFORD,0.001,0.0123,0.1911,0.001,0.1911,wind
LA,Acadia,ACADIA,0.0001,0.0249,0.0222,0.0,0.0249,flood
LA,Allen,ALLEN,0.0001,0.0349,0.0291,0.0,0.0349,flood
LA,Ascension,ASCENSION,0.0001,0.0123,0.0167,0.0,0.0167,wind
LA,Assumption,ASSUMPTION,0.0001,0.0046,0.0143,0.0,0.0143,wind
LA,Avoyelles,AVOYELLES,0.0001,0.0105,0.0481,0.0,0.0481,wind
LA,Beauregard,BEAUREGARD,0.0001,0.0625,0.0668,0.0,0.0668,wind
LA,Bienville,BIENVILLE,0.0001,0.0448,0.0762,0.0,0.0762,wind
LA,Bossier,BOSSIER,0.0001,0.0448,0.1528,0.0,0.1528,wind
LA,Caddo,CADDO,0.0001,0.0342,0.1831,0.0,0.1831,wind
LA,Calcasieu,CALCASIEU,0.0001,0.0821,0.0592,0.0,0.0821,flood
LA,Caldwell,CALDWELL,0.0001,0.0201,0.0265,0.0,0.0265,wind
LA,Cameron,CAMERON,0.0001,0.0856,0.039,0.0,0.0856,flood
LA,Catahoula,CATAHOULA,0.0001,0.0128,0.11,0.0,0.11,wind
LA,Claiborne,CLAIBORNE,0.0001,0.0625,0.1015,0.0,0.1015,wind
LA,Concordia,CONCORDIA,0.0001,0.0105,0.0871,0.0,0.0871,wind
LA,De Soto,DE SOTO,0.0001,0.0431,0.0946,0.0,0.0946,wind
LA,East Baton Rouge,EAST BATON ROUGE,0.0001,0.0069,0.0809,0.0001,0.0809,wind
LA,East Carroll,EAST CARROLL,0.0001,0.0249,0.0343,0.0,0.0343,wind
LA,East Feliciana,EAST FELICIANA,0.0001,0.0128,0.0612,0.0001,0.0612,wind
LA,Evangeline,EVANGELINE,0.0001,0.0316,0.0251,0.0,0.0316,flood
LA,Franklin,FRANKLIN,0.0001,0.0105,0.0534,0.0,0.0534,wind
LA,Grant,GRANT,0.0001,0.0123,0.0316,0.0,0.0316,wind
LA,Iberia,IBERIA,0.0001,0.0448,0.0222,0.0,0.0448,flood
LA,Iberville,IBERVILLE,0.0003,0.006,0.017,0.0,0.017,wind
LA,Jackson,JACKSON,0.0001,0.0533,0.0316,0.0,0.0533,flood
LA,Jefferson,JEFFERSON,0.0001,0.0105,0.0205,0.0,0.0205,wind
LA,Jefferson Davis,JEFFERSON DAVIS,0.0001,0.0533,0.0285,0.0,0.0533,flood
LA,Lafayette,LAFAYETTE,0.0001,0.0165,0.0205,0.0,0.0205,wind
LA,Lafourche,LAFOURCHE,0.0001,0.007,0.0167,0.0,0.0167,wind
LA,Lasalle,LASALLE,0.0001,0.0185,0.0,0.0,0.0185,flood
LA,Lincoln,LINCOLN,0.0001,0.0201,0.0497,0.0,0.0497,wind
LA,Livingston,LIVINGSTON,0.0001,0.007,0.0189,0.0,0.0189,wind
LA,Madison,MADISON,0.0001,0.0332,0.0376,0.0006,0.0376,wind
LA,Morehouse,MOREHOUSE,0.0001,0.0249,0.0343,0.0,0.0343,wind
LA,Natchitoches,NATCHITOCHES,0.0001,0.0658,0.0534,0.0,0.0658,flood
LA,Orleans,ORLEANS,0.0001,0.0042,0.0205,0.0,0.0205,wind
LA,Ouachita,OUACHITA,0.0001,0.0448,0.0343,0.0,0.0448,flood
LA,Plaquemines,PLAQUEMINES,0.0006,0.0212,0.0104,0.0,0.0212,flood
LA,Pointe Coupee,POINTE COUPEE,0.0001,0.0165,0.0154,0.0002,0.0165,flood
LA,Rapides,RAPIDES,0.0001,0.0105,0.0376,0.0,0.0376,wind
LA,Red River,RED RIVER,0.0001,0.0332,0.0343,0.0,0.0343,wind
LA,Richland,RICHLAND,0.0001,0.0165,0.0316,0.0,0.0316,wind
LA,Sabine,SABINE,0.0001,0.0533,0.0534,0.0,0.0534,wind
LA,St. Bernard,ST. BERNARD,0.0007,0.0533,0.0093,0.0001,0.0533,flood
LA,St. Charles,ST. CHARLES,0.0001,0.0046,0.0126,0.0,0.0126,wind
LA,St. Helena,ST. HELENA,0.0001,0.0105,0.039,0.0,0.039,wind
LA,St. James,ST. JAMES,0.0001,0.007,0.0118,0.0,0.0118,wind
LA,St. John The Baptist,ST. JOHN THE BAPTIST,0.0001,0.0054,0.0104,0.0,0.0104,wind
LA,St. Landry,ST. LANDRY,0.0001,0.0165,0.0222,0.0,0.0222,wind
LA,St. Martin,ST. MARTIN,0.0001,0.0316,0.0143,0.0,0.0316,flood
LA,St. Mary,ST. MARY,0.0001,0.0332,0.0205,0.0,0.0332,flood
LA,St. Tammany,ST. TAMMANY,0.0001,0.0105,0.0316,0.0,0.0316,wind
LA,Tangipahoa,TANGIPAHOA,0.0001,0.0201,0.0418,0.0,0.0418,wind
LA,Tensas,TENSAS,0.0001,0.0105,0.1082,0.0,0.1082,wind
LA,Terrebonne,TERREBONNE,0.0001,0.0128,0.0222,0.0,0.0222,wind
LA,Union,UNION,0.0001,0.0123,0.0782,0.0,0.0782,wind
LA,Vermilion,VERMILION,0.0001,0.0165,0.0222,0.0,0.0222,wind
LA,Vernon,VERNON,0.0001,0.0821,0.0534,0.0,0.0821,flood
LA,Washington,WASHINGTON,0.0001,0.0114,0.0285,0.0,0.0285,wind
LA,Webster,WEBSTER,0.0001,0.0533,0.1831,0.0,0.1831,wind
LA,West Baton Rouge,WEST BATON ROUGE,0.0001,0.007,0.0454,0.0,0.0454,wind
LA,West Carroll,WEST CARROLL,0.0001,0.0212,0.0497,0.0,0.0497,wind
LA,West Feliciana,WEST FELICIANA,0.0001,0.0069,0.037,0.0001,0.037,wind
LA,Winn,WINN,0.0001,0.0249,0.039,0.0,0.039,wind
MA,Barnstable,BARNSTABLE,0.0024,0.0105,0.2195,0.0123,0.2195,wind
MA,Berkshire,BERKSHIRE,0.0273,0.0316,0.1479,0.1564,0.1564,winter
MA,Bristol,BRISTOL,0.0032,0.0157,0.2617,0.0285,0.2617,wind
MA,Dukes,DUKES,0.0003,0.1185,0.1015,0.0108,0.1185,flood
MA,Essex,ESSEX,0.0007,0.0128,0.3118,0.037,0.3118,wind
MA,Franklin,FRANKLIN,0.0325,0.0533,0.1653,0.047,0.1653,wind
MA,Hampden,HAMPDEN,0.0115,0.0105,0.2195,0.037,0.2195,wind
MA,Hampshire,HAMPSHIRE,0.0076,0.007,0.2031,0.0285,0.2031,wind
MA,Middlesex,MIDDLESEX,0.0066,0.0185,0.4342,0.0317,0.4342,wind
MA,Nantucket,NANTUCKET,0.0019,0.0056,0.1653,0.0154,0.1653,wind
MA,Norfolk,NORFOLK,0.0047,0.0105,0.4342,0.037,0.4342,wind
MA,Plymouth,PLYMOUTH,0.0034,0.0165,0.2746,0.0264,0.2746,wind
MA,Suffolk,SUFFOLK,0.0013,0.0038,0.342,0.0343,0.342,wind
MA,Worcester,WORCESTER,0.0066,0.0533,0.35,0.034,0.35,wind
MD,Allegany,ALLEGANY,0.0115,0.0157,0.2885,0.1573,0.2885,wind
MD,Anne Arundel,ANNE ARUNDEL,0.0023,0.0069,0.1479,0.0291,0.1479,wind
MD,Baltimore,BALTIMORE,0.0151,0.0157,0.0762,0.02,0.0762,wind
MD,Baltimore City,BALTIMORE CITY,0.0091,0.0004,0.0,0.0,0.0091,fire
MD,Calvert,CALVERT,0.0006,0.0039,0.1231,0.0123,0.1231,wind
MD,Caroline,CAROLINE,0.0076,0.0046,0.2028,0.0461,0.2028,wind
MD,Carroll,CARROLL,0.001,0.0249,0.0958,0.02,0.0958,wind
MD,Cecil,CECIL,0.0425,0.0069,0.1116,0.0179,0.1116,wind
MD,Charles,CHARLES,0.0006,0.0069,0.1831,0.0154,0.1831,wind
MD,Dorchester,DORCHESTER,0.0066,0.0165,0.1356,0.0056,0.1356,wind
MD,Frederick,FREDERICK,0.001,0.0249,0.1653,0.0798,0.1653,wind
MD,Garrett,GARRETT,0.0017,0.1129,0.3135,0.1342,0.3135,wind
MD,Harford,HARFORD,0.0131,0.0038,0.09,0.0303,0.09,wind
MD,Howard,HOWARD,0.0032,0.0056,0.0679,0.0291,0.0679,wind
MD,Kent,KENT,0.0061,0.0114,0.1082,0.0236,0.1082,wind
MD,Montgomery,MONTGOMERY,0.0037,0.0056,0.2031,0.0477,0.2031,wind
MD,Prince George'S,PRINCE GEORGE'S,0.0032,0.0032,0.3118,0.0047,0.3118,wind
MD,Queen Anne'S,QUEEN ANNE'S,0.0034,0.0123,0.1797,0.0044,0.1797,wind
MD,Somerset,SOMERSET,0.0091,0.0046,0.11,0.0113,0.11,wind
MD,St. Mary'S,ST. MARY'S,0.0007,0.007,0.065,0.0141,0.065,wind
MD,Talbot,TALBOT,0.0034,0.0039,0.1356,0.0264,0.1356,wind
MD,Washington,WASHINGTON,0.0032,0.007,0.2015,0.1501,0.2015,wind
MD,Wicomico,WICOMICO,0.0431,0.0128,0.192,0.0123,0.192,wind
MD,Worcester,WORCESTER,0.0066,0.0165,0.1082,0.0123,0.1082,wind
ME,Androscoggin,ANDROSCOGGIN,0.0034,0.0165,0.0434,0.1998,0.1998,winter
ME,Aroostook,AROOSTOOK,0.0032,0.0054,0.1255,0.1788,0.1788,winter
ME,Cumberland,CUMBERLAND,0.002,0.0332,0.0392,0.2325,0.2325,winter
ME,Franklin,FRANKLIN,0.001,0.0658,0.0801,0.2325,0.2325,winter
ME,Hancock,HANCOCK,0.0014,0.0069,0.0592,0.1342,0.1342,winter
ME,Kennebec,KENNEBEC,0.0007,0.0201,0.0291,0.1573,0.1573,winter
ME,Knox,KNOX,0.0024,0.0105,0.017,0.1342,0.1342,winter
ME,Lincoln,LINCOLN,0.003,0.0316,0.0191,0.1573,0.1573,winter
ME,Oxford,OXFORD,0.0037,0.007,0.1363,0.2718,0.2718,winter
ME,Penobscot,PENOBSCOT,0.0111,0.007,0.0762,0.1564,0.1564,winter
ME,Piscataquis,PISCATAQUIS,0.003,0.0028,0.09,0.166,0.166,winter
ME,Sagadahoc,SAGADAHOC,0.0045,0.0185,0.0291,0.1788,0.1788,winter
ME,Somerset,SOMERSET,0.001,0.0185,0.1116,0.2526,0.2526,winter
ME,Waldo,WALDO,0.001,0.0201,0.0291,0.1501,0.1501,winter
ME,Washington,WASHINGTON,0.0066,0.0105,0.0762,0.1227,0.1227,winter
ME,York,YORK,0.0034,0.0054,0.0816,0.166,0.166,winter
MI,Alcona,ALCONA,0.0085,0.0056,0.0316,0.0088,0.0316,wind
MI,Alger,ALGER,0.0006,0.0056,0.0679,0.0734,0.0734,winter
MI,Allegan,ALLEGAN,0.0045,0.0625,0.26,0.0179,0.26,wind
MI,Alpena,ALPENA,0.0061,0.0046,0.0222,0.0123,0.0222,wind
MI,Antrim,ANTRIM,0.0047,0.0105,0.0167,0.0072,0.0167,wind
MI,Arenac,ARENAC,0.0061,0.0105,0.0979,0.0072,0.0979,wind
MI,Baraga,BARAGA,0.0061,0.0157,0.0679,0.0734,0.0734,winter
MI,Barry,BARRY,0.003,0.0448,0.3235,0.0179,0.3235,wind
MI,Bay,BAY,0.0034,0.0165,0.0979,0.0,0.0979,wind
MI,Benzie,BENZIE,0.0083,0.0069,0.0159,0.0113,0.0159,wind
MI,Berrien,BERRIEN,0.0024,0.0856,0.1653,0.0044,0.1653,wind
MI,Branch,BRANCH,0.002,0.0165,0.26,0.0056,0.26,wind
MI,Calhoun,CALHOUN,0.0032,0.0856,0.3118,0.0056,0.3118,wind
MI,Cass,CASS,0.001,0.0533,0.2195,0.0017,0.2195,wind
MI,Charlevoix,CHARLEVOIX,0.0032,0.0028,0.0242,0.0088,0.0242,wind
MI,Cheboygan,CHEBOYGAN,0.0037,0.0056,0.0285,0.0088,0.0285,wind
MI,Chippewa,CHIPPEWA,0.0083,0.0042,0.0402,0.0154,0.0402,wind
MI,Clare,CLARE,0.0034,0.0212,0.1479,0.0017,0.1479,wind
MI,Clinton,CLINTON,0.001,0.0625,0.35,0.0179,0.35,wind
MI,Crawford,CRAWFORD,0.0091,0.0042,0.0291,0.0043,0.0291,wind
MI,Delta,DELTA,0.0085,0.0105,0.065,0.0477,0.065,wind
MI,Dickinson,DICKINSON,0.0076,0.0165,0.1231,0.0354,0.1231,wind
MI,Eaton,EATON,0.001,0.0533,0.3235,0.0113,0.3235,wind
MI,Emmet,EMMET,0.0018,0.0046,0.0239,0.0056,0.0239,wind
MI,Genesee,GENESEE,0.0066,0.0316,0.3656,0.0179,0.3656,wind
MI,Gladwin,GLADWIN,0.0048,0.0185,0.1244,0.0047,0.1244,wind
MI,Gogebic,GOGEBIC,0.0045,0.0042,0.1015,0.0549,0.1015,wind
MI,Grand Traverse,GRAND TRAVERSE,0.0066,0.0128,0.0251,0.0088,0.0251,wind
MI,Gratiot,GRATIOT,0.0006,0.0212,0.3235,0.0141,0.3235,wind
MI,Hillsdale,HILLSDALE,0.0004,0.0342,0.0801,0.0006,0.0801,wind
MI,Houghton,HOUGHTON,0.0066,0.007,0.0909,0.0798,0.0909,wind
MI,Huron,HURON,0.003,0.0136,0.0979,0.0147,0.0979,wind
MI,Ingham,INGHAM,0.0032,0.1185,0.342,0.0123,0.342,wind
MI,Ionia,IONIA,0.0019,0.0533,0.342,0.0141,0.342,wind
MI,Iosco,IOSCO,0.0182,0.0046,0.0316,0.0113,0.0316,wind
MI,Iron,IRON,0.0032,0.0056,0.0979,0.0154,0.0979,wind
MI,Isabella,ISABELLA,0.0055,0.0479,0.342,0.0141,0.342,wind
MI,Jackson,JACKSON,0.0039,0.0533,0.3235,0.0068,0.3235,wind
MI,Kalamazoo,KALAMAZOO,0.0024,0.4127,0.2725,0.0056,0.4127,flood
MI,Kalkaska,KALKASKA,0.0047,0.0105,0.0222,0.0044,0.0222,wind
MI,Kent,KENT,0.0024,0.0448,0.35,0.0291,0.35,wind
MI,Keweenaw,KEWEENAW,0.0004,0.0479,0.0612,0.0556,0.0612,wind
MI,Lake,LAKE,0.0045,0.0342,0.1356,0.0088,0.1356,wind
MI,Lapeer,LAPEER,0.0032,0.0316,0.4137,0.0187,0.4137,wind
MI,Leelanau,LEELANAU,0.0014,0.0165,0.0167,0.0108,0.0167,wind
MI,Lenawee,LENAWEE,0.0006,0.0316,0.26,0.0108,0.26,wind
MI,Livingston,LIVINGSTON,0.0055,0.0316,0.342,0.02,0.342,wind
MI,Luce,LUCE,0.001,0.0069,0.0592,0.037,0.0592,wind
MI,Mackinac,MACKINAC,0.0066,0.0069,0.0376,0.0083,0.0376,wind
MI,Macomb,MACOMB,0.0048,0.0479,0.35,0.0179,0.35,wind
MI,Manistee,MANISTEE,0.0131,0.007,0.0285,0.0123,0.0285,wind
MI,Marquette,MARQUETTE,0.0055,0.0361,0.1116,0.0734,0.1116,wind
MI,Mason,MASON,0.0209,0.0212,0.0782,0.0291,0.0782,wind
MI,Mecosta,MECOSTA,0.0032,0.0326,0.2659,0.0113,0.2659,wind
MI,Menominee,MENOMINEE,0.0122,0.0185,0.1116,0.0303,0.1116,wind
MI,Midland,MIDLAND,0.0047,0.0165,0.4035,0.017,0.4035,wind
MI,Missaukee,MISSAUKEE,0.0034,0.0316,0.037,0.0044,0.037,wind
MI,Monroe,MONROE,0.0006,0.0533,0.3118,0.011,0.3118,wind
MI,Montcalm,MONTCALM,0.003,0.0856,0.3118,0.017,0.3118,wind
MI,Montmorency,MONTMORENCY,0.0061,0.0028,0.0222,0.0102,0.0222,wind
MI,Muskegon,MUSKEGON,0.0007,0.0448,0.1831,0.0305,0.1831,wind
MI,Newaygo,NEWAYGO,0.0045,0.0361,0.26,0.02,0.26,wind
MI,Oakland,OAKLAND,0.0034,0.0658,0.342,0.0108,0.342,wind
MI,Oceana,OCEANA,0.0076,0.0479,0.1074,0.0212,0.1074,wind
MI,Ogemaw,OGEMAW,0.0047,0.0165,0.051,0.0017,0.051,wind
MI,Ontonagon,ONTONAGON,0.0055,0.006,0.0629,0.0559,0.0629,wind
MI,Osceola,OSCEOLA,0.0014,0.0185,0.1831,0.0056,0.1831,wind
MI,Oscoda,OSCODA,0.0131,0.0105,0.0239,0.0056,0.0239,wind
MI,Otsego,OTSEGO,0.0045,0.0032,0.0316,0.0056,0.0316,wind
MI,Ottawa,OTTAWA,0.0014,0.0821,0.2031,0.0179,0.2031,wind
MI,Presque Isle,PRESQUE ISLE,0.0066,0.0032,0.0154,0.0072,0.0154,wind
MI,Roscommon,ROSCOMMON,0.01,0.0157,0.0679,0.003,0.0679,wind
MI,Saginaw,SAGINAW,0.002,0.0342,0.3827,0.0477,0.3827,wind
MI,Sanilac,SANILAC,0.0007,0.007,0.3235,0.0317,0.3235,wind
MI,Schoolcraft,SCHOOLCRAFT,0.0085,0.0105,0.037,0.0427,0.0427,winter
MI,Shiawassee,SHIAWASSEE,0.001,0.0361,0.3656,0.0329,0.3656,wind
MI,St. Clair,ST. CLAIR,0.0048,0.0249,0.3357,0.0192,0.3357,wind
MI,St. Joseph,ST. JOSEPH,0.0006,0.0316,0.2031,0.0011,0.2031,wind
MI,Tuscola,TUSCOLA,0.0066,0.0316,0.2028,0.0102,0.2028,wind
MI,Van Buren,VAN BUREN,0.0017,0.0658,0.2031,0.0056,0.2031,wind
MI,Washtenaw,WASHTENAW,0.003,0.0448,0.342,0.0113,0.342,wind
MI,Wayne,WAYNE,0.001,0.0361,0.342,0.0212,0.342,wind
MI,Wexford,WEXFORD,0.0076,0.0316,0.039,0.0068,0.039,wind
MN,Aitkin,AITKIN,0.0048,0.0038,0.0507,0.003,0.0507,wind
MN,Anoka,ANOKA,0.0066,0.0361,0.1356,0.0056,0.1356,wind
MN,Becker,BECKER,0.0034,0.0479,0.0762,0.0102,0.0762,wind
MN,Beltrami,BELTRAMI,0.0047,0.0185,0.0376,0.0179,0.0376,wind
MN,Benton,BENTON,0.003,0.0165,0.0746,0.0068,0.0746,wind
MN,Big Stone,BIG STONE,0.0019,0.0105,0.0481,0.0072,0.0481,wind
MN,Blue Earth,BLUE EARTH,0.0055,0.0185,0.0871,0.0017,0.0871,wind
MN,Brown,BROWN,0.0032,0.0069,0.0592,0.0018,0.0592,wind
MN,Carlton,CARLTON,0.0047,0.0042,0.0679,0.0056,0.0679,wind
MN,Carver,CARVER,0.0066,0.0128,0.1356,0.0043,0.1356,wind
MN,Cass,CASS,0.0061,0.0046,0.0592,0.0026,0.0592,wind
MN,Chippewa,CHIPPEWA,0.0091,0.0069,0.0722,0.0072,0.0722,wind
MN,Chisago,CHISAGO,0.0066,0.0105,0.1082,0.0033,0.1082,wind
MN,Clay,CLAY,0.001,0.0123,0.0979,0.0141,0.0979,wind
MN,Clearwater,CLEARWATER,0.0076,0.0105,0.0376,0.0123,0.0376,wind
MN,Cook,COOK,0.0061,0.0069,0.0592,0.0427,0.0592,wind
MN,Cottonwood,COTTONWOOD,0.0168,0.0114,0.0782,0.0083,0.0782,wind
MN,Crow Wing,CROW WING,0.0032,0.0039,0.0762,0.0017,0.0762,wind
MN,Dakota,DAKOTA,0.0048,0.0249,0.1356,0.0083,0.1356,wind
MN,Dodge,DODGE,0.0032,0.0316,0.1015,0.0072,0.1015,wind
MN,Douglas,DOUGLAS,0.0014,0.0105,0.0829,0.0043,0.0829,wind
MN,Faribault,FARIBAULT,0.0034,0.0342,0.0762,0.0044,0.0762,wind
MN,Fillmore,FILLMORE,0.0034,0.0332,0.1831,0.0044,0.1831,wind
MN,Freeborn,FREEBORN,0.0032,0.0479,0.0839,0.0017,0.0839,wind
MN,Goodhue,GOODHUE,0.0055,0.0201,0.11,0.0072,0.11,wind
MN,Grant,GRANT,0.0013,0.0342,0.0679,0.0088,0.0679,wind
MN,Hennepin,HENNEPIN,0.0045,0.0249,0.1653,0.0083,0.1653,wind
MN,Houston,HOUSTON,0.0066,0.0625,0.1237,0.0036,0.1237,wind
MN,Hubbard,HUBBARD,0.001,0.0046,0.0481,0.0088,0.0481,wind
MN,Isanti,ISANTI,0.0032,0.0349,0.0801,0.0056,0.0801,wind
MN,Itasca,ITASCA,0.0076,0.0123,0.0332,0.0068,0.0332,wind
MN,Jackson,JACKSON,0.0061,0.0185,0.0839,0.0072,0.0839,wind
MN,Kanabec,KANABEC,0.0085,0.007,0.0839,0.0033,0.0839,wind
MN,Kandiyohi,KANDIYOHI,0.0048,0.0105,0.0871,0.0056,0.0871,wind
MN,Kittson,KITTSON,0.0032,0.0039,0.0343,0.0123,0.0343,wind
MN,Koochiching,KOOCHICHING,0.0055,0.007,0.0134,0.0123,0.0134,wind
MN,Lac Qui Parle,LAC QUI PARLE,0.0024,0.0201,0.0647,0.0056,0.0647,wind
MN,Lake,LAKE,0.0083,0.0128,0.0762,0.0549,0.0762,wind
MN,Lake Of The Woods,LAKE OF THE WOODS,0.0032,0.0316,0.017,0.0141,0.0316,flood
MN,Le Sueur,LE SUEUR,0.0047,0.0172,0.0762,0.0056,0.0762,wind
MN,Lincoln,LINCOLN,0.0032,0.0071,0.065,0.0088,0.065,wind
MN,Lyon,LYON,0.0045,0.0212,0.0772,0.0123,0.0772,wind
MN,Mahnomen,MAHNOMEN,0.0055,0.0105,0.0481,0.0123,0.0481,wind
MN,Marshall,MARSHALL,0.0055,0.0071,0.039,0.0102,0.039,wind
MN,Martin,MARTIN,0.0034,0.0069,0.0762,0.003,0.0762,wind
MN,Mcleod,MCLEOD,0.0032,0.0123,0.1231,0.0044,0.1231,wind
MN,Meeker,MEEKER,0.0032,0.0201,0.0839,0.002,0.0839,wind
MN,Mille Lacs,MILLE LACS,0.0047,0.0105,0.0762,0.0043,0.0762,wind
MN,Morrison,MORRISON,0.0076,0.0185,0.0839,0.0056,0.0839,wind
MN,Mower,MOWER,0.0045,0.0128,0.0979,0.0056,0.0979,wind
MN,Murray,MURRAY,0.0047,0.0157,0.0801,0.0141,0.0801,wind
MN,Nicollet,NICOLLET,0.0085,0.0128,0.0669,0.0017,0.0669,wind
MN,Nobles,NOBLES,0.0048,0.0069,0.0762,0.0113,0.0762,wind
MN,Norman,NORMAN,0.0003,0.0105,0.0722,0.0123,0.0722,wind
MN,Olmsted,OLMSTED,0.0083,0.0165,0.1479,0.0044,0.1479,wind
MN,Otter Tail,OTTER TAIL,0.0034,0.0332,0.1082,0.0102,0.1082,wind
MN,Pennington,PENNINGTON,0.0023,0.0165,0.0316,0.014,0.0316,wind
MN,Pine,PINE,0.0023,0.0128,0.0746,0.003,0.0746,wind
MN,Pipestone,PIPESTONE,0.0055,0.0128,0.0629,0.014,0.0629,wind
MN,Polk,POLK,0.0032,0.006,0.0762,0.0113,0.0762,wind
MN,Pope,POPE,0.0037,0.0128,0.0746,0.0044,0.0746,wind
MN,Ramsey,RAMSEY,0.0047,0.0105,0.1356,0.0045,0.1356,wind
MN,Red Lake,RED LAKE,0.0017,0.0105,0.0316,0.0113,0.0316,wind
MN,Redwood,REDWOOD,0.0034,0.0054,0.0612,0.0044,0.0612,wind
MN,Renville,RENVILLE,0.0048,0.007,0.0979,0.0035,0.0979,wind
MN,Rice,RICE,0.0023,0.0249,0.1078,0.0056,0.1078,wind
MN,Rock,ROCK,0.0023,0.0123,0.0679,0.0123,0.0679,wind
MN,Roseau,ROSEAU,0.0061,0.0105,0.0343,0.0108,0.0343,wind
MN,Scott,SCOTT,0.0032,0.0446,0.1116,0.0056,0.1116,wind
MN,Sherburne,SHERBURNE,0.0083,0.0185,0.1015,0.0033,0.1015,wind
MN,Sibley,SIBLEY,0.0076,0.0123,0.0958,0.0044,0.0958,wind
MN,St. Louis,ST. LOUIS,0.0131,0.0128,0.0629,0.0141,0.0629,wind
MN,Stearns,STEARNS,0.0032,0.0201,0.0909,0.0068,0.0909,wind
MN,Steele,STEELE,0.0024,0.0332,0.0809,0.003,0.0809,wind
MN,Stevens,STEVENS,0.0066,0.0105,0.0534,0.0069,0.0534,wind
MN,Swift,SWIFT,0.0014,0.0046,0.0762,0.0068,0.0762,wind
MN,Todd,TODD,0.0047,0.0123,0.0612,0.0068,0.0612,wind
MN,Traverse,TRAVERSE,0.0014,0.0128,0.0481,0.0056,0.0481,wind
MN,Wabasha,WABASHA,0.003,0.0479,0.1356,0.0056,0.1356,wind
MN,Wadena,WADENA,0.0032,0.0128,0.0592,0.0072,0.0592,wind
MN,Waseca,WASECA,0.0055,0.0136,0.0746,0.003,0.0746,wind
MN,Washington,WASHINGTON,0.0032,0.0105,0.1653,0.0072,0.1653,wind
MN,Watonwan,WATONWAN,0.0048,0.007,0.0497,0.0011,0.0497,wind
MN,Wilkin,WILKIN,0.0013,0.0165,0.09,0.0108,0.09,wind
MN,Winona,WINONA,0.0055,0.0856,0.1449,0.0088,0.1449,wind
MN,Wright,WRIGHT,0.0014,0.0361,0.11,0.0056,0.11,wind
MN,Yellow Medicine,YELLOW MEDICINE,0.0034,0.0039,0.0647,0.0068,0.0647,wind
MO,Adair,ADAIR,0.0014,0.0165,0.0762,0.001,0.0762,wind
MO,Andrew,ANDREW,0.0006,0.0165,0.0513,0.0006,0.0513,wind
MO,Atchison,ATCHISON,0.0001,0.0332,0.0592,0.0001,0.0592,wind
MO,Audrain,AUDRAIN,0.0001,0.0157,0.0762,0.0017,0.0762,wind
MO,Barry,BARRY,0.0091,0.151,0.2634,0.0,0.2634,wind
MO,Barton,BARTON,0.0006,0.0316,0.1449,0.0,0.1449,wind
MO,Bates,BATES,0.0001,0.0105,0.0839,0.001,0.0839,wind
MO,Benton,BENTON,0.0091,0.0128,0.1116,0.0014,0.1116,wind
MO,Bollinger,BOLLINGER,0.0045,0.0533,0.0873,0.0264,0.0873,wind
MO,Boone,BOONE,0.0048,0.0342,0.1015,0.0033,0.1015,wind
MO,Buchanan,BUCHANAN,0.0023,0.0214,0.0782,0.0006,0.0782,wind
MO,Butler,BUTLER,0.0111,0.0533,0.1231,0.0141,0.1231,wind
MO,Caldwell,CALDWELL,0.0001,0.0105,0.0762,0.003,0.0762,wind
MO,Callaway,CALLAWAY,0.003,0.0201,0.0762,0.0008,0.0762,wind
MO,Camden,CAMDEN,0.0131,0.0533,0.09,0.0002,0.09,wind
MO,Cape Girardeau,CAPE GIRARDEAU,0.0048,0.0821,0.1356,0.0253,0.1356,wind
MO,Carroll,CARROLL,0.0001,0.0105,0.0668,0.0044,0.0668,wind
MO,Carter,CARTER,0.0047,0.0249,0.0592,0.0123,0.0592,wind
MO,Cass,CASS,0.0001,0.0128,0.0979,0.003,0.0979,wind
MO,Cedar,CEDAR,0.023,0.0249,0.1356,0.0001,0.1356,wind
MO,Chariton,CHARITON,0.001,0.0046,0.0762,0.0083,0.0762,wind
MO,Christian,CHRISTIAN,0.0066,0.0533,0.1479,0.0,0.1479,wind
MO,Clark,CLARK,0.001,0.0212,0.1499,0.0236,0.1499,wind
MO,Clay,CLAY,0.0004,0.0165,0.0834,0.001,0.0834,wind
MO,Clinton,CLINTON,0.0001,0.0128,0.0612,0.0017,0.0612,wind
MO,Cole,COLE,0.0032,0.0069,0.0513,0.0003,0.0513,wind
MO,Cooper,COOPER,0.001,0.0123,0.0592,0.003,0.0592,wind
MO,Crawford,CRAWFORD,0.0032,0.0332,0.1082,0.0001,0.1082,wind
MO,Dade,DADE,0.0017,0.0361,0.11,0.0,0.11,wind
MO,Dallas,DALLAS,0.0032,0.0361,0.1079,0.0001,0.1079,wind
MO,Daviess,DAVIESS,0.0001,0.0054,0.1116,0.0044,0.1116,wind
MO,Dekalb,DEKALB,0.0001,0.0157,0.0,0.0,0.0157,flood
MO,Dent,DENT,0.0048,0.0448,0.0746,0.0006,0.0746,wind
MO,Douglas,DOUGLAS,0.0024,0.0212,0.1192,0.0,0.1192,wind
MO,Dunklin,DUNKLIN,0.0004,0.0361,0.1653,0.0043,0.1653,wind
MO,Franklin,FRANKLIN,0.0034,0.1351,0.1653,0.0019,0.1653,wind
MO,Gasconade,GASCONADE,0.0014,0.0479,0.0909,0.0006,0.0909,wind
MO,Gentry,GENTRY,0.0001,0.0212,0.0481,0.0006,0.0481,wind
MO,Greene,GREENE,0.0024,0.2164,0.2195,0.0002,0.2195,wind
MO,Grundy,GRUNDY,0.0014,0.0054,0.1528,0.003,0.1528,wind
MO,Harrison,HARRISON,0.0001,0.0249,0.0679,0.0002,0.0679,wind
MO,Henry,HENRY,0.001,0.0123,0.0612,0.0031,0.0612,wind
MO,Hickory,HICKORY,0.0076,0.0316,0.0801,0.0002,0.0801,wind
MO,Holt,HOLT,0.0007,0.0128,0.0454,0.0001,0.0454,wind
MO,Howard,HOWARD,0.001,0.007,0.0481,0.0043,0.0481,wind
MO,Howell,HOWELL,0.0209,0.0326,0.1479,0.0001,0.1479,wind
MO,Iron,IRON,0.0034,0.0201,0.0979,0.0001,0.0979,wind
MO,Jackson,JACKSON,0.0007,0.0249,0.1255,0.0006,0.1255,wind
MO,Jasper,JASPER,0.0014,0.0361,0.2207,0.0003,0.2207,wind
MO,Jefferson,JEFFERSON,0.0007,0.0533,0.1116,0.0011,0.1116,wind
MO,Johnson,JOHNSON,0.001,0.0361,0.09,0.0017,0.09,wind
MO,Knox,KNOX,0.0001,0.0069,0.0561,0.0011,0.0561,wind
MO,Laclede,LACLEDE,0.0085,0.0448,0.1082,0.0,0.1082,wind
MO,Lafayette,LAFAYETTE,0.0001,0.0105,0.09,0.0017,0.09,wind
MO,Lawrence,LAWRENCE,0.0003,0.0533,0.1528,0.0,0.1528,wind
MO,Lewis,LEWIS,0.0007,0.0165,0.0679,0.0017,0.0679,wind
MO,Lincoln,LINCOLN,0.002,0.0361,0.1356,0.0056,0.1356,wind
MO,Linn,LINN,0.0006,0.0059,0.1082,0.0056,0.1082,wind
MO,Livingston,LIVINGSTON,0.0003,0.0105,0.0979,0.0056,0.0979,wind
MO,Macon,MACON,0.0006,0.0201,0.0679,0.0011,0.0679,wind
MO,Madison,MADISON,0.0023,0.0625,0.0647,0.001,0.0647,wind
MO,Maries,MARIES,0.0047,0.0249,0.0592,0.0008,0.0592,wind
MO,Marion,MARION,0.001,0.0123,0.065,0.0017,0.065,wind
MO,Mcdonald,MCDONALD,0.002,0.0533,0.2477,0.0002,0.2477,wind
MO,Mercer,MERCER,0.001,0.0332,0.0762,0.0003,0.0762,wind
MO,Miller,MILLER,0.0076,0.0201,0.0668,0.0002,0.0668,wind
MO,Mississippi,MISSISSIPPI,0.0003,0.0533,0.1653,0.0154,0.1653,wind
MO,Moniteau,MONITEAU,0.0001,0.0128,0.0513,0.0006,0.0513,wind
MO,Monroe,MONROE,0.0003,0.0212,0.0592,0.0017,0.0592,wind
MO,Montgomery,MONTGOMERY,0.0032,0.0316,0.09,0.0011,0.09,wind
MO,Morgan,MORGAN,0.0066,0.0201,0.0782,0.001,0.0782,wind
MO,New Madrid,NEW MADRID,0.0003,0.0105,0.1255,0.0088,0.1255,wind
MO,Newton,NEWTON,0.0023,0.0533,0.2195,0.0001,0.2195,wind
MO,Nodaway,NODAWAY,0.0001,0.0185,0.0575,0.0001,0.0575,wind
MO,Oregon,OREGON,0.0039,0.0212,0.0801,0.0001,0.0801,wind
MO,Osage,OSAGE,0.0032,0.0105,0.0497,0.001,0.0497,wind
MO,Ozark,OZARK,0.0083,0.0316,0.1255,0.0,0.1255,wind
MO,Pemiscot,PEMISCOT,0.0003,0.007,0.1449,0.0033,0.1449,wind
MO,Perry,PERRY,0.0032,0.0201,0.0839,0.0386,0.0839,wind
MO,Pettis,PETTIS,0.0001,0.0105,0.0829,0.0014,0.0829,wind
MO,Phelps,PHELPS,0.0076,0.0212,0.09,0.0,0.09,wind
MO,Pike,PIKE,0.0023,0.0185,0.0909,0.0026,0.0909,wind
MO,Platte,PLATTE,0.001,0.0105,0.1015,0.0017,0.1015,wind
MO,Polk,POLK,0.0034,0.0625,0.1676,0.0002,0.1676,wind
MO,Pulaski,PULASKI,0.0811,0.0533,0.0946,0.0001,0.0946,wind
MO,Putnam,PUTNAM,0.0006,0.0249,0.0612,0.001,0.0612,wind
MO,Ralls,RALLS,0.003,0.0185,0.0612,0.0056,0.0612,wind
MO,Randolph,RANDOLPH,0.001,0.007,0.0668,0.0021,0.0668,wind
MO,Ray,RAY,0.0003,0.0105,0.0612,0.0,0.0612,wind
MO,Reynolds,REYNOLDS,0.0061,0.0201,0.0592,0.0006,0.0592,wind
MO,Ripley,RIPLEY,0.0032,0.0448,0.065,0.0123,0.065,wind
MO,Saline,SALINE,0.0019,0.0042,0.0746,0.0056,0.0746,wind
MO,Schuyler,SCHUYLER,0.0003,0.0201,0.0481,0.001,0.0481,wind
MO,Scotland,SCOTLAND,0.0001,0.0316,0.0979,0.0068,0.0979,wind
MO,Scott,SCOTT,0.0014,0.1129,0.1449,0.0179,0.1449,wind
MO,Shannon,SHANNON,0.0048,0.0201,0.09,0.0002,0.09,wind
MO,Shelby,SHELBY,0.0001,0.0105,0.0668,0.0017,0.0668,wind
MO,St. Charles,ST. CHARLES,0.0045,0.0316,0.2028,0.0113,0.2028,wind
MO,St. Clair,ST. CLAIR,0.0037,0.04,0.0979,0.0006,0.0979,wind
MO,St. Francois,ST. FRANCOIS,0.0055,0.0446,0.0871,0.0002,0.0871,wind
MO,St. Louis,ST. LOUIS,0.0032,0.0316,0.1231,0.0056,0.1231,wind
MO,St. Louis City,ST. LOUIS CITY,0.0003,0.0028,0.0002,0.0,0.0028,flood
MO,Ste. Genevieve,STE. GENEVIEVE,0.0032,0.0201,0.0629,0.0006,0.0629,wind
MO,Stoddard,STODDARD,0.0018,0.1129,0.1082,0.0123,0.1129,flood
MO,Stone,STONE,0.0091,0.0625,0.1528,0.0,0.1528,wind
MO,Sullivan,SULLIVAN,0.0007,0.0361,0.0851,0.0017,0.0851,wind
MO,Taney,TANEY,0.0477,0.0533,0.1831,0.0,0.1831,wind
MO,Texas,TEXAS,0.0083,0.0349,0.11,0.0001,0.11,wind
MO,Vernon,VERNON,0.0019,0.0316,0.1207,0.0002,0.1207,wind
MO,Warren,WARREN,0.0032,0.0342,0.0832,0.0014,0.0832,wind
MO,Washington,WASHINGTON,0.003,0.0431,0.0839,0.0001,0.0839,wind
MO,Wayne,WAYNE,0.0076,0.0342,0.0561,0.0108,0.0561,wind
MO,Webster,WEBSTER,0.0045,0.0533,0.1356,0.0001,0.1356,wind
MO,Worth,WORTH,0.0001,0.0128,0.0421,0.0006,0.0421,wind
MO,Wright,WRIGHT,0.0039,0.04,0.0871,0.0,0.0871,wind
MS,Adams,ADAMS,0.001,0.0431,0.11,0.0,0.11,wind
MS,Alcorn,ALCORN,0.0014,0.0625,0.1528,0.0033,0.1528,wind
MS,Amite,AMITE,0.0017,0.0069,0.0376,0.0,0.0376,wind
MS,Attala,ATTALA,0.0014,0.0533,0.0762,0.0001,0.0762,wind
MS,Benton,BENTON,0.0017,0.0326,0.0679,0.0088,0.0679,wind
MS,Bolivar,BOLIVAR,0.0006,0.1185,0.0507,0.0031,0.1185,flood
MS,Calhoun,CALHOUN,0.001,0.0479,0.0612,0.0006,0.0612,wind
MS,Carroll,CARROLL,0.0006,0.0342,0.0958,0.0,0.0958,wind
MS,Chickasaw,CHICKASAW,0.001,0.0316,0.0285,0.0,0.0316,flood
MS,Choctaw,CHOCTAW,0.0019,0.0249,0.0418,0.0,0.0418,wind
MS,Claiborne,CLAIBORNE,0.0017,0.0201,0.09,0.0006,0.09,wind
MS,Clarke,CLARKE,0.0014,0.0042,0.2195,0.0031,0.2195,wind
MS,Clay,CLAY,0.0014,0.0157,0.0222,0.0,0.0222,wind
MS,Coahoma,COAHOMA,0.0001,0.0448,0.0222,0.0017,0.0448,flood
MS,Copiah,COPIAH,0.0014,0.0448,0.1356,0.0001,0.1356,wind
MS,Covington,COVINGTON,0.0006,0.0201,0.1273,0.0017,0.1273,wind
MS,Desoto,DESOTO,0.0023,0.0316,0.0,0.0,0.0316,flood
MS,Forrest,FORREST,0.0047,0.0533,0.0679,0.0017,0.0679,wind
MS,Franklin,FRANKLIN,0.0023,0.0157,0.1082,0.0002,0.1082,wind
MS,George,GEORGE,0.0032,0.0128,0.0285,0.0002,0.0285,wind
MS,Greene,GREENE,0.0032,0.0038,0.0497,0.0006,0.0497,wind
MS,Grenada,GRENADA,0.0014,0.0549,0.0801,0.0001,0.0801,wind
MS,Hancock,HANCOCK,0.0045,0.0856,0.0251,0.0,0.0856,flood
MS,Harrison,HARRISON,0.0047,0.1129,0.0285,0.0,0.1129,flood
MS,Hinds,HINDS,0.002,0.0625,0.1528,0.0006,0.1528,wind
MS,Holmes,HOLMES,0.001,0.0625,0.0762,0.0003,0.0762,wind
MS,Humphreys,HUMPHREYS,0.0004,0.0316,0.037,0.0003,0.037,wind
MS,Issaquena,ISSAQUENA,0.0001,0.0342,0.0222,0.0001,0.0342,flood
MS,Itawamba,ITAWAMBA,0.0014,0.0332,0.0481,0.0006,0.0481,wind
MS,Jackson,JACKSON,0.0131,0.0625,0.0316,0.0,0.0625,flood
MS,Jasper,JASPER,0.0017,0.0069,0.2211,0.003,0.2211,wind
MS,Jefferson,JEFFERSON,0.0017,0.0249,0.1192,0.0003,0.1192,wind
MS,Jefferson Davis,JEFFERSON DAVIS,0.0006,0.0212,0.1267,0.0002,0.1267,wind
MS,Jones,JONES,0.0032,0.0316,0.1356,0.0017,0.1356,wind
MS,Kemper,KEMPER,0.001,0.0201,0.1528,0.0006,0.1528,wind
MS,Lafayette,LAFAYETTE,0.0014,0.0342,0.0746,0.0072,0.0746,wind
MS,Lamar,LAMAR,0.0055,0.0856,0.0668,0.0006,0.0856,flood
MS,Lauderdale,LAUDERDALE,0.0039,0.0856,0.26,0.0035,0.26,wind
MS,Lawrence,LAWRENCE,0.001,0.0316,0.0679,0.0014,0.0679,wind
MS,Leake,LEAKE,0.0007,0.0316,0.26,0.0056,0.26,wind
MS,Lee,LEE,0.0013,0.0157,0.11,0.0003,0.11,wind
MS,Leflore,LEFLORE,0.0007,0.0316,0.0668,0.0011,0.0668,wind
MS,Lincoln,LINCOLN,0.0006,0.0332,0.051,0.0001,0.051,wind
MS,Lowndes,LOWNDES,0.0034,0.0361,0.0376,0.001,0.0376,wind
MS,Madison,MADISON,0.001,0.0856,0.2211,0.0011,0.2211,wind
MS,Marion,MARION,0.0017,0.0212,0.0762,0.001,0.0762,wind
MS,Marshall,MARSHALL,0.001,0.0533,0.1386,0.0017,0.1386,wind
MS,Monroe,MONROE,0.0032,0.0123,0.0285,0.0002,0.0285,wind
MS,Montgomery,MONTGOMERY,0.0004,0.0658,0.0497,0.0,0.0658,flood
MS,Neshoba,NESHOBA,0.0024,0.007,0.26,0.0056,0.26,wind
MS,Newton,NEWTON,0.0017,0.0105,0.2659,0.0031,0.2659,wind
MS,Noxubee,NOXUBEE,0.0017,0.0105,0.0801,0.0006,0.0801,wind
MS,Oktibbeha,OKTIBBEHA,0.0007,0.0201,0.0343,0.0,0.0343,wind
MS,Panola,PANOLA,0.001,0.0361,0.0376,0.0072,0.0376,wind
MS,Pearl River,PEARL RIVER,0.0032,0.0479,0.0291,0.0,0.0479,flood
MS,Perry,PERRY,0.0066,0.007,0.0343,0.0,0.0343,wind
MS,Pike,PIKE,0.0017,0.0069,0.0332,0.0,0.0332,wind
MS,Pontotoc,PONTOTOC,0.0006,0.0448,0.1653,0.0002,0.1653,wind
MS,Prentiss,PRENTISS,0.0001,0.0479,0.0979,0.0033,0.0979,wind
MS,Quitman,QUITMAN,0.0001,0.0332,0.017,0.0011,0.0332,flood
MS,Rankin,RANKIN,0.0014,0.0533,0.26,0.0044,0.26,wind
MS,Scott,SCOTT,0.0017,0.0316,0.2885,0.0068,0.2885,wind
MS,Sharkey,SHARKEY,0.0003,0.0332,0.0222,0.0001,0.0332,flood
MS,Simpson,SIMPSON,0.0007,0.0165,0.1192,0.001,0.1192,wind
MS,Smith,SMITH,0.0017,0.0448,0.2211,0.001,0.2211,wind
MS,Stone,STONE,0.0032,0.0128,0.0222,0.0001,0.0222,wind
MS,Sunflower,SUNFLOWER,0.0001,0.1701,0.0534,0.0003,0.1701,flood
MS,Tallahatchie,TALLAHATCHIE,0.0017,0.0332,0.0316,0.0022,0.0332,flood
MS,Tate,TATE,0.0007,0.04,0.0205,0.0033,0.04,flood
MS,Tippah,TIPPAH,0.001,0.0549,0.1356,0.0056,0.1356,wind
MS,Tishomingo,TISHOMINGO,0.001,0.0881,0.1479,0.0072,0.1479,wind
MS,Tunica,TUNICA,0.0006,0.0361,0.0251,0.0044,0.0361,flood
MS,Union,UNION,0.0014,0.0185,0.1479,0.0102,0.1479,wind
MS,Walthall,WALTHALL,0.0003,0.0185,0.0343,0.0001,0.0343,wind
MS,Warren,WARREN,0.0023,0.0856,0.0592,0.0006,0.0856,flood
MS,Washington,WASHINGTON,0.0007,0.0856,0.0612,0.0003,0.0856,flood
MS,Wayne,WAYNE,0.0032,0.0028,0.0979,0.0017,0.0979,wind
MS,Webster,WEBSTER,0.001,0.0856,0.0287,0.0,0.0856,flood
MS,Wilkinson,WILKINSON,0.0014,0.0105,0.0979,0.0008,0.0979,wind
MS,Winston,WINSTON,0.001,0.0249,0.11,0.0,0.11,wind
MS,Yalobusha,YALOBUSHA,0.001,0.0249,0.0629,0.0033,0.0629,wind
MS,Yazoo,YAZOO,0.0013,0.0448,0.0575,0.001,0.0575,wind
MT,Beaverhead,BEAVERHEAD,0.0276,0.002,0.0575,0.0734,0.0734,winter
MT,Big Horn,BIG HORN,0.0635,0.0069,0.1079,0.0698,0.1079,wind
MT,Blaine,BLAINE,0.0431,0.0249,0.2659,0.1342,0.2659,wind
MT,Broadwater,BROADWATER,0.0254,0.002,0.039,0.1501,0.1501,winter
MT,Carbon,CARBON,0.0529,0.0105,0.0341,0.1091,0.1091,winter
MT,Carter,CARTER,0.0091,0.0028,0.0668,0.1227,0.1227,winter
MT,Cascade,CASCADE,0.02,0.0123,0.2195,0.2507,0.2507,winter
MT,Chouteau,CHOUTEAU,0.0131,0.0046,0.2195,0.1342,0.2195,wind
MT,Custer,CUSTER,0.0151,0.0038,0.0668,0.0413,0.0668,wind
MT,Daniels,DANIELS,0.0048,0.0042,0.0575,0.0997,0.0997,winter
MT,Dawson,DAWSON,0.0083,0.006,0.1015,0.0734,0.1015,wind
MT,Deer Lodge,DEER LODGE,0.0017,0.0105,0.0037,0.0,0.0105,flood
MT,Fallon,FALLON,0.0047,0.0045,0.0669,0.037,0.0669,wind
MT,Fergus,FERGUS,0.0066,0.0046,0.1653,0.1564,0.1653,wind
MT,Flathead,FLATHEAD,0.001,0.0056,0.0592,0.0785,0.0785,winter
MT,Gallatin,GALLATIN,0.0108,0.0069,0.0376,0.2325,0.2325,winter
MT,Garfield,GARFIELD,0.02,0.0046,0.1797,0.0917,0.1797,wind
MT,Glacier,GLACIER,0.02,0.0046,0.3147,0.2624,0.3147,wind
MT,Golden Valley,GOLDEN VALLEY,0.0111,0.006,0.0316,0.082,0.082,winter
MT,Granite,GRANITE,0.0034,0.0046,0.0068,0.0,0.0068,wind
MT,Hill,HILL,0.0111,0.0028,0.2195,0.1342,0.2195,wind
MT,Jefferson,JEFFERSON,0.0083,0.0123,0.037,0.1573,0.1573,winter
MT,Judith Basin,JUDITH BASIN,0.0066,0.0045,0.1231,0.2718,0.2718,winter
MT,Lake,LAKE,0.0032,0.0479,0.0454,0.0477,0.0479,flood
MT,Lewis And Clark,LEWIS AND CLARK,0.0131,0.007,0.0946,0.1949,0.1949,winter
MT,Liberty,LIBERTY,0.0085,0.0019,0.2211,0.0598,0.2211,wind
MT,Lincoln,LINCOLN,0.0034,0.0025,0.0167,0.0017,0.0167,wind
MT,Madison,MADISON,0.0066,0.0105,0.039,0.1949,0.1949,winter
MT,Mccone,MCCONE,0.0301,0.006,0.0979,0.0917,0.0979,wind
MT,Meagher,MEAGHER,0.0034,0.0028,0.0434,0.2454,0.2454,winter
MT,Mineral,MINERAL,0.0034,0.0039,0.0087,0.0,0.0087,wind
MT,Missoula,MISSOULA,0.0032,0.007,0.0422,0.0303,0.0422,wind
MT,Musselshell,MUSSELSHELL,0.0366,0.0128,0.0762,0.062,0.0762,wind
MT,Park,PARK,0.0111,0.0028,0.0679,0.1873,0.1873,winter
MT,Petroleum,PETROLEUM,0.0347,0.007,0.0592,0.0598,0.0598,winter
MT,Phillips,PHILLIPS,0.0151,0.0046,0.1255,0.1227,0.1255,wind
MT,Pondera,PONDERA,0.0131,0.001,0.1255,0.1227,0.1255,wind
MT,Powder River,POWDER RIVER,0.0254,0.0032,0.0762,0.1572,0.1572,winter
MT,Powell,POWELL,0.0039,0.0105,0.017,0.0,0.017,wind
MT,Prairie,PRAIRIE,0.0168,0.0045,0.0679,0.062,0.0679,wind
MT,Ravalli,RAVALLI,0.0055,0.0185,0.0147,0.0001,0.0185,flood
MT,Richland,RICHLAND,0.02,0.0042,0.0762,0.0868,0.0868,winter
MT,Roosevelt,ROOSEVELT,0.0254,0.0105,0.111,0.0798,0.111,wind
MT,Rosebud,ROSEBUD,0.0209,0.0059,0.1253,0.037,0.1253,wind
MT,Sanders,SANDERS,0.0032,0.0105,0.0167,0.0017,0.0167,wind
MT,Sheridan,SHERIDAN,0.0032,0.0024,0.065,0.0949,0.0949,winter
MT,Silver Bow,SILVER BOW,0.0083,0.0123,0.0047,0.0,0.0123,flood
MT,Stillwater,STILLWATER,0.0477,0.0212,0.0507,0.1583,0.1583,winter
MT,Sweet Grass,SWEET GRASS,0.0509,0.0105,0.0561,0.1644,0.1644,winter
MT,Teton,TETON,0.0384,0.001,0.342,0.187,0.342,wind
MT,Toole,TOOLE,0.0091,0.0011,0.3656,0.166,0.3656,wind
MT,Treasure,TREASURE,0.0108,0.0025,0.0454,0.0179,0.0454,wind
MT,Valley,VALLEY,0.0374,0.0054,0.1831,0.1501,0.1831,wind
MT,Wheatland,WHEATLAND,0.0076,0.0045,0.0513,0.1573,0.1573,winter
MT,Wibaux,WIBAUX,0.0182,0.0056,0.065,0.0549,0.065,wind
MT,Yellowstone,YELLOWSTONE,0.0131,0.0128,0.1356,0.0413,0.1356,wind
NC,Alamance,ALAMANCE,0.001,0.0032,0.0782,0.0113,0.0782,wind
NC,Alexander,ALEXANDER,0.0006,0.0165,0.0762,0.0056,0.0762,wind
NC,Alleghany,ALLEGHANY,0.0001,0.0625,0.0285,0.0031,0.0625,flood
NC,Anson,ANSON,0.001,0.0028,0.0658,0.0026,0.0658,wind
NC,Ashe,ASHE,0.0003,0.0856,0.0376,0.0017,0.0856,flood
NC,Avery,AVERY,0.001,0.0856,0.0534,0.0179,0.0856,flood
NC,Beaufort,BEAUFORT,0.0032,0.0042,0.09,0.0011,0.09,wind
NC,Bertie,BERTIE,0.0007,0.0028,0.0316,0.0088,0.0316,wind
NC,Bladen,BLADEN,0.0048,0.0009,0.0839,0.0038,0.0839,wind
NC,Brunswick,BRUNSWICK,0.0108,0.0105,0.0534,0.0002,0.0534,wind
NC,Buncombe,BUNCOMBE,0.0048,0.0448,0.1505,0.02,0.1505,wind
NC,Burke,BURKE,0.0032,0.0157,0.1449,0.0123,0.1449,wind
NC,Cabarrus,CABARRUS,0.001,0.0069,0.1519,0.0123,0.1519,wind
NC,Caldwell,CALDWELL,0.0018,0.0533,0.1082,0.0108,0.1082,wind
NC,Camden,CAMDEN,0.0017,0.0032,0.0481,0.0017,0.0481,wind
NC,Carteret,CARTERET,0.0032,0.0105,0.1251,0.0021,0.1251,wind
NC,Caswell,CASWELL,0.001,0.0105,0.1255,0.0056,0.1255,wind
NC,Catawba,CATAWBA,0.0014,0.0128,0.1192,0.0108,0.1192,wind
NC,Chatham,CHATHAM,0.0023,0.0032,0.11,0.0044,0.11,wind
NC,Cherokee,CHEROKEE,0.0047,0.0658,0.0513,0.0033,0.0658,flood
NC,Chowan,CHOWAN,0.001,0.0019,0.0497,0.0047,0.0497,wind
NC,Clay,CLAY,0.0047,0.0316,0.0316,0.0003,0.0316,flood
NC,Cleveland,CLEVELAND,0.0018,0.0326,0.1528,0.003,0.1528,wind
NC,Columbus,COLUMBUS,0.0037,0.0019,0.0644,0.0006,0.0644,wind
NC,Craven,CRAVEN,0.0034,0.0038,0.1116,0.0056,0.1116,wind
NC,Cumberland,CUMBERLAND,0.0066,0.0022,0.0979,0.0021,0.0979,wind
NC,Currituck,CURRITUCK,0.0045,0.006,0.0575,0.0056,0.0575,wind
NC,Dare,DARE,0.0055,0.0128,0.0762,0.0044,0.0762,wind
NC,Davidson,DAVIDSON,0.0006,0.002,0.0762,0.0072,0.0762,wind
NC,Davie,DAVIE,0.0001,0.0059,0.0679,0.0102,0.0679,wind
NC,Duplin,DUPLIN,0.001,0.0011,0.1192,0.0068,0.1192,wind
NC,Durham,DURHAM,0.001,0.0046,0.0647,0.0083,0.0647,wind
NC,Edgecombe,EDGECOMBE,0.001,0.0046,0.1015,0.003,0.1015,wind
NC,Forsyth,FORSYTH,0.0007,0.007,0.0809,0.003,0.0809,wind
NC,Franklin,FRANKLIN,0.0003,0.0038,0.0762,0.0017,0.0762,wind
NC,Gaston,GASTON,0.0019,0.0032,0.1253,0.0033,0.1253,wind
NC,Gates,GATES,0.0004,0.0056,0.0376,0.0033,0.0376,wind
NC,Graham,GRAHAM,0.003,0.0479,0.1479,0.0386,0.1479,wind
NC,Granville,GRANVILLE,0.001,0.0046,0.0722,0.0033,0.0722,wind
NC,Greene,GREENE,0.0014,0.0057,0.0801,0.0017,0.0801,wind
NC,Guilford,GUILFORD,0.0017,0.0069,0.1079,0.0035,0.1079,wind
NC,Halifax,HALIFAX,0.0019,0.0038,0.1479,0.0033,0.1479,wind
NC,Harnett,HARNETT,0.003,0.0012,0.1079,0.003,0.1079,wind
NC,Haywood,HAYWOOD,0.0083,0.0533,0.1015,0.017,0.1015,wind
NC,Henderson,HENDERSON,0.0055,0.0658,0.1479,0.0056,0.1479,wind
NC,Hertford,HERTFORD,0.0007,0.0069,0.037,0.0108,0.037,wind
NC,Hoke,HOKE,0.0034,0.0042,0.0592,0.0006,0.0592,wind
NC,Hyde,HYDE,0.0047,0.0038,0.0679,0.0033,0.0679,wind
NC,Iredell,IREDELL,0.0007,0.0316,0.1231,0.0141,0.1231,wind
NC,Jackson,JACKSON,0.0034,0.0856,0.1788,0.02,0.1788,wind
NC,Johnston,JOHNSTON,0.0023,0.0042,0.1828,0.0072,0.1828,wind
NC,Jones,JONES,0.0024,0.0028,0.0762,0.0031,0.0762,wind
NC,Lee,LEE,0.002,0.0105,0.0481,0.0,0.0481,wind
NC,Lenoir,LENOIR,0.001,0.0045,0.11,0.0056,0.11,wind
NC,Lincoln,LINCOLN,0.0017,0.0105,0.1015,0.0088,0.1015,wind
NC,Macon,MACON,0.01,0.0185,0.1653,0.0264,0.1653,wind
NC,Madison,MADISON,0.0017,0.0361,0.11,0.0291,0.11,wind
NC,Martin,MARTIN,0.001,0.0046,0.0762,0.0017,0.0762,wind
NC,Mcdowell,MCDOWELL,0.012,0.0342,0.1015,0.003,0.1015,wind
NC,Mecklenburg,MECKLENBURG,0.001,0.0658,0.2195,0.0102,0.2195,wind
NC,Mitchell,MITCHELL,0.0034,0.0342,0.0839,0.0264,0.0839,wind
NC,Montgomery,MONTGOMERY,0.0032,0.0042,0.0647,0.003,0.0647,wind
NC,Moore,MOORE,0.0032,0.0028,0.0909,0.001,0.0909,wind
NC,Nash,NASH,0.0007,0.0045,0.0809,0.003,0.0809,wind
NC,New Hanover,NEW HANOVER,0.0032,0.0165,0.0979,0.0017,0.0979,wind
NC,Northampton,NORTHAMPTON,0.0004,0.0056,0.0612,0.0056,0.0612,wind
NC,Onslow,ONSLOW,0.0034,0.0046,0.1192,0.0072,0.1192,wind
NC,Orange,ORANGE,0.0004,0.0071,0.09,0.0083,0.09,wind
NC,Pamlico,PAMLICO,0.0017,0.0059,0.0497,0.0017,0.0497,wind
NC,Pasquotank,PASQUOTANK,0.001,0.0028,0.0534,0.0056,0.0534,wind
NC,Pender,PENDER,0.0076,0.006,0.1015,0.003,0.1015,wind
NC,Perquimans,PERQUIMANS,0.0007,0.002,0.0507,0.0043,0.0507,wind
NC,Person,PERSON,0.0003,0.0069,0.0839,0.0072,0.0839,wind
NC,Pitt,PITT,0.0017,0.0039,0.1015,0.0017,0.1015,wind
NC,Polk,POLK,0.001,0.0316,0.1079,0.0072,0.1079,wind
NC,Randolph,RANDOLPH,0.001,0.0024,0.1079,0.0083,0.1079,wind
NC,Richmond,RICHMOND,0.0032,0.0039,0.0612,0.0006,0.0612,wind
NC,Robeson,ROBESON,0.0143,0.0019,0.0668,0.0028,0.0668,wind
NC,Rockingham,ROCKINGHAM,0.0001,0.0123,0.1301,0.0014,0.1301,wind
NC,Rowan,ROWAN,0.0014,0.007,0.1079,0.02,0.1079,wind
NC,Rutherford,RUTHERFORD,0.0032,0.0361,0.1653,0.0088,0.1653,wind
NC,Sampson,SAMPSON,0.0024,0.0011,0.1356,0.0047,0.1356,wind
NC,Scotland,SCOTLAND,0.0055,0.002,0.0534,0.0015,0.0534,wind
NC,Stanly,STANLY,0.002,0.0046,0.1082,0.0056,0.1082,wind
NC,Stokes,STOKES,0.0001,0.0448,0.0679,0.0017,0.0679,wind
NC,Surry,SURRY,0.0001,0.0128,0.039,0.001,0.039,wind
NC,Swain,SWAIN,0.0031,0.0625,0.2031,0.0354,0.2031,wind
NC,Transylvania,TRANSYLVANIA,0.0023,0.0533,0.1231,0.009,0.1231,wind
NC,Tyrrell,TYRRELL,0.001,0.0032,0.0534,0.0017,0.0534,wind
NC,Union,UNION,0.0024,0.0185,0.0829,0.003,0.0829,wind
NC,Vance,VANCE,0.0001,0.0042,0.0658,0.0026,0.0658,wind
NC,Wake,WAKE,0.0023,0.0249,0.1831,0.0083,0.1831,wind
NC,Warren,WARREN,0.0004,0.0105,0.09,0.001,0.09,wind
NC,Washington,WASHINGTON,0.0014,0.0028,0.0534,0.0029,0.0534,wind
NC,Watauga,WATAUGA,0.0006,0.1701,0.0592,0.0088,0.1701,flood
NC,Wayne,WAYNE,0.001,0.0028,0.1449,0.0044,0.1449,wind
NC,Wilkes,WILKES,0.002,0.0658,0.0612,0.0011,0.0658,flood
NC,Wilson,WILSON,0.001,0.0046,0.1365,0.0044,0.1365,wind
NC,Yadkin,YADKIN,0.0001,0.0123,0.0434,0.001,0.0434,wind
NC,Yancey,YANCEY,0.0037,0.0881,0.0762,0.0141,0.0881,flood
ND,Adams,ADAMS,0.0034,0.0039,0.0679,0.0639,0.0679,wind
ND,Barnes,BARNES,0.0023,0.0157,0.037,0.0123,0.037,wind
ND,Benson,BENSON,0.0066,0.0448,0.0434,0.0123,0.0448,flood
ND,Billings,BILLINGS,0.0091,0.007,0.0592,0.037,0.0592,wind
ND,Bottineau,BOTTINEAU,0.0083,0.0165,0.0481,0.0113,0.0481,wind
ND,Bowman,BOWMAN,0.0083,0.0039,0.0612,0.0598,0.0612,wind
ND,Burke,BURKE,0.0055,0.0042,0.0513,0.0236,0.0513,wind
ND,Burleigh,BURLEIGH,0.0083,0.0185,0.0979,0.0123,0.0979,wind
ND,Cass,CASS,0.0007,0.0533,0.09,0.0145,0.09,wind
ND,Cavalier,CAVALIER,0.0083,0.0039,0.0316,0.017,0.0316,wind
ND,Dickey,DICKEY,0.0014,0.006,0.0561,0.0088,0.0561,wind
ND,Divide,DIVIDE,0.0066,0.0105,0.0481,0.0477,0.0481,wind
ND,Dunn,DUNN,0.0091,0.0105,0.0801,0.0317,0.0801,wind
ND,Eddy,EDDY,0.0076,0.0157,0.0316,0.0113,0.0316,wind
ND,Emmons,EMMONS,0.002,0.0128,0.0592,0.0123,0.0592,wind
ND,Foster,FOSTER,0.0007,0.0316,0.0242,0.0088,0.0316,flood
ND,Golden Valley,GOLDEN VALLEY,0.0168,0.0114,0.0534,0.0384,0.0534,wind
ND,Grand Forks,GRAND FORKS,0.0023,0.0069,0.0534,0.0141,0.0534,wind
ND,Grant,GRANT,0.0066,0.0201,0.0481,0.037,0.0481,wind
ND,Griggs,GRIGGS,0.0013,0.0056,0.0316,0.0088,0.0316,wind
ND,Hettinger,HETTINGER,0.0039,0.0046,0.0762,0.0253,0.0762,wind
ND,Kidder,KIDDER,0.002,0.007,0.0343,0.0056,0.0343,wind
ND,Lamoure,LAMOURE,0.001,0.0316,0.0,0.0,0.0316,flood
ND,Logan,LOGAN,0.001,0.006,0.0454,0.0056,0.0454,wind
ND,Mchenry,MCHENRY,0.0047,0.0059,0.0629,0.0113,0.0629,wind
ND,Mcintosh,MCINTOSH,0.0019,0.0046,0.0497,0.0072,0.0497,wind
ND,Mckenzie,MCKENZIE,0.0091,0.0332,0.0746,0.0556,0.0746,wind
ND,Mclean,MCLEAN,0.0032,0.0316,0.1247,0.0145,0.1247,wind
ND,Mercer,MERCER,0.0066,0.006,0.0839,0.0154,0.0839,wind
ND,Morton,MORTON,0.0034,0.0316,0.0879,0.037,0.0879,wind
ND,Mountrail,MOUNTRAIL,0.0066,0.006,0.0669,0.0285,0.0669,wind
ND,Nelson,NELSON,0.0032,0.0361,0.037,0.014,0.037,wind
ND,Oliver,OLIVER,0.0055,0.0105,0.0679,0.0154,0.0679,wind
ND,Pembina,PEMBINA,0.0007,0.0114,0.0343,0.0141,0.0343,wind
ND,Pierce,PIERCE,0.0047,0.0054,0.0418,0.0108,0.0418,wind
ND,Ramsey,RAMSEY,0.0083,0.0249,0.0402,0.0154,0.0402,wind
ND,Ransom,RANSOM,0.0014,0.0105,0.0376,0.0123,0.0376,wind
ND,Renville,RENVILLE,0.0091,0.0059,0.0658,0.0141,0.0658,wind
ND,Richland,RICHLAND,0.0013,0.0185,0.0592,0.0123,0.0592,wind
ND,Rolette,ROLETTE,0.0151,0.0069,0.0513,0.0108,0.0513,wind
ND,Sargent,SARGENT,0.0018,0.0349,0.0422,0.0108,0.0422,wind
ND,Sheridan,SHERIDAN,0.0032,0.0046,0.0534,0.0068,0.0534,wind
ND,Sioux,SIOUX,0.0085,0.0316,0.0513,0.037,0.0513,wind
ND,Slope,SLOPE,0.0091,0.0028,0.0746,0.0291,0.0746,wind
ND,Stark,STARK,0.0055,0.0165,0.0839,0.02,0.0839,wind
ND,Steele,STEELE,0.0007,0.0128,0.037,0.0113,0.037,wind
ND,Stutsman,STUTSMAN,0.0032,0.0212,0.0418,0.0056,0.0418,wind
ND,Towner,TOWNER,0.0055,0.0069,0.0343,0.0154,0.0343,wind
ND,Traill,TRAILL,0.0001,0.0625,0.0481,0.0102,0.0625,flood
ND,Walsh,WALSH,0.0034,0.0165,0.0316,0.0154,0.0316,wind
ND,Ward,WARD,0.0066,0.0123,0.0829,0.0179,0.0829,wind
ND,Wells,WELLS,0.0032,0.007,0.0511,0.0056,0.0511,wind
ND,Williams,WILLIAMS,0.0076,0.0128,0.0592,0.0477,0.0592,wind
NE,Adams,ADAMS,0.0007,0.0533,0.1528,0.0044,0.1528,wind
NE,Antelope,ANTELOPE,0.0014,0.0128,0.1015,0.0026,0.1015,wind
NE,Arthur,ARTHUR,0.0023,0.002,0.0979,0.0236,0.0979,wind
NE,Banner,BANNER,0.0037,0.0038,0.0497,0.1982,0.1982,winter
NE,Blaine,BLAINE,0.0024,0.0019,0.1079,0.0068,0.1079,wind
NE,Boone,BOONE,0.001,0.0165,0.0909,0.0017,0.0909,wind
NE,Box Butte,BOX BUTTE,0.0032,0.0069,0.11,0.089,0.11,wind
NE,Boyd,BOYD,0.0048,0.0105,0.0561,0.0056,0.0561,wind
NE,Brown,BROWN,0.0055,0.0128,0.0979,0.0083,0.0979,wind
NE,Buffalo,BUFFALO,0.0039,0.0431,0.1116,0.0102,0.1116,wind
NE,Burt,BURT,0.001,0.007,0.0762,0.0003,0.0762,wind
NE,Butler,BUTLER,0.0014,0.0316,0.0801,0.0014,0.0801,wind
NE,Cass,CASS,0.0013,0.04,0.0871,0.001,0.0871,wind
NE,Cedar,CEDAR,0.0017,0.0185,0.0801,0.0047,0.0801,wind
NE,Chase,CHASE,0.0032,0.0105,0.0679,0.1949,0.1949,winter
NE,Cherry,CHERRY,0.0055,0.0157,0.2195,0.0415,0.2195,wind
NE,Cheyenne,CHEYENNE,0.003,0.0165,0.1116,0.3056,0.3056,winter
NE,Clay,CLAY,0.001,0.0332,0.1528,0.0033,0.1528,wind
NE,Colfax,COLFAX,0.001,0.0165,0.0665,0.0011,0.0665,wind
NE,Cuming,CUMING,0.0007,0.0165,0.0753,0.0011,0.0753,wind
NE,Custer,CUSTER,0.003,0.0123,0.1828,0.0088,0.1828,wind
NE,Dakota,DAKOTA,0.0032,0.0046,0.0592,0.0017,0.0592,wind
NE,Dawes,DAWES,0.0111,0.0201,0.1479,0.0997,0.1479,wind
NE,Dawson,DAWSON,0.002,0.0533,0.1356,0.0072,0.1356,wind
NE,Deuel,DEUEL,0.001,0.0071,0.09,0.2718,0.2718,winter
NE,Dixon,DIXON,0.0007,0.0165,0.0762,0.0022,0.0762,wind
NE,Dodge,DODGE,0.001,0.0316,0.0762,0.0011,0.0762,wind
NE,Douglas,DOUGLAS,0.0032,0.0201,0.1082,0.0026,0.1082,wind
NE,Dundy,DUNDY,0.0034,0.0105,0.1082,0.1564,0.1564,winter
NE,Fillmore,FILLMORE,0.001,0.0658,0.1356,0.0011,0.1356,wind
NE,Franklin,FRANKLIN,0.0014,0.0342,0.0647,0.0034,0.0647,wind
NE,Frontier,FRONTIER,0.0032,0.0249,0.1255,0.0026,0.1255,wind
NE,Furnas,FURNAS,0.0003,0.0326,0.1231,0.0056,0.1231,wind
NE,Gage,GAGE,0.0037,0.0342,0.09,0.0001,0.09,wind
NE,Garden,GARDEN,0.0018,0.04,0.4342,0.0997,0.4342,wind
NE,Garfield,GARFIELD,0.0023,0.0046,0.0746,0.0017,0.0746,wind
NE,Gosper,GOSPER,0.0017,0.0448,0.0801,0.0056,0.0801,wind
NE,Grant,GRANT,0.0017,0.0069,0.1192,0.0303,0.1192,wind
NE,Greeley,GREELEY,0.0014,0.0123,0.0762,0.0044,0.0762,wind
NE,Hall,HALL,0.0014,0.0201,0.1653,0.0056,0.1653,wind
NE,Hamilton,HAMILTON,0.0003,0.0316,0.1253,0.0017,0.1253,wind
NE,Harlan,HARLAN,0.001,0.0625,0.0658,0.0056,0.0658,wind
NE,Hayes,HAYES,0.0032,0.0533,0.0979,0.0179,0.0979,wind
NE,Hitchcock,HITCHCOCK,0.0017,0.0185,0.1098,0.0698,0.1098,wind
NE,Holt,HOLT,0.0066,0.0165,0.1356,0.0033,0.1356,wind
NE,Hooker,HOOKER,0.0007,0.0038,0.0979,0.0236,0.0979,wind
NE,Howard,HOWARD,0.0047,0.0128,0.1192,0.0031,0.1192,wind
NE,Jefferson,JEFFERSON,0.0004,0.0123,0.0782,0.0,0.0782,wind
NE,Johnson,JOHNSON,0.0006,0.0316,0.0513,0.0,0.0513,wind
NE,Kearney,KEARNEY,0.0004,0.0361,0.0762,0.0056,0.0762,wind
NE,Keith,KEITH,0.0076,0.0342,0.1192,0.0972,0.1192,wind
NE,Keya Paha,KEYA PAHA,0.0017,0.0249,0.0958,0.0033,0.0958,wind
NE,Kimball,KIMBALL,0.0014,0.0011,0.0839,0.2943,0.2943,winter
NE,Knox,KNOX,0.0061,0.0105,0.0762,0.0056,0.0762,wind
NE,Lancaster,LANCASTER,0.003,0.0479,0.1192,0.0017,0.1192,wind
NE,Lincoln,LINCOLN,0.0037,0.0157,0.2477,0.0102,0.2477,wind
NE,Logan,LOGAN,0.0032,0.0056,0.1015,0.0102,0.1015,wind
NE,Loup,LOUP,0.0014,0.0025,0.0839,0.0034,0.0839,wind
NE,Madison,MADISON,0.0019,0.0105,0.09,0.003,0.09,wind
NE,Mcpherson,MCPHERSON,0.0013,0.0012,0.1082,0.0236,0.1082,wind
NE,Merrick,MERRICK,0.001,0.0533,0.09,0.003,0.09,wind
NE,Morrill,MORRILL,0.0047,0.0249,0.0762,0.1227,0.1227,winter
NE,Nance,NANCE,0.0007,0.0316,0.0839,0.0022,0.0839,wind
NE,Nemaha,NEMAHA,0.0003,0.0448,0.0592,0.0,0.0592,wind
NE,Nuckolls,NUCKOLLS,0.001,0.0212,0.0939,0.0011,0.0939,wind
NE,Otoe,OTOE,0.0003,0.0479,0.0762,0.0002,0.0762,wind
NE,Pawnee,PAWNEE,0.0001,0.0431,0.0481,0.0,0.0481,wind
NE,Perkins,PERKINS,0.0007,0.0128,0.0801,0.1223,0.1223,winter
NE,Phelps,PHELPS,0.0019,0.0361,0.0979,0.0056,0.0979,wind
NE,Pierce,PIERCE,0.0055,0.0123,0.0762,0.003,0.0762,wind
NE,Platte,PLATTE,0.003,0.0157,0.0955,0.003,0.0955,wind
NE,Polk,POLK,0.001,0.0431,0.1192,0.0031,0.1192,wind
NE,Red Willow,RED WILLOW,0.0032,0.0856,0.2108,0.0072,0.2108,wind
NE,Richardson,RICHARDSON,0.0001,0.04,0.0746,0.0,0.0746,wind
NE,Rock,ROCK,0.0023,0.0136,0.0762,0.0044,0.0762,wind
NE,Saline,SALINE,0.0003,0.0533,0.0979,0.0003,0.0979,wind
NE,Sarpy,SARPY,0.0047,0.0448,0.0834,0.001,0.0834,wind
NE,Saunders,SAUNDERS,0.0006,0.0342,0.1079,0.0022,0.1079,wind
NE,Scotts Bluff,SCOTTS BLUFF,0.0048,0.0042,0.1079,0.0698,0.1079,wind
NE,Seward,SEWARD,0.0014,0.0185,0.1053,0.001,0.1053,wind
NE,Sheridan,SHERIDAN,0.0032,0.0128,0.2195,0.1227,0.2195,wind
NE,Sherman,SHERMAN,0.0045,0.0185,0.0871,0.0056,0.0871,wind
NE,Sioux,SIOUX,0.0045,0.006,0.0434,0.1223,0.1223,winter
NE,Stanton,STANTON,0.0014,0.0185,0.0839,0.0007,0.0839,wind
NE,Thayer,THAYER,0.0001,0.0479,0.0909,0.001,0.0909,wind
NE,Thomas,THOMAS,0.0037,0.0019,0.0907,0.0141,0.0907,wind
NE,Thurston,THURSTON,0.0019,0.0185,0.065,0.0006,0.065,wind
NE,Valley,VALLEY,0.0014,0.0105,0.11,0.0044,0.11,wind
NE,Washington,WASHINGTON,0.0037,0.0479,0.0762,0.0022,0.0762,wind
NE,Wayne,WAYNE,0.002,0.0249,0.0592,0.0044,0.0592,wind
NE,Webster,WEBSTER,0.0006,0.0212,0.0871,0.003,0.0871,wind
NE,Wheeler,WHEELER,0.0066,0.0114,0.065,0.001,0.065,wind
NE,York,YORK,0.0003,0.0448,0.1449,0.0017,0.1449,wind
NH,Belknap,BELKNAP,0.001,0.0165,0.0285,0.1058,0.1058,winter
NH,Carroll,CARROLL,0.0032,0.0157,0.0285,0.187,0.187,winter
NH,Cheshire,CHESHIRE,0.0254,0.0361,0.1082,0.062,0.1082,wind
NH,Coos,COOS,0.0024,0.0361,0.26,0.2837,0.2837,winter
NH,Grafton,GRAFTON,0.0034,0.0128,0.0647,0.2325,0.2325,winter
NH,Hillsborough,HILLSBOROUGH,0.001,0.0123,0.1256,0.0868,0.1256,wind
NH,Merrimack,MERRIMACK,0.0032,0.0123,0.0801,0.1012,0.1012,winter
NH,Rockingham,ROCKINGHAM,0.0014,0.0332,0.0782,0.1223,0.1223,winter
NH,Strafford,STRAFFORD,0.0023,0.0185,0.0251,0.0997,0.0997,winter
NH,Sullivan,SULLIVAN,0.001,0.0185,0.0762,0.0997,0.0997,winter
NJ,Atlantic,ATLANTIC,0.0932,0.0105,0.2195,0.0477,0.2195,wind
NJ,Bergen,BERGEN,0.02,0.0046,0.26,0.0179,0.26,wind
NJ,Burlington,BURLINGTON,0.6912,0.0069,0.342,0.0785,0.6912,fire
NJ,Camden,CAMDEN,0.236,0.0128,0.26,0.062,0.26,wind
NJ,Cape May,CAPE MAY,0.0384,0.0625,0.2195,0.037,0.2195,wind
NJ,Cumberland,CUMBERLAND,0.1423,0.0157,0.2028,0.0477,0.2028,wind
NJ,Essex,ESSEX,0.0301,0.0011,0.2195,0.0264,0.2195,wind
NJ,Gloucester,GLOUCESTER,0.0811,0.0123,0.2477,0.057,0.2477,wind
NJ,Hudson,HUDSON,0.0151,0.001,0.1015,0.0123,0.1015,wind
NJ,Hunterdon,HUNTERDON,0.0886,0.0128,0.4342,0.0949,0.4342,wind
NJ,Mercer,MERCER,0.1082,0.0039,0.35,0.0734,0.35,wind
NJ,Middlesex,MIDDLESEX,0.397,0.0025,0.2885,0.0734,0.397,fire
NJ,Monmouth,MONMOUTH,0.3399,0.0024,0.2746,0.062,0.3399,fire
NJ,Morris,MORRIS,0.075,0.0216,0.3774,0.1012,0.3774,wind
NJ,Ocean,OCEAN,0.4861,0.0046,0.3235,0.0868,0.4861,fire
NJ,Passaic,PASSAIC,0.0325,0.007,0.3235,0.0477,0.3235,wind
NJ,Salem,SALEM,0.0273,0.0105,0.2477,0.0477,0.2477,wind
NJ,Somerset,SOMERSET,0.0989,0.0128,0.3889,0.1012,0.3889,wind
NJ,Sussex,SUSSEX,0.104,0.004,0.4604,0.1949,0.4604,wind
NJ,Union,UNION,0.0131,0.006,0.2746,0.0305,0.2746,wind
NJ,Warren,WARREN,0.2047,0.0069,0.3827,0.1471,0.3827,wind
NM,Bernalillo,BERNALILLO,0.0301,0.0128,0.0561,0.0007,0.0561,wind
NM,Catron,CATRON,0.0301,0.0004,0.0093,0.0011,0.0301,fire
NM,Chaves,CHAVES,0.0276,0.0105,0.0534,0.0006,0.0534,wind
NM,Cibola,CIBOLA,0.0115,0.0009,0.0251,0.0017,0.0251,wind
NM,Colfax,COLFAX,0.0111,0.0019,0.0118,0.1564,0.1564,winter
NM,Curry,CURRY,0.0115,0.0056,0.0612,0.0006,0.0612,wind
NM,De Baca,DE BACA,0.0083,0.002,0.0285,0.001,0.0285,wind
NM,Doña Ana,DOÑA ANA,0.0131,0.007,0.0,0.0,0.0131,fire
NM,Eddy,EDDY,0.0151,0.0349,0.0909,0.0001,0.0909,wind
NM,Grant,GRANT,0.0209,0.0038,0.0047,0.0006,0.0209,fire
NM,Guadalupe,GUADALUPE,0.0055,0.0011,0.039,0.0026,0.039,wind
NM,Harding,HARDING,0.0032,0.0004,0.037,0.0303,0.037,wind
NM,Hidalgo,HIDALGO,0.0076,0.0028,0.0019,0.0,0.0076,fire
NM,Lea,LEA,0.0091,0.0069,0.0561,0.0,0.0561,wind
NM,Lincoln,LINCOLN,0.0115,0.0042,0.0377,0.0017,0.0377,wind
NM,Los Alamos,LOS ALAMOS,0.0635,0.0069,0.0029,0.0072,0.0635,fire
NM,Luna,LUNA,0.0182,0.0105,0.0047,0.0,0.0182,fire
NM,Mckinley,MCKINLEY,0.0091,0.001,0.0167,0.0056,0.0167,wind
NM,Mora,MORA,0.0055,0.0008,0.0143,0.02,0.02,winter
NM,Otero,OTERO,0.0108,0.0105,0.0285,0.0006,0.0285,wind
NM,Quay,QUAY,0.0076,0.0046,0.0612,0.0017,0.0612,wind
NM,Rio Arriba,RIO ARRIBA,0.0347,0.002,0.0068,0.0343,0.0347,fire
NM,Roosevelt,ROOSEVELT,0.0168,0.0069,0.0612,0.0006,0.0612,wind
NM,San Juan,SAN JUAN,0.0384,0.0039,0.0049,0.1573,0.1573,winter
NM,San Miguel,SAN MIGUEL,0.0182,0.0011,0.0422,0.0056,0.0422,wind
NM,Sandoval,SANDOVAL,0.0131,0.0039,0.0239,0.0002,0.0239,wind
NM,Santa Fe,SANTA FE,0.0182,0.0046,0.0801,0.0113,0.0801,wind
NM,Sierra,SIERRA,0.0182,0.0028,0.0159,0.001,0.0182,fire
NM,Socorro,SOCORRO,0.0366,0.002,0.0561,0.0011,0.0561,wind
NM,Taos,TAOS,0.02,0.0022,0.0041,0.0317,0.0317,winter
NM,Torrance,TORRANCE,0.0115,0.001,0.039,0.0011,0.039,wind
NM,Union,UNION,0.0032,0.0024,0.0316,0.2194,0.2194,winter
NM,Valencia,VALENCIA,0.0131,0.0105,0.0433,0.001,0.0433,wind
NV,Carson City,CARSON CITY,0.0254,0.0024,0.2659,0.0734,0.2659,wind
NV,Churchill,CHURCHILL,0.0083,0.0042,0.0668,0.017,0.0668,wind
NV,Clark,CLARK,0.0254,0.0123,0.0801,0.0123,0.0801,wind
NV,Douglas,DOUGLAS,0.0182,0.007,0.2477,0.047,0.2477,wind
NV,Elko,ELKO,0.0083,0.002,0.2015,0.1572,0.2015,wind
NV,Esmeralda,ESMERALDA,0.0019,0.0024,0.0561,0.0072,0.0561,wind
NV,Eureka,EUREKA,0.0066,0.0028,0.0829,0.1227,0.1227,winter
NV,Humboldt,HUMBOLDT,0.0111,0.0042,0.0871,0.0868,0.0871,wind
NV,Lander,LANDER,0.0131,0.0019,0.0762,0.089,0.089,winter
NV,Lincoln,LINCOLN,0.0091,0.0019,0.0534,0.0123,0.0534,wind
NV,Lyon,LYON,0.0115,0.0069,0.2885,0.0415,0.2885,wind
NV,Mineral,MINERAL,0.0037,0.0028,0.0762,0.0141,0.0762,wind
NV,Nye,NYE,0.0076,0.0011,0.0159,0.0,0.0159,wind
NV,Pershing,PERSHING,0.0091,0.0025,0.0612,0.0141,0.0612,wind
NV,Storey,STOREY,0.0254,0.0042,0.1831,0.0264,0.1831,wind
NV,Washoe,WASHOE,0.012,0.006,0.2211,0.0477,0.2211,wind
NV,White Pine,WHITE PINE,0.0066,0.0019,0.0592,0.0798,0.0798,winter
NY,Albany,ALBANY,0.0083,0.0821,0.1828,0.1873,0.1873,winter
NY,Allegany,ALLEGANY,0.0032,0.0201,0.1079,0.0598,0.1079,wind
NY,Bronx,BRONX,0.0007,0.0006,0.0746,0.0072,0.0746,wind
NY,Broome,BROOME,0.0032,0.0128,0.3118,0.0798,0.3118,wind
NY,Cattaraugus,CATTARAUGUS,0.0014,0.0342,0.1653,0.062,0.1653,wind
NY,Cayuga,CAYUGA,0.0006,0.0316,0.1356,0.0354,0.1356,wind
NY,Chautauqua,CHAUTAUQUA,0.0023,0.0479,0.1653,0.037,0.1653,wind
NY,Chemung,CHEMUNG,0.0023,0.0123,0.1968,0.0785,0.1968,wind
NY,Chenango,CHENANGO,0.0032,0.0448,0.2659,0.0679,0.2659,wind
NY,Clinton,CLINTON,0.0032,0.0316,0.26,0.2718,0.2718,winter
NY,Columbia,COLUMBIA,0.0108,0.0479,0.1653,0.1734,0.1734,winter
NY,Cortland,CORTLAND,0.0034,0.0361,0.2015,0.0679,0.2015,wind
NY,Delaware,DELAWARE,0.002,0.1595,0.3235,0.089,0.3235,wind
NY,Dutchess,DUTCHESS,0.0066,0.0105,0.2195,0.1998,0.2195,wind
NY,Erie,ERIE,0.0048,0.0105,0.0679,0.0236,0.0679,wind
NY,Essex,ESSEX,0.0024,0.0856,0.2015,0.2325,0.2325,winter
NY,Franklin,FRANKLIN,0.0023,0.0533,0.2477,0.2526,0.2526,winter
NY,Fulton,FULTON,0.0034,0.0316,0.1449,0.2325,0.2325,winter
NY,Genesee,GENESEE,0.0047,0.0212,0.09,0.0291,0.09,wind
NY,Greene,GREENE,0.0254,0.0446,0.2195,0.1998,0.2195,wind
NY,Hamilton,HAMILTON,0.0017,0.0069,0.1116,0.2526,0.2526,winter
NY,Herkimer,HERKIMER,0.001,0.0658,0.2477,0.2325,0.2477,wind
NY,Jefferson,JEFFERSON,0.0047,0.0249,0.2028,0.1347,0.2028,wind
NY,Kings,KINGS,0.0019,0.0006,0.0612,0.0088,0.0612,wind
NY,Lewis,LEWIS,0.001,0.0533,0.1911,0.2085,0.2085,winter
NY,Livingston,LIVINGSTON,0.001,0.0533,0.1356,0.0343,0.1356,wind
NY,Madison,MADISON,0.0032,0.0316,0.2028,0.0997,0.2028,wind
NY,Monroe,MONROE,0.0032,0.0316,0.0979,0.037,0.0979,wind
NY,Montgomery,MONTGOMERY,0.003,0.0448,0.1653,0.187,0.187,winter
NY,Nassau,NASSAU,0.0045,0.0212,0.0809,0.0056,0.0809,wind
NY,New York,NEW YORK,0.0006,0.0008,0.0673,0.0072,0.0673,wind
NY,Niagara,NIAGARA,0.0019,0.0249,0.0969,0.02,0.0969,wind
NY,Oneida,ONEIDA,0.0032,0.0342,0.2351,0.1274,0.2351,wind
NY,Onondaga,ONONDAGA,0.0032,0.0165,0.1653,0.0413,0.1653,wind
NY,Ontario,ONTARIO,0.0014,0.0658,0.139,0.0317,0.139,wind
NY,Orange,ORANGE,0.0131,0.0046,0.35,0.0698,0.35,wind
NY,Orleans,ORLEANS,0.0018,0.0448,0.0592,0.0179,0.0592,wind
NY,Oswego,OSWEGO,0.0001,0.0157,0.1528,0.0639,0.1528,wind
NY,Otsego,OTSEGO,0.0037,0.0625,0.2351,0.062,0.2351,wind
NY,Putnam,PUTNAM,0.0032,0.0533,0.1653,0.0413,0.1653,wind
NY,Queens,QUEENS,0.0014,0.002,0.0668,0.0064,0.0668,wind
NY,Rensselaer,RENSSELAER,0.0085,0.1129,0.1831,0.1691,0.1831,wind
NY,Richmond,RICHMOND,0.0083,0.0011,0.1033,0.0123,0.1033,wind
NY,Rockland,ROCKLAND,0.0276,0.0019,0.2028,0.02,0.2028,wind
NY,Saratoga,SARATOGA,0.0034,0.0123,0.2015,0.226,0.226,winter
NY,Schenectady,SCHENECTADY,0.002,0.0856,0.11,0.1573,0.1573,winter
NY,Schoharie,SCHOHARIE,0.012,0.0856,0.1831,0.166,0.1831,wind
NY,Schuyler,SCHUYLER,0.0055,0.0316,0.1653,0.0386,0.1653,wind
NY,Seneca,SENECA,0.0007,0.0201,0.0909,0.0264,0.0909,wind
NY,St. Lawrence,ST. LAWRENCE,0.0182,0.0316,0.1464,0.1734,0.1734,winter
NY,Steuben,STEUBEN,0.0032,0.0165,0.2659,0.0949,0.2659,wind
NY,Suffolk,SUFFOLK,0.0039,0.0128,0.0497,0.009,0.0497,wind
NY,Sullivan,SULLIVAN,0.0168,0.0316,0.35,0.1342,0.35,wind
NY,Tioga,TIOGA,0.0019,0.0361,0.2195,0.0698,0.2195,wind
NY,Tompkins,TOMPKINS,0.0036,0.0128,0.1831,0.0549,0.1831,wind
NY,Ulster,ULSTER,0.0254,0.0479,0.3118,0.2526,0.3118,wind
NY,Warren,WARREN,0.0047,0.0212,0.1449,0.226,0.226,winter
NY,Washington,WASHINGTON,0.0076,0.0212,0.0909,0.187,0.187,winter
NY,Wayne,WAYNE,0.0014,0.0856,0.1449,0.037,0.1449,wind
NY,Westchester,WESTCHESTER,0.0034,0.0039,0.1797,0.0113,0.1797,wind
NY,Wyoming,WYOMING,0.001,0.0625,0.0871,0.0477,0.0871,wind
NY,Yates,YATES,0.0014,0.0361,0.1079,0.0291,0.1079,wind
OH,Adams,ADAMS,0.0055,0.0185,0.26,0.0068,0.26,wind
OH,Allen,ALLEN,0.0003,0.0201,0.09,0.0033,0.09,wind
OH,Ashland,ASHLAND,0.0007,0.0342,0.1479,0.0072,0.1479,wind
OH,Ashtabula,ASHTABULA,0.0017,0.0533,0.1797,0.0785,0.1797,wind
OH,Athens,ATHENS,0.0061,0.0533,0.037,0.1338,0.1338,winter
OH,Auglaize,AUGLAIZE,0.0001,0.0157,0.09,0.0056,0.09,wind
OH,Belmont,BELMONT,0.003,0.0533,0.0285,0.0017,0.0533,flood
OH,Brown,BROWN,0.0017,0.0361,0.2477,0.0043,0.2477,wind
OH,Butler,BUTLER,0.0007,0.0128,0.203,0.0017,0.203,wind
OH,Carroll,CARROLL,0.0032,0.0431,0.0376,0.0011,0.0431,flood
OH,Champaign,CHAMPAIGN,0.0007,0.0212,0.1255,0.0017,0.1255,wind
OH,Clark,CLARK,0.0003,0.0157,0.2195,0.001,0.2195,wind
OH,Clermont,CLERMONT,0.0019,0.0128,0.2211,0.0021,0.2211,wind
OH,Clinton,CLINTON,0.0003,0.0332,0.2031,0.0014,0.2031,wind
OH,Columbiana,COLUMBIANA,0.0032,0.0316,0.065,0.003,0.065,wind
OH,Coshocton,COSHOCTON,0.0048,0.0212,0.0534,0.0033,0.0534,wind
OH,Crawford,CRAWFORD,0.0006,0.0128,0.1653,0.0123,0.1653,wind
OH,Cuyahoga,CUYAHOGA,0.001,0.0533,0.1653,0.0354,0.1653,wind
OH,Darke,DARKE,0.0001,0.0128,0.1653,0.0035,0.1653,wind
OH,Defiance,DEFIANCE,0.0003,0.007,0.0513,0.003,0.0513,wind
OH,Delaware,DELAWARE,0.0006,0.0165,0.1528,0.0123,0.1528,wind
OH,Erie,ERIE,0.0004,0.0361,0.2015,0.0088,0.2015,wind
OH,Fairfield,FAIRFIELD,0.0017,0.0212,0.2028,0.0017,0.2028,wind
OH,Fayette,FAYETTE,0.0001,0.007,0.1356,0.0017,0.1356,wind
OH,Franklin,FRANKLIN,0.0006,0.0165,0.2416,0.0068,0.2416,wind
OH,Fulton,FULTON,0.0006,0.0165,0.09,0.003,0.09,wind
OH,Gallia,GALLIA,0.003,0.0533,0.0592,0.1998,0.1998,winter
OH,Geauga,GEAUGA,0.0003,0.0446,0.1116,0.037,0.1116,wind
OH,Greene,GREENE,0.0014,0.0157,0.1831,0.0017,0.1831,wind
OH,Guernsey,GUERNSEY,0.0032,0.0479,0.039,0.0017,0.0479,flood
OH,Hamilton,HAMILTON,0.0023,0.0316,0.26,0.001,0.26,wind
OH,Hancock,HANCOCK,0.0003,0.007,0.1356,0.0033,0.1356,wind
OH,Hardin,HARDIN,0.0001,0.0212,0.0762,0.0088,0.0762,wind
OH,Harrison,HARRISON,0.0018,0.0349,0.0481,0.0006,0.0481,wind
OH,Henry,HENRY,0.0001,0.007,0.1015,0.0056,0.1015,wind
OH,Highland,HIGHLAND,0.001,0.0185,0.1828,0.0017,0.1828,wind
OH,Hocking,HOCKING,0.0017,0.0821,0.1449,0.0056,0.1449,wind
OH,Holmes,HOLMES,0.0017,0.0128,0.0979,0.0044,0.0979,wind
OH,Huron,HURON,0.0024,0.0128,0.1911,0.0083,0.1911,wind
OH,Jackson,JACKSON,0.001,0.0448,0.0592,0.0997,0.0997,winter
OH,Jefferson,JEFFERSON,0.0034,0.0342,0.0376,0.0006,0.0376,wind
OH,Knox,KNOX,0.0006,0.0185,0.1676,0.0056,0.1676,wind
OH,Lake,LAKE,0.001,0.0316,0.1015,0.0413,0.1015,wind
OH,Lawrence,LAWRENCE,0.0037,0.0361,0.0829,0.1694,0.1694,winter
OH,Licking,LICKING,0.001,0.0201,0.1528,0.0056,0.1528,wind
OH,Logan,LOGAN,0.0001,0.0212,0.0762,0.0072,0.0762,wind
OH,Lorain,LORAIN,0.001,0.0212,0.1116,0.0123,0.1116,wind
OH,Lucas,LUCAS,0.0032,0.0533,0.1831,0.0068,0.1831,wind
OH,Madison,MADISON,0.0001,0.0069,0.1653,0.0017,0.1653,wind
OH,Mahoning,MAHONING,0.0047,0.0128,0.1267,0.0072,0.1267,wind
OH,Marion,MARION,0.0001,0.0165,0.1356,0.0123,0.1356,wind
OH,Medina,MEDINA,0.0017,0.0431,0.1116,0.0072,0.1116,wind
OH,Meigs,MEIGS,0.0013,0.1185,0.0343,0.1998,0.1998,winter
OH,Mercer,MERCER,0.0001,0.0165,0.0592,0.0056,0.0592,wind
OH,Miami,MIAMI,0.0001,0.007,0.1828,0.003,0.1828,wind
OH,Monroe,MONROE,0.0023,0.0479,0.037,0.0068,0.0479,flood
OH,Montgomery,MONTGOMERY,0.001,0.0249,0.2031,0.0022,0.2031,wind
OH,Morgan,MORGAN,0.0017,0.0533,0.0154,0.1471,0.1471,winter
OH,Morrow,MORROW,0.001,0.0128,0.1911,0.0088,0.1911,wind
OH,Muskingum,MUSKINGUM,0.0055,0.0326,0.0612,0.0021,0.0612,wind
OH,Noble,NOBLE,0.002,0.0533,0.0167,0.0017,0.0533,flood
OH,Ottawa,OTTAWA,0.001,0.0856,0.2885,0.0056,0.2885,wind
OH,Paulding,PAULDING,0.0001,0.0185,0.0668,0.0014,0.0668,wind
OH,Perry,PERRY,0.0014,0.0881,0.0534,0.017,0.0881,flood
OH,Pickaway,PICKAWAY,0.0003,0.0114,0.1828,0.003,0.1828,wind
OH,Pike,PIKE,0.0019,0.0658,0.1356,0.0017,0.1356,wind
OH,Portage,PORTAGE,0.0017,0.0157,0.09,0.0179,0.09,wind
OH,Preble,PREBLE,0.0032,0.0165,0.2031,0.0017,0.2031,wind
OH,Putnam,PUTNAM,0.0001,0.007,0.065,0.0056,0.065,wind
OH,Richland,RICHLAND,0.0018,0.0479,0.1831,0.0123,0.1831,wind
OH,Ross,ROSS,0.001,0.0361,0.2015,0.0034,0.2015,wind
OH,Sandusky,SANDUSKY,0.0001,0.0128,0.1653,0.0113,0.1653,wind
OH,Scioto,SCIOTO,0.0055,0.0342,0.2477,0.0056,0.2477,wind
OH,Seneca,SENECA,0.0004,0.0201,0.1797,0.0036,0.1797,wind
OH,Shelby,SHELBY,0.0001,0.007,0.1079,0.0056,0.1079,wind
OH,Stark,STARK,0.0019,0.0165,0.0871,0.0068,0.0871,wind
OH,Summit,SUMMIT,0.0048,0.0533,0.0839,0.014,0.0839,wind
OH,Trumbull,TRUMBULL,0.0032,0.0316,0.1653,0.0305,0.1653,wind
OH,Tuscarawas,TUSCARAWAS,0.0045,0.0201,0.0647,0.003,0.0647,wind
OH,Union,UNION,0.0001,0.0123,0.1653,0.0072,0.1653,wind
OH,Van Wert,VAN WERT,0.0001,0.0123,0.0668,0.0056,0.0668,wind
OH,Vinton,VINTON,0.0006,0.0748,0.0534,0.1012,0.1012,winter
OH,Warren,WARREN,0.0007,0.0446,0.2211,0.001,0.2211,wind
OH,Washington,WASHINGTON,0.0076,0.0533,0.0239,0.166,0.166,winter
OH,Wayne,WAYNE,0.0007,0.0342,0.0762,0.0056,0.0762,wind
OH,Williams,WILLIAMS,0.0001,0.0056,0.0513,0.0011,0.0513,wind
OH,Wood,WOOD,0.0001,0.0201,0.1831,0.0108,0.1831,wind
OH,Wyandot,WYANDOT,0.0007,0.0165,0.1079,0.0083,0.1079,wind
OK,Adair,ADAIR,0.0003,0.0625,0.2659,0.0,0.2659,wind
OK,Alfalfa,ALFALFA,0.0006,0.0316,0.1528,0.001,0.1528,wind
OK,Atoka,ATOKA,0.0003,0.0625,0.1231,0.0,0.1231,wind
OK,Beaver,BEAVER,0.0006,0.0172,0.11,0.017,0.11,wind
OK,Beckham,BECKHAM,0.0024,0.0479,0.1528,0.003,0.1528,wind
OK,Blaine,BLAINE,0.0014,0.0185,0.1479,0.0017,0.1479,wind
OK,Bryan,BRYAN,0.0001,0.0625,0.1449,0.0,0.1449,wind
OK,Caddo,CADDO,0.0076,0.0856,0.1911,0.001,0.1911,wind
OK,Canadian,CANADIAN,0.0013,0.1129,0.5479,0.0008,0.5479,wind
OK,Carter,CARTER,0.0023,0.0316,0.1528,0.0,0.1528,wind
OK,Cherokee,CHEROKEE,0.0018,0.0479,0.3118,0.0001,0.3118,wind
OK,Choctaw,CHOCTAW,0.0001,0.0533,0.1356,0.0,0.1356,wind
OK,Cimarron,CIMARRON,0.0032,0.0136,0.0958,0.226,0.226,winter
OK,Cleveland,CLEVELAND,0.0007,0.2088,0.1479,0.0001,0.2088,flood
OK,Coal,COAL,0.0001,0.0625,0.0871,0.0001,0.0871,wind
OK,Comanche,COMANCHE,0.0014,0.0856,0.26,0.0017,0.26,wind
OK,Cotton,COTTON,0.0014,0.0105,0.1231,0.0006,0.1231,wind
OK,Craig,CRAIG,0.0004,0.0105,0.2195,0.001,0.2195,wind
OK,Creek,CREEK,0.01,0.1129,0.2211,0.0,0.2211,wind
OK,Custer,CUSTER,0.001,0.0342,0.2195,0.0044,0.2195,wind
OK,Delaware,DELAWARE,0.0034,0.0533,0.26,0.0,0.26,wind
OK,Dewey,DEWEY,0.0014,0.0128,0.2211,0.0033,0.2211,wind
OK,Ellis,ELLIS,0.0004,0.0185,0.1356,0.0033,0.1356,wind
OK,Garfield,GARFIELD,0.0003,0.0361,0.1528,0.0011,0.1528,wind
OK,Garvin,GARVIN,0.0018,0.0533,0.1255,0.0,0.1255,wind
OK,Grady,GRADY,0.0014,0.1129,0.1831,0.0001,0.1831,wind
OK,Grant,GRANT,0.0004,0.0201,0.11,0.001,0.11,wind
OK,Greer,GREER,0.0007,0.0533,0.1078,0.0026,0.1078,wind
OK,Harmon,HARMON,0.001,0.1412,0.1449,0.0017,0.1449,wind
OK,Harper,HARPER,0.0032,0.0361,0.1015,0.0056,0.1015,wind
OK,Haskell,HASKELL,0.0006,0.0316,0.2211,0.0006,0.2211,wind
OK,Hughes,HUGHES,0.0005,0.0448,0.0946,0.0,0.0946,wind
OK,Jackson,JACKSON,0.0006,0.0533,0.1479,0.0011,0.1479,wind
OK,Jefferson,JEFFERSON,0.0032,0.0042,0.1528,0.0,0.1528,wind
OK,Johnston,JOHNSTON,0.0006,0.0431,0.1255,0.0,0.1255,wind
OK,Kay,KAY,0.0014,0.0316,0.2015,0.0,0.2015,wind
OK,Kingfisher,KINGFISHER,0.001,0.0361,0.1449,0.0006,0.1449,wind
OK,Kiowa,KIOWA,0.0007,0.0625,0.1356,0.0011,0.1356,wind
OK,Latimer,LATIMER,0.0006,0.0448,0.1831,0.0003,0.1831,wind
OK,Le Flore,LE FLORE,0.001,0.0533,0.3235,0.0006,0.3235,wind
OK,Lincoln,LINCOLN,0.001,0.0625,0.108,0.0006,0.108,wind
OK,Logan,LOGAN,0.0023,0.0361,0.1653,0.0006,0.1653,wind
OK,Love,LOVE,0.0006,0.0316,0.1528,0.0001,0.1528,wind
OK,Major,MAJOR,0.0007,0.0448,0.1449,0.0017,0.1449,wind
OK,Marshall,MARSHALL,0.0006,0.0479,0.11,0.0,0.11,wind
OK,Mayes,MAYES,0.0019,0.04,0.26,0.0,0.26,wind
OK,Mcclain,MCCLAIN,0.0017,0.0881,0.1255,0.0,0.1255,wind
OK,Mccurtain,MCCURTAIN,0.0006,0.0625,0.26,0.0003,0.26,wind
OK,Mcintosh,MCINTOSH,0.0014,0.0856,0.26,0.0001,0.26,wind
OK,Murray,MURRAY,0.0014,0.0479,0.0979,0.0001,0.0979,wind
OK,Muskogee,MUSKOGEE,0.0006,0.0533,0.2746,0.001,0.2746,wind
OK,Noble,NOBLE,0.001,0.0342,0.1255,0.0011,0.1255,wind
OK,Nowata,NOWATA,0.0007,0.0185,0.1831,0.0017,0.1831,wind
OK,Okfuskee,OKFUSKEE,0.0032,0.0533,0.2015,0.0,0.2015,wind
OK,Oklahoma,OKLAHOMA,0.1423,0.1129,0.1831,0.0002,0.1831,wind
OK,Okmulgee,OKMULGEE,0.001,0.0856,0.2015,0.0001,0.2015,wind
OK,Osage,OSAGE,0.0032,0.0625,0.2659,0.0001,0.2659,wind
OK,Ottawa,OTTAWA,0.0034,0.0316,0.2031,0.0001,0.2031,wind
OK,Pawnee,PAWNEE,0.0047,0.0316,0.1797,0.0014,0.1797,wind
OK,Payne,PAYNE,0.0013,0.0625,0.1828,0.0006,0.1828,wind
OK,Pittsburg,PITTSBURG,0.0006,0.151,0.2031,0.0001,0.2031,wind
OK,Pontotoc,PONTOTOC,0.0003,0.0856,0.1356,0.0,0.1356,wind
OK,Pottawatomie,POTTAWATOMIE,0.001,0.0658,0.09,0.0,0.09,wind
OK,Pushmataha,PUSHMATAHA,0.0006,0.0479,0.1528,0.0006,0.1528,wind
OK,Roger Mills,ROGER MILLS,0.0017,0.0448,0.1425,0.0026,0.1425,wind
OK,Rogers,ROGERS,0.0017,0.1129,0.2496,0.0,0.2496,wind
OK,Seminole,SEMINOLE,0.0006,0.0533,0.0871,0.0,0.0871,wind
OK,Sequoyah,SEQUOYAH,0.012,0.0316,0.2659,0.0006,0.2659,wind
OK,Stephens,STEPHENS,0.001,0.0448,0.2028,0.0001,0.2028,wind
OK,Texas,TEXAS,0.003,0.0349,0.11,0.047,0.11,wind
OK,Tillman,TILLMAN,0.0007,0.0625,0.2015,0.001,0.2015,wind
OK,Tulsa,TULSA,0.0111,0.1701,0.2746,0.001,0.2746,wind
OK,Wagoner,WAGONER,0.0024,0.0658,0.2638,0.0002,0.2638,wind
OK,Washington,WASHINGTON,0.0023,0.0658,0.2195,0.001,0.2195,wind
OK,Washita,WASHITA,0.0001,0.0625,0.1536,0.0021,0.1536,wind
OK,Woods,WOODS,0.0019,0.0361,0.1831,0.001,0.1831,wind
OK,Woodward,WOODWARD,0.0034,0.0361,0.2598,0.0014,0.2598,wind
OR,Baker,BAKER,0.0091,0.0038,0.0191,0.0123,0.0191,wind
OR,Benton,BENTON,0.0018,0.0019,0.0022,0.0,0.0022,wind
OR,Clackamas,CLACKAMAS,0.0001,0.0069,0.0134,0.0,0.0134,wind
OR,Clatsop,CLATSOP,0.0001,0.0019,0.0019,0.0,0.0019,flood
OR,Columbia,COLUMBIA,0.001,0.0019,0.0393,0.0083,0.0393,wind
OR,Coos,COOS,0.0168,0.0019,0.0019,0.0,0.0168,fire
OR,Crook,CROOK,0.0083,0.0024,0.0083,0.0,0.0083,fire
OR,Curry,CURRY,0.0254,0.004,0.1356,0.1227,0.1356,wind
OR,Deschutes,DESCHUTES,0.0061,0.0349,0.0134,0.0,0.0349,flood
OR,Douglas,DOUGLAS,0.0111,0.002,0.0205,0.1501,0.1501,winter
OR,Gilliam,GILLIAM,0.0091,0.0032,0.0093,0.0035,0.0093,wind
OR,Grant,GRANT,0.0131,0.0019,0.0126,0.0001,0.0131,fire
OR,Harney,HARNEY,0.0131,0.0024,0.0285,0.0102,0.0285,wind
OR,Hood River,HOOD RIVER,0.0005,0.0019,0.0126,0.0017,0.0126,wind
OR,Jackson,JACKSON,0.0019,0.0071,0.0434,0.2721,0.2721,winter
OR,Jefferson,JEFFERSON,0.0066,0.0185,0.0147,0.0,0.0185,flood
OR,Josephine,JOSEPHINE,0.0635,0.0028,0.0222,0.1998,0.1998,winter
OR,Klamath,KLAMATH,0.012,0.0105,0.0222,0.1342,0.1342,winter
OR,Lake,LAKE,0.0301,0.001,0.0343,0.1788,0.1788,winter
OR,Lane,LANE,0.0014,0.0045,0.0343,0.003,0.0343,wind
OR,Lincoln,LINCOLN,0.001,0.0032,0.0047,0.0,0.0047,wind
OR,Linn,LINN,0.0007,0.007,0.0061,0.0,0.007,flood
OR,Malheur,MALHEUR,0.0209,0.0019,0.0265,0.0154,0.0265,wind
OR,Marion,MARION,0.0001,0.0123,0.0061,0.0,0.0123,flood
OR,Morrow,MORROW,0.0055,0.0201,0.0083,0.0,0.0201,flood
OR,Multnomah,MULTNOMAH,0.0006,0.0105,0.0057,0.0,0.0105,flood
OR,Polk,POLK,0.001,0.0019,0.0028,0.0,0.0028,wind
OR,Sherman,SHERMAN,0.0032,0.0059,0.0061,0.0,0.0061,wind
OR,Tillamook,TILLAMOOK,0.0006,0.0028,0.0022,0.0,0.0028,flood
OR,Umatilla,UMATILLA,0.0055,0.0123,0.0316,0.0002,0.0316,wind
OR,Union,UNION,0.0032,0.0105,0.0093,0.0,0.0105,flood
OR,Wallowa,WALLOWA,0.0061,0.007,0.0402,0.0056,0.0402,wind
OR,Wasco,WASCO,0.0083,0.0042,0.0093,0.0,0.0093,wind
OR,Washington,WASHINGTON,0.0017,0.002,0.0057,0.0,0.0057,wind
OR,Wheeler,WHEELER,0.0037,0.006,0.017,0.0017,0.017,wind
OR,Yamhill,YAMHILL,0.0018,0.0069,0.0019,0.0,0.0069,flood
PA,Adams,ADAMS,0.0032,0.0201,0.26,0.0072,0.26,wind
PA,Allegheny,ALLEGHENY,0.0055,0.0448,0.0909,0.0043,0.0909,wind
PA,Armstrong,ARMSTRONG,0.0032,0.0342,0.2885,0.0047,0.2885,wind
PA,Beaver,BEAVER,0.0014,0.0105,0.0647,0.0033,0.0647,wind
PA,Bedford,BEDFORD,0.0023,0.007,0.2746,0.0303,0.2746,wind
PA,Berks,BERKS,0.1818,0.0157,0.342,0.0477,0.342,wind
PA,Blair,BLAIR,0.0091,0.0046,0.3235,0.0088,0.3235,wind
PA,Bradford,BRADFORD,0.001,0.0128,0.3235,0.0598,0.3235,wind
PA,Bucks,BUCKS,0.0707,0.0212,0.3827,0.0997,0.3827,wind
PA,Butler,BUTLER,0.0032,0.0212,0.2015,0.0056,0.2015,wind
PA,Cambria,CAMBRIA,0.0032,0.007,0.342,0.0123,0.342,wind
PA,Cameron,CAMERON,0.0032,0.0069,0.26,0.0072,0.26,wind
PA,Carbon,CARBON,0.1276,0.0342,0.4175,0.1342,0.4175,wind
PA,Centre,CENTRE,0.0083,0.0028,0.3118,0.0056,0.3118,wind
PA,Chester,CHESTER,0.0635,0.0448,0.3774,0.0477,0.3774,wind
PA,Clarion,CLARION,0.0032,0.007,0.26,0.0123,0.26,wind
PA,Clearfield,CLEARFIELD,0.0254,0.0038,0.3827,0.0072,0.3827,wind
PA,Clinton,CLINTON,0.0039,0.0105,0.35,0.0108,0.35,wind
PA,Columbia,COLUMBIA,0.0034,0.0128,0.3235,0.0123,0.3235,wind
PA,Crawford,CRAWFORD,0.0013,0.0185,0.3118,0.037,0.3118,wind
PA,Cumberland,CUMBERLAND,0.0066,0.007,0.26,0.0056,0.26,wind
PA,Dauphin,DAUPHIN,0.0061,0.0316,0.3235,0.0072,0.3235,wind
PA,Delaware,DELAWARE,0.0374,0.0105,0.2659,0.0303,0.2659,wind
PA,Elk,ELK,0.0032,0.0069,0.3235,0.0001,0.3235,wind
PA,Erie,ERIE,0.0032,0.0316,0.26,0.0581,0.26,wind
PA,Fayette,FAYETTE,0.0032,0.0316,0.342,0.034,0.342,wind
PA,Forest,FOREST,0.0032,0.0039,0.26,0.0141,0.26,wind
PA,Franklin,FRANKLIN,0.0048,0.0123,0.3235,0.0033,0.3235,wind
PA,Fulton,FULTON,0.0014,0.007,0.1831,0.0123,0.1831,wind
PA,Greene,GREENE,0.0019,0.0658,0.1116,0.001,0.1116,wind
PA,Huntingdon,HUNTINGDON,0.0014,0.0123,0.26,0.0068,0.26,wind
PA,Indiana,INDIANA,0.0034,0.0533,0.342,0.0088,0.342,wind
PA,Jefferson,JEFFERSON,0.0045,0.0128,0.342,0.0056,0.342,wind
PA,Juniata,JUNIATA,0.0045,0.0128,0.2015,0.0018,0.2015,wind
PA,Lackawanna,LACKAWANNA,0.0085,0.0123,0.35,0.0798,0.35,wind
PA,Lancaster,LANCASTER,0.0019,0.0625,0.1653,0.0056,0.1653,wind
PA,Lawrence,LAWRENCE,0.002,0.0128,0.1831,0.0056,0.1831,wind
PA,Lebanon,LEBANON,0.003,0.007,0.2203,0.0068,0.2203,wind
PA,Lehigh,LEHIGH,0.0509,0.0533,0.4342,0.0868,0.4342,wind
PA,Luzerne,LUZERNE,0.0143,0.0625,0.3656,0.0477,0.3656,wind
PA,Lycoming,LYCOMING,0.0019,0.006,0.4175,0.0305,0.4175,wind
PA,Mckean,MCKEAN,0.0014,0.0046,0.1653,0.0123,0.1653,wind
PA,Mercer,MERCER,0.001,0.0212,0.2477,0.0088,0.2477,wind
PA,Mifflin,MIFFLIN,0.0083,0.0212,0.2005,0.0006,0.2005,wind
PA,Monroe,MONROE,0.0273,0.0114,0.4342,0.1342,0.4342,wind
PA,Montgomery,MONTGOMERY,0.074,0.0046,0.4342,0.062,0.4342,wind
PA,Montour,MONTOUR,0.0055,0.0045,0.2477,0.0108,0.2477,wind
PA,Northampton,NORTHAMPTON,0.3068,0.0054,0.4604,0.1012,0.4604,wind
PA,Northumberland,NORTHUMBERLAND,0.0083,0.0069,0.2885,0.0113,0.2885,wind
PA,Perry,PERRY,0.0131,0.0059,0.3118,0.0072,0.3118,wind
PA,Philadelphia,PHILADELPHIA,0.0209,0.0069,0.342,0.062,0.342,wind
PA,Pike,PIKE,0.0254,0.0042,0.35,0.0868,0.35,wind
PA,Potter,POTTER,0.0014,0.0046,0.4137,0.0108,0.4137,wind
PA,Schuylkill,SCHUYLKILL,0.0083,0.0042,0.2477,0.009,0.2477,wind
PA,Snyder,SNYDER,0.0066,0.0028,0.2031,0.0068,0.2031,wind
PA,Somerset,SOMERSET,0.0039,0.0316,0.2885,0.0477,0.2885,wind
PA,Sullivan,SULLIVAN,0.003,0.0105,0.2885,0.02,0.2885,wind
PA,Susquehanna,SUSQUEHANNA,0.0014,0.0821,0.3118,0.0679,0.3118,wind
PA,Tioga,TIOGA,0.0017,0.0172,0.2885,0.0305,0.2885,wind
PA,Union,UNION,0.0032,0.0039,0.26,0.0072,0.26,wind
PA,Venango,VENANGO,0.003,0.007,0.26,0.02,0.26,wind
PA,Warren,WARREN,0.0083,0.0069,0.2195,0.0179,0.2195,wind
PA,Washington,WASHINGTON,0.003,0.0658,0.0762,0.0011,0.0762,wind
PA,Wayne,WAYNE,0.0083,0.0361,0.2885,0.089,0.2885,wind
PA,Westmoreland,WESTMORELAND,0.0047,0.0533,0.3118,0.0264,0.3118,wind
PA,Wyoming,WYOMING,0.0032,0.0105,0.3235,0.0343,0.3235,wind
PA,York,YORK,0.0034,0.0128,0.1255,0.0072,0.1255,wind
RI,Bristol,BRISTOL,0.0039,0.0025,0.1386,0.017,0.1386,wind
RI,Kent,KENT,0.0032,0.0625,0.2031,0.037,0.2031,wind
RI,Newport,NEWPORT,0.0045,0.007,0.1911,0.0303,0.1911,wind
RI,Providence,PROVIDENCE,0.0023,0.0533,0.26,0.0303,0.26,wind
RI,Washington,WASHINGTON,0.0037,0.0533,0.0838,0.0123,0.0838,wind
SC,Abbeville,ABBEVILLE,0.0039,0.0022,0.1079,0.0034,0.1079,wind
SC,Aiken,AIKEN,0.0085,0.0024,0.1255,0.0006,0.1255,wind
SC,Allendale,ALLENDALE,0.003,0.0028,0.0343,0.0003,0.0343,wind
SC,Anderson,ANDERSON,0.0083,0.0042,0.2015,0.0033,0.2015,wind
SC,Bamberg,BAMBERG,0.0045,0.0011,0.0454,0.0001,0.0454,wind
SC,Barnwell,BARNWELL,0.0076,0.0038,0.0561,0.0,0.0561,wind
SC,Beaufort,BEAUFORT,0.001,0.0316,0.09,0.0002,0.09,wind
SC,Berkeley,BERKELEY,0.0037,0.0042,0.1015,0.0011,0.1015,wind
SC,Calhoun,CALHOUN,0.0019,0.0022,0.0669,0.0001,0.0669,wind
SC,Charleston,CHARLESTON,0.0083,0.0059,0.1356,0.0007,0.1356,wind
SC,Cherokee,CHEROKEE,0.0019,0.0114,0.111,0.0014,0.111,wind
SC,Chester,CHESTER,0.0024,0.0105,0.1082,0.0017,0.1082,wind
SC,Chesterfield,CHESTERFIELD,0.0047,0.0024,0.0668,0.0011,0.0668,wind
SC,Clarendon,CLARENDON,0.0032,0.0019,0.0679,0.0,0.0679,wind
SC,Colleton,COLLETON,0.0024,0.0028,0.1116,0.0002,0.1116,wind
SC,Darlington,DARLINGTON,0.0066,0.0032,0.0612,0.001,0.0612,wind
SC,Dillon,DILLON,0.0032,0.0024,0.0561,0.001,0.0561,wind
SC,Dorchester,DORCHESTER,0.0017,0.0024,0.111,0.001,0.111,wind
SC,Edgefield,EDGEFIELD,0.0055,0.0019,0.1079,0.0001,0.1079,wind
SC,Fairfield,FAIRFIELD,0.0019,0.0022,0.139,0.0003,0.139,wind
SC,Florence,FLORENCE,0.0032,0.002,0.065,0.0011,0.065,wind
SC,Georgetown,GEORGETOWN,0.0066,0.0105,0.0668,0.003,0.0668,wind
SC,Greenville,GREENVILLE,0.0037,0.0114,0.2028,0.0034,0.2028,wind
SC,Greenwood,GREENWOOD,0.0032,0.004,0.1356,0.0056,0.1356,wind
SC,Hampton,HAMPTON,0.001,0.0069,0.0592,0.0001,0.0592,wind
SC,Horry,HORRY,0.0143,0.0128,0.0839,0.0017,0.0839,wind
SC,Jasper,JASPER,0.0014,0.007,0.1015,0.0,0.1015,wind
SC,Kershaw,KERSHAW,0.0032,0.0046,0.0782,0.0001,0.0782,wind
SC,Lancaster,LANCASTER,0.0047,0.004,0.09,0.0047,0.09,wind
SC,Laurens,LAURENS,0.003,0.0123,0.2195,0.003,0.2195,wind
SC,Lee,LEE,0.0014,0.0039,0.0343,0.0,0.0343,wind
SC,Lexington,LEXINGTON,0.0032,0.0039,0.1831,0.0006,0.1831,wind
SC,Marion,MARION,0.0023,0.0015,0.0534,0.0006,0.0534,wind
SC,Marlboro,MARLBORO,0.0019,0.002,0.0481,0.0006,0.0481,wind
SC,Mccormick,MCCORMICK,0.0076,0.0022,0.0762,0.0003,0.0762,wind
SC,Newberry,NEWBERRY,0.0047,0.0029,0.2195,0.0017,0.2195,wind
SC,Oconee,OCONEE,0.0083,0.0022,0.1676,0.0113,0.1676,wind
SC,Orangeburg,ORANGEBURG,0.0045,0.0042,0.1082,0.0,0.1082,wind
SC,Pickens,PICKENS,0.0023,0.0249,0.1653,0.0068,0.1653,wind
SC,Richland,RICHLAND,0.0061,0.007,0.1479,0.001,0.1479,wind
SC,Saluda,SALUDA,0.0151,0.0022,0.1356,0.0017,0.1356,wind
SC,Spartanburg,SPARTANBURG,0.0032,0.0123,0.2477,0.0056,0.2477,wind
SC,Sumter,SUMTER,0.0014,0.0028,0.0755,0.0001,0.0755,wind
SC,Union,UNION,0.0039,0.0123,0.1356,0.0011,0.1356,wind
SC,Williamsburg,WILLIAMSBURG,0.0007,0.0039,0.065,0.0006,0.065,wind
SC,York,YORK,0.0032,0.0448,0.1653,0.0088,0.1653,wind
SD,Aurora,AURORA,0.0014,0.007,0.0592,0.0056,0.0592,wind
SD,Beadle,BEADLE,0.0023,0.0212,0.1082,0.0102,0.1082,wind
SD,Bennett,BENNETT,0.0131,0.0212,0.1911,0.1227,0.1911,wind
SD,Bon Homme,BON HOMME,0.0045,0.0165,0.0958,0.0154,0.0958,wind
SD,Brookings,BROOKINGS,0.0032,0.0157,0.0746,0.0088,0.0746,wind
SD,Brown,BROWN,0.0131,0.0212,0.1192,0.0072,0.1192,wind
SD,Brule,BRULE,0.0055,0.007,0.0782,0.0088,0.0782,wind
SD,Buffalo,BUFFALO,0.0083,0.0326,0.0801,0.0088,0.0801,wind
SD,Butte,BUTTE,0.0111,0.0128,0.1797,0.3056,0.3056,winter
SD,Campbell,CAMPBELL,0.0045,0.0046,0.0668,0.014,0.0668,wind
SD,Charles Mix,CHARLES MIX,0.002,0.0165,0.1192,0.0083,0.1192,wind
SD,Clark,CLARK,0.0066,0.0123,0.1231,0.0072,0.1231,wind
SD,Clay,CLAY,0.0014,0.0105,0.0762,0.0072,0.0762,wind
SD,Codington,CODINGTON,0.0066,0.0212,0.0958,0.0047,0.0958,wind
SD,Corson,CORSON,0.0115,0.007,0.0871,0.0477,0.0871,wind
SD,Custer,CUSTER,0.0085,0.0123,0.2028,0.1949,0.2028,wind
SD,Davison,DAVISON,0.0032,0.0448,0.0871,0.0113,0.0871,wind
SD,Day,DAY,0.002,0.0316,0.0418,0.0,0.0418,wind
SD,Deuel,DEUEL,0.0024,0.0316,0.0679,0.0033,0.0679,wind
SD,Dewey,DEWEY,0.0143,0.0105,0.0762,0.0179,0.0762,wind
SD,Douglas,DOUGLAS,0.0024,0.0045,0.0656,0.0154,0.0656,wind
SD,Edmunds,EDMUNDS,0.0039,0.007,0.0612,0.0014,0.0612,wind
SD,Fall River,FALL RIVER,0.0273,0.0479,0.1231,0.1873,0.1873,winter
SD,Faulk,FAULK,0.0032,0.006,0.0612,0.0056,0.0612,wind
SD,Grant,GRANT,0.0023,0.0249,0.0679,0.0056,0.0679,wind
SD,Gregory,GREGORY,0.003,0.0185,0.1253,0.0068,0.1253,wind
SD,Haakon,HAAKON,0.0032,0.0128,0.1255,0.0477,0.1255,wind
SD,Hamlin,HAMLIN,0.0039,0.0069,0.0762,0.0031,0.0762,wind
SD,Hand,HAND,0.0055,0.0185,0.0782,0.0088,0.0782,wind
SD,Hanson,HANSON,0.0032,0.0105,0.0679,0.0154,0.0679,wind
SD,Harding,HARDING,0.0254,0.0123,0.2015,0.166,0.2015,wind
SD,Hughes,HUGHES,0.0024,0.0533,0.1015,0.0088,0.1015,wind
SD,Hutchinson,HUTCHINSON,0.0047,0.0105,0.0871,0.02,0.0871,wind
SD,Hyde,HYDE,0.0032,0.0157,0.0679,0.0026,0.0679,wind
SD,Jackson,JACKSON,0.0347,0.0123,0.1831,0.0798,0.1831,wind
SD,Jerauld,JERAULD,0.0014,0.0123,0.0575,0.0056,0.0575,wind
SD,Jones,JONES,0.0131,0.0105,0.1015,0.047,0.1015,wind
SD,Kingsbury,KINGSBURY,0.0032,0.006,0.0801,0.0056,0.0801,wind
SD,Lake,LAKE,0.0034,0.0114,0.0762,0.0113,0.0762,wind
SD,Lawrence,LAWRENCE,0.0151,0.0165,0.1192,0.2081,0.2081,winter
SD,Lincoln,LINCOLN,0.0037,0.0165,0.0979,0.0072,0.0979,wind
SD,Lyman,LYMAN,0.0178,0.0128,0.1356,0.0154,0.1356,wind
SD,Marshall,MARSHALL,0.0032,0.0123,0.0481,0.0068,0.0481,wind
SD,Mccook,MCCOOK,0.0006,0.0157,0.1251,0.02,0.1251,wind
SD,Mcpherson,MCPHERSON,0.0039,0.007,0.09,0.0044,0.09,wind
SD,Meade,MEADE,0.02,0.0448,0.2504,0.1841,0.2504,wind
SD,Mellette,MELLETTE,0.0131,0.0105,0.139,0.037,0.139,wind
SD,Miner,MINER,0.0017,0.0185,0.0829,0.0108,0.0829,wind
SD,Minnehaha,MINNEHAHA,0.0032,0.0157,0.1082,0.0154,0.1082,wind
SD,Moody,MOODY,0.0047,0.0042,0.0612,0.0123,0.0612,wind
SD,Oglala Lakota,OGLALA LAKOTA,0.0076,0.0625,0.2659,0.1564,0.2659,wind
SD,Pennington,PENNINGTON,0.0091,0.0332,0.342,0.1788,0.342,wind
SD,Perkins,PERKINS,0.0085,0.0479,0.1231,0.1754,0.1754,winter
SD,Potter,POTTER,0.0024,0.0123,0.0592,0.0033,0.0592,wind
SD,Roberts,ROBERTS,0.003,0.0446,0.0871,0.0083,0.0871,wind
SD,Sanborn,SANBORN,0.0024,0.0165,0.0762,0.0047,0.0762,wind
SD,Spink,SPINK,0.0055,0.0157,0.0839,0.0108,0.0839,wind
SD,Stanley,STANLEY,0.002,0.0128,0.1192,0.0123,0.1192,wind
SD,Sully,SULLY,0.0017,0.0123,0.0607,0.0043,0.0607,wind
SD,Todd,TODD,0.0198,0.0105,0.2195,0.062,0.2195,wind
SD,Tripp,TRIPP,0.0085,0.0212,0.1528,0.0179,0.1528,wind
SD,Turner,TURNER,0.0023,0.0128,0.0817,0.0253,0.0817,wind
SD,Union,UNION,0.0017,0.0054,0.0839,0.0034,0.0839,wind
SD,Walworth,WALWORTH,0.0032,0.0105,0.0746,0.0011,0.0746,wind
SD,Yankton,YANKTON,0.0061,0.0201,0.0909,0.0212,0.0909,wind
SD,Ziebach,ZIEBACH,0.0061,0.0185,0.1301,0.0785,0.1301,wind
TN,Anderson,ANDERSON,0.0024,0.0332,0.1255,0.003,0.1255,wind
TN,Bedford,BEDFORD,0.001,0.0316,0.35,0.0088,0.35,wind
TN,Benton,BENTON,0.001,0.0332,0.2028,0.0015,0.2028,wind
TN,Bledsoe,BLEDSOE,0.0003,0.0479,0.1479,0.0017,0.1479,wind
TN,Blount,BLOUNT,0.0034,0.0128,0.1608,0.0123,0.1608,wind
TN,Bradley,BRADLEY,0.0032,0.0212,0.1831,0.0102,0.1831,wind
TN,Campbell,CAMPBELL,0.0017,0.0533,0.11,0.0088,0.11,wind
TN,Cannon,CANNON,0.0006,0.0361,0.2746,0.001,0.2746,wind
TN,Carroll,CARROLL,0.0006,0.0549,0.1831,0.0017,0.1831,wind
TN,Carter,CARTER,0.0034,0.0821,0.0629,0.0043,0.0821,flood
TN,Cheatham,CHEATHAM,0.0004,0.0332,0.2195,0.0033,0.2195,wind
TN,Chester,CHESTER,0.001,0.0821,0.2031,0.0056,0.2031,wind
TN,Claiborne,CLAIBORNE,0.001,0.0856,0.0454,0.0088,0.0856,flood
TN,Clay,CLAY,0.0003,0.0316,0.1653,0.0,0.1653,wind
TN,Cocke,COCKE,0.0032,0.0165,0.08,0.0072,0.08,wind
TN,Coffee,COFFEE,0.0014,0.0533,0.3235,0.0021,0.3235,wind
TN,Crockett,CROCKETT,0.0007,0.0185,0.1231,0.0047,0.1231,wind
TN,Cumberland,CUMBERLAND,0.0014,0.0349,0.1831,0.0113,0.1831,wind
TN,Davidson,DAVIDSON,0.0023,0.0821,0.4604,0.0031,0.4604,wind
TN,Decatur,DECATUR,0.0006,0.0533,0.2211,0.0011,0.2211,wind
TN,Dekalb,DEKALB,0.001,0.0821,0.26,0.0044,0.26,wind
TN,Dickson,DICKSON,0.001,0.0625,0.2195,0.0003,0.2195,wind
TN,Dyer,DYER,0.0006,0.0856,0.1356,0.0014,0.1356,wind
TN,Fayette,FAYETTE,0.001,0.1129,0.0979,0.0017,0.1129,flood
TN,Fentress,FENTRESS,0.001,0.0136,0.2195,0.0034,0.2195,wind
TN,Franklin,FRANKLIN,0.0017,0.0446,0.1356,0.0113,0.1356,wind
TN,Gibson,GIBSON,0.0003,0.0856,0.1327,0.0026,0.1327,wind
TN,Giles,GILES,0.0003,0.0123,0.3118,0.0033,0.3118,wind
TN,Grainger,GRAINGER,0.001,0.0342,0.039,0.001,0.039,wind
TN,Greene,GREENE,0.0019,0.007,0.0592,0.0108,0.0592,wind
TN,Grundy,GRUNDY,0.001,0.0479,0.1479,0.0031,0.1479,wind
TN,Hamblen,HAMBLEN,0.003,0.0123,0.0316,0.0033,0.0316,wind
TN,Hamilton,HAMILTON,0.003,0.0128,0.2477,0.0083,0.2477,wind
TN,Hancock,HANCOCK,0.001,0.0533,0.0251,0.0068,0.0533,flood
TN,Hardeman,HARDEMAN,0.0003,0.0201,0.1356,0.0088,0.1356,wind
TN,Hardin,HARDIN,0.0017,0.0479,0.2015,0.0056,0.2015,wind
TN,Hawkins,HAWKINS,0.0018,0.0105,0.09,0.0006,0.09,wind
TN,Haywood,HAYWOOD,0.0003,0.0185,0.0958,0.003,0.0958,wind
TN,Henderson,HENDERSON,0.001,0.0533,0.2028,0.001,0.2028,wind
TN,Henry,HENRY,0.001,0.0212,0.1653,0.0017,0.1653,wind
TN,Hickman,HICKMAN,0.001,0.0533,0.2195,0.0006,0.2195,wind
TN,Houston,HOUSTON,0.0006,0.0625,0.1231,0.0001,0.1231,wind
TN,Humphreys,HUMPHREYS,0.001,0.0316,0.2031,0.0,0.2031,wind
TN,Jackson,JACKSON,0.0006,0.0856,0.1653,0.0,0.1653,wind
TN,Jefferson,JEFFERSON,0.0007,0.0249,0.0343,0.0017,0.0343,wind
TN,Johnson,JOHNSON,0.0013,0.1129,0.1077,0.0056,0.1129,flood
TN,Knox,KNOX,0.003,0.0185,0.2031,0.003,0.2031,wind
TN,Lake,LAKE,0.0003,0.0549,0.0782,0.0031,0.0782,wind
TN,Lauderdale,LAUDERDALE,0.001,0.0625,0.1653,0.001,0.1653,wind
TN,Lawrence,LAWRENCE,0.0007,0.0533,0.35,0.0011,0.35,wind
TN,Lewis,LEWIS,0.001,0.0448,0.2031,0.0003,0.2031,wind
TN,Lincoln,LINCOLN,0.001,0.0165,0.3774,0.0154,0.3774,wind
TN,Loudon,LOUDON,0.001,0.0361,0.1831,0.003,0.1831,wind
TN,Macon,MACON,0.001,0.0856,0.1676,0.0001,0.1676,wind
TN,Madison,MADISON,0.0014,0.0165,0.1653,0.009,0.1653,wind
TN,Marion,MARION,0.0013,0.0856,0.1356,0.0072,0.1356,wind
TN,Marshall,MARSHALL,0.001,0.0201,0.3235,0.0088,0.3235,wind
TN,Maury,MAURY,0.0005,0.0201,0.35,0.0056,0.35,wind
TN,Mcminn,MCMINN,0.0017,0.0128,0.1653,0.0011,0.1653,wind
TN,Mcnairy,MCNAIRY,0.0006,0.0448,0.2031,0.0068,0.2031,wind
TN,Meigs,MEIGS,0.001,0.0533,0.1653,0.0006,0.1653,wind
TN,Monroe,MONROE,0.002,0.0479,0.1079,0.0072,0.1079,wind
TN,Montgomery,MONTGOMERY,0.0017,0.0533,0.2195,0.0002,0.2195,wind
TN,Moore,MOORE,0.0003,0.0658,0.2031,0.0088,0.2031,wind
TN,Morgan,MORGAN,0.0047,0.0316,0.26,0.0043,0.26,wind
TN,Obion,OBION,0.001,0.0533,0.0782,0.0043,0.0782,wind
TN,Overton,OVERTON,0.0003,0.0448,0.1653,0.0006,0.1653,wind
TN,Perry,PERRY,0.0007,0.0342,0.2031,0.0006,0.2031,wind
TN,Pickett,PICKETT,0.0003,0.0185,0.1116,0.0033,0.1116,wind
TN,Polk,POLK,0.0023,0.0533,0.1528,0.0068,0.1528,wind
TN,Putnam,PUTNAM,0.001,0.0342,0.2659,0.0014,0.2659,wind
TN,Rhea,RHEA,0.0014,0.0856,0.1653,0.001,0.1653,wind
TN,Roane,ROANE,0.0014,0.0326,0.2195,0.0017,0.2195,wind
TN,Robertson,ROBERTSON,0.001,0.0332,0.2201,0.0008,0.2201,wind
TN,Rutherford,RUTHERFORD,0.001,0.0249,0.3774,0.0072,0.3774,wind
TN,Scott,SCOTT,0.0023,0.0316,0.3118,0.0113,0.3118,wind
TN,Sequatchie,SEQUATCHIE,0.0014,0.0533,0.1653,0.001,0.1653,wind
TN,Sevier,SEVIER,0.0023,0.0361,0.0782,0.02,0.0782,wind
TN,Shelby,SHELBY,0.002,0.0856,0.1528,0.0011,0.1528,wind
TN,Smith,SMITH,0.0003,0.0448,0.1828,0.0,0.1828,wind
TN,Stewart,STEWART,0.0006,0.0448,0.1831,0.001,0.1831,wind
TN,Sullivan,SULLIVAN,0.0045,0.0046,0.0679,0.001,0.0679,wind
TN,Sumner,SUMNER,0.0013,0.0533,0.2885,0.0006,0.2885,wind
TN,Tipton,TIPTON,0.0006,0.0448,0.1479,0.0017,0.1479,wind
TN,Trousdale,TROUSDALE,0.001,0.0123,0.1356,0.0,0.1356,wind
TN,Unicoi,UNICOI,0.0066,0.0128,0.0205,0.0088,0.0205,wind
TN,Union,UNION,0.0006,0.0856,0.0561,0.003,0.0856,flood
TN,Van Buren,VAN BUREN,0.0003,0.0856,0.1015,0.0017,0.1015,wind
TN,Warren,WARREN,0.0007,0.0157,0.2351,0.003,0.2351,wind
TN,Washington,WASHINGTON,0.0024,0.0249,0.0343,0.0006,0.0343,wind
TN,Wayne,WAYNE,0.0007,0.0658,0.2195,0.0011,0.2195,wind
TN,Weakley,WEAKLEY,0.001,0.0821,0.1911,0.0033,0.1911,wind
TN,White,WHITE,0.0014,0.0105,0.2195,0.0014,0.2195,wind
TN,Williamson,WILLIAMSON,0.0014,0.0533,0.4035,0.0088,0.4035,wind
TN,Wilson,WILSON,0.001,0.0342,0.35,0.0017,0.35,wind
TX,Anderson,ANDERSON,0.0007,0.0448,0.1356,0.0,0.1356,wind
TX,Andrews,ANDREWS,0.0061,0.0046,0.065,0.0,0.065,wind
TX,Angelina,ANGELINA,0.0007,0.0625,0.1231,0.0,0.1231,wind
TX,Aransas,ARANSAS,0.0076,0.0165,0.0534,0.0,0.0534,wind
TX,Archer,ARCHER,0.0024,0.0479,0.09,0.0003,0.09,wind
TX,Armstrong,ARMSTRONG,0.0131,0.007,0.1267,0.0056,0.1267,wind
TX,Atascosa,ATASCOSA,0.0037,0.6316,0.1015,0.0003,0.6316,flood
TX,Austin,AUSTIN,0.0014,0.2088,0.0979,0.0,0.2088,flood
TX,Bailey,BAILEY,0.0131,0.0046,0.0679,0.0016,0.0679,wind
TX,Bandera,BANDERA,0.0045,0.4384,0.0481,0.0001,0.4384,flood
TX,Bastrop,BASTROP,0.0024,0.6316,0.0909,0.0003,0.6316,flood
TX,Baylor,BAYLOR,0.002,0.0105,0.065,0.0006,0.065,wind
TX,Bee,BEE,0.0032,0.0625,0.0762,0.0,0.0762,wind
TX,Bell,BELL,0.0032,0.48,0.1653,0.0006,0.48,flood
TX,Bexar,BEXAR,0.0045,0.6316,0.1528,0.0006,0.6316,flood
TX,Blanco,BLANCO,0.0045,0.5833,0.0481,0.001,0.5833,flood
TX,Borden,BORDEN,0.0048,0.0069,0.0746,0.0,0.0746,wind
TX,Bosque,BOSQUE,0.0032,0.0658,0.1653,0.0002,0.1653,wind
TX,Bowie,BOWIE,0.0003,0.0533,0.1479,0.0,0.1479,wind
TX,Brazoria,BRAZORIA,0.0032,0.4127,0.1253,0.0,0.4127,flood
TX,Brazos,BRAZOS,0.0007,0.6316,0.1797,0.0003,0.6316,flood
TX,Brewster,BREWSTER,0.0085,0.0105,0.0592,0.0,0.0592,wind
TX,Briscoe,BRISCOE,0.0047,0.0059,0.1449,0.0017,0.1449,wind
TX,Brooks,BROOKS,0.0047,0.0326,0.0782,0.0001,0.0782,wind
TX,Brown,BROWN,0.0039,0.0856,0.1118,0.0001,0.1118,wind
TX,Burleson,BURLESON,0.0005,0.4127,0.1254,0.0001,0.4127,flood
TX,Burnet,BURNET,0.0018,0.5833,0.0592,0.0006,0.5833,flood
TX,Caldwell,CALDWELL,0.0036,0.5833,0.0809,0.0003,0.5833,flood
TX,Calhoun,CALHOUN,0.0055,0.007,0.0561,0.0,0.0561,wind
TX,Callahan,CALLAHAN,0.0108,0.0316,0.11,0.0,0.11,wind
TX,Cameron,CAMERON,0.0017,0.0212,0.1082,0.0,0.1082,wind
TX,Camp,CAMP,0.0001,0.0448,0.0497,0.0,0.0497,wind
TX,Carson,CARSON,0.0032,0.0185,0.1356,0.0088,0.1356,wind
TX,Cass,CASS,0.0003,0.0332,0.1231,0.0,0.1231,wind
TX,Castro,CASTRO,0.0055,0.0045,0.1449,0.0014,0.1449,wind
TX,Chambers,CHAMBERS,0.001,0.1185,0.0376,0.0,0.1185,flood
TX,Cherokee,CHEROKEE,0.001,0.0165,0.111,0.0,0.111,wind
TX,Childress,CHILDRESS,0.003,0.0448,0.1112,0.0017,0.1112,wind
TX,Clay,CLAY,0.002,0.0361,0.139,0.0,0.139,wind
TX,Cochran,COCHRAN,0.0055,0.0431,0.0958,0.0002,0.0958,wind
TX,Coke,COKE,0.0131,0.0316,0.0909,0.0002,0.0909,wind
TX,Coleman,COLEMAN,0.0047,0.0212,0.1301,0.0,0.1301,wind
TX,Collin,COLLIN,0.0003,0.151,0.11,0.0001,0.151,flood
TX,Collingsworth,COLLINGSWORTH,0.0023,0.0316,0.0809,0.0043,0.0809,wind
TX,Colorado,COLORADO,0.0014,0.151,0.1116,0.0,0.151,flood
TX,Comal,COMAL,0.0023,0.48,0.065,0.0006,0.48,flood
TX,Comanche,COMANCHE,0.0034,0.0249,0.1267,0.0,0.1267,wind
TX,Concho,CONCHO,0.0039,0.0105,0.0679,0.0006,0.0679,wind
TX,Cooke,COOKE,0.0001,0.0533,0.1797,0.0002,0.1797,wind
TX,Coryell,CORYELL,0.0032,0.0658,0.1911,0.0002,0.1911,wind
TX,Cottle,COTTLE,0.0032,0.0128,0.11,0.0008,0.11,wind
TX,Crane,CRANE,0.0032,0.007,0.0402,0.0,0.0402,wind
TX,Crockett,CROCKETT,0.0182,0.0128,0.0871,0.0001,0.0871,wind
TX,Crosby,CROSBY,0.0032,0.0316,0.1676,0.0008,0.1676,wind
TX,Culberson,CULBERSON,0.0023,0.0008,0.1082,0.0001,0.1082,wind
TX,Dallam,DALLAM,0.0047,0.0039,0.0592,0.1012,0.1012,winter
TX,Dallas,DALLAS,0.0007,0.1129,0.1797,0.0001,0.1797,wind
TX,Dawson,DAWSON,0.001,0.0625,0.0592,0.0,0.0625,flood
TX,Deaf Smith,DEAF SMITH,0.0061,0.0054,0.1082,0.0033,0.1082,wind
TX,Delta,DELTA,0.0001,0.0446,0.039,0.0001,0.0446,flood
TX,Denton,DENTON,0.0007,0.2164,0.1356,0.0003,0.2164,flood
TX,Dewitt,DEWITT,0.001,0.0201,0.0049,0.0,0.0201,flood
TX,Dickens,DICKENS,0.0055,0.0185,0.1079,0.0002,0.1079,wind
TX,Dimmit,DIMMIT,0.0014,0.0185,0.0513,0.0,0.0513,wind
TX,Donley,DONLEY,0.0032,0.0165,0.1528,0.0033,0.1528,wind
TX,Duval,DUVAL,0.0018,0.0165,0.0762,0.0,0.0762,wind
TX,Eastland,EASTLAND,0.0039,0.0856,0.1449,0.0,0.1449,wind
TX,Ector,ECTOR,0.0131,0.007,0.1022,0.0,0.1022,wind
TX,Edwards,EDWARDS,0.003,0.0856,0.0534,0.0,0.0856,flood
TX,El Paso,EL PASO,0.0032,0.0326,0.0205,0.0001,0.0326,flood
TX,Ellis,ELLIS,0.0014,0.0658,0.1255,0.0,0.1255,wind
TX,Erath,ERATH,0.0018,0.0361,0.11,0.0,0.11,wind
TX,Falls,FALLS,0.0003,0.0533,0.0979,0.0006,0.0979,wind
TX,Fannin,FANNIN,0.0001,0.1412,0.1079,0.0001,0.1412,flood
TX,Fayette,FAYETTE,0.0006,0.4127,0.1079,0.0001,0.4127,flood
TX,Fisher,FISHER,0.0048,0.0533,0.0946,0.0006,0.0946,wind
TX,Floyd,FLOYD,0.0039,0.0069,0.1479,0.001,0.1479,wind
TX,Foard,FOARD,0.0014,0.0128,0.039,0.0008,0.039,wind
TX,Fort Bend,FORT BEND,0.0047,0.1129,0.1258,0.0001,0.1258,wind
TX,Franklin,FRANKLIN,0.0001,0.0448,0.0762,0.0,0.0762,wind
TX,Freestone,FREESTONE,0.001,0.0316,0.1082,0.0003,0.1082,wind
TX,Frio,FRIO,0.0048,0.1412,0.0534,0.0,0.1412,flood
TX,Gaines,GAINES,0.0034,0.0165,0.0669,0.0,0.0669,wind
TX,Galveston,GALVESTON,0.002,0.0625,0.0762,0.0,0.0762,wind
TX,Garza,GARZA,0.0076,0.0105,0.1528,0.0001,0.1528,wind
TX,Gillespie,GILLESPIE,0.0066,0.5833,0.0809,0.0011,0.5833,flood
TX,Glasscock,GLASSCOCK,0.0039,0.0045,0.0871,0.0,0.0871,wind
TX,Goliad,GOLIAD,0.001,0.0856,0.0762,0.0,0.0856,flood
TX,Gonzales,GONZALES,0.0032,0.1667,0.0652,0.0,0.1667,flood
TX,Gray,GRAY,0.0032,0.0431,0.1356,0.0088,0.1356,wind
TX,Grayson,GRAYSON,0.0005,0.0625,0.1479,0.001,0.1479,wind
TX,Gregg,GREGG,0.0003,0.1129,0.09,0.0001,0.1129,flood
TX,Grimes,GRIMES,0.0006,0.6316,0.1356,0.0008,0.6316,flood
TX,Guadalupe,GUADALUPE,0.0018,0.6316,0.2195,0.001,0.6316,flood
TX,Hale,HALE,0.0047,0.0136,0.1911,0.001,0.1911,wind
TX,Hall,HALL,0.0017,0.0185,0.1449,0.001,0.1449,wind
TX,Hamilton,HAMILTON,0.0045,0.0316,0.1653,0.0,0.1653,wind
TX,Hansford,HANSFORD,0.003,0.0157,0.0647,0.0154,0.0647,wind
TX,Hardeman,HARDEMAN,0.0006,0.0533,0.0979,0.001,0.0979,wind
TX,Hardin,HARDIN,0.0024,0.0856,0.0504,0.0,0.0856,flood
TX,Harris,HARRIS,0.0017,0.2088,0.1653,0.0,0.2088,flood
TX,Harrison,HARRISON,0.0006,0.0533,0.1356,0.0,0.1356,wind
TX,Hartley,HARTLEY,0.0055,0.0046,0.065,0.0305,0.065,wind
TX,Haskell,HASKELL,0.0007,0.0185,0.1253,0.003,0.1253,wind
TX,Hays,HAYS,0.0034,0.6316,0.0612,0.0006,0.6316,flood
TX,Hemphill,HEMPHILL,0.0032,0.0316,0.1231,0.0072,0.1231,wind
TX,Henderson,HENDERSON,0.0003,0.0479,0.1192,0.0001,0.1192,wind
TX,Hidalgo,HIDALGO,0.0066,0.0165,0.11,0.0001,0.11,wind
TX,Hill,HILL,0.0032,0.0326,0.1828,0.0,0.1828,wind
TX,Hockley,HOCKLEY,0.0055,0.1595,0.1356,0.0006,0.1595,flood
TX,Hood,HOOD,0.0045,0.0856,0.1116,0.0,0.1116,wind
TX,Hopkins,HOPKINS,0.0001,0.0533,0.0909,0.0,0.0909,wind
TX,Houston,HOUSTON,0.0006,0.1701,0.1231,0.0,0.1701,flood
TX,Howard,HOWARD,0.0091,0.0214,0.1015,0.0,0.1015,wind
TX,Hudspeth,HUDSPETH,0.0032,0.0011,0.0189,0.0001,0.0189,wind
TX,Hunt,HUNT,0.0004,0.0625,0.0839,0.0001,0.0839,wind
TX,Hutchinson,HUTCHINSON,0.0055,0.0316,0.1015,0.0088,0.1015,wind
TX,Irion,IRION,0.0115,0.0024,0.0679,0.0001,0.0679,wind
TX,Jack,JACK,0.002,0.0625,0.1356,0.0006,0.1356,wind
TX,Jackson,JACKSON,0.001,0.0533,0.0454,0.0,0.0533,flood
TX,Jasper,JASPER,0.0024,0.0625,0.065,0.0,0.065,wind
TX,Jeff Davis,JEFF DAVIS,0.0055,0.0025,0.0251,0.0,0.0251,wind
TX,Jefferson,JEFFERSON,0.0055,0.2164,0.0762,0.0,0.2164,flood
TX,Jim Hogg,JIM HOGG,0.0045,0.0479,0.0647,0.0001,0.0647,wind
TX,Jim Wells,JIM WELLS,0.0045,0.0533,0.1116,0.0,0.1116,wind
TX,Johnson,JOHNSON,0.002,0.0856,0.1528,0.0001,0.1528,wind
TX,Jones,JONES,0.0182,0.0128,0.1356,0.0003,0.1356,wind
TX,Karnes,KARNES,0.0007,0.151,0.0534,0.0,0.151,flood
TX,Kaufman,KAUFMAN,0.0003,0.0533,0.1104,0.0,0.1104,wind
TX,Kendall,KENDALL,0.0061,0.4384,0.0658,0.0006,0.4384,flood
TX,Kenedy,KENEDY,0.0032,0.0046,0.0454,0.0002,0.0454,wind
TX,Kent,KENT,0.0066,0.0054,0.0801,0.0001,0.0801,wind
TX,Kerr,KERR,0.0037,0.6316,0.0629,0.0003,0.6316,flood
TX,Kimble,KIMBLE,0.0085,0.0533,0.0561,0.0001,0.0561,wind
TX,King,KING,0.0061,0.0069,0.0979,0.001,0.0979,wind
TX,Kinney,KINNEY,0.0017,0.2088,0.0497,0.0,0.2088,flood
TX,Kleberg,KLEBERG,0.0076,0.0249,0.0507,0.0,0.0507,wind
TX,Knox,KNOX,0.0014,0.0165,0.0612,0.0006,0.0612,wind
TX,La Salle,LA SALLE,0.0014,0.0128,0.0979,0.0002,0.0979,wind
TX,Lamar,LAMAR,0.0006,0.0625,0.1231,0.0,0.1231,wind
TX,Lamb,LAMB,0.0061,0.0185,0.1231,0.0017,0.1231,wind
TX,Lampasas,LAMPASAS,0.0055,0.0856,0.1116,0.0001,0.1116,wind
TX,Lavaca,LAVACA,0.0005,0.151,0.0762,0.0,0.151,flood
TX,Lee,LEE,0.001,0.3947,0.1015,0.0,0.3947,flood
TX,Leon,LEON,0.0003,0.1129,0.1528,0.0001,0.1528,wind
TX,Liberty,LIBERTY,0.0032,0.151,0.0612,0.0,0.151,flood
TX,Limestone,LIMESTONE,0.0023,0.0625,0.1356,0.0006,0.1356,wind
TX,Lipscomb,LIPSCOMB,0.0039,0.0821,0.0958,0.0108,0.0958,wind
TX,Live Oak,LIVE OAK,0.0055,0.0448,0.108,0.0,0.108,wind
TX,Llano,LLANO,0.0032,0.5833,0.0592,0.0006,0.5833,flood
TX,Loving,LOVING,0.0014,0.0005,0.0264,0.0,0.0264,wind
TX,Lubbock,LUBBOCK,0.0076,0.069,0.2477,0.001,0.2477,wind
TX,Lynn,LYNN,0.003,0.006,0.1356,0.0003,0.1356,wind
TX,Madison,MADISON,0.0006,0.2164,0.1231,0.0002,0.2164,flood
TX,Marion,MARION,0.0003,0.0821,0.0909,0.0,0.0909,wind
TX,Martin,MARTIN,0.001,0.0046,0.0592,0.0,0.0592,wind
TX,Mason,MASON,0.0066,0.0856,0.0801,0.0,0.0856,flood
TX,Matagorda,MATAGORDA,0.002,0.0212,0.0673,0.0,0.0673,wind
TX,Maverick,MAVERICK,0.0032,0.0856,0.0782,0.0,0.0856,flood
TX,Mcculloch,MCCULLOCH,0.0045,0.0071,0.0809,0.0006,0.0809,wind
TX,Mclennan,MCLENNAN,0.001,0.2164,0.2031,0.0006,0.2164,flood
TX,Mcmullen,MCMULLEN,0.0006,0.0056,0.0561,0.0,0.0561,wind
TX,Medina,MEDINA,0.0039,0.4,0.1356,0.0,0.4,flood
TX,Menard,MENARD,0.0085,0.0128,0.0418,0.0002,0.0418,wind
TX,Midland,MIDLAND,0.0083,0.0212,0.1082,0.0,0.1082,wind
TX,Milam,MILAM,0.0006,0.2845,0.1116,0.0006,0.2845,flood
TX,Mills,MILLS,0.0018,0.0165,0.0762,0.0,0.0762,wind
TX,Mitchell,MITCHELL,0.0111,0.0185,0.1082,0.0,0.1082,wind
TX,Montague,MONTAGUE,0.0023,0.0856,0.1828,0.0003,0.1828,wind
TX,Montgomery,MONTGOMERY,0.0014,0.151,0.0746,0.0002,0.151,flood
TX,Moore,MOORE,0.0032,0.0114,0.0946,0.0123,0.0946,wind
TX,Morris,MORRIS,0.0003,0.0201,0.0782,0.0,0.0782,wind
TX,Motley,MOTLEY,0.0032,0.0157,0.1255,0.0011,0.1255,wind
TX,Nacogdoches,NACOGDOCHES,0.001,0.0533,0.1528,0.0,0.1528,wind
TX,Navarro,NAVARRO,0.001,0.0201,0.2031,0.0001,0.2031,wind
TX,Newton,NEWTON,0.0019,0.0165,0.0497,0.0,0.0497,wind
TX,Nolan,NOLAN,0.0131,0.0105,0.1267,0.0001,0.1267,wind
TX,Nueces,NUECES,0.0032,0.0856,0.1231,0.0,0.1231,wind
TX,Ochiltree,OCHILTREE,0.0007,0.0105,0.0762,0.0102,0.0762,wind
TX,Oldham,OLDHAM,0.0048,0.006,0.1015,0.0056,0.1015,wind
TX,Orange,ORANGE,0.0037,0.0856,0.039,0.0,0.0856,flood
TX,Palo Pinto,PALO PINTO,0.0047,0.1129,0.1231,0.0002,0.1231,wind
TX,Panola,PANOLA,0.0006,0.0448,0.1074,0.0,0.1074,wind
TX,Parker,PARKER,0.001,0.2164,0.1231,0.0001,0.2164,flood
TX,Parmer,PARMER,0.0017,0.0032,0.09,0.0017,0.09,wind
TX,Pecos,PECOS,0.0083,0.0069,0.1231,0.0,0.1231,wind
TX,Polk,POLK,0.0017,0.0856,0.0592,0.0,0.0856,flood
TX,Potter,POTTER,0.0209,0.0212,0.1653,0.0088,0.1653,wind
TX,Presidio,PRESIDIO,0.0045,0.002,0.0376,0.0,0.0376,wind
TX,Rains,RAINS,0.0001,0.0332,0.0513,0.0,0.0513,wind
TX,Randall,RANDALL,0.0254,0.0533,0.1911,0.0056,0.1911,wind
TX,Reagan,REAGAN,0.0039,0.0042,0.0839,0.0,0.0839,wind
TX,Real,REAL,0.0019,0.2164,0.037,0.0001,0.2164,flood
TX,Red River,RED RIVER,0.0001,0.0342,0.1356,0.0,0.1356,wind
TX,Reeves,REEVES,0.0111,0.0024,0.0762,0.0,0.0762,wind
TX,Refugio,REFUGIO,0.0014,0.0249,0.0481,0.0,0.0481,wind
TX,Roberts,ROBERTS,0.0017,0.0201,0.0979,0.009,0.0979,wind
TX,Robertson,ROBERTSON,0.0006,0.2164,0.1082,0.0003,0.2164,flood
TX,Rockwall,ROCKWALL,0.0001,0.0856,0.0497,0.0,0.0856,flood
TX,Runnels,RUNNELS,0.0048,0.0128,0.1231,0.0001,0.1231,wind
TX,Rusk,RUSK,0.0001,0.0448,0.1797,0.0001,0.1797,wind
TX,Sabine,SABINE,0.001,0.0071,0.0592,0.0002,0.0592,wind
TX,San Augustine,SAN AUGUSTINE,0.0005,0.0114,0.0762,0.0,0.0762,wind
TX,San Jacinto,SAN JACINTO,0.001,0.1351,0.0418,0.0,0.1351,flood
TX,San Patricio,SAN PATRICIO,0.0055,0.0212,0.1253,0.0,0.1253,wind
TX,San Saba,SAN SABA,0.0045,0.0316,0.0592,0.0,0.0592,wind
TX,Schleicher,SCHLEICHER,0.0108,0.007,0.0668,0.0,0.0668,wind
TX,Scurry,SCURRY,0.0048,0.0249,0.1112,0.0,0.1112,wind
TX,Shackelford,SHACKELFORD,0.0019,0.0431,0.0801,0.0006,0.0801,wind
TX,Shelby,SHELBY,0.0006,0.0212,0.1082,0.0,0.1082,wind
TX,Sherman,SHERMAN,0.0024,0.0114,0.0481,0.0317,0.0481,wind
TX,Smith,SMITH,0.0023,0.0361,0.1831,0.0022,0.1831,wind
TX,Somervell,SOMERVELL,0.0032,0.0069,0.0612,0.0,0.0612,wind
TX,Starr,STARR,0.0055,0.0431,0.09,0.0001,0.09,wind
TX,Stephens,STEPHENS,0.01,0.0326,0.09,0.0003,0.09,wind
TX,Sterling,STERLING,0.0066,0.0022,0.0647,0.0001,0.0647,wind
TX,Stonewall,STONEWALL,0.0066,0.0069,0.0668,0.0006,0.0668,wind
TX,Sutton,SUTTON,0.0085,0.0448,0.0497,0.0001,0.0497,wind
TX,Swisher,SWISHER,0.0034,0.0105,0.1653,0.0017,0.1653,wind
TX,Tarrant,TARRANT,0.001,0.2164,0.2029,0.0001,0.2164,flood
TX,Taylor,TAYLOR,0.0111,0.0349,0.1653,0.0002,0.1653,wind
TX,Terrell,TERRELL,0.0024,0.0024,0.0422,0.0,0.0422,wind
TX,Terry,TERRY,0.0034,0.0361,0.0836,0.0006,0.0836,wind
TX,Throckmorton,THROCKMORTON,0.001,0.0157,0.0782,0.0022,0.0782,wind
TX,Titus,TITUS,0.0001,0.0212,0.0592,0.0001,0.0592,wind
TX,Tom Green,TOM GREEN,0.0131,0.0201,0.1599,0.0003,0.1599,wind
TX,Travis,TRAVIS,0.0055,0.5833,0.1082,0.0014,0.5833,flood
TX,Trinity,TRINITY,0.001,0.0856,0.0513,0.0,0.0856,flood
TX,Tyler,TYLER,0.0023,0.0249,0.0746,0.0,0.0746,wind
TX,Upshur,UPSHUR,0.0003,0.0533,0.1015,0.0,0.1015,wind
TX,Upton,UPTON,0.0032,0.006,0.0592,0.0,0.0592,wind
TX,Uvalde,UVALDE,0.0032,0.4127,0.0801,0.0,0.4127,flood
TX,Val Verde,VAL VERDE,0.0085,0.2164,0.1078,0.0,0.2164,flood
TX,Van Zandt,VAN ZANDT,0.0001,0.0479,0.0839,0.0001,0.0839,wind
TX,Victoria,VICTORIA,0.0013,0.0821,0.0812,0.0,0.0821,flood
TX,Walker,WALKER,0.0032,0.2164,0.0839,0.0001,0.2164,flood
TX,Waller,WALLER,0.0014,0.2164,0.0909,0.0001,0.2164,flood
TX,Ward,WARD,0.0076,0.0028,0.039,0.0,0.039,wind
TX,Washington,WASHINGTON,0.0005,0.48,0.1653,0.0001,0.48,flood
TX,Webb,WEBB,0.0039,0.0361,0.1356,0.0001,0.1356,wind
TX,Wharton,WHARTON,0.0003,0.151,0.1052,0.0,0.151,flood
TX,Wheeler,WHEELER,0.0032,0.0342,0.35,0.0145,0.35,wind
TX,Wichita,WICHITA,0.0066,0.0212,0.1911,0.0006,0.1911,wind
TX,Wilbarger,WILBARGER,0.0006,0.0625,0.1231,0.0006,0.1231,wind
TX,Willacy,WILLACY,0.0047,0.0212,0.09,0.0,0.09,wind
TX,Williamson,WILLIAMSON,0.0032,0.6316,0.0979,0.0003,0.6316,flood
TX,Wilson,WILSON,0.0032,0.5833,0.1236,0.0001,0.5833,flood
TX,Winkler,WINKLER,0.0091,0.0005,0.0647,0.0,0.0647,wind
TX,Wise,WISE,0.0007,0.2088,0.1797,0.0,0.2088,flood
TX,Wood,WOOD,0.0001,0.0625,0.0839,0.0,0.0839,wind
TX,Yoakum,YOAKUM,0.0131,0.0249,0.09,0.0001,0.09,wind
TX,Young,YOUNG,0.002,0.1351,0.0909,0.0006,0.1351,flood
TX,Zapata,ZAPATA,0.0034,0.0332,0.09,0.0002,0.09,wind
TX,Zavala,ZAVALA,0.001,0.0349,0.0612,0.0,0.0612,wind
UT,Beaver,BEAVER,0.0209,0.001,0.0316,0.0679,0.0679,winter
UT,Box Elder,BOX ELDER,0.0111,0.0022,0.1797,0.2526,0.2526,winter
UT,Cache,CACHE,0.02,0.002,0.0679,0.1949,0.1949,winter
UT,Carbon,CARBON,0.0273,0.0019,0.0083,0.0291,0.0291,winter
UT,Daggett,DAGGETT,0.02,0.0011,0.0019,0.0003,0.02,fire
UT,Davis,DAVIS,0.0091,0.0316,0.0592,0.1342,0.1342,winter
UT,Duchesne,DUCHESNE,0.0151,0.001,0.0126,0.0212,0.0212,winter
UT,Emery,EMERY,0.023,0.001,0.0251,0.047,0.047,winter
UT,Garfield,GARFIELD,0.0254,0.0025,0.0191,0.0296,0.0296,winter
UT,Grand,GRAND,0.1556,0.0032,0.0118,0.0917,0.1556,fire
UT,Iron,IRON,0.02,0.0069,0.0316,0.0477,0.0477,winter
UT,Juab,JUAB,0.0131,0.0105,0.0909,0.1573,0.1573,winter
UT,Kane,KANE,0.0477,0.001,0.0242,0.0179,0.0477,fire
UT,Millard,MILLARD,0.0091,0.0019,0.0405,0.0868,0.0868,winter
UT,Morgan,MORGAN,0.0066,0.0032,0.0205,0.1788,0.1788,winter
UT,Piute,PIUTE,0.02,0.0019,0.0205,0.0343,0.0343,winter
UT,Rich,RICH,0.0083,0.0008,0.0191,0.1949,0.1949,winter
UT,Salt Lake,SALT LAKE,0.0168,0.0054,0.1653,0.1841,0.1841,winter
UT,San Juan,SAN JUAN,0.0989,0.001,0.0027,0.0068,0.0989,fire
UT,Sanpete,SANPETE,0.02,0.0028,0.0481,0.0679,0.0679,winter
UT,Sevier,SEVIER,0.0083,0.0015,0.0316,0.0477,0.0477,winter
UT,Summit,SUMMIT,0.0066,0.0019,0.0497,0.2507,0.2507,winter
UT,Tooele,TOOELE,0.0254,0.0128,0.1255,0.0949,0.1255,wind
UT,Uintah,UINTAH,0.0325,0.002,0.0029,0.0001,0.0325,fire
UT,Utah,UTAH,0.02,0.0105,0.2031,0.2526,0.2526,winter
UT,Wasatch,WASATCH,0.0085,0.0014,0.0979,0.2943,0.2943,winter
UT,Washington,WASHINGTON,0.0425,0.0045,0.0647,0.0291,0.0647,wind
UT,Wayne,WAYNE,0.0276,0.0039,0.0154,0.0305,0.0305,winter
UT,Weber,WEBER,0.0182,0.0045,0.0809,0.1564,0.1564,winter
VA,Accomack,ACCOMACK,0.0061,0.006,0.0418,0.0058,0.0418,wind
VA,Albemarle,ALBEMARLE,0.0066,0.0042,0.0901,0.0088,0.0901,wind
VA,Alexandria,ALEXANDRIA,0.0003,0.0039,0.111,0.0113,0.111,wind
VA,Alleghany,ALLEGHANY,0.0108,0.0212,0.0481,0.0047,0.0481,wind
VA,Amelia,AMELIA,0.0007,0.0039,0.0534,0.0068,0.0534,wind
VA,Amherst,AMHERST,0.0048,0.0165,0.1356,0.0022,0.1356,wind
VA,Appomattox,APPOMATTOX,0.0014,0.0105,0.0809,0.0056,0.0809,wind
VA,Arlington,ARLINGTON,0.0003,0.0015,0.2031,0.0317,0.2031,wind
VA,Augusta,AUGUSTA,0.0055,0.0165,0.1356,0.0296,0.1356,wind
VA,Bath,BATH,0.0111,0.0448,0.1831,0.0179,0.1831,wind
VA,Bedford,BEDFORD,0.0014,0.0069,0.0979,0.0088,0.0979,wind
VA,Bland,BLAND,0.0083,0.0165,0.0592,0.003,0.0592,wind
VA,Botetourt,BOTETOURT,0.0066,0.0069,0.1045,0.003,0.1045,wind
VA,Bristol,BRISTOL,0.0017,0.0165,0.0639,0.0033,0.0639,wind
VA,Brunswick,BRUNSWICK,0.0017,0.0071,0.1528,0.0018,0.1528,wind
VA,Buchanan,BUCHANAN,0.0091,0.0533,0.2195,0.1734,0.2195,wind
VA,Buckingham,BUCKINGHAM,0.0006,0.0185,0.1015,0.0056,0.1015,wind
VA,Buena Vista,BUENA VISTA,0.0019,0.0128,0.1356,0.0011,0.1356,wind
VA,Campbell,CAMPBELL,0.001,0.0128,0.1116,0.0056,0.1116,wind
VA,Caroline,CAROLINE,0.0019,0.0105,0.0679,0.0056,0.0679,wind
VA,Carroll,CARROLL,0.001,0.0625,0.0679,0.0056,0.0679,wind
VA,Charles City,CHARLES CITY,0.0034,0.0028,0.0093,0.0033,0.0093,wind
VA,Charlotte,CHARLOTTE,0.0007,0.0165,0.1231,0.0017,0.1231,wind
VA,Charlottesville,CHARLOTTESVILLE,0.0111,0.0019,0.0093,0.0,0.0111,fire
VA,Chesapeake,CHESAPEAKE,0.0055,0.0042,0.0251,0.0011,0.0251,wind
VA,Chesterfield,CHESTERFIELD,0.0019,0.0105,0.0592,0.0056,0.0592,wind
VA,Clarke,CLARKE,0.0014,0.0157,0.0418,0.037,0.0418,wind
VA,Colonial Heights,COLONIAL HEIGHTS,0.0032,0.0039,0.0481,0.0017,0.0481,wind
VA,Covington,COVINGTON,0.0032,0.04,0.0291,0.0014,0.04,flood
VA,Craig,CRAIG,0.0111,0.0105,0.065,0.0056,0.065,wind
VA,Culpeper,CULPEPER,0.0014,0.0056,0.0979,0.0102,0.0979,wind
VA,Cumberland,CUMBERLAND,0.001,0.0157,0.0454,0.0102,0.0454,wind
VA,Danville,DANVILLE,0.001,0.007,0.0782,0.0007,0.0782,wind
VA,Dickenson,DICKENSON,0.0061,0.0349,0.2015,0.0598,0.2015,wind
VA,Dinwiddie,DINWIDDIE,0.0006,0.0249,0.0979,0.0056,0.0979,wind
VA,Emporia,EMPORIA,0.0006,0.0136,0.0871,0.0033,0.0871,wind
VA,Essex,ESSEX,0.0007,0.0042,0.0762,0.0044,0.0762,wind
VA,Fairfax,FAIRFAX,0.0055,0.0105,0.2659,0.02,0.2659,wind
VA,Fairfax City,FAIRFAX CITY,0.0001,0.0024,0.0,0.0,0.0024,flood
VA,Falls Church,FALLS CHURCH,0.0006,0.0019,0.1431,0.0056,0.1431,wind
VA,Fauquier,FAUQUIER,0.0014,0.007,0.1116,0.0141,0.1116,wind
VA,Floyd,FLOYD,0.0014,0.0332,0.1082,0.0043,0.1082,wind
VA,Fluvanna,FLUVANNA,0.0003,0.007,0.0592,0.0035,0.0592,wind
VA,Franklin,FRANKLIN,0.0019,0.0157,0.1578,0.0056,0.1578,wind
VA,Franklin City,FRANKLIN CITY,0.0017,0.001,0.0,0.0,0.0017,fire
VA,Frederick,FREDERICK,0.0024,0.0165,0.0746,0.034,0.0746,wind
VA,Fredericksburg,FREDERICKSBURG,0.001,0.0069,0.0497,0.0035,0.0497,wind
VA,Galax,GALAX,0.0037,0.0105,0.0126,0.0006,0.0126,wind
VA,Giles,GILES,0.0055,0.0165,0.1446,0.0056,0.1446,wind
VA,Gloucester,GLOUCESTER,0.003,0.0019,0.0285,0.0006,0.0285,wind
VA,Goochland,GOOCHLAND,0.001,0.0042,0.0285,0.0043,0.0285,wind
VA,Grayson,GRAYSON,0.0017,0.0448,0.0285,0.0033,0.0448,flood
VA,Greene,GREENE,0.0032,0.006,0.0762,0.0088,0.0762,wind
VA,Greensville,GREENSVILLE,0.0023,0.0165,0.0762,0.0056,0.0762,wind
VA,Halifax,HALIFAX,0.0017,0.0128,0.1653,0.003,0.1653,wind
VA,Hampton,HAMPTON,0.003,0.0025,0.0083,0.0002,0.0083,wind
VA,Hanover,HANOVER,0.0001,0.0042,0.0909,0.0088,0.0909,wind
VA,Harrisonburg,HARRISONBURG,0.0007,0.0105,0.0454,0.0056,0.0454,wind
VA,Henrico,HENRICO,0.003,0.0042,0.0669,0.0044,0.0669,wind
VA,Henry,HENRY,0.0007,0.007,0.1653,0.003,0.1653,wind
VA,Highland,HIGHLAND,0.0014,0.0448,0.1255,0.0679,0.1255,wind
VA,Hopewell,HOPEWELL,0.0047,0.001,0.0497,0.003,0.0497,wind
VA,Isle Of Wight,ISLE OF WIGHT,0.0048,0.0046,0.0205,0.0003,0.0205,wind
VA,James City,JAMES CITY,0.0037,0.0028,0.037,0.0001,0.037,wind
VA,King And Queen,KING AND QUEEN,0.0014,0.0032,0.0575,0.0017,0.0575,wind
VA,King George,KING GEORGE,0.0003,0.0042,0.11,0.0033,0.11,wind
VA,King William,KING WILLIAM,0.003,0.0038,0.0507,0.0044,0.0507,wind
VA,Lancaster,LANCASTER,0.0007,0.0039,0.0118,0.0043,0.0118,wind
VA,Lee,LEE,0.0037,0.0172,0.1116,0.0,0.1116,wind
VA,Lexington,LEXINGTON,0.0017,0.0123,0.0534,0.0017,0.0534,wind
VA,Loudoun,LOUDOUN,0.0007,0.0105,0.0561,0.0997,0.0997,winter
VA,Louisa,LOUISA,0.0003,0.0069,0.0629,0.0017,0.0629,wind
VA,Lunenburg,LUNENBURG,0.0007,0.0185,0.0979,0.0123,0.0979,wind
VA,Lynchburg,LYNCHBURG,0.0047,0.0046,0.0661,0.0014,0.0661,wind
VA,Madison,MADISON,0.0032,0.0046,0.0782,0.0113,0.0782,wind
VA,Manassas,MANASSAS,0.001,0.002,0.11,0.0083,0.11,wind
VA,Manassas Park,MANASSAS PARK,0.0006,0.001,0.0047,0.0,0.0047,wind
VA,Martinsville,MARTINSVILLE,0.0006,0.0316,0.0669,0.001,0.0669,wind
VA,Mathews,MATHEWS,0.001,0.0039,0.0093,0.003,0.0093,wind
VA,Mecklenburg,MECKLENBURG,0.0007,0.007,0.1015,0.0017,0.1015,wind
VA,Middlesex,MIDDLESEX,0.0007,0.0069,0.0242,0.001,0.0242,wind
VA,Montgomery,MONTGOMERY,0.0032,0.0185,0.1479,0.0088,0.1479,wind
VA,Nelson,NELSON,0.0045,0.0185,0.1116,0.0123,0.1116,wind
VA,New Kent,NEW KENT,0.001,0.0014,0.0534,0.0011,0.0534,wind
VA,Newport News,NEWPORT NEWS,0.0066,0.0039,0.0222,0.0003,0.0222,wind
VA,Norfolk,NORFOLK,0.0006,0.0042,0.0126,0.0003,0.0126,wind
VA,Northampton,NORTHAMPTON,0.0032,0.0039,0.0093,0.0017,0.0093,wind
VA,Northumberland,NORTHUMBERLAND,0.0006,0.0025,0.0291,0.0017,0.0291,wind
VA,Norton,NORTON,0.0061,0.0448,0.0612,0.0088,0.0612,wind
VA,Nottoway,NOTTOWAY,0.001,0.0123,0.0901,0.0088,0.0901,wind
VA,Orange,ORANGE,0.0007,0.0105,0.0979,0.0068,0.0979,wind
VA,Page,PAGE,0.0477,0.0028,0.0343,0.0245,0.0477,fire
VA,Patrick,PATRICK,0.0034,0.0214,0.1082,0.0033,0.1082,wind
VA,Petersburg,PETERSBURG,0.0032,0.006,0.0534,0.0011,0.0534,wind
VA,Pittsylvania,PITTSYLVANIA,0.0007,0.0316,0.2015,0.0056,0.2015,wind
VA,Poquoson,POQUOSON,0.0034,0.0105,0.0167,0.0006,0.0167,wind
VA,Portsmouth,PORTSMOUTH,0.0007,0.002,0.0057,0.0003,0.0057,wind
VA,Powhatan,POWHATAN,0.0003,0.0032,0.0575,0.0056,0.0575,wind
VA,Prince Edward,PRINCE EDWARD,0.001,0.007,0.0901,0.0123,0.0901,wind
VA,Prince George,PRINCE GEORGE,0.0037,0.0011,0.0592,0.0017,0.0592,wind
VA,Prince William,PRINCE WILLIAM,0.0066,0.006,0.1653,0.0264,0.1653,wind
VA,Pulaski,PULASKI,0.0076,0.0025,0.0481,0.0011,0.0481,wind
VA,Radford,RADFORD,0.002,0.006,0.0801,0.0006,0.0801,wind
VA,Rappahannock,RAPPAHANNOCK,0.0019,0.0128,0.0434,0.0123,0.0434,wind
VA,Richmond,RICHMOND,0.0019,0.0039,0.0513,0.0021,0.0513,wind
VA,Richmond City,RICHMOND CITY,0.0013,0.0025,0.0,0.0,0.0025,flood
VA,Roanoke,ROANOKE,0.0047,0.007,0.0839,0.0017,0.0839,wind
VA,Roanoke City,ROANOKE CITY,0.002,0.0042,0.0,0.0,0.0042,flood
VA,Rockbridge,ROCKBRIDGE,0.0066,0.0128,0.1231,0.0072,0.1231,wind
VA,Rockingham,ROCKINGHAM,0.1748,0.0201,0.0668,0.0154,0.1748,fire
VA,Russell,RUSSELL,0.0066,0.0165,0.1911,0.0088,0.1911,wind
VA,Salem,SALEM,0.0014,0.0056,0.0481,0.001,0.0481,wind
VA,Scott,SCOTT,0.0045,0.0342,0.1192,0.003,0.1192,wind
VA,Shenandoah,SHENANDOAH,0.343,0.0128,0.051,0.0303,0.343,fire
VA,Smyth,SMYTH,0.0091,0.0316,0.0343,0.0072,0.0343,wind
VA,Southampton,SOUTHAMPTON,0.0018,0.0128,0.05,0.0056,0.05,wind
VA,Spotsylvania,SPOTSYLVANIA,0.0003,0.0128,0.1653,0.0113,0.1653,wind
VA,Stafford,STAFFORD,0.001,0.0136,0.1479,0.0072,0.1479,wind
VA,Staunton,STAUNTON,0.0007,0.0128,0.0422,0.0113,0.0422,wind
VA,Suffolk,SUFFOLK,0.0037,0.0071,0.0189,0.0011,0.0189,wind
VA,Surry,SURRY,0.0019,0.004,0.0239,0.0011,0.0239,wind
VA,Sussex,SUSSEX,0.003,0.0105,0.0782,0.0026,0.0782,wind
VA,Tazewell,TAZEWELL,0.0061,0.0361,0.0393,0.0056,0.0393,wind
VA,Virginia Beach,VIRGINIA BEACH,0.0131,0.0128,0.0285,0.0007,0.0285,wind
VA,Warren,WARREN,0.0024,0.0201,0.037,0.02,0.037,wind
VA,Washington,WASHINGTON,0.0066,0.0123,0.1258,0.003,0.1258,wind
VA,Waynesboro,WAYNESBORO,0.0014,0.0056,0.0022,0.0,0.0056,flood
VA,Westmoreland,WESTMORELAND,0.0007,0.0046,0.0575,0.003,0.0575,wind
VA,Williamsburg,WILLIAMSBURG,0.0055,0.001,0.0159,0.0,0.0159,wind
VA,Winchester,WINCHESTER,0.0001,0.0024,0.0265,0.0179,0.0265,wind
VA,Wise,WISE,0.0108,0.0448,0.1082,0.0056,0.1082,wind
VA,Wythe,WYTHE,0.0039,0.007,0.0561,0.0011,0.0561,wind
VA,York,YORK,0.0055,0.0059,0.0251,0.0001,0.0251,wind
VT,Addison,ADDISON,0.0076,0.0533,0.2028,0.2364,0.2364,winter
VT,Bennington,BENNINGTON,0.0083,0.0201,0.1076,0.187,0.187,winter
VT,Caledonia,CALEDONIA,0.0023,0.1277,0.227,0.2837,0.2837,winter
VT,Chittenden,CHITTENDEN,0.0014,0.1129,0.3235,0.2681,0.3235,wind
VT,Essex,ESSEX,0.0007,0.0157,0.2015,0.3258,0.3258,winter
VT,Franklin,FRANKLIN,0.0023,0.0316,0.2885,0.2563,0.2885,wind
VT,Grand Isle,GRAND ISLE,0.0018,0.0032,0.1653,0.2074,0.2074,winter
VT,Lamoille,LAMOILLE,0.0032,0.0361,0.2659,0.3203,0.3203,winter
VT,Orange,ORANGE,0.0003,0.0448,0.1356,0.2943,0.2943,winter
VT,Orleans,ORLEANS,0.001,0.0446,0.2496,0.3258,0.3258,winter
VT,Rutland,RUTLAND,0.0066,0.0316,0.1479,0.1573,0.1573,winter
VT,Washington,WASHINGTON,0.0023,0.0856,0.2659,0.2943,0.2943,winter
VT,Windham,WINDHAM,0.0019,0.0448,0.0979,0.166,0.166,winter
VT,Windsor,WINDSOR,0.0013,0.0533,0.1079,0.2074,0.2074,winter
WA,Adams,ADAMS,0.0045,0.0105,0.0343,0.0044,0.0343,wind
WA,Asotin,ASOTIN,0.0055,0.0105,0.0251,0.0123,0.0251,wind
WA,Benton,BENTON,0.0182,0.0185,0.0612,0.0056,0.0612,wind
WA,Chelan,CHELAN,0.0037,0.0032,0.0222,0.037,0.037,winter
WA,Clallam,CLALLAM,0.0003,0.006,0.0143,0.0056,0.0143,wind
WA,Clark,CLARK,0.0001,0.0038,0.0118,0.0044,0.0118,wind
WA,Columbia,COLUMBIA,0.0085,0.0028,0.0839,0.0141,0.0839,wind
WA,Cowlitz,COWLITZ,0.0003,0.0019,0.0083,0.0083,0.0083,wind
WA,Douglas,DOUGLAS,0.0083,0.0071,0.0376,0.0285,0.0376,wind
WA,Ferry,FERRY,0.0061,0.0045,0.0191,0.037,0.037,winter
WA,Franklin,FRANKLIN,0.0091,0.0032,0.0402,0.0068,0.0402,wind
WA,Garfield,GARFIELD,0.0018,0.0105,0.0251,0.0108,0.0251,wind
WA,Grant,GRANT,0.0131,0.0361,0.0343,0.0141,0.0361,flood
WA,Grays Harbor,GRAYS HARBOR,0.0006,0.0028,0.0126,0.0083,0.0126,wind
WA,Island,ISLAND,0.0001,0.0024,0.0061,0.003,0.0061,wind
WA,Jefferson,JEFFERSON,0.0001,0.0046,0.0126,0.0108,0.0126,wind
WA,King,KING,0.0003,0.0028,0.0159,0.0151,0.0159,wind
WA,Kitsap,KITSAP,0.0001,0.006,0.0093,0.0088,0.0093,wind
WA,Kittitas,KITTITAS,0.0091,0.0856,0.0251,0.014,0.0856,flood
WA,Klickitat,KLICKITAT,0.0055,0.0059,0.0211,0.0068,0.0211,wind
WA,Lewis,LEWIS,0.0001,0.0038,0.0222,0.0141,0.0222,wind
WA,Lincoln,LINCOLN,0.0066,0.0069,0.0285,0.0236,0.0285,wind
WA,Mason,MASON,0.0007,0.0045,0.0126,0.0102,0.0126,wind
WA,Okanogan,OKANOGAN,0.0085,0.0128,0.0418,0.0677,0.0677,winter
WA,Pacific,PACIFIC,0.0004,0.0032,0.0061,0.0108,0.0108,winter
WA,Pend Oreille,PEND OREILLE,0.001,0.0332,0.0205,0.0734,0.0734,winter
WA,Pierce,PIERCE,0.0001,0.0042,0.0205,0.0141,0.0205,wind
WA,San Juan,SAN JUAN,0.0001,0.0019,0.0143,0.0108,0.0143,wind
WA,Skagit,SKAGIT,0.0001,0.0128,0.0093,0.0113,0.0128,flood
WA,Skamania,SKAMANIA,0.0001,0.0022,0.0093,0.0056,0.0093,wind
WA,Snohomish,SNOHOMISH,0.0001,0.0032,0.0093,0.0056,0.0093,wind
WA,Spokane,SPOKANE,0.0085,0.0128,0.0958,0.0734,0.0958,wind
WA,Stevens,STEVENS,0.0047,0.0856,0.0316,0.062,0.0856,flood
WA,Thurston,THURSTON,0.0001,0.006,0.0251,0.0056,0.0251,wind
WA,Wahkiakum,WAHKIAKUM,0.0001,0.0054,0.0025,0.0036,0.0054,flood
WA,Walla Walla,WALLA WALLA,0.0076,0.0046,0.0782,0.0102,0.0782,wind
WA,Whatcom,WHATCOM,0.0003,0.0046,0.0167,0.0088,0.0167,wind
WA,Whitman,WHITMAN,0.0019,0.0123,0.039,0.0179,0.039,wind
WA,Yakima,YAKIMA,0.0301,0.0028,0.039,0.0123,0.039,wind
WI,Adams,ADAMS,0.0083,0.0748,0.0909,0.0011,0.0909,wind
WI,Ashland,ASHLAND,0.0182,0.0105,0.0762,0.0285,0.0762,wind
WI,Barron,BARRON,0.0037,0.0165,0.139,0.0056,0.139,wind
WI,Bayfield,BAYFIELD,0.0055,0.0201,0.0679,0.0236,0.0679,wind
WI,Brown,BROWN,0.0023,0.0316,0.0979,0.0123,0.0979,wind
WI,Buffalo,BUFFALO,0.0048,0.0821,0.1192,0.0056,0.1192,wind
WI,Burnett,BURNETT,0.0032,0.0431,0.0762,0.0033,0.0762,wind
WI,Calumet,CALUMET,0.0019,0.0479,0.1356,0.0033,0.1356,wind
WI,Chippewa,CHIPPEWA,0.0045,0.0212,0.1449,0.0056,0.1449,wind
WI,Clark,CLARK,0.0037,0.0249,0.2022,0.0056,0.2022,wind
WI,Columbia,COLUMBIA,0.0023,0.2164,0.1356,0.0044,0.2164,flood
WI,Crawford,CRAWFORD,0.0083,0.2845,0.1231,0.001,0.2845,flood
WI,Dane,DANE,0.003,0.3605,0.2477,0.0026,0.3605,flood
WI,Dodge,DODGE,0.0032,0.1701,0.2195,0.0056,0.2195,wind
WI,Door,DOOR,0.0037,0.0157,0.0265,0.02,0.0265,wind
WI,Douglas,DOUGLAS,0.0034,0.007,0.0679,0.0113,0.0679,wind
WI,Dunn,DUNN,0.0085,0.0201,0.1528,0.0072,0.1528,wind
WI,Eau Claire,EAU CLAIRE,0.0066,0.0361,0.1116,0.0021,0.1116,wind
WI,Florence,FLORENCE,0.0047,0.0185,0.09,0.0077,0.09,wind
WI,Fond Du Lac,FOND DU LAC,0.0017,0.1129,0.2396,0.0108,0.2396,wind
WI,Forest,FOREST,0.0061,0.0185,0.0782,0.0083,0.0782,wind
WI,Grant,GRANT,0.0014,0.151,0.1797,0.001,0.1797,wind
WI,Green,GREEN,0.0004,0.151,0.2659,0.0102,0.2659,wind
WI,Green Lake,GREEN LAKE,0.0048,0.1277,0.1231,0.0033,0.1277,flood
WI,Iowa,IOWA,0.0014,0.1301,0.1831,0.0088,0.1831,wind
WI,Iron,IRON,0.0032,0.0212,0.0669,0.0305,0.0669,wind
WI,Jackson,JACKSON,0.02,0.0533,0.1231,0.0021,0.1231,wind
WI,Jefferson,JEFFERSON,0.001,0.2115,0.2746,0.0056,0.2746,wind
WI,Juneau,JUNEAU,0.0108,0.0856,0.0946,0.0017,0.0946,wind
WI,Kenosha,KENOSHA,0.0014,0.1701,0.35,0.0291,0.35,wind
WI,Kewaunee,KEWAUNEE,0.0019,0.0361,0.0265,0.0154,0.0361,flood
WI,La Crosse,LA CROSSE,0.0111,0.0856,0.1911,0.0047,0.1911,wind
WI,Lafayette,LAFAYETTE,0.0001,0.1667,0.2746,0.0072,0.2746,wind
WI,Langlade,LANGLADE,0.0032,0.0165,0.09,0.0044,0.09,wind
WI,Lincoln,LINCOLN,0.0055,0.0123,0.1192,0.0035,0.1192,wind
WI,Manitowoc,MANITOWOC,0.0006,0.0448,0.0762,0.0123,0.0762,wind
WI,Marathon,MARATHON,0.0039,0.0201,0.1653,0.0044,0.1653,wind
WI,Marinette,MARINETTE,0.0039,0.0105,0.0979,0.0088,0.0979,wind
WI,Marquette,MARQUETTE,0.0076,0.0821,0.09,0.0011,0.09,wind
WI,Menominee,MENOMINEE,0.0055,0.0136,0.0093,0.0113,0.0136,flood
WI,Milwaukee,MILWAUKEE,0.001,0.1129,0.35,0.0549,0.35,wind
WI,Monroe,MONROE,0.0182,0.1129,0.1192,0.0014,0.1192,wind
WI,Oconto,OCONTO,0.0037,0.007,0.1246,0.0113,0.1246,wind
WI,Oneida,ONEIDA,0.0076,0.007,0.111,0.0056,0.111,wind
WI,Outagamie,OUTAGAMIE,0.0017,0.0361,0.1356,0.0033,0.1356,wind
WI,Ozaukee,OZAUKEE,0.0007,0.0856,0.2351,0.0212,0.2351,wind
WI,Pepin,PEPIN,0.0061,0.0105,0.09,0.0072,0.09,wind
WI,Pierce,PIERCE,0.0032,0.0431,0.1449,0.0056,0.1449,wind
WI,Polk,POLK,0.0037,0.0212,0.1385,0.0044,0.1385,wind
WI,Portage,PORTAGE,0.0048,0.0332,0.11,0.0006,0.11,wind
WI,Price,PRICE,0.0085,0.0123,0.1192,0.0035,0.1192,wind
WI,Racine,RACINE,0.0032,0.0533,0.35,0.0556,0.35,wind
WI,Richland,RICHLAND,0.0032,0.1701,0.0782,0.0006,0.1701,flood
WI,Rock,ROCK,0.0018,0.1129,0.3118,0.0088,0.3118,wind
WI,Rusk,RUSK,0.0055,0.006,0.1076,0.0068,0.1076,wind
WI,Sauk,SAUK,0.0034,0.2599,0.1355,0.0017,0.2599,flood
WI,Sawyer,SAWYER,0.0047,0.0128,0.0679,0.0088,0.0679,wind
WI,Shawano,SHAWANO,0.0045,0.0201,0.11,0.0068,0.11,wind
WI,Sheboygan,SHEBOYGAN,0.0032,0.0448,0.2195,0.02,0.2195,wind
WI,St. Croix,ST. CROIX,0.0047,0.0316,0.1831,0.0056,0.1831,wind
WI,Taylor,TAYLOR,0.0047,0.0165,0.1356,0.0033,0.1356,wind
WI,Trempealeau,TREMPEALEAU,0.002,0.0658,0.1449,0.003,0.1449,wind
WI,Vernon,VERNON,0.0047,0.1129,0.1356,0.0021,0.1356,wind
WI,Vilas,VILAS,0.002,0.0165,0.0762,0.0083,0.0762,wind
WI,Walworth,WALWORTH,0.0014,0.2115,0.3235,0.0123,0.3235,wind
WI,Washburn,WASHBURN,0.0066,0.0123,0.0762,0.0033,0.0762,wind
WI,Washington,WASHINGTON,0.0004,0.2164,0.2885,0.0141,0.2885,wind
WI,Waukesha,WAUKESHA,0.001,0.2599,0.342,0.0141,0.342,wind
WI,Waupaca,WAUPACA,0.0037,0.0479,0.1079,0.0017,0.1079,wind
WI,Waushara,WAUSHARA,0.0055,0.0625,0.09,0.001,0.09,wind
WI,Winnebago,WINNEBAGO,0.0034,0.0361,0.1192,0.0007,0.1192,wind
WI,Wood,WOOD,0.0055,0.0316,0.0762,0.0017,0.0762,wind
WV,Barbour,BARBOUR,0.0023,0.0625,0.1528,0.02,0.1528,wind
WV,Berkeley,BERKELEY,0.0023,0.007,0.0801,0.0917,0.0917,winter
WV,Boone,BOONE,0.0047,0.0625,0.2477,0.2194,0.2477,wind
WV,Braxton,BRAXTON,0.0034,0.0128,0.1082,0.1241,0.1241,winter
WV,Brooke,BROOKE,0.0014,0.0157,0.0251,0.0017,0.0251,wind
WV,Cabell,CABELL,0.0014,0.0821,0.1524,0.1949,0.1949,winter
WV,Calhoun,CALHOUN,0.0017,0.0533,0.0592,0.1788,0.1788,winter
WV,Clay,CLAY,0.0023,0.0249,0.1479,0.2074,0.2074,winter
WV,Doddridge,DODDRIDGE,0.001,0.0479,0.0762,0.0917,0.0917,winter
WV,Fayette,FAYETTE,0.0131,0.0128,0.2195,0.2325,0.2325,winter
WV,Gilmer,GILMER,0.0032,0.0212,0.0629,0.1949,0.1949,winter
WV,Grant,GRANT,0.0061,0.0105,0.1231,0.0997,0.1231,wind
WV,Greenbrier,GREENBRIER,0.0034,0.0533,0.2031,0.0679,0.2031,wind
WV,Hampshire,HAMPSHIRE,0.0047,0.0201,0.0946,0.0868,0.0946,wind
WV,Hancock,HANCOCK,0.003,0.0249,0.037,0.0014,0.037,wind
WV,Hardy,HARDY,0.0032,0.0128,0.0668,0.0427,0.0668,wind
WV,Harrison,HARRISON,0.0032,0.0212,0.2031,0.0113,0.2031,wind
WV,Jackson,JACKSON,0.001,0.0785,0.0592,0.226,0.226,winter
WV,Jefferson,JEFFERSON,0.0023,0.0201,0.0679,0.0917,0.0917,winter
WV,Kanawha,KANAWHA,0.0076,0.0361,0.2885,0.1091,0.2885,wind
WV,Lewis,LEWIS,0.0023,0.0185,0.0762,0.0154,0.0762,wind
WV,Lincoln,LINCOLN,0.0045,0.1412,0.1911,0.1583,0.1911,wind
WV,Logan,LOGAN,0.0209,0.0185,0.2028,0.1342,0.2028,wind
WV,Marion,MARION,0.0032,0.0332,0.1253,0.0026,0.1253,wind
WV,Marshall,MARSHALL,0.0024,0.0658,0.0575,0.0011,0.0658,flood
WV,Mason,MASON,0.0031,0.0625,0.0801,0.166,0.166,winter
WV,Mcdowell,MCDOWELL,0.0048,0.0128,0.2127,0.037,0.2127,wind
WV,Mercer,MERCER,0.0066,0.0185,0.2477,0.2074,0.2477,wind
WV,Mineral,MINERAL,0.0047,0.0361,0.1301,0.1058,0.1301,wind
WV,Mingo,MINGO,0.0111,0.0342,0.26,0.166,0.26,wind
WV,Monongalia,MONONGALIA,0.0014,0.0249,0.1528,0.0072,0.1528,wind
WV,Monroe,MONROE,0.0023,0.0128,0.0679,0.0141,0.0679,wind
WV,Morgan,MORGAN,0.001,0.0056,0.1082,0.0972,0.1082,wind
WV,Nicholas,NICHOLAS,0.001,0.0856,0.2031,0.1841,0.2031,wind
WV,Ohio,OHIO,0.003,0.0658,0.0454,0.0017,0.0658,flood
WV,Pendleton,PENDLETON,0.0076,0.0361,0.1192,0.037,0.1192,wind
WV,Pleasants,PLEASANTS,0.003,0.0533,0.0418,0.3056,0.3056,winter
WV,Pocahontas,POCAHONTAS,0.0019,0.0448,0.2211,0.1501,0.2211,wind
WV,Preston,PRESTON,0.0019,0.0128,0.2885,0.0291,0.2885,wind
WV,Putnam,PUTNAM,0.0055,0.0201,0.1479,0.2187,0.2187,winter
WV,Raleigh,RALEIGH,0.0115,0.0533,0.2031,0.166,0.2031,wind
WV,Randolph,RANDOLPH,0.0045,0.0136,0.2477,0.0581,0.2477,wind
WV,Ritchie,RITCHIE,0.0017,0.0533,0.0561,0.2624,0.2624,winter
WV,Roane,ROANE,0.001,0.0625,0.1481,0.2074,0.2074,winter
WV,Summers,SUMMERS,0.0047,0.0332,0.2013,0.0427,0.2013,wind
WV,Taylor,TAYLOR,0.0055,0.0249,0.1797,0.0113,0.1797,wind
WV,Tucker,TUCKER,0.0034,0.0625,0.26,0.0598,0.26,wind
WV,Tyler,TYLER,0.0018,0.0533,0.0612,0.2624,0.2624,winter
WV,Upshur,UPSHUR,0.0032,0.0201,0.1479,0.0291,0.1479,wind
WV,Wayne,WAYNE,0.0017,0.1277,0.09,0.3258,0.3258,winter
WV,Webster,WEBSTER,0.0034,0.0128,0.1528,0.111,0.1528,wind
WV,Wetzel,WETZEL,0.0037,0.0448,0.0592,0.0006,0.0592,wind
WV,Wirt,WIRT,0.0014,0.0185,0.0316,0.26,0.26,winter
WV,Wood,WOOD,0.0039,0.0448,0.029,0.2624,0.2624,winter
WV,Wyoming,WYOMING,0.0083,0.0123,0.1831,0.1734,0.1831,wind
WY,Albany,ALBANY,0.0047,0.0008,0.0251,0.2061,0.2061,winter
WY,Big Horn,BIG HORN,0.0811,0.0105,0.0497,0.0917,0.0917,winter
WY,Campbell,CAMPBELL,0.0085,0.0105,0.09,0.1998,0.1998,winter
WY,Carbon,CARBON,0.0066,0.0022,0.0343,0.1501,0.1501,winter
WY,Converse,CONVERSE,0.0055,0.0056,0.0592,0.1556,0.1556,winter
WY,Crook,CROOK,0.02,0.0185,0.1479,0.2084,0.2084,winter
WY,Fremont,FREMONT,0.0425,0.0028,0.0454,0.1091,0.1091,winter
WY,Goshen,GOSHEN,0.0085,0.0042,0.0801,0.1091,0.1091,winter
WY,Hot Springs,HOT SPRINGS,0.023,0.0042,0.0169,0.0303,0.0303,winter
WY,Johnson,JOHNSON,0.0182,0.0069,0.0513,0.0972,0.0972,winter
WY,Laramie,LARAMIE,0.0083,0.0123,0.1301,0.3258,0.3258,winter
WY,Lincoln,LINCOLN,0.0066,0.0011,0.0093,0.0679,0.0679,winter
WY,Natrona,NATRONA,0.0085,0.0028,0.0612,0.1227,0.1227,winter
WY,Niobrara,NIOBRARA,0.0032,0.0136,0.0629,0.1501,0.1501,winter
WY,Park,PARK,0.0111,0.0071,0.0191,0.0997,0.0997,winter
WY,Platte,PLATTE,0.0085,0.0054,0.0762,0.1556,0.1556,winter
WY,Sheridan,SHERIDAN,0.0131,0.007,0.1015,0.1223,0.1223,winter
WY,Sublette,SUBLETTE,0.0209,0.0014,0.0093,0.062,0.062,winter
WY,Sweetwater,SWEETWATER,0.02,0.001,0.0285,0.0734,0.0734,winter
WY,Teton,TETON,0.0085,0.0028,0.0093,0.047,0.047,winter
WY,Uinta,UINTA,0.0076,0.0011,0.0167,0.0598,0.0598,winter
WY,Washakie,WASHAKIE,0.0131,0.0069,0.0222,0.034,0.034,winter
WY,Weston,WESTON,0.0083,0.007,0.1192,0.2566,0.2566,winter
