state,county,county_id,fire_p,flood_p,wind_p,winter_p,max_p,max_hazard
AL,Autauga,AUTAUGA,0.0048,0.0121,0.1306,0.0032,0.1306,wind
AL,Baldwin,BALDWIN,0.0318,0.0294,0.1273,0.0002,0.1273,wind
AL,Barbour,BARBOUR,0.0042,0.0043,0.0783,0.0012,0.0783,wind
AL,Bibb,BIBB,0.0306,0.0071,0.0856,0.0031,0.0856,wind
AL,Blount,BLOUNT,0.0034,0.0081,0.1452,0.0061,0.1452,wind
AL,Bullock,BULLOCK,0.0069,0.0032,0.0721,0.0025,0.0721,wind
AL,Butler,BUTLER,0.0058,0.0031,0.097,0.0013,0.097,wind
AL,Calhoun,CALHOUN,0.0302,0.0062,0.1261,0.0047,0.1261,wind
AL,Chambers,CHAMBERS,0.0066,0.0046,0.0607,0.0045,0.0607,wind
AL,Cherokee,CHEROKEE,0.0125,0.005,0.105,0.0064,0.105,wind
AL,Chilton,CHILTON,0.019,0.0063,0.116,0.0028,0.116,wind
AL,Choctaw,CHOCTAW,0.0102,0.0121,0.1362,0.0019,0.1362,wind
AL,Clarke,CLARKE,0.0057,0.0118,0.1531,0.0025,0.1531,wind
AL,Clay,CLAY,0.0562,0.0039,0.0863,0.0038,0.0863,wind
AL,Cleburne,CLEBURNE,0.0913,0.0033,0.0675,0.0042,0.0913,fire
AL,Coffee,COFFEE,0.0066,0.0058,0.1476,0.0006,0.1476,wind
AL,Colbert,COLBERT,0.0086,0.0085,0.2032,0.0815,0.2032,wind
AL,Conecuh,CONECUH,0.0075,0.0049,0.0793,0.0007,0.0793,wind
AL,Coosa,COOSA,0.0104,0.0047,0.0808,0.0024,0.0808,wind
AL,Covington,COVINGTON,0.051,0.0057,0.1197,0.0005,0.1197,wind
AL,Crenshaw,CRENSHAW,0.0043,0.0039,0.1057,0.0009,0.1057,wind
AL,Cullman,CULLMAN,0.0043,0.0088,0.1893,0.0654,0.1893,wind
AL,Dale,DALE,0.0045,0.0085,0.1885,0.0003,0.1885,wind
AL,Dallas,DALLAS,0.0025,0.0126,0.1094,0.0025,0.1094,wind
AL,Dekalb,DEKALB,0.0082,0.0039,0.1618,0.0687,0.1618,wind
AL,Elmore,ELMORE,0.0017,0.0138,0.144,0.0027,0.144,wind
AL,Escambia,ESCAMBIA,0.0501,0.011,0.1109,0.0002,0.1109,wind
AL,Etowah,ETOWAH,0.0021,0.0038,0.1415,0.0057,0.1415,wind
AL,Fayette,FAYETTE,0.0078,0.0087,0.138,0.0043,0.138,wind
AL,Franklin,FRANKLIN,0.0073,0.0085,0.1445,0.0838,0.1445,wind
AL,Geneva,GENEVA,0.0053,0.0077,0.1241,0.0001,0.1241,wind
AL,Greene,GREENE,0.0042,0.0137,0.0827,0.0028,0.0827,wind
AL,Hale,HALE,0.0154,0.0081,0.1087,0.0031,0.1087,wind
AL,Henry,HENRY,0.0028,0.0038,0.1075,0.0004,0.1075,wind
AL,Houston,HOUSTON,0.0031,0.008,0.1527,0.0001,0.1527,wind
AL,Jackson,JACKSON,0.0071,0.0046,0.1297,0.0789,0.1297,wind
AL,Jefferson,JEFFERSON,0.0104,0.0217,0.1904,0.0218,0.1904,wind
AL,Lamar,LAMAR,0.0074,0.0132,0.1708,0.0053,0.1708,wind
AL,Lauderdale,LAUDERDALE,0.0053,0.0133,0.2002,0.0877,0.2002,wind
AL,Lawrence,LAWRENCE,0.0169,0.0078,0.1565,0.0828,0.1565,wind
AL,Lee,LEE,0.0092,0.0071,0.1008,0.0016,0.1008,wind
AL,Limestone,LIMESTONE,0.0031,0.008,0.1537,0.0921,0.1537,wind
AL,Lowndes,LOWNDES,0.0025,0.0047,0.0812,0.0016,0.0812,wind
AL,Macon,MACON,0.0072,0.0078,0.079,0.0025,0.079,wind
AL,Madison,MADISON,0.0041,0.0092,0.2175,0.1052,0.2175,wind
AL,Marengo,MARENGO,0.0042,0.0091,0.0964,0.0024,0.0964,wind
AL,Marion,MARION,0.0144,0.0119,0.1382,0.0064,0.1382,wind
AL,Marshall,MARSHALL,0.0033,0.0066,0.1672,0.0584,0.1672,wind
AL,Mobile,MOBILE,0.0373,0.0309,0.1727,0.0003,0.1727,wind
AL,Monroe,MONROE,0.0047,0.0077,0.1158,0.0008,0.1158,wind
AL,Montgomery,MONTGOMERY,0.0033,0.0102,0.1205,0.0281,0.1205,wind
AL,Morgan,MORGAN,0.003,0.0068,0.1766,0.0688,0.1766,wind
AL,Perry,PERRY,0.0104,0.0063,0.0817,0.0025,0.0817,wind
AL,Pickens,PICKENS,0.0087,0.0128,0.1259,0.0044,0.1259,wind
AL,Pike,PIKE,0.0057,0.0039,0.0863,0.0016,0.0863,wind
AL,Randolph,RANDOLPH,0.0103,0.0077,0.0906,0.003,0.0906,wind
AL,Russell,RUSSELL,0.0112,0.0067,0.0916,0.0033,0.0916,wind
AL,Shelby,SHELBY,0.01,0.0092,0.1587,0.0055,0.1587,wind
AL,St. Clair,ST. CLAIR,0.0045,0.007,0.1356,0.0052,0.1356,wind
AL,Sumter,SUMTER,0.0077,0.0093,0.1078,0.0032,0.1078,wind
AL,Talladega,TALLADEGA,0.0415,0.0073,0.1439,0.0048,0.1439,wind
AL,Tallapoosa,TALLAPOOSA,0.0118,0.0075,0.1236,0.0026,0.1236,wind
AL,Tuscaloosa,TUSCALOOSA,0.0264,0.0194,0.2004,0.0068,0.2004,wind
AL,Walker,WALKER,0.0111,0.0121,0.1573,0.0043,0.1573,wind
AL,Washington,WASHINGTON,0.0134,0.0061,0.1095,0.0015,0.1095,wind
AL,Wilcox,WILCOX,0.0069,0.0055,0.0627,0.0015,0.0627,wind
AL,Winston,WINSTON,0.0546,0.0089,0.15,0.0054,0.15,wind
AR,Arkansas,ARKANSAS,0.0047,0.014,0.1266,0.012,0.1266,wind
AR,Ashley,ASHLEY,0.008,0.0209,0.1781,0.0054,0.1781,wind
AR,Baxter,BAXTER,0.0452,0.0212,0.1087,0.0551,0.1087,wind
AR,Benton,BENTON,0.0181,0.0181,0.1582,0.0079,0.1582,wind
AR,Boone,BOONE,0.0178,0.0119,0.111,0.0642,0.111,wind
AR,Bradley,BRADLEY,0.0069,0.0102,0.1115,0.0163,0.1115,wind
AR,Calhoun,CALHOUN,0.0093,0.0083,0.1044,0.0243,0.1044,wind
AR,Carroll,CARROLL,0.0124,0.0172,0.125,0.0184,0.125,wind
AR,Chicot,CHICOT,0.001,0.0455,0.1566,0.0037,0.1566,wind
AR,Clark,CLARK,0.0131,0.0164,0.135,0.0312,0.135,wind
AR,Clay,CLAY,0.0018,0.0195,0.0704,0.0269,0.0704,wind
AR,Cleburne,CLEBURNE,0.015,0.0125,0.1035,0.0369,0.1035,wind
AR,Cleveland,CLEVELAND,0.0058,0.0123,0.1035,0.0259,0.1035,wind
AR,Columbia,COLUMBIA,0.0073,0.0075,0.1336,0.0073,0.1336,wind
AR,Conway,CONWAY,0.0199,0.013,0.156,0.0395,0.156,wind
AR,Craighead,CRAIGHEAD,0.0013,0.0235,0.1543,0.013,0.1543,wind
AR,Crawford,CRAWFORD,0.0198,0.0188,0.1522,0.0055,0.1522,wind
AR,Crittenden,CRITTENDEN,0.0009,0.0126,0.1071,0.0067,0.1071,wind
AR,Cross,CROSS,0.0011,0.0169,0.0852,0.0091,0.0852,wind
AR,Dallas,DALLAS,0.0065,0.0096,0.1063,0.0292,0.1063,wind
AR,Desha,DESHA,0.0023,0.0169,0.1001,0.0073,0.1001,wind
AR,Drew,DREW,0.0102,0.0122,0.1238,0.0124,0.1238,wind
AR,Faulkner,FAULKNER,0.0063,0.0166,0.1678,0.0388,0.1678,wind
AR,Franklin,FRANKLIN,0.0243,0.0159,0.1671,0.0159,0.1671,wind
AR,Fulton,FULTON,0.027,0.0168,0.0913,0.0482,0.0913,wind
AR,Garland,GARLAND,0.0461,0.0153,0.1569,0.0487,0.1569,wind
AR,Grant,GRANT,0.0147,0.0149,0.095,0.0315,0.095,wind
AR,Greene,GREENE,0.0023,0.016,0.0963,0.0167,0.0963,wind
AR,Hempstead,HEMPSTEAD,0.0046,0.0104,0.1361,0.0152,0.1361,wind
AR,Hot Spring,HOT SPRING,0.0135,0.0221,0.1456,0.0388,0.1456,wind
AR,Howard,HOWARD,0.0126,0.014,0.1106,0.0202,0.1106,wind
AR,Independence,INDEPENDENCE,0.0132,0.0287,0.1292,0.0416,0.1292,wind
AR,Izard,IZARD,0.0148,0.0222,0.0831,0.0465,0.0831,wind
AR,Jackson,JACKSON,0.0026,0.0241,0.1128,0.021,0.1128,wind
AR,Jefferson,JEFFERSON,0.0048,0.0227,0.1546,0.0201,0.1546,wind
AR,Johnson,JOHNSON,0.0288,0.0113,0.1395,0.0513,0.1395,wind
AR,Lafayette,LAFAYETTE,0.0094,0.0086,0.1334,0.0071,0.1334,wind
AR,Lawrence,LAWRENCE,0.0072,0.0258,0.096,0.0247,0.096,wind
AR,Lee,LEE,0.0011,0.0102,0.0511,0.0001,0.0511,wind
AR,Lincoln,LINCOLN,0.0036,0.0142,0.0874,0.0115,0.0874,wind
AR,Little River,LITTLE RIVER,0.0063,0.0136,0.1141,0.0127,0.1141,wind
AR,Logan,LOGAN,0.0283,0.0133,0.1269,0.0595,0.1269,wind
AR,Lonoke,LONOKE,0.0031,0.0167,0.1638,0.0264,0.1638,wind
AR,Madison,MADISON,0.0252,0.0178,0.0945,0.0185,0.0945,wind
AR,Marion,MARION,0.0304,0.014,0.0989,0.0551,0.0989,wind
AR,Miller,MILLER,0.0058,0.0163,0.1618,0.012,0.1618,wind
AR,Mississippi,MISSISSIPPI,0.0007,0.0102,0.1217,0.0128,0.1217,wind
AR,Monroe,MONROE,0.0031,0.0184,0.0922,0.0117,0.0922,wind
AR,Montgomery,MONTGOMERY,0.0722,0.018,0.1282,0.0511,0.1282,wind
AR,Nevada,NEVADA,0.0074,0.0092,0.0887,0.0105,0.0887,wind
AR,Newton,NEWTON,0.071,0.013,0.0925,0.0707,0.0925,wind
AR,Ouachita,OUACHITA,0.0057,0.0205,0.1027,0.0201,0.1027,wind
AR,Perry,PERRY,0.0416,0.0152,0.1125,0.0385,0.1125,wind
AR,Phillips,PHILLIPS,0.0018,0.0153,0.0599,0.0052,0.0599,wind
AR,Pike,PIKE,0.0152,0.0146,0.1185,0.0316,0.1185,wind
AR,Poinsett,POINSETT,0.0007,0.0173,0.1236,0.0103,0.1236,wind
AR,Polk,POLK,0.053,0.0138,0.1218,0.0413,0.1218,wind
AR,Pope,POPE,0.0351,0.0197,0.1534,0.0537,0.1534,wind
AR,Prairie,PRAIRIE,0.0013,0.0235,0.0883,0.0169,0.0883,wind
AR,Pulaski,PULASKI,0.0077,0.0329,0.1966,0.0363,0.1966,wind
AR,Randolph,RANDOLPH,0.0106,0.0228,0.0531,0.0236,0.0531,wind
AR,Saline,SALINE,0.0168,0.0231,0.1554,0.0368,0.1554,wind
AR,Scott,SCOTT,0.0817,0.0103,0.1106,0.0425,0.1106,wind
AR,Searcy,SEARCY,0.051,0.0181,0.0908,0.0606,0.0908,wind
AR,Sebastian,SEBASTIAN,0.0064,0.026,0.1884,0.0117,0.1884,wind
AR,Sevier,SEVIER,0.0051,0.0157,0.1148,0.0163,0.1148,wind
AR,Sharp,SHARP,0.026,0.0186,0.0818,0.0513,0.0818,wind
AR,St. Francis,ST. FRANCIS,0.0012,0.0175,0.0733,0.009,0.0733,wind
AR,Stone,STONE,0.0444,0.0131,0.0972,0.0559,0.0972,wind
AR,Union,UNION,0.0074,0.0088,0.1805,0.0096,0.1805,wind
AR,Van Buren,VAN BUREN,0.0338,0.0176,0.1119,0.0499,0.1119,wind
AR,Washington,WASHINGTON,0.0131,0.0201,0.1657,0.008,0.1657,wind
AR,White,WHITE,0.0062,0.0224,0.1446,0.0341,0.1446,wind
AR,Woodruff,WOODRUFF,0.0024,0.0403,0.0891,0.0199,0.0891,wind
AR,Yell,YELL,0.0224,0.0175,0.1405,0.0564,0.1405,wind
AZ,Apache,APACHE,0.0966,0.0003,0.1945,0.0137,0.1945,wind
AZ,Cochise,COCHISE,0.171,0.0009,0.0297,0.0187,0.171,fire
AZ,Coconino,COCONINO,0.1594,0.001,0.2015,0.0226,0.2015,wind
AZ,Gila,GILA,0.1238,0.0009,0.0261,0.0336,0.1238,fire
AZ,Graham,GRAHAM,0.0953,0.0006,0.0093,0.0176,0.0953,fire
AZ,Greenlee,GREENLEE,0.0779,0.0002,0.0048,0.0347,0.0779,fire
AZ,La Paz,LA PAZ,0.0451,0.0024,0.0064,0.0004,0.0451,fire
AZ,Maricopa,MARICOPA,0.16,0.0042,0.0279,0.0035,0.16,fire
AZ,Mohave,MOHAVE,0.0914,0.0036,0.0309,0.0074,0.0914,fire
AZ,Navajo,NAVAJO,0.0811,0.0002,0.206,0.0148,0.206,wind
AZ,Pima,PIMA,0.1319,0.003,0.0157,0.0049,0.1319,fire
AZ,Pinal,PINAL,0.0832,0.0017,0.0193,0.0094,0.0832,fire
AZ,Santa Cruz,SANTA CRUZ,0.1126,0.0007,0.0069,0.0121,0.1126,fire
AZ,Yavapai,YAVAPAI,0.0976,0.0004,0.0508,0.0279,0.0976,fire
AZ,Yuma,YUMA,0.0435,0.0008,0.0114,0.0005,0.0435,fire
CA,Alameda,ALAMEDA,0.0038,0.001,0.0107,0.002,0.0107,wind
CA,Alpine,ALPINE,0.0069,0.0004,0.0268,0.0869,0.0869,winter
CA,Amador,AMADOR,0.0037,0.0021,0.0045,0.0365,0.0365,winter
CA,Butte,BUTTE,0.0068,0.003,0.0134,0.0071,0.0134,wind
CA,Calaveras,CALAVERAS,0.0038,0.002,0.0034,0.0271,0.0271,winter
CA,Colusa,COLUSA,0.0063,0.0005,0.0141,0.0084,0.0141,wind
CA,Contra Costa,CONTRA COSTA,0.0025,0.0002,0.0093,0.0023,0.0093,wind
CA,Del Norte,DEL NORTE,0.0042,0.0003,0.0142,0.0257,0.0257,winter
CA,El Dorado,EL DORADO,0.0054,0.004,0.024,0.087,0.087,winter
CA,Fresno,FRESNO,0.0213,0.009,0.0409,0.0104,0.0409,wind
CA,Glenn,GLENN,0.006,0.0004,0.0085,0.01,0.01,winter
CA,Humboldt,HUMBOLDT,0.0083,0.0003,0.0264,0.0431,0.0431,winter
CA,Imperial,IMPERIAL,0.0134,0.0018,0.0091,0.0015,0.0134,fire
CA,Inyo,INYO,0.0243,0.0037,0.1228,0.0811,0.1228,wind
CA,Kern,KERN,0.0348,0.0083,0.3233,0.124,0.3233,wind
CA,Kings,KINGS,0.0037,0.0008,0.0082,0.0255,0.0255,winter
CA,Lake,LAKE,0.0104,0.0012,0.0947,0.2168,0.2168,winter
CA,Lassen,LASSEN,0.0161,0.0007,0.0906,0.1898,0.1898,winter
CA,Los Angeles,LOS ANGELES,0.0337,0.003,0.2236,0.0487,0.2236,wind
CA,Madera,MADERA,0.0083,0.0041,0.0113,0.0113,0.0113,wind
CA,Marin,MARIN,0.0019,0.0023,0.0084,0.0011,0.0084,wind
CA,Mariposa,MARIPOSA,0.015,0.004,0.009,0.0025,0.015,fire
CA,Mendocino,MENDOCINO,0.0094,0.0004,0.0088,0.0733,0.0733,winter
CA,Merced,MERCED,0.0082,0.0039,0.0072,0.0074,0.0082,fire
CA,Modoc,MODOC,0.0246,0.0005,0.0588,0.1202,0.1202,winter
CA,Mono,MONO,0.0144,0.0008,0.136,0.205,0.205,winter
CA,Monterey,MONTEREY,0.0202,0.003,0.028,0.0187,0.028,wind
CA,Napa,NAPA,0.0057,0.001,0.0084,0.0074,0.0084,wind
CA,Nevada,NEVADA,0.0081,0.0048,0.0284,0.2885,0.2885,winter
CA,Orange,ORANGE,0.0148,0.0149,0.0653,0.0064,0.0653,wind
CA,Placer,PLACER,0.0053,0.0033,0.0177,0.0713,0.0713,winter
CA,Plumas,PLUMAS,0.0175,0.0014,0.0625,0.2503,0.2503,winter
CA,Riverside,RIVERSIDE,0.1083,0.0091,0.155,0.0526,0.155,wind
CA,Sacramento,SACRAMENTO,0.0048,0.0017,0.024,0.0624,0.0624,winter
CA,San Benito,SAN BENITO,0.0086,0.0008,0.0116,0.0116,0.0116,wind
CA,San Bernardino,SAN BERNARDINO,0.1246,0.0127,0.2873,0.1102,0.2873,wind
CA,San Diego,SAN DIEGO,0.0425,0.0265,0.2034,0.0468,0.2034,wind
CA,San Francisco,SAN FRANCISCO,0.0019,0.0013,0.0258,0.0082,0.0258,wind
CA,San Joaquin,SAN JOAQUIN,0.003,0.0007,0.0129,0.0187,0.0187,winter
CA,San Luis Obispo,SAN LUIS OBISPO,0.0165,0.0011,0.0206,0.0042,0.0206,wind
CA,San Mateo,SAN MATEO,0.0012,0.0011,0.0086,0.0017,0.0086,wind
CA,Santa Barbara,SANTA BARBARA,0.0264,0.0017,0.1076,0.0151,0.1076,wind
CA,Santa Clara,SANTA CLARA,0.0043,0.0007,0.0127,0.0092,0.0127,wind
CA,Santa Cruz,SANTA CRUZ,0.0037,0.0029,0.0268,0.0128,0.0268,wind
CA,Shasta,SHASTA,0.0122,0.0027,0.0124,0.1483,0.1483,winter
CA,Sierra,SIERRA,0.0215,0.0037,0.1603,0.4257,0.4257,winter
CA,Siskiyou,SISKIYOU,0.0211,0.0003,0.0659,0.2761,0.2761,winter
CA,Solano,SOLANO,0.0025,0.0004,0.0033,0.0046,0.0046,winter
CA,Sonoma,SONOMA,0.0039,0.001,0.0112,0.0035,0.0112,wind
CA,Stanislaus,STANISLAUS,0.0059,0.0036,0.0081,0.0043,0.0081,wind
CA,Sutter,SUTTER,0.0013,0.0004,0.0056,0.0042,0.0056,wind
CA,Tehama,TEHAMA,0.0112,0.0013,0.0095,0.0237,0.0237,winter
CA,Trinity,TRINITY,0.0114,0.0001,0.0122,0.0789,0.0789,winter
CA,Tulare,TULARE,0.0133,0.0105,0.0594,0.1948,0.1948,winter
CA,Tuolumne,TUOLUMNE,0.0097,0.0017,0.0074,0.046,0.046,winter
CA,Ventura,VENTURA,0.0236,0.0022,0.1814,0.045,0.1814,wind
CA,Yolo,YOLO,0.0036,0.0004,0.0137,0.005,0.0137,wind
CA,Yuba,YUBA,0.0039,0.0035,0.008,0.0066,0.008,wind
CO,Adams,ADAMS,0.0059,0.0006,0.0926,0.1977,0.1977,winter
CO,Alamosa,ALAMOSA,0.0379,0.0003,0.0564,0.0521,0.0564,wind
CO,Arapahoe,ARAPAHOE,0.0054,0.0013,0.0962,0.2075,0.2075,winter
CO,Archuleta,ARCHULETA,0.0234,0.0006,0.0047,0.012,0.0234,fire
CO,Baca,BACA,0.0522,0.0005,0.16,0.0301,0.16,wind
CO,Bent,BENT,0.0308,0.0006,0.1454,0.0297,0.1454,wind
CO,Boulder,BOULDER,0.0208,0.0013,0.1978,0.4255,0.4255,winter
CO,Broomfield,BROOMFIELD,0.0051,0.0004,0.1105,0.2253,0.2253,winter
CO,Chaffee,CHAFFEE,0.0224,0.0003,0.0326,0.147,0.147,winter
CO,Cheyenne,CHEYENNE,0.0075,0.0004,0.193,0.1005,0.193,wind
CO,Clear Creek,CLEAR CREEK,0.0121,0.0002,0.1339,0.3957,0.3957,winter
CO,Conejos,CONEJOS,0.0319,0.0002,0.0022,0.0181,0.0319,fire
CO,Costilla,COSTILLA,0.0115,0.0003,0.0138,0.0214,0.0214,winter
CO,Crowley,CROWLEY,0.0147,0.0006,0.1392,0.0484,0.1392,wind
CO,Custer,CUSTER,0.0332,0.0004,0.0268,0.0535,0.0535,winter
CO,Delta,DELTA,0.0259,0.0008,0.0119,0.0091,0.0259,fire
CO,Denver,DENVER,0.0028,0.0008,0.1001,0.2014,0.2014,winter
CO,Dolores,DOLORES,0.0324,0.0003,0.0322,0.238,0.238,winter
CO,Douglas,DOUGLAS,0.0323,0.001,0.1746,0.3091,0.3091,winter
CO,Eagle,EAGLE,0.0133,0.0008,0.0108,0.0112,0.0133,fire
CO,El Paso,EL PASO,0.0646,0.001,0.2252,0.215,0.2252,wind
CO,Elbert,ELBERT,0.0305,0.0009,0.1348,0.2279,0.2279,winter
CO,Fremont,FREMONT,0.0374,0.0004,0.0842,0.1645,0.1645,winter
CO,Garfield,GARFIELD,0.0332,0.0009,0.0176,0.0084,0.0332,fire
CO,Gilpin,GILPIN,0.0089,0.0005,0.1411,0.3946,0.3946,winter
CO,Grand,GRAND,0.0211,0.0005,0.129,0.6004,0.6004,winter
CO,Gunnison,GUNNISON,0.0215,0.0004,0.0373,0.2703,0.2703,winter
CO,Hinsdale,HINSDALE,0.0043,0.0001,0.0012,0.0067,0.0067,winter
CO,Huerfano,HUERFANO,0.0301,0.0001,0.214,0.1885,0.214,wind
CO,Jackson,JACKSON,0.0198,0.0009,0.0498,0.2926,0.2926,winter
CO,Jefferson,JEFFERSON,0.0371,0.0012,0.1712,0.3202,0.3202,winter
CO,Kiowa,KIOWA,0.0138,0.0005,0.1716,0.0361,0.1716,wind
CO,Kit Carson,KIT CARSON,0.0029,0.0006,0.2112,0.1422,0.2112,wind
CO,La Plata,LA PLATA,0.0461,0.0031,0.0078,0.0105,0.0461,fire
CO,Lake,LAKE,0.014,0.0002,0.0226,0.2117,0.2117,winter
CO,Larimer,LARIMER,0.0481,0.0012,0.1866,0.3886,0.3886,winter
CO,Las Animas,LAS ANIMAS,0.0504,0.0006,0.2145,0.1366,0.2145,wind
CO,Lincoln,LINCOLN,0.0128,0.0007,0.1561,0.1175,0.1561,wind
CO,Logan,LOGAN,0.0137,0.0021,0.1227,0.1209,0.1227,wind
CO,Mesa,MESA,0.0597,0.0019,0.0284,0.0118,0.0597,fire
CO,Mineral,MINERAL,0.0093,0.0001,0.0018,0.017,0.017,winter
CO,Moffat,MOFFAT,0.0502,0.0011,0.0091,0.0026,0.0502,fire
CO,Montezuma,MONTEZUMA,0.0476,0.0009,0.0076,0.007,0.0476,fire
CO,Montrose,MONTROSE,0.0349,0.0005,0.012,0.0042,0.0349,fire
CO,Morgan,MORGAN,0.0238,0.0018,0.0996,0.1046,0.1046,winter
CO,Otero,OTERO,0.0434,0.001,0.1465,0.0536,0.1465,wind
CO,Ouray,OURAY,0.0118,0.0004,0.0026,0.0068,0.0118,fire
CO,Park,PARK,0.0529,0.0003,0.1682,0.6447,0.6447,winter
CO,Phillips,PHILLIPS,0.0032,0.0015,0.1182,0.0794,0.1182,wind
CO,Pitkin,PITKIN,0.0189,0.0007,0.0043,0.0103,0.0189,fire
CO,Prowers,PROWERS,0.0262,0.0006,0.1864,0.0317,0.1864,wind
CO,Pueblo,PUEBLO,0.0563,0.001,0.1652,0.0892,0.1652,wind
CO,Rio Blanco,RIO BLANCO,0.043,0.0004,0.009,0.0059,0.043,fire
CO,Rio Grande,RIO GRANDE,0.0376,0.0003,0.0119,0.08,0.08,winter
CO,Routt,ROUTT,0.018,0.0017,0.0142,0.01,0.018,fire
CO,Saguache,SAGUACHE,0.0153,0.0001,0.0176,0.0695,0.0695,winter
CO,San Juan,SAN JUAN,0.0134,0.0003,0.053,0.5357,0.5357,winter
CO,San Miguel,SAN MIGUEL,0.0201,0.0004,0.0034,0.006,0.0201,fire
CO,Sedgwick,SEDGWICK,0.0035,0.0014,0.0744,0.0759,0.0759,winter
CO,Summit,SUMMIT,0.0075,0.0004,0.0949,0.3456,0.3456,winter
CO,Teller,TELLER,0.0254,0.0002,0.0964,0.2249,0.2249,winter
CO,Washington,WASHINGTON,0.0049,0.001,0.1298,0.1116,0.1298,wind
CO,Weld,WELD,0.0495,0.0019,0.1811,0.1954,0.1954,winter
CO,Yuma,YUMA,0.0154,0.0006,0.1698,0.1412,0.1698,wind
CT,Capitol,CAPITOL,0.0005,0.02,0.0334,0.0164,0.0334,wind
CT,Greater Bridgeport,GREATER BRIDGEPORT,0.0015,0.0194,0.0301,0.0143,0.0301,wind
CT,Lower Connecticut River Valley,LOWER CONNECTICUT RIVER VALLEY,0.0011,0.0193,0.0325,0.01,0.0325,wind
CT,Naugatuck Valley,NAUGATUCK VALLEY,0.0008,0.0231,0.0265,0.0122,0.0265,wind
CT,Northeastern Connecticut,NORTHEASTERN CONNECTICUT,0.0017,0.0098,0.0228,0.0159,0.0228,wind
CT,Northwest Hills,NORTHWEST HILLS,0.0013,0.0167,0.0461,0.0384,0.0461,wind
CT,South Central Connecticut,SOUTH CENTRAL CONNECTICUT,0.0005,0.0228,0.0299,0.0131,0.0299,wind
CT,Southeastern Connecticut,SOUTHEASTERN CONNECTICUT,0.0019,0.0198,0.0226,0.01,0.0226,wind
CT,Western Connecticut,WESTERN CONNECTICUT,0.0014,0.0229,0.0503,0.0468,0.0503,wind
DC,District Of Columbia,DISTRICT OF COLUMBIA,0.0004,0.0005,0.0096,0.0387,0.0387,winter
DE,Kent,KENT,0.0085,0.0021,0.1148,0.0256,0.1148,wind
DE,New Castle,NEW CASTLE,0.02,0.0045,0.1155,0.0347,0.1155,wind
DE,Sussex,SUSSEX,0.0286,0.0029,0.128,0.0275,0.128,wind
FL,Alachua,ALACHUA,0.0531,0.0012,0.1021,0.0015,0.1021,wind
FL,Baker,BAKER,0.0812,0.0012,0.0482,0.0006,0.0812,fire
FL,Bay,BAY,0.0731,0.0101,0.0945,0.0001,0.0945,wind
FL,Bradford,BRADFORD,0.0283,0.0009,0.0569,0.0008,0.0569,wind
FL,Brevard,BREVARD,0.0957,0.0014,0.1319,0.0004,0.1319,wind
FL,Broward,BROWARD,0.0658,0.0036,0.1138,0.0009,0.1138,wind
FL,Calhoun,CALHOUN,0.0224,0.0096,0.0804,0.0001,0.0804,wind
FL,Charlotte,CHARLOTTE,0.0781,0.0008,0.0233,0.0025,0.0781,fire
FL,Citrus,CITRUS,0.043,0.0014,0.0528,0.0158,0.0528,wind
FL,Clay,CLAY,0.056,0.0013,0.0787,0.0007,0.0787,wind
FL,Collier,COLLIER,0.1564,0.0009,0.0518,0.0026,0.1564,fire
FL,Columbia,COLUMBIA,0.0477,0.0015,0.0911,0.0007,0.0911,wind
FL,Desoto,DESOTO,0.0238,0.0008,0.0004,0.0,0.0238,fire
FL,Dixie,DIXIE,0.0225,0.0019,0.0548,0.0009,0.0548,wind
FL,Duval,DUVAL,0.041,0.0036,0.1362,0.0015,0.1362,wind
FL,Escambia,ESCAMBIA,0.0129,0.015,0.1295,0.0001,0.1295,wind
FL,Flagler,FLAGLER,0.0376,0.001,0.102,0.0011,0.102,wind
FL,Franklin,FRANKLIN,0.0431,0.003,0.0641,0.0004,0.0641,wind
FL,Gadsden,GADSDEN,0.0128,0.0056,0.0843,0.0002,0.0843,wind
FL,Gilchrist,GILCHRIST,0.0089,0.001,0.0529,0.0004,0.0529,wind
FL,Glades,GLADES,0.0812,0.0007,0.0353,0.0025,0.0812,fire
FL,Gulf,GULF,0.0181,0.0084,0.0588,0.0002,0.0588,wind
FL,Hamilton,HAMILTON,0.009,0.0027,0.0892,0.0003,0.0892,wind
FL,Hardee,HARDEE,0.0314,0.0005,0.0167,0.0052,0.0314,fire
FL,Hendry,HENDRY,0.0958,0.0006,0.02,0.0034,0.0958,fire
FL,Hernando,HERNANDO,0.036,0.0014,0.0514,0.0149,0.0514,wind
FL,Highlands,HIGHLANDS,0.0805,0.0009,0.0229,0.0056,0.0805,fire
FL,Hillsborough,HILLSBOROUGH,0.0343,0.0029,0.0859,0.005,0.0859,wind
FL,Holmes,HOLMES,0.0077,0.012,0.1122,0.0002,0.1122,wind
FL,Indian River,INDIAN RIVER,0.0352,0.002,0.0456,0.0003,0.0456,wind
FL,Jackson,JACKSON,0.0113,0.0072,0.1503,0.0001,0.1503,wind
FL,Jefferson,JEFFERSON,0.0072,0.002,0.0993,0.0002,0.0993,wind
FL,Lafayette,LAFAYETTE,0.0131,0.0026,0.0714,0.0006,0.0714,wind
FL,Lake,LAKE,0.086,0.0005,0.0573,0.0006,0.086,fire
FL,Lee,LEE,0.0673,0.0014,0.0345,0.0001,0.0673,fire
FL,Leon,LEON,0.1005,0.0087,0.1698,0.001,0.1698,wind
FL,Levy,LEVY,0.0486,0.0023,0.0603,0.0275,0.0603,wind
FL,Liberty,LIBERTY,0.0751,0.0032,0.0515,0.0002,0.0751,fire
FL,Madison,MADISON,0.0108,0.003,0.1047,0.0007,0.1047,wind
FL,Manatee,MANATEE,0.032,0.0014,0.0431,0.0038,0.0431,wind
FL,Marion,MARION,0.1346,0.0011,0.1232,0.0007,0.1346,fire
FL,Martin,MARTIN,0.0497,0.0021,0.0495,0.0006,0.0497,fire
FL,Miami-Dade,MIAMI-DADE,0.1402,0.0044,0.108,0.001,0.1402,fire
FL,Monroe,MONROE,0.0349,0.0013,0.037,0.0003,0.037,wind
FL,Nassau,NASSAU,0.0392,0.0012,0.0924,0.0003,0.0924,wind
FL,Okaloosa,OKALOOSA,0.0548,0.0156,0.119,0.0002,0.119,wind
FL,Okeechobee,OKEECHOBEE,0.0643,0.0007,0.0384,0.0008,0.0643,fire
FL,Orange,ORANGE,0.0557,0.0009,0.076,0.0008,0.076,wind
FL,Osceola,OSCEOLA,0.0594,0.0014,0.0421,0.0003,0.0594,fire
FL,Palm Beach,PALM BEACH,0.0197,0.0046,0.1414,0.0018,0.1414,wind
FL,Pasco,PASCO,0.031,0.0013,0.059,0.0087,0.059,wind
FL,Pinellas,PINELLAS,0.0066,0.0033,0.0722,0.0011,0.0722,wind
FL,Polk,POLK,0.1414,0.0025,0.0756,0.0061,0.1414,fire
FL,Putnam,PUTNAM,0.1008,0.001,0.1036,0.0007,0.1036,wind
FL,Santa Rosa,SANTA ROSA,0.0591,0.0162,0.1258,0.0001,0.1258,wind
FL,Sarasota,SARASOTA,0.0415,0.0012,0.0447,0.004,0.0447,wind
FL,Seminole,SEMINOLE,0.0164,0.0014,0.0568,0.0004,0.0568,wind
FL,St. Johns,ST. JOHNS,0.0433,0.0013,0.097,0.0005,0.097,wind
FL,St. Lucie,ST. LUCIE,0.022,0.0021,0.0487,0.0001,0.0487,wind
FL,Sumter,SUMTER,0.0369,0.0006,0.0418,0.0135,0.0418,wind
FL,Suwannee,SUWANNEE,0.0053,0.0021,0.1161,0.0006,0.1161,wind
FL,Taylor,TAYLOR,0.0194,0.0025,0.0772,0.0004,0.0772,wind
FL,Union,UNION,0.0215,0.0009,0.0458,0.0003,0.0458,wind
FL,Volusia,VOLUSIA,0.095,0.0014,0.0812,0.0007,0.095,fire
FL,Wakulla,WAKULLA,0.1123,0.0048,0.1171,0.0005,0.1171,wind
FL,Walton,WALTON,0.0484,0.015,0.158,0.0002,0.158,wind
FL,Washington,WASHINGTON,0.0186,0.007,0.1088,0.0001,0.1088,wind
GA,Appling,APPLING,0.005,0.0014,0.0669,0.002,0.0669,wind
GA,Atkinson,ATKINSON,0.0087,0.0015,0.0644,0.001,0.0644,wind
GA,Bacon,BACON,0.0056,0.0017,0.0587,0.0016,0.0587,wind
GA,Baker,BAKER,0.0052,0.006,0.0646,0.0004,0.0646,wind
GA,Baldwin,BALDWIN,0.0042,0.0044,0.0494,0.0138,0.0494,wind
GA,Banks,BANKS,0.001,0.0018,0.058,0.0134,0.058,wind
GA,Barrow,BARROW,0.0038,0.0023,0.0565,0.0105,0.0565,wind
GA,Bartow,BARTOW,0.0039,0.0031,0.0684,0.0126,0.0684,wind
GA,Ben Hill,BEN HILL,0.0029,0.002,0.0534,0.0028,0.0534,wind
GA,Berrien,BERRIEN,0.004,0.0027,0.0761,0.001,0.0761,wind
GA,Bibb,BIBB,0.0017,0.0064,0.0821,0.0132,0.0821,wind
GA,Bleckley,BLECKLEY,0.0024,0.0027,0.0456,0.0146,0.0456,wind
GA,Brantley,BRANTLEY,0.0214,0.0022,0.0745,0.0007,0.0745,wind
GA,Brooks,BROOKS,0.0069,0.0032,0.0848,0.001,0.0848,wind
GA,Bryan,BRYAN,0.0092,0.0018,0.0897,0.0008,0.0897,wind
GA,Bulloch,BULLOCH,0.0038,0.0023,0.1223,0.0013,0.1223,wind
GA,Burke,BURKE,0.005,0.0023,0.0872,0.0023,0.0872,wind
GA,Butts,BUTTS,0.0037,0.0022,0.0536,0.0126,0.0536,wind
GA,Calhoun,CALHOUN,0.0032,0.0026,0.0424,0.0012,0.0424,wind
GA,Camden,CAMDEN,0.021,0.0016,0.0947,0.0006,0.0947,wind
GA,Candler,CANDLER,0.004,0.0012,0.0567,0.0038,0.0567,wind
GA,Carroll,CARROLL,0.002,0.004,0.0781,0.012,0.0781,wind
GA,Catoosa,CATOOSA,0.0027,0.0041,0.0506,0.0171,0.0506,wind
GA,Charlton,CHARLTON,0.0193,0.0007,0.0536,0.0009,0.0536,wind
GA,Chatham,CHATHAM,0.0056,0.0046,0.1363,0.0009,0.1363,wind
GA,Chattahoochee,CHATTAHOOCHEE,0.0057,0.0021,0.0403,0.0188,0.0403,wind
GA,Chattooga,CHATTOOGA,0.0347,0.0052,0.0664,0.0177,0.0664,wind
GA,Cherokee,CHEROKEE,0.001,0.0022,0.107,0.0132,0.107,wind
GA,Clarke,CLARKE,0.0008,0.0014,0.0488,0.0145,0.0488,wind
GA,Clay,CLAY,0.0026,0.0035,0.0554,0.0009,0.0554,wind
GA,Clayton,CLAYTON,0.0022,0.0046,0.0524,0.0107,0.0524,wind
GA,Clinch,CLINCH,0.014,0.0008,0.0663,0.0009,0.0663,wind
GA,Cobb,COBB,0.0009,0.004,0.0764,0.0118,0.0764,wind
GA,Coffee,COFFEE,0.0046,0.0022,0.1143,0.0021,0.1143,wind
GA,Colquitt,COLQUITT,0.0034,0.0037,0.0779,0.0009,0.0779,wind
GA,Columbia,COLUMBIA,0.0025,0.0035,0.1247,0.0022,0.1247,wind
GA,Cook,COOK,0.004,0.0037,0.0618,0.0008,0.0618,wind
GA,Coweta,COWETA,0.0015,0.0018,0.1004,0.0149,0.1004,wind
GA,Crawford,CRAWFORD,0.0024,0.0028,0.0555,0.0144,0.0555,wind
GA,Crisp,CRISP,0.001,0.0043,0.0637,0.0119,0.0637,wind
GA,Dade,DADE,0.0161,0.0048,0.0664,0.0163,0.0664,wind
GA,Dawson,DAWSON,0.005,0.0026,0.0614,0.0168,0.0614,wind
GA,Decatur,DECATUR,0.006,0.0063,0.1116,0.0008,0.1116,wind
GA,Dekalb,DEKALB,0.001,0.0012,0.0,0.0,0.0012,flood
GA,Dodge,DODGE,0.0046,0.0023,0.0671,0.0156,0.0671,wind
GA,Dooly,DOOLY,0.0022,0.0024,0.0521,0.0118,0.0521,wind
GA,Dougherty,DOUGHERTY,0.0036,0.0048,0.0816,0.0004,0.0816,wind
GA,Douglas,DOUGLAS,0.0009,0.003,0.0735,0.0105,0.0735,wind
GA,Early,EARLY,0.0034,0.0067,0.0994,0.0004,0.0994,wind
GA,Echols,ECHOLS,0.009,0.0012,0.0486,0.0001,0.0486,wind
GA,Effingham,EFFINGHAM,0.005,0.0026,0.1224,0.001,0.1224,wind
GA,Elbert,ELBERT,0.0097,0.0021,0.0669,0.0089,0.0669,wind
GA,Emanuel,EMANUEL,0.0067,0.0018,0.0462,0.0152,0.0462,wind
GA,Evans,EVANS,0.0078,0.0015,0.0579,0.0021,0.0579,wind
GA,Fannin,FANNIN,0.0669,0.0044,0.0402,0.0283,0.0669,fire
GA,Fayette,FAYETTE,0.0007,0.0041,0.0614,0.0123,0.0614,wind
GA,Floyd,FLOYD,0.0094,0.0086,0.1166,0.0141,0.1166,wind
GA,Forsyth,FORSYTH,0.0053,0.0023,0.0683,0.0145,0.0683,wind
GA,Franklin,FRANKLIN,0.0027,0.0026,0.0556,0.0108,0.0556,wind
GA,Fulton,FULTON,0.0018,0.0074,0.1083,0.0117,0.1083,wind
GA,Gilmer,GILMER,0.0342,0.0051,0.0617,0.0232,0.0617,wind
GA,Glascock,GLASCOCK,0.0068,0.0015,0.0266,0.0132,0.0266,wind
GA,Glynn,GLYNN,0.008,0.0024,0.0596,0.0006,0.0596,wind
GA,Gordon,GORDON,0.0106,0.0033,0.0608,0.0192,0.0608,wind
GA,Grady,GRADY,0.0072,0.0035,0.0916,0.0009,0.0916,wind
GA,Greene,GREENE,0.0057,0.0025,0.0435,0.0161,0.0435,wind
GA,Gwinnett,GWINNETT,0.0007,0.0029,0.0929,0.0093,0.0929,wind
GA,Habersham,HABERSHAM,0.0095,0.003,0.0903,0.0152,0.0903,wind
GA,Hall,HALL,0.0012,0.0028,0.0771,0.0156,0.0771,wind
GA,Hancock,HANCOCK,0.0051,0.0015,0.0311,0.0167,0.0311,wind
GA,Haralson,HARALSON,0.0052,0.0031,0.0563,0.0101,0.0563,wind
GA,Harris,HARRIS,0.0047,0.0041,0.0756,0.0126,0.0756,wind
GA,Hart,HART,0.0026,0.0021,0.0625,0.0103,0.0625,wind
GA,Heard,HEARD,0.0077,0.0033,0.0492,0.0106,0.0492,wind
GA,Henry,HENRY,0.0008,0.0014,0.0566,0.012,0.0566,wind
GA,Houston,HOUSTON,0.0031,0.0043,0.0858,0.0166,0.0858,wind
GA,Irwin,IRWIN,0.003,0.0023,0.0791,0.0012,0.0791,wind
GA,Jackson,JACKSON,0.0015,0.002,0.0676,0.0147,0.0676,wind
GA,Jasper,JASPER,0.0123,0.0017,0.0372,0.0116,0.0372,wind
GA,Jeff Davis,JEFF DAVIS,0.0045,0.0033,0.0651,0.004,0.0651,wind
GA,Jefferson,JEFFERSON,0.0056,0.001,0.044,0.0163,0.044,wind
GA,Jenkins,JENKINS,0.0037,0.0012,0.069,0.0019,0.069,wind
GA,Johnson,JOHNSON,0.0031,0.0016,0.0527,0.0184,0.0527,wind
GA,Jones,JONES,0.0231,0.0026,0.0537,0.0144,0.0537,wind
GA,Lamar,LAMAR,0.003,0.0027,0.0411,0.0139,0.0411,wind
GA,Lanier,LANIER,0.009,0.0019,0.0659,0.0008,0.0659,wind
GA,Laurens,LAURENS,0.0064,0.004,0.0881,0.0195,0.0881,wind
GA,Lee,LEE,0.0037,0.0043,0.0754,0.0001,0.0754,wind
GA,Liberty,LIBERTY,0.0059,0.0016,0.1206,0.0012,0.1206,wind
GA,Lincoln,LINCOLN,0.0043,0.0011,0.0739,0.0029,0.0739,wind
GA,Long,LONG,0.0093,0.0015,0.0824,0.001,0.0824,wind
GA,Lowndes,LOWNDES,0.0137,0.0067,0.125,0.0009,0.125,wind
GA,Lumpkin,LUMPKIN,0.0222,0.0035,0.0568,0.0178,0.0568,wind
GA,Macon,MACON,0.002,0.0034,0.0601,0.0154,0.0601,wind
GA,Madison,MADISON,0.0015,0.0013,0.0433,0.0138,0.0433,wind
GA,Marion,MARION,0.005,0.0019,0.0422,0.0189,0.0422,wind
GA,Mcduffie,MCDUFFIE,0.0083,0.0021,0.0538,0.0033,0.0538,wind
GA,Mcintosh,MCINTOSH,0.0095,0.002,0.0924,0.0014,0.0924,wind
GA,Meriwether,MERIWETHER,0.005,0.0024,0.0526,0.0151,0.0526,wind
GA,Miller,MILLER,0.0014,0.0037,0.0839,0.0007,0.0839,wind
GA,Mitchell,MITCHELL,0.0015,0.0043,0.104,0.0008,0.104,wind
GA,Monroe,MONROE,0.0054,0.0031,0.0637,0.0119,0.0637,wind
GA,Montgomery,MONTGOMERY,0.0067,0.0023,0.037,0.0138,0.037,wind
GA,Morgan,MORGAN,0.0058,0.0016,0.0528,0.0104,0.0528,wind
GA,Murray,MURRAY,0.0435,0.0038,0.0567,0.0218,0.0567,wind
GA,Muscogee,MUSCOGEE,0.0031,0.0088,0.0857,0.0142,0.0857,wind
GA,Newton,NEWTON,0.0019,0.002,0.0684,0.0108,0.0684,wind
GA,Oconee,OCONEE,0.0011,0.0015,0.0492,0.0122,0.0492,wind
GA,Oglethorpe,OGLETHORPE,0.0081,0.0013,0.0353,0.0141,0.0353,wind
GA,Paulding,PAULDING,0.0008,0.0018,0.0589,0.0112,0.0589,wind
GA,Peach,PEACH,0.0031,0.005,0.0487,0.0144,0.0487,wind
GA,Pickens,PICKENS,0.0022,0.0024,0.0469,0.0173,0.0469,wind
GA,Pierce,PIERCE,0.0061,0.0024,0.0629,0.0009,0.0629,wind
GA,Pike,PIKE,0.0015,0.0027,0.0534,0.0128,0.0534,wind
GA,Polk,POLK,0.0085,0.004,0.0708,0.0108,0.0708,wind
GA,Pulaski,PULASKI,0.0022,0.0032,0.0389,0.0171,0.0389,wind
GA,Putnam,PUTNAM,0.0191,0.0022,0.0514,0.0132,0.0514,wind
GA,Quitman,QUITMAN,0.0046,0.0025,0.0446,0.0015,0.0446,wind
GA,Rabun,RABUN,0.0235,0.0037,0.0749,0.0233,0.0749,wind
GA,Randolph,RANDOLPH,0.0027,0.0018,0.054,0.0015,0.054,wind
GA,Richmond,RICHMOND,0.0056,0.0044,0.1165,0.0018,0.1165,wind
GA,Rockdale,ROCKDALE,0.0005,0.0027,0.0594,0.0084,0.0594,wind
GA,Schley,SCHLEY,0.0026,0.0015,0.0338,0.0146,0.0338,wind
GA,Screven,SCREVEN,0.0032,0.0023,0.1304,0.0017,0.1304,wind
GA,Seminole,SEMINOLE,0.0025,0.0074,0.0581,0.0003,0.0581,wind
GA,Spalding,SPALDING,0.0019,0.0027,0.0624,0.0121,0.0624,wind
GA,Stephens,STEPHENS,0.005,0.0023,0.0773,0.0128,0.0773,wind
GA,Stewart,STEWART,0.004,0.0015,0.0386,0.0222,0.0386,wind
GA,Sumter,SUMTER,0.0021,0.0022,0.0671,0.0086,0.0671,wind
GA,Talbot,TALBOT,0.0037,0.0012,0.0434,0.0156,0.0434,wind
GA,Taliaferro,TALIAFERRO,0.0078,0.0012,0.0169,0.0172,0.0172,winter
GA,Tattnall,TATTNALL,0.006,0.002,0.0918,0.0011,0.0918,wind
GA,Taylor,TAYLOR,0.0058,0.0034,0.0565,0.0136,0.0565,wind
GA,Telfair,TELFAIR,0.0049,0.0018,0.0555,0.0115,0.0555,wind
GA,Terrell,TERRELL,0.002,0.002,0.0576,0.0015,0.0576,wind
GA,Thomas,THOMAS,0.0127,0.0054,0.0967,0.0011,0.0967,wind
GA,Tift,TIFT,0.0026,0.0039,0.0812,0.001,0.0812,wind
GA,Toombs,TOOMBS,0.0034,0.0029,0.0654,0.0141,0.0654,wind
GA,Towns,TOWNS,0.0499,0.004,0.0223,0.0264,0.0499,fire
GA,Treutlen,TREUTLEN,0.0036,0.0015,0.0357,0.0181,0.0357,wind
GA,Troup,TROUP,0.0051,0.0083,0.0699,0.0139,0.0699,wind
GA,Turner,TURNER,0.0013,0.0021,0.0624,0.002,0.0624,wind
GA,Twiggs,TWIGGS,0.0046,0.0017,0.0654,0.0161,0.0654,wind
GA,Union,UNION,0.0493,0.0041,0.0419,0.0229,0.0493,fire
GA,Upson,UPSON,0.0066,0.0026,0.0689,0.0142,0.0689,wind
GA,Walker,WALKER,0.0217,0.0056,0.0849,0.0191,0.0849,wind
GA,Walton,WALTON,0.0005,0.0016,0.0662,0.0092,0.0662,wind
GA,Ware,WARE,0.0199,0.0013,0.0664,0.0013,0.0664,wind
GA,Warren,WARREN,0.0057,0.0013,0.0414,0.0142,0.0414,wind
GA,Washington,WASHINGTON,0.0068,0.0016,0.0494,0.0163,0.0494,wind
GA,Wayne,WAYNE,0.0119,0.0023,0.0935,0.001,0.0935,wind
GA,Webster,WEBSTER,0.0033,0.0019,0.0347,0.0151,0.0347,wind
GA,Wheeler,WHEELER,0.0049,0.0013,0.0631,0.0143,0.0631,wind
GA,White,WHITE,0.0088,0.0034,0.0538,0.0194,0.0538,wind
GA,Whitfield,WHITFIELD,0.0044,0.0059,0.0703,0.0162,0.0703,wind
GA,Wilcox,WILCOX,0.0026,0.0022,0.0396,0.0128,0.0396,wind
GA,Wilkes,WILKES,0.0094,0.0017,0.046,0.0138,0.046,wind
GA,Wilkinson,WILKINSON,0.0041,0.002,0.042,0.0173,0.042,wind
GA,Worth,WORTH,0.0027,0.0036,0.1078,0.0009,0.1078,wind
IA,Adair,ADAIR,0.0022,0.0101,0.0978,0.0374,0.0978,wind
IA,Adams,ADAMS,0.0016,0.0066,0.0723,0.0386,0.0723,wind
IA,Allamakee,ALLAMAKEE,0.0135,0.0099,0.0278,0.05,0.05,winter
IA,Appanoose,APPANOOSE,0.0026,0.0087,0.0482,0.0467,0.0482,wind
IA,Audubon,AUDUBON,0.0021,0.0076,0.0641,0.0356,0.0641,wind
IA,Benton,BENTON,0.0046,0.0073,0.0729,0.0751,0.0751,winter
IA,Black Hawk,BLACK HAWK,0.0034,0.0557,0.0687,0.0523,0.0687,wind
IA,Boone,BOONE,0.004,0.0176,0.0919,0.0521,0.0919,wind
IA,Bremer,BREMER,0.0102,0.0207,0.0529,0.0467,0.0529,wind
IA,Buchanan,BUCHANAN,0.0049,0.0117,0.0683,0.0735,0.0735,winter
IA,Buena Vista,BUENA VISTA,0.0028,0.0068,0.0636,0.0781,0.0781,winter
IA,Butler,BUTLER,0.005,0.0277,0.0576,0.051,0.0576,wind
IA,Calhoun,CALHOUN,0.022,0.0136,0.0809,0.0545,0.0809,wind
IA,Carroll,CARROLL,0.0072,0.012,0.0801,0.0431,0.0801,wind
IA,Cass,CASS,0.0014,0.0077,0.103,0.0345,0.103,wind
IA,Cedar,CEDAR,0.0016,0.0081,0.0486,0.0744,0.0744,winter
IA,Cerro Gordo,CERRO GORDO,0.0057,0.0229,0.0769,0.0662,0.0769,wind
IA,Cherokee,CHEROKEE,0.0114,0.0031,0.0563,0.0831,0.0831,winter
IA,Chickasaw,CHICKASAW,0.0138,0.011,0.0392,0.0448,0.0448,winter
IA,Clarke,CLARKE,0.0017,0.0124,0.0684,0.0594,0.0684,wind
IA,Clay,CLAY,0.014,0.003,0.0536,0.0947,0.0947,winter
IA,Clayton,CLAYTON,0.006,0.0137,0.0527,0.0528,0.0528,winter
IA,Clinton,CLINTON,0.0021,0.0097,0.0689,0.0635,0.0689,wind
IA,Crawford,CRAWFORD,0.0049,0.0025,0.055,0.0472,0.055,wind
IA,Dallas,DALLAS,0.0019,0.0233,0.1022,0.0545,0.1022,wind
IA,Davis,DAVIS,0.0027,0.0109,0.0365,0.052,0.052,winter
IA,Decatur,DECATUR,0.0015,0.0185,0.0555,0.0613,0.0613,winter
IA,Delaware,DELAWARE,0.0043,0.0091,0.0516,0.0868,0.0868,winter
IA,Des Moines,DES MOINES,0.0018,0.0123,0.0613,0.0527,0.0613,wind
IA,Dickinson,DICKINSON,0.006,0.0029,0.0618,0.1131,0.1131,winter
IA,Dubuque,DUBUQUE,0.0037,0.0086,0.0666,0.0943,0.0943,winter
IA,Emmet,EMMET,0.0026,0.0412,0.0643,0.074,0.074,winter
IA,Fayette,FAYETTE,0.0104,0.0129,0.0399,0.0477,0.0477,winter
IA,Floyd,FLOYD,0.0067,0.0167,0.042,0.047,0.047,winter
IA,Franklin,FRANKLIN,0.0027,0.0184,0.0684,0.0585,0.0684,wind
IA,Fremont,FREMONT,0.0028,0.0066,0.0585,0.0149,0.0585,wind
IA,Greene,GREENE,0.0028,0.0172,0.0572,0.049,0.0572,wind
IA,Grundy,GRUNDY,0.0068,0.0175,0.0612,0.0494,0.0612,wind
IA,Guthrie,GUTHRIE,0.0031,0.0098,0.0842,0.0402,0.0842,wind
IA,Hamilton,HAMILTON,0.0026,0.0227,0.0919,0.0557,0.0919,wind
IA,Hancock,HANCOCK,0.0025,0.0124,0.069,0.0688,0.069,wind
IA,Hardin,HARDIN,0.019,0.0132,0.0976,0.05,0.0976,wind
IA,Harrison,HARRISON,0.0086,0.0039,0.0798,0.0377,0.0798,wind
IA,Henry,HENRY,0.0022,0.0043,0.0432,0.0588,0.0588,winter
IA,Howard,HOWARD,0.0094,0.0068,0.0366,0.0557,0.0557,winter
IA,Humboldt,HUMBOLDT,0.003,0.0397,0.053,0.059,0.059,winter
IA,Ida,IDA,0.0041,0.0019,0.0373,0.0006,0.0373,wind
IA,Iowa,IOWA,0.0106,0.0102,0.0545,0.0598,0.0598,winter
IA,Jackson,JACKSON,0.003,0.0085,0.062,0.0845,0.0845,winter
IA,Jasper,JASPER,0.0025,0.0117,0.0743,0.0506,0.0743,wind
IA,Jefferson,JEFFERSON,0.0015,0.0051,0.0359,0.056,0.056,winter
IA,Johnson,JOHNSON,0.0029,0.0099,0.0679,0.0725,0.0725,winter
IA,Jones,JONES,0.0028,0.0103,0.0742,0.0892,0.0892,winter
IA,Keokuk,KEOKUK,0.0017,0.0065,0.0591,0.0621,0.0621,winter
IA,Kossuth,KOSSUTH,0.0034,0.0322,0.0775,0.0721,0.0775,wind
IA,Lee,LEE,0.0032,0.0075,0.049,0.0009,0.049,wind
IA,Linn,LINN,0.0048,0.011,0.0907,0.0827,0.0907,wind
IA,Louisa,LOUISA,0.0025,0.0128,0.0479,0.0545,0.0545,winter
IA,Lucas,LUCAS,0.0023,0.0206,0.0527,0.0543,0.0543,winter
IA,Lyon,LYON,0.0036,0.0059,0.054,0.1174,0.1174,winter
IA,Madison,MADISON,0.0025,0.0096,0.0738,0.0483,0.0738,wind
IA,Mahaska,MAHASKA,0.0016,0.0385,0.0784,0.0536,0.0784,wind
IA,Marion,MARION,0.0025,0.0335,0.0831,0.0549,0.0831,wind
IA,Marshall,MARSHALL,0.0068,0.026,0.0894,0.0467,0.0894,wind
IA,Mills,MILLS,0.0067,0.0049,0.0698,0.0228,0.0698,wind
IA,Mitchell,MITCHELL,0.0037,0.0097,0.0318,0.0554,0.0554,winter
IA,Monona,MONONA,0.0115,0.0032,0.0489,0.0399,0.0489,wind
IA,Monroe,MONROE,0.0021,0.0184,0.0579,0.0616,0.0616,winter
IA,Montgomery,MONTGOMERY,0.0019,0.0029,0.0497,0.0218,0.0497,wind
IA,Muscatine,MUSCATINE,0.0027,0.0115,0.0417,0.0629,0.0629,winter
IA,O'Brien,O'BRIEN,0.0041,0.0029,0.0646,0.0996,0.0996,winter
IA,Osceola,OSCEOLA,0.0048,0.0031,0.0454,0.1188,0.1188,winter
IA,Page,PAGE,0.0017,0.0038,0.0617,0.0167,0.0617,wind
IA,Palo Alto,PALO ALTO,0.0042,0.0151,0.047,0.0721,0.0721,winter
IA,Plymouth,PLYMOUTH,0.0077,0.0028,0.0624,0.0791,0.0791,winter
IA,Pocahontas,POCAHONTAS,0.0043,0.0127,0.0485,0.0609,0.0609,winter
IA,Polk,POLK,0.0033,0.0292,0.1174,0.0579,0.1174,wind
IA,Pottawattamie,POTTAWATTAMIE,0.0053,0.004,0.0831,0.0321,0.0831,wind
IA,Poweshiek,POWESHIEK,0.0065,0.0068,0.065,0.0484,0.065,wind
IA,Ringgold,RINGGOLD,0.001,0.0097,0.0722,0.0586,0.0722,wind
IA,Sac,SAC,0.0039,0.0057,0.0327,0.0021,0.0327,wind
IA,Scott,SCOTT,0.0046,0.0066,0.076,0.0678,0.076,wind
IA,Shelby,SHELBY,0.0023,0.0023,0.0527,0.0323,0.0527,wind
IA,Sioux,SIOUX,0.004,0.0038,0.0687,0.1081,0.1081,winter
IA,Story,STORY,0.0035,0.018,0.1001,0.0567,0.1001,wind
IA,Tama,TAMA,0.0086,0.0118,0.0539,0.0426,0.0539,wind
IA,Taylor,TAYLOR,0.0016,0.0063,0.0618,0.0405,0.0618,wind
IA,Union,UNION,0.0012,0.008,0.0912,0.0579,0.0912,wind
IA,Van Buren,VAN BUREN,0.0025,0.0116,0.0397,0.0538,0.0538,winter
IA,Wapello,WAPELLO,0.0018,0.031,0.0596,0.0583,0.0596,wind
IA,Warren,WARREN,0.0029,0.0218,0.0775,0.0509,0.0775,wind
IA,Washington,WASHINGTON,0.0021,0.0124,0.047,0.0609,0.0609,winter
IA,Wayne,WAYNE,0.0007,0.0221,0.0494,0.0513,0.0513,winter
IA,Webster,WEBSTER,0.009,0.0383,0.0781,0.0637,0.0781,wind
IA,Winnebago,WINNEBAGO,0.0032,0.013,0.0505,0.0743,0.0743,winter
IA,Winneshiek,WINNESHIEK,0.0076,0.0083,0.0443,0.0612,0.0612,winter
IA,Woodbury,WOODBURY,0.0123,0.0039,0.0918,0.0683,0.0918,wind
IA,Worth,WORTH,0.0064,0.0145,0.0456,0.0699,0.0699,winter
IA,Wright,WRIGHT,0.0052,0.0145,0.067,0.0628,0.067,wind
ID,Ada,ADA,0.0225,0.0097,0.027,0.0016,0.027,wind
ID,Adams,ADAMS,0.0357,0.0051,0.0056,0.0003,0.0357,fire
ID,Bannock,BANNOCK,0.0205,0.0038,0.0304,0.0014,0.0304,wind
ID,Bear Lake,BEAR LAKE,0.0127,0.0024,0.011,0.0261,0.0261,winter
ID,Benewah,BENEWAH,0.0304,0.0076,0.0099,0.0448,0.0448,winter
ID,Bingham,BINGHAM,0.0119,0.007,0.0435,0.0008,0.0435,wind
ID,Blaine,BLAINE,0.0288,0.0027,0.0223,0.0021,0.0288,fire
ID,Boise,BOISE,0.0282,0.0056,0.0144,0.0325,0.0325,winter
ID,Bonner,BONNER,0.0257,0.0123,0.0082,0.0393,0.0393,winter
ID,Bonneville,BONNEVILLE,0.0153,0.0062,0.0305,0.0034,0.0305,wind
ID,Boundary,BOUNDARY,0.0355,0.0084,0.0085,0.0432,0.0432,winter
ID,Butte,BUTTE,0.0251,0.0013,0.0407,0.0007,0.0407,wind
ID,Camas,CAMAS,0.0151,0.0018,0.0038,0.0223,0.0223,winter
ID,Canyon,CANYON,0.005,0.0067,0.0315,0.0213,0.0315,wind
ID,Caribou,CARIBOU,0.0277,0.0022,0.0211,0.1072,0.1072,winter
ID,Cassia,CASSIA,0.017,0.0013,0.0216,0.0029,0.0216,wind
ID,Clark,CLARK,0.0245,0.001,0.0153,0.0009,0.0245,fire
ID,Clearwater,CLEARWATER,0.0313,0.0053,0.0132,0.1115,0.1115,winter
ID,Custer,CUSTER,0.017,0.0033,0.0081,0.0011,0.017,fire
ID,Elmore,ELMORE,0.0448,0.0032,0.0191,0.0011,0.0448,fire
ID,Franklin,FRANKLIN,0.0069,0.0033,0.0082,0.014,0.014,winter
ID,Fremont,FREMONT,0.0094,0.0042,0.0256,0.0031,0.0256,wind
ID,Gem,GEM,0.024,0.0063,0.0064,0.001,0.024,fire
ID,Gooding,GOODING,0.0257,0.0047,0.0127,0.0012,0.0257,fire
ID,Idaho,IDAHO,0.0719,0.0067,0.0267,0.0415,0.0719,fire
ID,Jefferson,JEFFERSON,0.0114,0.0052,0.059,0.0018,0.059,wind
ID,Jerome,JEROME,0.016,0.0025,0.0136,0.0001,0.016,fire
ID,Kootenai,KOOTENAI,0.0306,0.0124,0.0145,0.0478,0.0478,winter
ID,Latah,LATAH,0.0209,0.0097,0.0119,0.0421,0.0421,winter
ID,Lemhi,LEMHI,0.0397,0.0023,0.0339,0.1061,0.1061,winter
ID,Lewis,LEWIS,0.0246,0.0056,0.0171,0.0564,0.0564,winter
ID,Lincoln,LINCOLN,0.0246,0.0014,0.0102,0.0019,0.0246,fire
ID,Madison,MADISON,0.0055,0.0061,0.0153,0.0022,0.0153,wind
ID,Minidoka,MINIDOKA,0.0032,0.0018,0.0172,0.0007,0.0172,wind
ID,Nez Perce,NEZ PERCE,0.0123,0.0065,0.02,0.0529,0.0529,winter
ID,Oneida,ONEIDA,0.0108,0.0015,0.0073,0.0135,0.0135,winter
ID,Owyhee,OWYHEE,0.0472,0.0016,0.0123,0.0144,0.0472,fire
ID,Payette,PAYETTE,0.0084,0.0055,0.0064,0.0007,0.0084,fire
ID,Power,POWER,0.0108,0.0028,0.0214,0.0007,0.0214,wind
ID,Shoshone,SHOSHONE,0.0252,0.0122,0.006,0.0462,0.0462,winter
ID,Teton,TETON,0.006,0.0046,0.0108,0.0118,0.0118,winter
ID,Twin Falls,TWIN FALLS,0.0243,0.0026,0.0245,0.0303,0.0303,winter
ID,Valley,VALLEY,0.0449,0.0049,0.0561,0.0685,0.0685,winter
ID,Washington,WASHINGTON,0.0091,0.0047,0.0098,0.0004,0.0098,wind
IL,Adams,ADAMS,0.0016,0.0028,0.077,0.0172,0.077,wind
IL,Alexander,ALEXANDER,0.0057,0.0396,0.0676,0.1521,0.1521,winter
IL,Bond,BOND,0.0005,0.0044,0.0543,0.0119,0.0543,wind
IL,Boone,BOONE,0.0017,0.0042,0.0408,0.0414,0.0414,winter
IL,Brown,BROWN,0.0032,0.0013,0.0346,0.0147,0.0346,wind
IL,Bureau,BUREAU,0.0014,0.0036,0.0707,0.0497,0.0707,wind
IL,Calhoun,CALHOUN,0.0058,0.0037,0.0392,0.0118,0.0392,wind
IL,Carroll,CARROLL,0.0027,0.006,0.0484,0.0688,0.0688,winter
IL,Cass,CASS,0.0015,0.0026,0.054,0.0127,0.054,wind
IL,Champaign,CHAMPAIGN,0.0007,0.0022,0.1273,0.0173,0.1273,wind
IL,Christian,CHRISTIAN,0.0007,0.0024,0.0927,0.0107,0.0927,wind
IL,Clark,CLARK,0.0015,0.0058,0.0663,0.0065,0.0663,wind
IL,Clay,CLAY,0.0007,0.0051,0.1029,0.0079,0.1029,wind
IL,Clinton,CLINTON,0.0007,0.0052,0.0879,0.0095,0.0879,wind
IL,Coles,COLES,0.0011,0.0032,0.0735,0.012,0.0735,wind
IL,Cook,COOK,0.0031,0.015,0.1109,0.0673,0.1109,wind
IL,Crawford,CRAWFORD,0.0012,0.0056,0.085,0.0039,0.085,wind
IL,Cumberland,CUMBERLAND,0.0007,0.0031,0.0652,0.0072,0.0652,wind
IL,De Witt,DE WITT,0.0005,0.0028,0.0645,0.0138,0.0645,wind
IL,Dekalb,DEKALB,0.0013,0.0019,0.0001,0.0,0.0019,flood
IL,Douglas,DOUGLAS,0.0007,0.0024,0.0664,0.0112,0.0664,wind
IL,Dupage,DUPAGE,0.002,0.0013,0.0,0.0,0.002,fire
IL,Edgar,EDGAR,0.0009,0.0043,0.0653,0.0094,0.0653,wind
IL,Edwards,EDWARDS,0.0006,0.0075,0.0616,0.1701,0.1701,winter
IL,Effingham,EFFINGHAM,0.0009,0.0053,0.0798,0.0072,0.0798,wind
IL,Fayette,FAYETTE,0.0017,0.0039,0.0642,0.0102,0.0642,wind
IL,Ford,FORD,0.0011,0.0014,0.0481,0.0134,0.0481,wind
IL,Franklin,FRANKLIN,0.0027,0.0138,0.0836,0.1907,0.1907,winter
IL,Fulton,FULTON,0.0029,0.0041,0.0963,0.0204,0.0963,wind
IL,Gallatin,GALLATIN,0.0023,0.0183,0.0471,0.1538,0.1538,winter
IL,Greene,GREENE,0.0016,0.0029,0.0448,0.0123,0.0448,wind
IL,Grundy,GRUNDY,0.0051,0.0068,0.0562,0.0239,0.0562,wind
IL,Hamilton,HAMILTON,0.001,0.0071,0.0608,0.1576,0.1576,winter
IL,Hancock,HANCOCK,0.0006,0.0104,0.0507,0.0536,0.0536,winter
IL,Hardin,HARDIN,0.0183,0.0131,0.0344,0.1631,0.1631,winter
IL,Henderson,HENDERSON,0.0016,0.0062,0.0428,0.0484,0.0484,winter
IL,Henry,HENRY,0.0011,0.0062,0.0794,0.0514,0.0794,wind
IL,Iroquois,IROQUOIS,0.0015,0.0028,0.08,0.012,0.08,wind
IL,Jackson,JACKSON,0.0158,0.0191,0.1085,0.1919,0.1919,winter
IL,Jasper,JASPER,0.0008,0.0062,0.0613,0.0064,0.0613,wind
IL,Jefferson,JEFFERSON,0.0018,0.0126,0.0883,0.1709,0.1709,winter
IL,Jersey,JERSEY,0.0014,0.0078,0.0534,0.014,0.0534,wind
IL,Jo Daviess,JO DAVIESS,0.0037,0.0084,0.0583,0.0982,0.0982,winter
IL,Johnson,JOHNSON,0.0182,0.0143,0.0575,0.1862,0.1862,winter
IL,Kane,KANE,0.002,0.0035,0.0719,0.0509,0.0719,wind
IL,Kankakee,KANKAKEE,0.0033,0.0039,0.0685,0.0155,0.0685,wind
IL,Kendall,KENDALL,0.0013,0.0036,0.0416,0.0307,0.0416,wind
IL,Knox,KNOX,0.0016,0.005,0.0621,0.0215,0.0621,wind
IL,Lake,LAKE,0.0075,0.0132,0.0589,0.0475,0.0589,wind
IL,Lasalle,LASALLE,0.0013,0.0071,0.0,0.0,0.0071,flood
IL,Lawrence,LAWRENCE,0.0011,0.0067,0.0788,0.0052,0.0788,wind
IL,Lee,LEE,0.0011,0.0031,0.0482,0.0014,0.0482,wind
IL,Livingston,LIVINGSTON,0.0008,0.002,0.0613,0.0177,0.0613,wind
IL,Logan,LOGAN,0.0007,0.0013,0.1202,0.0179,0.1202,wind
IL,Macon,MACON,0.0009,0.0022,0.1054,0.0101,0.1054,wind
IL,Macoupin,MACOUPIN,0.0009,0.0028,0.0755,0.0158,0.0755,wind
IL,Madison,MADISON,0.0008,0.0033,0.1166,0.0149,0.1166,wind
IL,Marion,MARION,0.0015,0.0043,0.0958,0.0098,0.0958,wind
IL,Marshall,MARSHALL,0.0011,0.0069,0.0455,0.0166,0.0455,wind
IL,Mason,MASON,0.0015,0.0055,0.0706,0.0149,0.0706,wind
IL,Massac,MASSAC,0.0024,0.0251,0.0764,0.1834,0.1834,winter
IL,Mcdonough,MCDONOUGH,0.0012,0.0061,0.0753,0.0449,0.0753,wind
IL,Mchenry,MCHENRY,0.004,0.0053,0.0602,0.0474,0.0602,wind
IL,Mclean,MCLEAN,0.0006,0.0018,0.107,0.0177,0.107,wind
IL,Menard,MENARD,0.0006,0.0029,0.0768,0.0124,0.0768,wind
IL,Mercer,MERCER,0.0017,0.0058,0.0489,0.0606,0.0606,winter
IL,Monroe,MONROE,0.0013,0.0076,0.0752,0.0079,0.0752,wind
IL,Montgomery,MONTGOMERY,0.0008,0.0021,0.0664,0.0131,0.0664,wind
IL,Morgan,MORGAN,0.0008,0.0022,0.067,0.0137,0.067,wind
IL,Moultrie,MOULTRIE,0.0007,0.002,0.06,0.0084,0.06,wind
IL,Ogle,OGLE,0.0019,0.0044,0.0518,0.0347,0.0518,wind
IL,Peoria,PEORIA,0.0014,0.0105,0.082,0.0188,0.082,wind
IL,Perry,PERRY,0.0014,0.0098,0.0841,0.2021,0.2021,winter
IL,Piatt,PIATT,0.0009,0.0014,0.0738,0.0094,0.0738,wind
IL,Pike,PIKE,0.0023,0.0018,0.0655,0.014,0.0655,wind
IL,Pope,POPE,0.0428,0.0124,0.0445,0.1735,0.1735,winter
IL,Pulaski,PULASKI,0.002,0.0219,0.0569,0.177,0.177,winter
IL,Putnam,PUTNAM,0.0016,0.0058,0.0363,0.0451,0.0451,winter
IL,Randolph,RANDOLPH,0.0009,0.0079,0.0702,0.0106,0.0702,wind
IL,Richland,RICHLAND,0.0004,0.0048,0.0646,0.0041,0.0646,wind
IL,Rock Island,ROCK ISLAND,0.0014,0.0144,0.0586,0.0548,0.0586,wind
IL,Saline,SALINE,0.0127,0.0147,0.079,0.1462,0.1462,winter
IL,Sangamon,SANGAMON,0.0007,0.0037,0.1485,0.023,0.1485,wind
IL,Schuyler,SCHUYLER,0.002,0.0039,0.0399,0.017,0.0399,wind
IL,Scott,SCOTT,0.0004,0.0051,0.0349,0.0104,0.0349,wind
IL,Shelby,SHELBY,0.0008,0.0042,0.0752,0.0097,0.0752,wind
IL,St. Clair,ST. CLAIR,0.0006,0.0067,0.1297,0.0143,0.1297,wind
IL,Stark,STARK,0.0008,0.0027,0.0415,0.0217,0.0415,wind
IL,Stephenson,STEPHENSON,0.0017,0.0043,0.0525,0.0737,0.0737,winter
IL,Tazewell,TAZEWELL,0.0023,0.0049,0.1236,0.0194,0.1236,wind
IL,Union,UNION,0.0129,0.0166,0.0549,0.1886,0.1886,winter
IL,Vermilion,VERMILION,0.0028,0.0043,0.099,0.0155,0.099,wind
IL,Wabash,WABASH,0.0005,0.022,0.0551,0.1339,0.1339,winter
IL,Warren,WARREN,0.0009,0.0036,0.0536,0.0494,0.0536,wind
IL,Washington,WASHINGTON,0.001,0.0049,0.0649,0.0112,0.0649,wind
IL,Wayne,WAYNE,0.0015,0.0099,0.0693,0.1848,0.1848,winter
IL,White,WHITE,0.0006,0.0173,0.0774,0.1739,0.1739,winter
IL,Whiteside,WHITESIDE,0.0016,0.0108,0.0656,0.0572,0.0656,wind
IL,Will,WILL,0.0191,0.0044,0.0835,0.0337,0.0835,wind
IL,Williamson,WILLIAMSON,0.0112,0.0147,0.09,0.1791,0.1791,winter
IL,Winnebago,WINNEBAGO,0.0039,0.0073,0.0675,0.0459,0.0675,wind
IL,Woodford,WOODFORD,0.0013,0.0059,0.0689,0.0198,0.0689,wind
IN,Adams,ADAMS,0.0002,0.0024,0.0444,0.0134,0.0444,wind
IN,Allen,ALLEN,0.0004,0.0046,0.0675,0.0209,0.0675,wind
IN,Bartholomew,BARTHOLOMEW,0.0026,0.009,0.0614,0.0047,0.0614,wind
IN,Benton,BENTON,0.0007,0.0017,0.041,0.0068,0.041,wind
IN,Blackford,BLACKFORD,0.0004,0.0022,0.0398,0.0113,0.0398,wind
IN,Boone,BOONE,0.0004,0.0035,0.0674,0.0077,0.0674,wind
IN,Brown,BROWN,0.0233,0.0082,0.0586,0.0038,0.0586,wind
IN,Carroll,CARROLL,0.0005,0.0042,0.0488,0.008,0.0488,wind
IN,Cass,CASS,0.0004,0.0038,0.0523,0.0172,0.0523,wind
IN,Clark,CLARK,0.0028,0.0098,0.0883,0.0271,0.0883,wind
IN,Clay,CLAY,0.002,0.0106,0.0498,0.0035,0.0498,wind
IN,Clinton,CLINTON,0.0005,0.0025,0.0661,0.0074,0.0661,wind
IN,Crawford,CRAWFORD,0.0095,0.0088,0.1297,0.0211,0.1297,wind
IN,Daviess,DAVIESS,0.0007,0.011,0.0778,0.0046,0.0778,wind
IN,Dearborn,DEARBORN,0.0005,0.0067,0.092,0.0318,0.092,wind
IN,Decatur,DECATUR,0.0008,0.0071,0.0779,0.004,0.0779,wind
IN,Dekalb,DEKALB,0.0005,0.0017,0.0,0.0,0.0017,flood
IN,Delaware,DELAWARE,0.0003,0.0073,0.068,0.0076,0.068,wind
IN,Dubois,DUBOIS,0.0019,0.0085,0.1221,0.0171,0.1221,wind
IN,Elkhart,ELKHART,0.0009,0.0036,0.0686,0.029,0.0686,wind
IN,Fayette,FAYETTE,0.0007,0.0053,0.0662,0.02,0.0662,wind
IN,Floyd,FLOYD,0.0014,0.0091,0.0739,0.0275,0.0739,wind
IN,Fountain,FOUNTAIN,0.0014,0.0154,0.0489,0.007,0.0489,wind
IN,Franklin,FRANKLIN,0.0027,0.0069,0.0636,0.0228,0.0636,wind
IN,Fulton,FULTON,0.0006,0.0036,0.0377,0.0207,0.0377,wind
IN,Gibson,GIBSON,0.0011,0.0241,0.1013,0.1392,0.1392,winter
IN,Grant,GRANT,0.0004,0.0029,0.0497,0.0142,0.0497,wind
IN,Greene,GREENE,0.0019,0.0205,0.0839,0.002,0.0839,wind
IN,Hamilton,HAMILTON,0.0003,0.01,0.0765,0.0065,0.0765,wind
IN,Hancock,HANCOCK,0.0004,0.004,0.0741,0.005,0.0741,wind
IN,Harrison,HARRISON,0.0018,0.0083,0.1207,0.0348,0.1207,wind
IN,Hendricks,HENDRICKS,0.0005,0.0043,0.0893,0.0069,0.0893,wind
IN,Henry,HENRY,0.0003,0.0049,0.0558,0.007,0.0558,wind
IN,Howard,HOWARD,0.0003,0.0041,0.0544,0.009,0.0544,wind
IN,Huntington,HUNTINGTON,0.0007,0.0044,0.0576,0.0183,0.0576,wind
IN,Jackson,JACKSON,0.0057,0.0157,0.0922,0.0075,0.0922,wind
IN,Jasper,JASPER,0.0012,0.0035,0.0558,0.0146,0.0558,wind
IN,Jay,JAY,0.0002,0.0025,0.0395,0.0008,0.0395,wind
IN,Jefferson,JEFFERSON,0.0046,0.0073,0.0794,0.0141,0.0794,wind
IN,Jennings,JENNINGS,0.0031,0.0085,0.0657,0.0058,0.0657,wind
IN,Johnson,JOHNSON,0.0011,0.0084,0.0822,0.0034,0.0822,wind
IN,Knox,KNOX,0.0003,0.0155,0.0961,0.0094,0.0961,wind
IN,Kosciusko,KOSCIUSKO,0.0011,0.0021,0.057,0.0264,0.057,wind
IN,Lagrange,LAGRANGE,0.0007,0.0028,0.0327,0.0261,0.0327,wind
IN,Lake,LAKE,0.0154,0.0061,0.0662,0.0223,0.0662,wind
IN,Laporte,LAPORTE,0.0032,0.0051,0.0001,0.0,0.0051,flood
IN,Lawrence,LAWRENCE,0.0046,0.0151,0.0873,0.0079,0.0873,wind
IN,Madison,MADISON,0.0003,0.0091,0.0823,0.0064,0.0823,wind
IN,Marion,MARION,0.0004,0.0085,0.1066,0.0086,0.1066,wind
IN,Marshall,MARSHALL,0.0005,0.0023,0.0491,0.0301,0.0491,wind
IN,Martin,MARTIN,0.0036,0.0128,0.0653,0.0039,0.0653,wind
IN,Miami,MIAMI,0.0006,0.0028,0.0506,0.0164,0.0506,wind
IN,Monroe,MONROE,0.0063,0.011,0.0766,0.0036,0.0766,wind
IN,Montgomery,MONTGOMERY,0.0012,0.0055,0.0497,0.007,0.0497,wind
IN,Morgan,MORGAN,0.0026,0.0147,0.0755,0.0067,0.0755,wind
IN,Newton,NEWTON,0.0023,0.0039,0.0541,0.0126,0.0541,wind
IN,Noble,NOBLE,0.0016,0.0021,0.0404,0.0258,0.0404,wind
IN,Ohio,OHIO,0.0023,0.0063,0.0455,0.0245,0.0455,wind
IN,Orange,ORANGE,0.0058,0.0077,0.0824,0.0148,0.0824,wind
IN,Owen,OWEN,0.0035,0.0132,0.0631,0.0058,0.0631,wind
IN,Parke,PARKE,0.0027,0.0094,0.0527,0.0056,0.0527,wind
IN,Perry,PERRY,0.0091,0.0056,0.0986,0.023,0.0986,wind
IN,Pike,PIKE,0.0047,0.0303,0.0617,0.1495,0.1495,winter
IN,Porter,PORTER,0.0028,0.0047,0.0572,0.0206,0.0572,wind
IN,Posey,POSEY,0.0012,0.0265,0.0752,0.1461,0.1461,winter
IN,Pulaski,PULASKI,0.0008,0.0027,0.0284,0.0151,0.0284,wind
IN,Putnam,PUTNAM,0.0021,0.008,0.0696,0.006,0.0696,wind
IN,Randolph,RANDOLPH,0.0003,0.0052,0.0542,0.0063,0.0542,wind
IN,Ripley,RIPLEY,0.0025,0.0078,0.0961,0.0279,0.0961,wind
IN,Rush,RUSH,0.0005,0.0056,0.0783,0.0051,0.0783,wind
IN,Scott,SCOTT,0.0027,0.009,0.0568,0.0137,0.0568,wind
IN,Shelby,SHELBY,0.0003,0.0083,0.0841,0.004,0.0841,wind
IN,Spencer,SPENCER,0.0009,0.0137,0.082,0.1495,0.1495,winter
IN,St. Joseph,ST. JOSEPH,0.0012,0.0042,0.0539,0.0352,0.0539,wind
IN,Starke,STARKE,0.0014,0.0043,0.0425,0.0223,0.0425,wind
IN,Steuben,STEUBEN,0.0016,0.0021,0.0418,0.028,0.0418,wind
IN,Sullivan,SULLIVAN,0.0014,0.0207,0.0601,0.003,0.0601,wind
IN,Switzerland,SWITZERLAND,0.0009,0.006,0.0591,0.0255,0.0591,wind
IN,Tippecanoe,TIPPECANOE,0.0005,0.0108,0.0933,0.008,0.0933,wind
IN,Tipton,TIPTON,0.0003,0.0014,0.0519,0.0054,0.0519,wind
IN,Union,UNION,0.001,0.0074,0.0627,0.0147,0.0627,wind
IN,Vanderburgh,VANDERBURGH,0.0013,0.0327,0.1056,0.1476,0.1476,winter
IN,Vermillion,VERMILLION,0.0021,0.0162,0.043,0.0052,0.043,wind
IN,Vigo,VIGO,0.0024,0.0223,0.0782,0.0045,0.0782,wind
IN,Wabash,WABASH,0.0009,0.0039,0.0442,0.0184,0.0442,wind
IN,Warren,WARREN,0.0011,0.0078,0.0536,0.0074,0.0536,wind
IN,Warrick,WARRICK,0.0027,0.0149,0.0877,0.1317,0.1317,winter
IN,Washington,WASHINGTON,0.0016,0.0062,0.0781,0.0203,0.0781,wind
IN,Wayne,WAYNE,0.0004,0.0041,0.0999,0.0202,0.0999,wind
IN,Wells,WELLS,0.0003,0.0022,0.0516,0.0155,0.0516,wind
IN,White,WHITE,0.0007,0.0029,0.0494,0.0117,0.0494,wind
IN,Whitley,WHITLEY,0.0008,0.0032,0.0526,0.0217,0.0526,wind
KS,Allen,ALLEN,0.0017,0.0047,0.0904,0.0067,0.0904,wind
KS,Anderson,ANDERSON,0.0038,0.003,0.0811,0.0093,0.0811,wind
KS,Atchison,ATCHISON,0.0029,0.0017,0.034,0.0128,0.034,wind
KS,Barber,BARBER,0.0262,0.0012,0.1458,0.0137,0.1458,wind
KS,Barton,BARTON,0.003,0.0013,0.1538,0.019,0.1538,wind
KS,Bourbon,BOURBON,0.0052,0.0038,0.0924,0.0071,0.0924,wind
KS,Brown,BROWN,0.0045,0.0013,0.0695,0.016,0.0695,wind
KS,Butler,BUTLER,0.0345,0.0044,0.2138,0.0136,0.2138,wind
KS,Chase,CHASE,0.0694,0.0016,0.0869,0.0087,0.0869,wind
KS,Chautauqua,CHAUTAUQUA,0.0239,0.0033,0.1445,0.0046,0.1445,wind
KS,Cherokee,CHEROKEE,0.0049,0.0075,0.163,0.0086,0.163,wind
KS,Cheyenne,CHEYENNE,0.0064,0.0011,0.1549,0.0965,0.1549,wind
KS,Clark,CLARK,0.0125,0.0008,0.0787,0.0164,0.0787,wind
KS,Clay,CLAY,0.0069,0.0015,0.0649,0.0132,0.0649,wind
KS,Cloud,CLOUD,0.0057,0.001,0.0905,0.0149,0.0905,wind
KS,Coffey,COFFEY,0.0697,0.0028,0.0985,0.0097,0.0985,wind
KS,Comanche,COMANCHE,0.03,0.001,0.081,0.0164,0.081,wind
KS,Cowley,COWLEY,0.039,0.0056,0.1886,0.0104,0.1886,wind
KS,Crawford,CRAWFORD,0.002,0.0044,0.1373,0.007,0.1373,wind
KS,Decatur,DECATUR,0.0042,0.0011,0.1097,0.0548,0.1097,wind
KS,Dickinson,DICKINSON,0.0078,0.002,0.1005,0.0134,0.1005,wind
KS,Doniphan,DONIPHAN,0.0039,0.0015,0.0432,0.0148,0.0432,wind
KS,Douglas,DOUGLAS,0.005,0.0021,0.1067,0.0112,0.1067,wind
KS,Edwards,EDWARDS,0.0019,0.0007,0.0816,0.0181,0.0816,wind
KS,Elk,ELK,0.0203,0.0014,0.0687,0.0003,0.0687,wind
KS,Ellis,ELLIS,0.0081,0.0012,0.105,0.0275,0.105,wind
KS,Ellsworth,ELLSWORTH,0.0156,0.0011,0.0996,0.0181,0.0996,wind
KS,Finney,FINNEY,0.0077,0.001,0.2097,0.0311,0.2097,wind
KS,Ford,FORD,0.0048,0.0013,0.2315,0.0268,0.2315,wind
KS,Franklin,FRANKLIN,0.0031,0.0026,0.0891,0.0096,0.0891,wind
KS,Geary,GEARY,0.0282,0.0025,0.0936,0.0127,0.0936,wind
KS,Gove,GOVE,0.0042,0.0009,0.1683,0.0343,0.1683,wind
KS,Graham,GRAHAM,0.0097,0.0021,0.1603,0.0316,0.1603,wind
KS,Grant,GRANT,0.0051,0.0009,0.1188,0.0268,0.1188,wind
KS,Gray,GRAY,0.004,0.0007,0.1295,0.0221,0.1295,wind
KS,Greeley,GREELEY,0.003,0.0005,0.1154,0.0385,0.1154,wind
KS,Greenwood,GREENWOOD,0.0418,0.0015,0.1368,0.0083,0.1368,wind
KS,Hamilton,HAMILTON,0.0099,0.0005,0.1546,0.0291,0.1546,wind
KS,Harper,HARPER,0.0081,0.0028,0.1034,0.0121,0.1034,wind
KS,Harvey,HARVEY,0.0036,0.002,0.1101,0.0171,0.1101,wind
KS,Haskell,HASKELL,0.0046,0.0008,0.1007,0.0222,0.1007,wind
KS,Hodgeman,HODGEMAN,0.0069,0.0008,0.1137,0.0248,0.1137,wind
KS,Jackson,JACKSON,0.0759,0.0016,0.0724,0.0116,0.0759,fire
KS,Jefferson,JEFFERSON,0.0066,0.004,0.1114,0.0108,0.1114,wind
KS,Jewell,JEWELL,0.0082,0.0014,0.0819,0.0367,0.0819,wind
KS,Johnson,JOHNSON,0.0034,0.0017,0.0987,0.0222,0.0987,wind
KS,Kearny,KEARNY,0.0089,0.0004,0.1059,0.0299,0.1059,wind
KS,Kingman,KINGMAN,0.0175,0.0015,0.1324,0.0161,0.1324,wind
KS,Kiowa,KIOWA,0.0114,0.0011,0.0895,0.0154,0.0895,wind
KS,Labette,LABETTE,0.0013,0.0054,0.1338,0.0044,0.1338,wind
KS,Lane,LANE,0.0057,0.0005,0.0994,0.0314,0.0994,wind
KS,Leavenworth,LEAVENWORTH,0.0086,0.0024,0.0896,0.0137,0.0896,wind
KS,Lincoln,LINCOLN,0.0063,0.0015,0.1003,0.0212,0.1003,wind
KS,Linn,LINN,0.0423,0.0036,0.08,0.0084,0.08,wind
KS,Logan,LOGAN,0.0034,0.0007,0.1568,0.0512,0.1568,wind
KS,Lyon,LYON,0.0617,0.0029,0.116,0.0112,0.116,wind
KS,Marion,MARION,0.0169,0.0026,0.1091,0.0126,0.1091,wind
KS,Marshall,MARSHALL,0.0123,0.0014,0.0718,0.0154,0.0718,wind
KS,Mcpherson,MCPHERSON,0.0037,0.0018,0.1349,0.0226,0.1349,wind
KS,Meade,MEADE,0.0089,0.0005,0.0905,0.0202,0.0905,wind
KS,Miami,MIAMI,0.0025,0.0015,0.053,0.0142,0.053,wind
KS,Mitchell,MITCHELL,0.003,0.0019,0.0844,0.0256,0.0844,wind
KS,Montgomery,MONTGOMERY,0.0103,0.0056,0.1879,0.0052,0.1879,wind
KS,Morris,MORRIS,0.028,0.0015,0.0632,0.0095,0.0632,wind
KS,Morton,MORTON,0.0335,0.0007,0.1382,0.0299,0.1382,wind
KS,Nemaha,NEMAHA,0.0055,0.0013,0.0818,0.0167,0.0818,wind
KS,Neosho,NEOSHO,0.0028,0.0042,0.1183,0.0047,0.1183,wind
KS,Ness,NESS,0.0037,0.0006,0.0903,0.0255,0.0903,wind
KS,Norton,NORTON,0.0056,0.0015,0.1087,0.0407,0.1087,wind
KS,Osage,OSAGE,0.0253,0.0022,0.0958,0.0104,0.0958,wind
KS,Osborne,OSBORNE,0.0046,0.0017,0.0878,0.0302,0.0878,wind
KS,Ottawa,OTTAWA,0.007,0.0013,0.0758,0.0154,0.0758,wind
KS,Pawnee,PAWNEE,0.0019,0.0006,0.0841,0.0206,0.0841,wind
KS,Phillips,PHILLIPS,0.0083,0.0038,0.091,0.0497,0.091,wind
KS,Pottawatomie,POTTAWATOMIE,0.0315,0.0027,0.0845,0.0129,0.0845,wind
KS,Pratt,PRATT,0.0047,0.001,0.1153,0.0179,0.1153,wind
KS,Rawlins,RAWLINS,0.0071,0.0014,0.1538,0.0732,0.1538,wind
KS,Reno,RENO,0.0379,0.0027,0.1743,0.0212,0.1743,wind
KS,Republic,REPUBLIC,0.0026,0.002,0.0939,0.021,0.0939,wind
KS,Rice,RICE,0.0049,0.0015,0.1293,0.0189,0.1293,wind
KS,Riley,RILEY,0.0386,0.0034,0.0872,0.0122,0.0872,wind
KS,Rooks,ROOKS,0.0105,0.0021,0.0904,0.0363,0.0904,wind
KS,Rush,RUSH,0.0022,0.0008,0.0721,0.0199,0.0721,wind
KS,Russell,RUSSELL,0.0116,0.0013,0.1336,0.0213,0.1336,wind
KS,Saline,SALINE,0.0117,0.0022,0.1145,0.0163,0.1145,wind
KS,Scott,SCOTT,0.0027,0.0008,0.148,0.0381,0.148,wind
KS,Sedgwick,SEDGWICK,0.0041,0.0072,0.2433,0.0169,0.2433,wind
KS,Seward,SEWARD,0.0164,0.001,0.1197,0.0288,0.1197,wind
KS,Shawnee,SHAWNEE,0.0052,0.0032,0.1279,0.0099,0.1279,wind
KS,Sheridan,SHERIDAN,0.0039,0.0012,0.1267,0.0455,0.1267,wind
KS,Sherman,SHERMAN,0.0057,0.0009,0.2406,0.0913,0.2406,wind
KS,Smith,SMITH,0.0055,0.0022,0.0812,0.0451,0.0812,wind
KS,Stafford,STAFFORD,0.0135,0.0006,0.109,0.0151,0.109,wind
KS,Stanton,STANTON,0.0091,0.0006,0.1361,0.0277,0.1361,wind
KS,Stevens,STEVENS,0.0072,0.0006,0.1,0.0263,0.1,wind
KS,Sumner,SUMNER,0.0026,0.0038,0.1311,0.0105,0.1311,wind
KS,Thomas,THOMAS,0.0022,0.0007,0.168,0.0639,0.168,wind
KS,Trego,TREGO,0.0042,0.0006,0.0868,0.0248,0.0868,wind
KS,Wabaunsee,WABAUNSEE,0.0218,0.002,0.0895,0.011,0.0895,wind
KS,Wallace,WALLACE,0.0064,0.0005,0.1527,0.0698,0.1527,wind
KS,Washington,WASHINGTON,0.0073,0.0014,0.0791,0.0165,0.0791,wind
KS,Wichita,WICHITA,0.0026,0.0004,0.0853,0.0349,0.0853,wind
KS,Wilson,WILSON,0.0061,0.0049,0.101,0.0063,0.101,wind
KS,Woodson,WOODSON,0.0186,0.002,0.0554,0.0049,0.0554,wind
KS,Wyandotte,WYANDOTTE,0.0012,0.0043,0.0553,0.0187,0.0553,wind
KY,Adair,ADAIR,0.0048,0.0054,0.0979,0.0367,0.0979,wind
KY,Allen,ALLEN,0.0015,0.0074,0.0936,0.0218,0.0936,wind
KY,Anderson,ANDERSON,0.0025,0.0076,0.0762,0.0349,0.0762,wind
KY,Ballard,BALLARD,0.0028,0.0157,0.0855,0.1765,0.1765,winter
KY,Barren,BARREN,0.0023,0.006,0.1528,0.0382,0.1528,wind
KY,Bath,BATH,0.003,0.0085,0.0796,0.094,0.094,winter
KY,Bell,BELL,0.057,0.0069,0.0681,0.0697,0.0697,winter
KY,Boone,BOONE,0.0017,0.0064,0.0964,0.0407,0.0964,wind
KY,Bourbon,BOURBON,0.0005,0.0053,0.0907,0.0491,0.0907,wind
KY,Boyd,BOYD,0.0083,0.0239,0.0435,0.0293,0.0435,wind
KY,Boyle,BOYLE,0.0021,0.0073,0.0732,0.0436,0.0732,wind
KY,Bracken,BRACKEN,0.0019,0.0043,0.0701,0.035,0.0701,wind
KY,Breathitt,BREATHITT,0.0343,0.0082,0.0883,0.07,0.0883,wind
KY,Breckinridge,BRECKINRIDGE,0.0083,0.0073,0.0987,0.0321,0.0987,wind
KY,Bullitt,BULLITT,0.0038,0.0067,0.0936,0.0318,0.0936,wind
KY,Butler,BUTLER,0.0043,0.0074,0.0943,0.0229,0.0943,wind
KY,Caldwell,CALDWELL,0.0052,0.0128,0.0475,0.1936,0.1936,winter
KY,Calloway,CALLOWAY,0.0057,0.022,0.1067,0.1567,0.1567,winter
KY,Campbell,CAMPBELL,0.0004,0.0061,0.0937,0.0313,0.0937,wind
KY,Carlisle,CARLISLE,0.0026,0.0182,0.0699,0.162,0.162,winter
KY,Carroll,CARROLL,0.0018,0.0068,0.059,0.0294,0.059,wind
KY,Carter,CARTER,0.0256,0.0171,0.0323,0.0535,0.0535,winter
KY,Casey,CASEY,0.002,0.0052,0.1056,0.0325,0.1056,wind
KY,Christian,CHRISTIAN,0.0079,0.0146,0.1131,0.1841,0.1841,winter
KY,Clark,CLARK,0.0005,0.003,0.0812,0.0283,0.0812,wind
KY,Clay,CLAY,0.0793,0.0064,0.0786,0.0738,0.0793,fire
KY,Clinton,CLINTON,0.0038,0.0044,0.0859,0.0201,0.0859,wind
KY,Crittenden,CRITTENDEN,0.0044,0.0114,0.0446,0.2043,0.2043,winter
KY,Cumberland,CUMBERLAND,0.0107,0.0046,0.0819,0.0233,0.0819,wind
KY,Daviess,DAVIESS,0.0014,0.022,0.0992,0.159,0.159,winter
KY,Edmonson,EDMONSON,0.0029,0.0082,0.0976,0.0295,0.0976,wind
KY,Elliott,ELLIOTT,0.0057,0.0061,0.0396,0.0728,0.0728,winter
KY,Estill,ESTILL,0.017,0.0105,0.0941,0.0675,0.0941,wind
KY,Fayette,FAYETTE,0.0003,0.0059,0.1326,0.0324,0.1326,wind
KY,Fleming,FLEMING,0.005,0.0049,0.072,0.1006,0.1006,winter
KY,Floyd,FLOYD,0.0193,0.0107,0.072,0.07,0.072,wind
KY,Franklin,FRANKLIN,0.0033,0.0134,0.0893,0.0324,0.0893,wind
KY,Fulton,FULTON,0.0018,0.0124,0.0602,0.1422,0.1422,winter
KY,Gallatin,GALLATIN,0.0024,0.0082,0.0627,0.044,0.0627,wind
KY,Garrard,GARRARD,0.0018,0.008,0.0747,0.0354,0.0747,wind
KY,Grant,GRANT,0.0009,0.0058,0.0742,0.0458,0.0742,wind
KY,Graves,GRAVES,0.0028,0.0161,0.0938,0.171,0.171,winter
KY,Grayson,GRAYSON,0.0032,0.0104,0.0964,0.0373,0.0964,wind
KY,Green,GREEN,0.0013,0.0022,0.0982,0.0454,0.0982,wind
KY,Greenup,GREENUP,0.0105,0.0312,0.0645,0.0423,0.0645,wind
KY,Hancock,HANCOCK,0.001,0.0051,0.0823,0.0197,0.0823,wind
KY,Hardin,HARDIN,0.0044,0.0099,0.1322,0.0406,0.1322,wind
KY,Harlan,HARLAN,0.0443,0.0084,0.0771,0.0758,0.0771,wind
KY,Harrison,HARRISON,0.0012,0.0046,0.0764,0.0433,0.0764,wind
KY,Hart,HART,0.006,0.0093,0.1022,0.0388,0.1022,wind
KY,Henderson,HENDERSON,0.0017,0.0182,0.0935,0.1585,0.1585,winter
KY,Henry,HENRY,0.0012,0.0078,0.0879,0.0307,0.0879,wind
KY,Hickman,HICKMAN,0.0023,0.0102,0.0643,0.166,0.166,winter
KY,Hopkins,HOPKINS,0.0077,0.0154,0.0826,0.1853,0.1853,winter
KY,Jackson,JACKSON,0.0113,0.0054,0.0784,0.0717,0.0784,wind
KY,Jefferson,JEFFERSON,0.0011,0.0214,0.1803,0.0325,0.1803,wind
KY,Jessamine,JESSAMINE,0.0014,0.0078,0.08,0.0326,0.08,wind
KY,Johnson,JOHNSON,0.016,0.0085,0.0573,0.0708,0.0708,winter
KY,Kenton,KENTON,0.0007,0.0063,0.077,0.0347,0.077,wind
KY,Knott,KNOTT,0.0307,0.0045,0.0457,0.0637,0.0637,winter
KY,Knox,KNOX,0.0286,0.0057,0.0701,0.0619,0.0701,wind
KY,Larue,LARUE,0.0021,0.005,0.0782,0.0433,0.0782,wind
KY,Laurel,LAUREL,0.0269,0.0052,0.0944,0.0798,0.0944,wind
KY,Lawrence,LAWRENCE,0.0183,0.0167,0.0406,0.0402,0.0406,wind
KY,Lee,LEE,0.0141,0.0066,0.0576,0.0011,0.0576,wind
KY,Leslie,LESLIE,0.0521,0.0072,0.0649,0.0692,0.0692,winter
KY,Letcher,LETCHER,0.0288,0.0074,0.0599,0.0754,0.0754,winter
KY,Lewis,LEWIS,0.0077,0.0072,0.0526,0.0422,0.0526,wind
KY,Lincoln,LINCOLN,0.0021,0.0056,0.0898,0.0301,0.0898,wind
KY,Livingston,LIVINGSTON,0.0035,0.0194,0.0557,0.2045,0.2045,winter
KY,Logan,LOGAN,0.0029,0.0133,0.1292,0.0238,0.1292,wind
KY,Lyon,LYON,0.0074,0.0129,0.0451,0.1989,0.1989,winter
KY,Madison,MADISON,0.0035,0.0074,0.1054,0.0361,0.1054,wind
KY,Magoffin,MAGOFFIN,0.0427,0.0068,0.0692,0.0665,0.0692,wind
KY,Marion,MARION,0.0018,0.0062,0.0771,0.047,0.0771,wind
KY,Marshall,MARSHALL,0.0059,0.0145,0.0953,0.1615,0.1615,winter
KY,Martin,MARTIN,0.0364,0.0088,0.0558,0.0694,0.0694,winter
KY,Mason,MASON,0.0007,0.0075,0.0682,0.0511,0.0682,wind
KY,Mccracken,MCCRACKEN,0.0046,0.0186,0.1055,0.1814,0.1814,winter
KY,Mccreary,MCCREARY,0.0471,0.0062,0.0777,0.0687,0.0777,wind
KY,Mclean,MCLEAN,0.0023,0.0194,0.0674,0.1819,0.1819,winter
KY,Meade,MEADE,0.003,0.009,0.0884,0.0305,0.0884,wind
KY,Menifee,MENIFEE,0.007,0.0051,0.0678,0.0819,0.0819,winter
KY,Mercer,MERCER,0.0008,0.0033,0.0634,0.0389,0.0634,wind
KY,Metcalfe,METCALFE,0.0041,0.0048,0.1044,0.0313,0.1044,wind
KY,Monroe,MONROE,0.0029,0.0041,0.078,0.0286,0.078,wind
KY,Montgomery,MONTGOMERY,0.002,0.0065,0.0945,0.0765,0.0945,wind
KY,Morgan,MORGAN,0.0134,0.006,0.0864,0.0701,0.0864,wind
KY,Muhlenberg,MUHLENBERG,0.0074,0.0167,0.0949,0.175,0.175,winter
KY,Nelson,NELSON,0.0027,0.0082,0.1054,0.0457,0.1054,wind
KY,Nicholas,NICHOLAS,0.0016,0.0062,0.0557,0.0478,0.0557,wind
KY,Ohio,OHIO,0.0048,0.0104,0.1124,0.0189,0.1124,wind
KY,Oldham,OLDHAM,0.0032,0.0088,0.1082,0.0276,0.1082,wind
KY,Owen,OWEN,0.002,0.0068,0.0996,0.0429,0.0996,wind
KY,Owsley,OWSLEY,0.0306,0.0051,0.0478,0.0719,0.0719,winter
KY,Pendleton,PENDLETON,0.0011,0.0067,0.094,0.033,0.094,wind
KY,Perry,PERRY,0.0338,0.0064,0.0684,0.068,0.0684,wind
KY,Pike,PIKE,0.0402,0.0165,0.0994,0.0679,0.0994,wind
KY,Powell,POWELL,0.0186,0.0078,0.0885,0.0729,0.0885,wind
KY,Pulaski,PULASKI,0.0144,0.0061,0.1202,0.0821,0.1202,wind
KY,Robertson,ROBERTSON,0.0044,0.0045,0.0342,0.0442,0.0442,winter
KY,Rockcastle,ROCKCASTLE,0.0161,0.0054,0.0776,0.0738,0.0776,wind
KY,Rowan,ROWAN,0.0266,0.0135,0.0862,0.0845,0.0862,wind
KY,Russell,RUSSELL,0.0056,0.0058,0.0925,0.0284,0.0925,wind
KY,Scott,SCOTT,0.0021,0.0067,0.0878,0.0329,0.0878,wind
KY,Shelby,SHELBY,0.0008,0.0053,0.1227,0.0465,0.1227,wind
KY,Simpson,SIMPSON,0.0008,0.0047,0.0928,0.0231,0.0928,wind
KY,Spencer,SPENCER,0.0015,0.0087,0.0761,0.0381,0.0761,wind
KY,Taylor,TAYLOR,0.0026,0.0072,0.1056,0.0486,0.1056,wind
KY,Todd,TODD,0.0025,0.0157,0.084,0.1846,0.1846,winter
KY,Trigg,TRIGG,0.0135,0.0152,0.0799,0.1962,0.1962,winter
KY,Trimble,TRIMBLE,0.0009,0.0067,0.0604,0.026,0.0604,wind
KY,Union,UNION,0.0012,0.0127,0.0543,0.1649,0.1649,winter
KY,Warren,WARREN,0.0035,0.0116,0.1322,0.0265,0.1322,wind
KY,Washington,WASHINGTON,0.0019,0.0037,0.0667,0.0537,0.0667,wind
KY,Wayne,WAYNE,0.0125,0.0034,0.1007,0.0644,0.1007,wind
KY,Webster,WEBSTER,0.0043,0.0121,0.0523,0.1884,0.1884,winter
KY,Whitley,WHITLEY,0.0373,0.0053,0.0929,0.0748,0.0929,wind
KY,Wolfe,WOLFE,0.0147,0.0036,0.0679,0.0747,0.0747,winter
KY,Woodford,WOODFORD,0.0005,0.0086,0.067,0.0306,0.067,wind
LA,Acadia,ACADIA,0.0019,0.0144,0.0871,0.0012,0.0871,wind
LA,Allen,ALLEN,0.0113,0.007,0.079,0.001,0.079,wind
LA,Ascension,ASCENSION,0.0027,0.0093,0.0813,0.0002,0.0813,wind
LA,Assumption,ASSUMPTION,0.0028,0.0074,0.0349,0.0004,0.0349,wind
LA,Avoyelles,AVOYELLES,0.0008,0.0137,0.0929,0.0023,0.0929,wind
LA,Beauregard,BEAUREGARD,0.0099,0.0124,0.098,0.0019,0.098,wind
LA,Bienville,BIENVILLE,0.0058,0.0049,0.1478,0.0021,0.1478,wind
LA,Bossier,BOSSIER,0.0061,0.0122,0.2108,0.0034,0.2108,wind
LA,Caddo,CADDO,0.0059,0.0171,0.2983,0.0038,0.2983,wind
LA,Calcasieu,CALCASIEU,0.0083,0.0403,0.1291,0.0015,0.1291,wind
LA,Caldwell,CALDWELL,0.0048,0.009,0.1042,0.0009,0.1042,wind
LA,Cameron,CAMERON,0.0401,0.0055,0.0739,0.0009,0.0739,wind
LA,Catahoula,CATAHOULA,0.002,0.0128,0.1137,0.0008,0.1137,wind
LA,Claiborne,CLAIBORNE,0.005,0.006,0.1351,0.0035,0.1351,wind
LA,Concordia,CONCORDIA,0.0025,0.017,0.0957,0.0007,0.0957,wind
LA,De Soto,DE SOTO,0.0062,0.0061,0.1622,0.0023,0.1622,wind
LA,East Baton Rouge,EAST BATON ROUGE,0.0021,0.0097,0.1235,0.001,0.1235,wind
LA,East Carroll,EAST CARROLL,0.0003,0.0244,0.1182,0.001,0.1182,wind
LA,East Feliciana,EAST FELICIANA,0.0043,0.0061,0.0629,0.0013,0.0629,wind
LA,Evangeline,EVANGELINE,0.0031,0.0132,0.0758,0.0012,0.0758,wind
LA,Franklin,FRANKLIN,0.001,0.0192,0.1534,0.0007,0.1534,wind
LA,Grant,GRANT,0.0324,0.0055,0.1127,0.0027,0.1127,wind
LA,Iberia,IBERIA,0.0023,0.0123,0.0857,0.0011,0.0857,wind
LA,Iberville,IBERVILLE,0.0039,0.0052,0.0469,0.0004,0.0469,wind
LA,Jackson,JACKSON,0.0043,0.0049,0.1031,0.0016,0.1031,wind
LA,Jefferson,JEFFERSON,0.0008,0.0117,0.1227,0.0009,0.1227,wind
LA,Jefferson Davis,JEFFERSON DAVIS,0.0017,0.0126,0.0654,0.0013,0.0654,wind
LA,Lafayette,LAFAYETTE,0.0006,0.016,0.103,0.001,0.103,wind
LA,Lafourche,LAFOURCHE,0.0028,0.0064,0.0599,0.0003,0.0599,wind
LA,Lasalle,LASALLE,0.008,0.0079,0.0001,0.0,0.008,fire
LA,Lincoln,LINCOLN,0.0044,0.01,0.1494,0.0026,0.1494,wind
LA,Livingston,LIVINGSTON,0.0027,0.0078,0.116,0.0004,0.116,wind
LA,Madison,MADISON,0.0017,0.0213,0.1179,0.0014,0.1179,wind
LA,Morehouse,MOREHOUSE,0.002,0.0234,0.1872,0.001,0.1872,wind
LA,Natchitoches,NATCHITOCHES,0.0393,0.0093,0.162,0.0031,0.162,wind
LA,Orleans,ORLEANS,0.0035,0.0151,0.1018,0.0006,0.1018,wind
LA,Ouachita,OUACHITA,0.0032,0.0233,0.175,0.0014,0.175,wind
LA,Plaquemines,PLAQUEMINES,0.0038,0.005,0.0468,0.0002,0.0468,wind
LA,Pointe Coupee,POINTE COUPEE,0.0024,0.0081,0.0069,0.0013,0.0081,flood
LA,Rapides,RAPIDES,0.0436,0.0111,0.1312,0.003,0.1312,wind
LA,Red River,RED RIVER,0.0038,0.0063,0.115,0.0022,0.115,wind
LA,Richland,RICHLAND,0.0008,0.0216,0.1456,0.0005,0.1456,wind
LA,Sabine,SABINE,0.0071,0.0045,0.1342,0.003,0.1342,wind
LA,St. Bernard,ST. BERNARD,0.0041,0.0053,0.028,0.0008,0.028,wind
LA,St. Charles,ST. CHARLES,0.0048,0.0097,0.0744,0.0002,0.0744,wind
LA,St. Helena,ST. HELENA,0.0042,0.0063,0.0581,0.0011,0.0581,wind
LA,St. James,ST. JAMES,0.0034,0.0069,0.0443,0.0003,0.0443,wind
LA,St. John The Baptist,ST. JOHN THE BAPTIST,0.0024,0.0054,0.0486,0.0004,0.0486,wind
LA,St. Landry,ST. LANDRY,0.0013,0.0108,0.1111,0.0013,0.1111,wind
LA,St. Martin,ST. MARTIN,0.0046,0.0081,0.056,0.0009,0.056,wind
LA,St. Mary,ST. MARY,0.0024,0.0078,0.0533,0.0005,0.0533,wind
LA,St. Tammany,ST. TAMMANY,0.0141,0.0158,0.1395,0.0008,0.1395,wind
LA,Tangipahoa,TANGIPAHOA,0.0043,0.012,0.1314,0.0007,0.1314,wind
LA,Tensas,TENSAS,0.0017,0.0157,0.1131,0.0008,0.1131,wind
LA,Terrebonne,TERREBONNE,0.0053,0.0079,0.0787,0.0002,0.0787,wind
LA,Union,UNION,0.0068,0.0061,0.1894,0.0027,0.1894,wind
LA,Vermilion,VERMILION,0.0024,0.0101,0.0595,0.0011,0.0595,wind
LA,Vernon,VERNON,0.0885,0.0101,0.1199,0.0026,0.1199,wind
LA,Washington,WASHINGTON,0.0069,0.0179,0.0873,0.0007,0.0873,wind
LA,Webster,WEBSTER,0.0056,0.0095,0.1949,0.0034,0.1949,wind
LA,West Baton Rouge,WEST BATON ROUGE,0.001,0.0067,0.0446,0.0006,0.0446,wind
LA,West Carroll,WEST CARROLL,0.0008,0.0157,0.1342,0.0015,0.1342,wind
LA,West Feliciana,WEST FELICIANA,0.0015,0.005,0.065,0.0019,0.065,wind
LA,Winn,WINN,0.0142,0.005,0.1404,0.0024,0.1404,wind
MA,Barnstable,BARNSTABLE,0.002,0.0162,0.0832,0.0256,0.0832,wind
MA,Berkshire,BERKSHIRE,0.0102,0.0099,0.0694,0.0889,0.0889,winter
MA,Bristol,BRISTOL,0.0015,0.0198,0.0717,0.0373,0.0717,wind
MA,Dukes,DUKES,0.0024,0.0044,0.0249,0.0159,0.0249,wind
MA,Essex,ESSEX,0.0012,0.0252,0.0594,0.0525,0.0594,wind
MA,Franklin,FRANKLIN,0.006,0.0189,0.0389,0.0668,0.0668,winter
MA,Hampden,HAMPDEN,0.0161,0.0207,0.055,0.0506,0.055,wind
MA,Hampshire,HAMPSHIRE,0.0055,0.0144,0.0536,0.0611,0.0611,winter
MA,Middlesex,MIDDLESEX,0.0031,0.0197,0.0826,0.0565,0.0826,wind
MA,Nantucket,NANTUCKET,0.0031,0.0067,0.0452,0.0173,0.0452,wind
MA,Norfolk,NORFOLK,0.0052,0.0184,0.1002,0.0555,0.1002,wind
MA,Plymouth,PLYMOUTH,0.0022,0.0201,0.0764,0.0335,0.0764,wind
MA,Suffolk,SUFFOLK,0.0009,0.0129,0.0539,0.0428,0.0539,wind
MA,Worcester,WORCESTER,0.0174,0.019,0.0812,0.0716,0.0812,wind
MD,Allegany,ALLEGANY,0.0116,0.0045,0.0886,0.1586,0.1586,winter
MD,Anne Arundel,ANNE ARUNDEL,0.0025,0.0024,0.1293,0.0805,0.1293,wind
MD,Baltimore,BALTIMORE,0.0036,0.0045,0.114,0.1004,0.114,wind
MD,Baltimore City,BALTIMORE CITY,0.0003,0.0001,0.0,0.0,0.0003,fire
MD,Calvert,CALVERT,0.0008,0.0006,0.0982,0.0642,0.0982,wind
MD,Caroline,CAROLINE,0.003,0.0017,0.053,0.023,0.053,wind
MD,Carroll,CARROLL,0.0017,0.0015,0.0741,0.107,0.107,winter
MD,Cecil,CECIL,0.01,0.0035,0.0916,0.0302,0.0916,wind
MD,Charles,CHARLES,0.001,0.001,0.1432,0.0818,0.1432,wind
MD,Dorchester,DORCHESTER,0.0142,0.0007,0.0663,0.0186,0.0663,wind
MD,Frederick,FREDERICK,0.0029,0.0036,0.1236,0.1269,0.1269,winter
MD,Garrett,GARRETT,0.0043,0.0084,0.0723,0.0834,0.0834,winter
MD,Harford,HARFORD,0.0041,0.0034,0.091,0.0932,0.0932,winter
MD,Howard,HOWARD,0.0028,0.0032,0.0829,0.1049,0.1049,winter
MD,Kent,KENT,0.0025,0.0014,0.0956,0.0268,0.0956,wind
MD,Montgomery,MONTGOMERY,0.003,0.0031,0.1511,0.0977,0.1511,wind
MD,Prince George'S,PRINCE GEORGE'S,0.0024,0.0024,0.1208,0.0009,0.1208,wind
MD,Queen Anne'S,QUEEN ANNE'S,0.001,0.001,0.0854,0.0006,0.0854,wind
MD,Somerset,SOMERSET,0.006,0.0014,0.0481,0.019,0.0481,wind
MD,St. Mary'S,ST. MARY'S,0.0008,0.001,0.1073,0.0569,0.1073,wind
MD,Talbot,TALBOT,0.0014,0.0008,0.0736,0.027,0.0736,wind
MD,Washington,WASHINGTON,0.0047,0.0028,0.0883,0.1248,0.1248,winter
MD,Wicomico,WICOMICO,0.0084,0.0016,0.0695,0.0188,0.0695,wind
MD,Worcester,WORCESTER,0.0061,0.0017,0.0451,0.0186,0.0451,wind
ME,Androscoggin,ANDROSCOGGIN,0.0033,0.0326,0.0142,0.092,0.092,winter
ME,Aroostook,AROOSTOOK,0.0225,0.0188,0.0397,0.1441,0.1441,winter
ME,Cumberland,CUMBERLAND,0.0069,0.0357,0.0227,0.0947,0.0947,winter
ME,Franklin,FRANKLIN,0.0039,0.0313,0.0134,0.1169,0.1169,winter
ME,Hancock,HANCOCK,0.0103,0.0085,0.0596,0.0851,0.0851,winter
ME,Kennebec,KENNEBEC,0.0038,0.0323,0.0103,0.0821,0.0821,winter
ME,Knox,KNOX,0.0012,0.0263,0.0095,0.0729,0.0729,winter
ME,Lincoln,LINCOLN,0.0029,0.0267,0.0123,0.0776,0.0776,winter
ME,Oxford,OXFORD,0.0154,0.0441,0.0168,0.124,0.124,winter
ME,Penobscot,PENOBSCOT,0.0189,0.0213,0.0476,0.1195,0.1195,winter
ME,Piscataquis,PISCATAQUIS,0.0102,0.0153,0.0318,0.1209,0.1209,winter
ME,Sagadahoc,SAGADAHOC,0.0019,0.0288,0.0095,0.0795,0.0795,winter
ME,Somerset,SOMERSET,0.0081,0.0364,0.0193,0.136,0.136,winter
ME,Waldo,WALDO,0.0045,0.0332,0.0115,0.0894,0.0894,winter
ME,Washington,WASHINGTON,0.0208,0.0061,0.0618,0.1072,0.1072,winter
ME,York,YORK,0.0272,0.043,0.0217,0.0978,0.0978,winter
MI,Alcona,ALCONA,0.0295,0.0046,0.0092,0.0656,0.0656,winter
MI,Alger,ALGER,0.0034,0.0029,0.0183,0.2485,0.2485,winter
MI,Allegan,ALLEGAN,0.003,0.0127,0.0341,0.043,0.043,winter
MI,Alpena,ALPENA,0.0065,0.0033,0.0091,0.0775,0.0775,winter
MI,Antrim,ANTRIM,0.006,0.0026,0.0181,0.1001,0.1001,winter
MI,Arenac,ARENAC,0.0074,0.0088,0.0151,0.0406,0.0406,winter
MI,Baraga,BARAGA,0.0171,0.0046,0.0125,0.2285,0.2285,winter
MI,Barry,BARRY,0.0044,0.0088,0.0247,0.0205,0.0247,wind
MI,Bay,BAY,0.0022,0.0141,0.0154,0.0031,0.0154,wind
MI,Benzie,BENZIE,0.0066,0.0035,0.009,0.0684,0.0684,winter
MI,Berrien,BERRIEN,0.0027,0.0074,0.0485,0.0324,0.0485,wind
MI,Branch,BRANCH,0.0015,0.0016,0.0488,0.0261,0.0488,wind
MI,Calhoun,CALHOUN,0.0044,0.0078,0.0247,0.0206,0.0247,wind
MI,Cass,CASS,0.0066,0.0045,0.0491,0.0289,0.0491,wind
MI,Charlevoix,CHARLEVOIX,0.0024,0.0021,0.0143,0.0919,0.0919,winter
MI,Cheboygan,CHEBOYGAN,0.0078,0.0023,0.0058,0.0792,0.0792,winter
MI,Chippewa,CHIPPEWA,0.0212,0.0046,0.0055,0.1016,0.1016,winter
MI,Clare,CLARE,0.0147,0.0085,0.0094,0.0416,0.0416,winter
MI,Clinton,CLINTON,0.0016,0.0089,0.0298,0.0243,0.0298,wind
MI,Crawford,CRAWFORD,0.0339,0.0017,0.01,0.0731,0.0731,winter
MI,Delta,DELTA,0.0178,0.0039,0.01,0.1828,0.1828,winter
MI,Dickinson,DICKINSON,0.0126,0.0048,0.0152,0.1722,0.1722,winter
MI,Eaton,EATON,0.002,0.0086,0.019,0.0216,0.0216,winter
MI,Emmet,EMMET,0.0059,0.0064,0.0081,0.0962,0.0962,winter
MI,Genesee,GENESEE,0.0042,0.0119,0.0722,0.0466,0.0722,wind
MI,Gladwin,GLADWIN,0.0128,0.0087,0.0174,0.0402,0.0402,winter
MI,Gogebic,GOGEBIC,0.0083,0.0074,0.0266,0.2646,0.2646,winter
MI,Grand Traverse,GRAND TRAVERSE,0.0085,0.0086,0.0115,0.0837,0.0837,winter
MI,Gratiot,GRATIOT,0.0014,0.006,0.0219,0.0298,0.0298,winter
MI,Hillsdale,HILLSDALE,0.0014,0.0033,0.0438,0.0257,0.0438,wind
MI,Houghton,HOUGHTON,0.0077,0.004,0.0318,0.2927,0.2927,winter
MI,Huron,HURON,0.0022,0.0083,0.0406,0.0542,0.0542,winter
MI,Ingham,INGHAM,0.002,0.0056,0.0356,0.0238,0.0356,wind
MI,Ionia,IONIA,0.0028,0.0133,0.0224,0.0233,0.0233,winter
MI,Iosco,IOSCO,0.0884,0.0083,0.012,0.0566,0.0884,fire
MI,Iron,IRON,0.0071,0.0028,0.0251,0.1765,0.1765,winter
MI,Isabella,ISABELLA,0.0061,0.0091,0.023,0.0367,0.0367,winter
MI,Jackson,JACKSON,0.004,0.0053,0.0346,0.0259,0.0346,wind
MI,Kalamazoo,KALAMAZOO,0.0031,0.0102,0.0271,0.0252,0.0271,wind
MI,Kalkaska,KALKASKA,0.0115,0.0039,0.0137,0.0891,0.0891,winter
MI,Kent,KENT,0.0043,0.0154,0.0444,0.0349,0.0444,wind
MI,Keweenaw,KEWEENAW,0.0029,0.0034,0.0113,0.207,0.207,winter
MI,Lake,LAKE,0.0629,0.0105,0.0203,0.0453,0.0629,fire
MI,Lapeer,LAPEER,0.0031,0.0086,0.062,0.0495,0.062,wind
MI,Leelanau,LEELANAU,0.0022,0.0039,0.0111,0.1028,0.1028,winter
MI,Lenawee,LENAWEE,0.0013,0.0037,0.0543,0.0277,0.0543,wind
MI,Livingston,LIVINGSTON,0.0043,0.0053,0.066,0.0462,0.066,wind
MI,Luce,LUCE,0.0039,0.0041,0.0097,0.1797,0.1797,winter
MI,Mackinac,MACKINAC,0.0089,0.0032,0.0052,0.0792,0.0792,winter
MI,Macomb,MACOMB,0.0059,0.0071,0.09,0.0474,0.09,wind
MI,Manistee,MANISTEE,0.0246,0.0056,0.0272,0.0687,0.0687,winter
MI,Marquette,MARQUETTE,0.0121,0.0084,0.0338,0.2922,0.2922,winter
MI,Mason,MASON,0.0607,0.0093,0.0305,0.0559,0.0607,fire
MI,Mecosta,MECOSTA,0.0042,0.0129,0.0169,0.0329,0.0329,winter
MI,Menominee,MENOMINEE,0.0116,0.0078,0.0112,0.1557,0.1557,winter
MI,Midland,MIDLAND,0.0083,0.0139,0.0327,0.0455,0.0455,winter
MI,Missaukee,MISSAUKEE,0.0093,0.0055,0.0132,0.0616,0.0616,winter
MI,Monroe,MONROE,0.0014,0.0067,0.0613,0.0265,0.0613,wind
MI,Montcalm,MONTCALM,0.0047,0.0075,0.0254,0.0303,0.0303,winter
MI,Montmorency,MONTMORENCY,0.0135,0.0017,0.0103,0.0721,0.0721,winter
MI,Muskegon,MUSKEGON,0.0016,0.0122,0.0337,0.0559,0.0559,winter
MI,Newaygo,NEWAYGO,0.0309,0.0134,0.0283,0.0405,0.0405,winter
MI,Oakland,OAKLAND,0.0039,0.0063,0.1001,0.0475,0.1001,wind
MI,Oceana,OCEANA,0.0158,0.0101,0.023,0.0507,0.0507,winter
MI,Ogemaw,OGEMAW,0.0184,0.0064,0.0101,0.0501,0.0501,winter
MI,Ontonagon,ONTONAGON,0.0087,0.0074,0.0194,0.2659,0.2659,winter
MI,Osceola,OSCEOLA,0.0105,0.0097,0.0171,0.042,0.042,winter
MI,Oscoda,OSCODA,0.0364,0.0038,0.0107,0.0652,0.0652,winter
MI,Otsego,OTSEGO,0.0099,0.0018,0.0138,0.0928,0.0928,winter
MI,Ottawa,OTTAWA,0.0028,0.0163,0.025,0.0478,0.0478,winter
MI,Presque Isle,PRESQUE ISLE,0.005,0.0031,0.0051,0.0708,0.0708,winter
MI,Roscommon,ROSCOMMON,0.0184,0.0057,0.017,0.0618,0.0618,winter
MI,Saginaw,SAGINAW,0.003,0.0176,0.0494,0.0479,0.0494,wind
MI,Sanilac,SANILAC,0.0018,0.0122,0.0501,0.0547,0.0547,winter
MI,Schoolcraft,SCHOOLCRAFT,0.0142,0.0025,0.0094,0.1756,0.1756,winter
MI,Shiawassee,SHIAWASSEE,0.0014,0.0068,0.0533,0.0408,0.0533,wind
MI,St. Clair,ST. CLAIR,0.003,0.012,0.0682,0.048,0.0682,wind
MI,St. Joseph,ST. JOSEPH,0.0014,0.0036,0.0404,0.0259,0.0404,wind
MI,Tuscola,TUSCOLA,0.0066,0.0101,0.0519,0.0512,0.0519,wind
MI,Van Buren,VAN BUREN,0.0023,0.0107,0.0289,0.0277,0.0289,wind
MI,Washtenaw,WASHTENAW,0.0049,0.0066,0.0822,0.0369,0.0822,wind
MI,Wayne,WAYNE,0.0014,0.0091,0.0835,0.0394,0.0835,wind
MI,Wexford,WEXFORD,0.0364,0.0089,0.0208,0.0599,0.0599,winter
MN,Aitkin,AITKIN,0.0255,0.0035,0.0147,0.0944,0.0944,winter
MN,Anoka,ANOKA,0.0093,0.006,0.016,0.0778,0.0778,winter
MN,Becker,BECKER,0.0689,0.0032,0.0232,0.1287,0.1287,winter
MN,Beltrami,BELTRAMI,0.1231,0.0016,0.0116,0.1084,0.1231,fire
MN,Benton,BENTON,0.0055,0.0085,0.0129,0.0812,0.0812,winter
MN,Big Stone,BIG STONE,0.0058,0.0076,0.0228,0.1219,0.1219,winter
MN,Blue Earth,BLUE EARTH,0.0031,0.0084,0.0277,0.0788,0.0788,winter
MN,Brown,BROWN,0.0052,0.0051,0.025,0.0844,0.0844,winter
MN,Carlton,CARLTON,0.0187,0.0038,0.0136,0.132,0.132,winter
MN,Carver,CARVER,0.0029,0.0033,0.0246,0.0861,0.0861,winter
MN,Cass,CASS,0.1028,0.0008,0.0275,0.1014,0.1028,fire
MN,Chippewa,CHIPPEWA,0.004,0.0092,0.0243,0.0896,0.0896,winter
MN,Chisago,CHISAGO,0.01,0.0037,0.0168,0.0742,0.0742,winter
MN,Clay,CLAY,0.0145,0.0194,0.0338,0.126,0.126,winter
MN,Clearwater,CLEARWATER,0.0939,0.0013,0.0121,0.1111,0.1111,winter
MN,Cook,COOK,0.0247,0.0019,0.0097,0.1761,0.1761,winter
MN,Cottonwood,COTTONWOOD,0.0026,0.0047,0.0359,0.1281,0.1281,winter
MN,Crow Wing,CROW WING,0.0121,0.0026,0.0221,0.0841,0.0841,winter
MN,Dakota,DAKOTA,0.0029,0.0064,0.0281,0.0788,0.0788,winter
MN,Dodge,DODGE,0.0073,0.0059,0.0235,0.0917,0.0917,winter
MN,Douglas,DOUGLAS,0.0064,0.003,0.0204,0.0872,0.0872,winter
MN,Faribault,FARIBAULT,0.0016,0.0036,0.0455,0.0775,0.0775,winter
MN,Fillmore,FILLMORE,0.0057,0.0073,0.0418,0.0698,0.0698,winter
MN,Freeborn,FREEBORN,0.0023,0.0068,0.0322,0.0756,0.0756,winter
MN,Goodhue,GOODHUE,0.0046,0.0052,0.03,0.0869,0.0869,winter
MN,Grant,GRANT,0.0059,0.0043,0.0233,0.1123,0.1123,winter
MN,Hennepin,HENNEPIN,0.0024,0.0027,0.0272,0.0896,0.0896,winter
MN,Houston,HOUSTON,0.0104,0.0084,0.0283,0.0675,0.0675,winter
MN,Hubbard,HUBBARD,0.0369,0.001,0.0159,0.1145,0.1145,winter
MN,Isanti,ISANTI,0.0074,0.0021,0.0131,0.0766,0.0766,winter
MN,Itasca,ITASCA,0.0779,0.0014,0.0229,0.1034,0.1034,winter
MN,Jackson,JACKSON,0.003,0.0051,0.0445,0.1257,0.1257,winter
MN,Kanabec,KANABEC,0.0156,0.0034,0.0094,0.0827,0.0827,winter
MN,Kandiyohi,KANDIYOHI,0.0091,0.0032,0.0232,0.0933,0.0933,winter
MN,Kittson,KITTSON,0.0313,0.0156,0.0182,0.0827,0.0827,winter
MN,Koochiching,KOOCHICHING,0.0349,0.0042,0.0042,0.0922,0.0922,winter
MN,Lac Qui Parle,LAC QUI PARLE,0.004,0.0064,0.0239,0.1171,0.1171,winter
MN,Lake,LAKE,0.0465,0.0024,0.0124,0.2353,0.2353,winter
MN,Lake Of The Woods,LAKE OF THE WOODS,0.0314,0.002,0.0056,0.0866,0.0866,winter
MN,Le Sueur,LE SUEUR,0.0027,0.0035,0.0253,0.0817,0.0817,winter
MN,Lincoln,LINCOLN,0.0069,0.0058,0.0217,0.1435,0.1435,winter
MN,Lyon,LYON,0.0042,0.0063,0.0365,0.1307,0.1307,winter
MN,Mahnomen,MAHNOMEN,0.0462,0.0028,0.0162,0.1117,0.1117,winter
MN,Marshall,MARSHALL,0.0333,0.0087,0.017,0.0903,0.0903,winter
MN,Martin,MARTIN,0.0024,0.0044,0.0367,0.0854,0.0854,winter
MN,Mcleod,MCLEOD,0.0016,0.0034,0.0324,0.0926,0.0926,winter
MN,Meeker,MEEKER,0.0033,0.0042,0.0162,0.0852,0.0852,winter
MN,Mille Lacs,MILLE LACS,0.0111,0.0033,0.0128,0.0882,0.0882,winter
MN,Morrison,MORRISON,0.0352,0.0066,0.0236,0.0848,0.0848,winter
MN,Mower,MOWER,0.0055,0.0099,0.0417,0.0852,0.0852,winter
MN,Murray,MURRAY,0.0037,0.006,0.0328,0.135,0.135,winter
MN,Nicollet,NICOLLET,0.0022,0.0057,0.0179,0.0808,0.0808,winter
MN,Nobles,NOBLES,0.0038,0.0028,0.0492,0.1325,0.1325,winter
MN,Norman,NORMAN,0.0045,0.0184,0.0332,0.1005,0.1005,winter
MN,Olmsted,OLMSTED,0.0131,0.0068,0.0315,0.0951,0.0951,winter
MN,Otter Tail,OTTER TAIL,0.0381,0.0028,0.0367,0.1265,0.1265,winter
MN,Pennington,PENNINGTON,0.0469,0.0056,0.0105,0.0937,0.0937,winter
MN,Pine,PINE,0.034,0.0041,0.0091,0.0897,0.0897,winter
MN,Pipestone,PIPESTONE,0.0037,0.0062,0.0214,0.1428,0.1428,winter
MN,Polk,POLK,0.0354,0.0111,0.0355,0.1037,0.1037,winter
MN,Pope,POPE,0.0139,0.0036,0.0201,0.0876,0.0876,winter
MN,Ramsey,RAMSEY,0.0029,0.0047,0.017,0.0813,0.0813,winter
MN,Red Lake,RED LAKE,0.0089,0.0061,0.0114,0.0965,0.0965,winter
MN,Redwood,REDWOOD,0.0034,0.0052,0.0252,0.0829,0.0829,winter
MN,Renville,RENVILLE,0.0024,0.0124,0.0255,0.0874,0.0874,winter
MN,Rice,RICE,0.0035,0.0054,0.0319,0.082,0.082,winter
MN,Rock,ROCK,0.0022,0.0041,0.0328,0.1324,0.1324,winter
MN,Roseau,ROSEAU,0.0459,0.0052,0.0091,0.0855,0.0855,winter
MN,Scott,SCOTT,0.0022,0.0067,0.0214,0.0841,0.0841,winter
MN,Sherburne,SHERBURNE,0.0179,0.004,0.0155,0.0785,0.0785,winter
MN,Sibley,SIBLEY,0.0025,0.0037,0.0209,0.0915,0.0915,winter
MN,St. Louis,ST. LOUIS,0.0734,0.0024,0.0328,0.1821,0.1821,winter
MN,Stearns,STEARNS,0.01,0.0041,0.0243,0.0965,0.0965,winter
MN,Steele,STEELE,0.0032,0.0062,0.0235,0.0823,0.0823,winter
MN,Stevens,STEVENS,0.0038,0.0054,0.019,0.0916,0.0916,winter
MN,Swift,SWIFT,0.0029,0.0065,0.0261,0.0953,0.0953,winter
MN,Todd,TODD,0.0139,0.0034,0.0122,0.0903,0.0903,winter
MN,Traverse,TRAVERSE,0.0028,0.0066,0.0238,0.1041,0.1041,winter
MN,Wabasha,WABASHA,0.0038,0.0053,0.0222,0.0848,0.0848,winter
MN,Wadena,WADENA,0.0416,0.0024,0.0143,0.1036,0.1036,winter
MN,Waseca,WASECA,0.0037,0.0037,0.0341,0.0791,0.0791,winter
MN,Washington,WASHINGTON,0.0038,0.0029,0.0194,0.0887,0.0887,winter
MN,Watonwan,WATONWAN,0.0023,0.0034,0.0204,0.0715,0.0715,winter
MN,Wilkin,WILKIN,0.0028,0.0175,0.0358,0.1218,0.1218,winter
MN,Winona,WINONA,0.0054,0.0144,0.0173,0.0807,0.0807,winter
MN,Wright,WRIGHT,0.0047,0.0051,0.0164,0.0789,0.0789,winter
MN,Yellow Medicine,YELLOW MEDICINE,0.003,0.0039,0.0217,0.0991,0.0991,winter
MO,Adair,ADAIR,0.0029,0.0059,0.048,0.0244,0.048,wind
MO,Andrew,ANDREW,0.0023,0.0024,0.0431,0.0208,0.0431,wind
MO,Atchison,ATCHISON,0.0029,0.002,0.057,0.0166,0.057,wind
MO,Audrain,AUDRAIN,0.0008,0.0026,0.0561,0.0119,0.0561,wind
MO,Barry,BARRY,0.0178,0.0131,0.1513,0.0136,0.1513,wind
MO,Barton,BARTON,0.0031,0.0044,0.1155,0.0126,0.1155,wind
MO,Bates,BATES,0.0016,0.003,0.0591,0.019,0.0591,wind
MO,Benton,BENTON,0.0073,0.0062,0.0636,0.0206,0.0636,wind
MO,Bollinger,BOLLINGER,0.0105,0.0145,0.0834,0.1576,0.1576,winter
MO,Boone,BOONE,0.0045,0.0071,0.1104,0.0149,0.1104,wind
MO,Buchanan,BUCHANAN,0.0027,0.0036,0.0653,0.0177,0.0653,wind
MO,Butler,BUTLER,0.0167,0.0379,0.1246,0.1032,0.1246,wind
MO,Caldwell,CALDWELL,0.0013,0.0013,0.0448,0.0212,0.0448,wind
MO,Callaway,CALLAWAY,0.0035,0.0052,0.0949,0.0116,0.0949,wind
MO,Camden,CAMDEN,0.0165,0.0096,0.0756,0.0137,0.0756,wind
MO,Cape Girardeau,CAPE GIRARDEAU,0.0025,0.0346,0.1284,0.1606,0.1606,winter
MO,Carroll,CARROLL,0.0005,0.0024,0.0395,0.0163,0.0395,wind
MO,Carter,CARTER,0.0432,0.0164,0.0489,0.1194,0.1194,winter
MO,Cass,CASS,0.0008,0.002,0.0835,0.0272,0.0835,wind
MO,Cedar,CEDAR,0.0123,0.0103,0.0899,0.0139,0.0899,wind
MO,Chariton,CHARITON,0.0017,0.0031,0.0408,0.0179,0.0408,wind
MO,Christian,CHRISTIAN,0.0264,0.0168,0.1657,0.0175,0.1657,wind
MO,Clark,CLARK,0.0023,0.0074,0.0499,0.0528,0.0528,winter
MO,Clay,CLAY,0.0013,0.0018,0.0806,0.0205,0.0806,wind
MO,Clinton,CLINTON,0.0012,0.0012,0.0713,0.0231,0.0713,wind
MO,Cole,COLE,0.0019,0.0046,0.0587,0.0099,0.0587,wind
MO,Cooper,COOPER,0.0008,0.0035,0.0439,0.0147,0.0439,wind
MO,Crawford,CRAWFORD,0.0306,0.011,0.0663,0.011,0.0663,wind
MO,Dade,DADE,0.0033,0.0076,0.0941,0.0155,0.0941,wind
MO,Dallas,DALLAS,0.0157,0.0088,0.0793,0.0124,0.0793,wind
MO,Daviess,DAVIESS,0.0012,0.0018,0.0677,0.0271,0.0677,wind
MO,Dekalb,DEKALB,0.0017,0.0013,0.0,0.0,0.0017,fire
MO,Dent,DENT,0.0307,0.0109,0.066,0.016,0.066,wind
MO,Douglas,DOUGLAS,0.0218,0.0104,0.1256,0.0126,0.1256,wind
MO,Dunklin,DUNKLIN,0.0008,0.012,0.1154,0.0162,0.1154,wind
MO,Franklin,FRANKLIN,0.0038,0.0083,0.1298,0.0148,0.1298,wind
MO,Gasconade,GASCONADE,0.0059,0.0046,0.072,0.0127,0.072,wind
MO,Gentry,GENTRY,0.0011,0.002,0.0394,0.0266,0.0394,wind
MO,Greene,GREENE,0.0031,0.0153,0.2009,0.0234,0.2009,wind
MO,Grundy,GRUNDY,0.0014,0.0028,0.0587,0.0248,0.0587,wind
MO,Harrison,HARRISON,0.0014,0.0012,0.0487,0.0288,0.0487,wind
MO,Henry,HENRY,0.003,0.0064,0.0539,0.0269,0.0539,wind
MO,Hickory,HICKORY,0.0214,0.0063,0.0696,0.013,0.0696,wind
MO,Holt,HOLT,0.0037,0.003,0.0333,0.0142,0.0333,wind
MO,Howard,HOWARD,0.0015,0.0047,0.0325,0.0134,0.0325,wind
MO,Howell,HOWELL,0.0397,0.0172,0.1507,0.0133,0.1507,wind
MO,Iron,IRON,0.0328,0.0066,0.0681,0.0082,0.0681,wind
MO,Jackson,JACKSON,0.0009,0.0037,0.1114,0.0218,0.1114,wind
MO,Jasper,JASPER,0.0026,0.0131,0.1747,0.0179,0.1747,wind
MO,Jefferson,JEFFERSON,0.0017,0.0075,0.0903,0.0114,0.0903,wind
MO,Johnson,JOHNSON,0.0013,0.0058,0.0989,0.0237,0.0989,wind
MO,Knox,KNOX,0.0008,0.0018,0.0338,0.0141,0.0338,wind
MO,Laclede,LACLEDE,0.0327,0.0143,0.091,0.0137,0.091,wind
MO,Lafayette,LAFAYETTE,0.0011,0.0021,0.0788,0.0178,0.0788,wind
MO,Lawrence,LAWRENCE,0.0024,0.0099,0.1167,0.0163,0.1167,wind
MO,Lewis,LEWIS,0.0017,0.0028,0.042,0.0122,0.042,wind
MO,Lincoln,LINCOLN,0.0029,0.0076,0.0747,0.0119,0.0747,wind
MO,Linn,LINN,0.0017,0.0028,0.0431,0.0191,0.0431,wind
MO,Livingston,LIVINGSTON,0.0019,0.0021,0.0479,0.0223,0.0479,wind
MO,Macon,MACON,0.0021,0.0021,0.0507,0.0148,0.0507,wind
MO,Madison,MADISON,0.0233,0.0125,0.0587,0.0131,0.0587,wind
MO,Maries,MARIES,0.0058,0.006,0.068,0.0172,0.068,wind
MO,Marion,MARION,0.0019,0.0032,0.0548,0.0129,0.0548,wind
MO,Mcdonald,MCDONALD,0.016,0.0163,0.1077,0.0077,0.1077,wind
MO,Mercer,MERCER,0.0021,0.0026,0.0332,0.0269,0.0332,wind
MO,Miller,MILLER,0.0052,0.007,0.0788,0.0109,0.0788,wind
MO,Mississippi,MISSISSIPPI,0.0004,0.0131,0.0725,0.1378,0.1378,winter
MO,Moniteau,MONITEAU,0.0014,0.0019,0.0638,0.0108,0.0638,wind
MO,Monroe,MONROE,0.0021,0.003,0.0537,0.0124,0.0537,wind
MO,Montgomery,MONTGOMERY,0.0015,0.005,0.0716,0.0093,0.0716,wind
MO,Morgan,MORGAN,0.0092,0.0057,0.0673,0.0156,0.0673,wind
MO,New Madrid,NEW MADRID,0.0003,0.0115,0.0706,0.1045,0.1045,winter
MO,Newton,NEWTON,0.0088,0.0137,0.1352,0.0104,0.1352,wind
MO,Nodaway,NODAWAY,0.001,0.0018,0.0608,0.0253,0.0608,wind
MO,Oregon,OREGON,0.0293,0.0153,0.0742,0.0173,0.0742,wind
MO,Osage,OSAGE,0.0031,0.0036,0.0423,0.0112,0.0423,wind
MO,Ozark,OZARK,0.0412,0.0166,0.1195,0.0158,0.1195,wind
MO,Pemiscot,PEMISCOT,0.0006,0.0045,0.0939,0.013,0.0939,wind
MO,Perry,PERRY,0.0047,0.0128,0.0724,0.1836,0.1836,winter
MO,Pettis,PETTIS,0.0009,0.0028,0.0625,0.0164,0.0625,wind
MO,Phelps,PHELPS,0.0282,0.0105,0.0822,0.0114,0.0822,wind
MO,Pike,PIKE,0.0028,0.0039,0.0595,0.0118,0.0595,wind
MO,Platte,PLATTE,0.0024,0.0031,0.0818,0.0202,0.0818,wind
MO,Polk,POLK,0.008,0.0135,0.1261,0.017,0.1261,wind
MO,Pulaski,PULASKI,0.0248,0.0115,0.0799,0.011,0.0799,wind
MO,Putnam,PUTNAM,0.0015,0.0023,0.0399,0.033,0.0399,wind
MO,Ralls,RALLS,0.0023,0.0052,0.05,0.0148,0.05,wind
MO,Randolph,RANDOLPH,0.002,0.0034,0.0475,0.0133,0.0475,wind
MO,Ray,RAY,0.0009,0.0021,0.0431,0.0012,0.0431,wind
MO,Reynolds,REYNOLDS,0.0469,0.0097,0.0491,0.0152,0.0491,wind
MO,Ripley,RIPLEY,0.0282,0.0195,0.0778,0.1107,0.1107,winter
MO,Saline,SALINE,0.0009,0.003,0.0443,0.0173,0.0443,wind
MO,Schuyler,SCHUYLER,0.001,0.002,0.021,0.0305,0.0305,winter
MO,Scotland,SCOTLAND,0.0013,0.0026,0.0369,0.0526,0.0526,winter
MO,Scott,SCOTT,0.001,0.0265,0.0951,0.1432,0.1432,winter
MO,Shannon,SHANNON,0.0786,0.0139,0.0957,0.0142,0.0957,wind
MO,Shelby,SHELBY,0.001,0.0023,0.0464,0.0128,0.0464,wind
MO,St. Charles,ST. CHARLES,0.0018,0.0083,0.128,0.0133,0.128,wind
MO,St. Clair,ST. CLAIR,0.0111,0.0065,0.0631,0.0188,0.0631,wind
MO,St. Francois,ST. FRANCOIS,0.0065,0.0092,0.0866,0.0093,0.0866,wind
MO,St. Louis,ST. LOUIS,0.0008,0.0052,0.1492,0.014,0.1492,wind
MO,St. Louis City,ST. LOUIS CITY,0.0004,0.0004,0.0,0.0,0.0004,fire
MO,Ste. Genevieve,STE. GENEVIEVE,0.0057,0.0074,0.0558,0.0089,0.0558,wind
MO,Stoddard,STODDARD,0.0012,0.0202,0.1183,0.111,0.1183,wind
MO,Stone,STONE,0.0157,0.0208,0.1132,0.0145,0.1132,wind
MO,Sullivan,SULLIVAN,0.0018,0.003,0.0402,0.0248,0.0402,wind
MO,Taney,TANEY,0.0563,0.0193,0.1389,0.0183,0.1389,wind
MO,Texas,TEXAS,0.0229,0.0164,0.1044,0.0122,0.1044,wind
MO,Vernon,VERNON,0.004,0.0066,0.0911,0.0167,0.0911,wind
MO,Warren,WARREN,0.0047,0.0061,0.0664,0.0116,0.0664,wind
MO,Washington,WASHINGTON,0.0497,0.0054,0.0694,0.0076,0.0694,wind
MO,Wayne,WAYNE,0.057,0.0186,0.0647,0.1183,0.1183,winter
MO,Webster,WEBSTER,0.0122,0.0146,0.1234,0.016,0.1234,wind
MO,Worth,WORTH,0.0019,0.0017,0.0313,0.029,0.0313,wind
MO,Wright,WRIGHT,0.0199,0.0139,0.0959,0.0118,0.0959,wind
MS,Adams,ADAMS,0.0033,0.0108,0.1444,0.0011,0.1444,wind
MS,Alcorn,ALCORN,0.0084,0.0116,0.0911,0.0088,0.0911,wind
MS,Amite,AMITE,0.0158,0.0042,0.0698,0.0013,0.0698,wind
MS,Attala,ATTALA,0.0137,0.0282,0.161,0.0036,0.161,wind
MS,Benton,BENTON,0.0285,0.0112,0.0532,0.0111,0.0532,wind
MS,Bolivar,BOLIVAR,0.0006,0.0316,0.1495,0.0033,0.1495,wind
MS,Calhoun,CALHOUN,0.0084,0.0172,0.0974,0.0037,0.0974,wind
MS,Carroll,CARROLL,0.0082,0.0138,0.127,0.0025,0.127,wind
MS,Chickasaw,CHICKASAW,0.0078,0.0129,0.1021,0.0036,0.1021,wind
MS,Choctaw,CHOCTAW,0.0159,0.0144,0.0874,0.0035,0.0874,wind
MS,Claiborne,CLAIBORNE,0.0064,0.0116,0.1241,0.0008,0.1241,wind
MS,Clarke,CLARKE,0.0147,0.015,0.1751,0.0009,0.1751,wind
MS,Clay,CLAY,0.0083,0.0181,0.1038,0.0036,0.1038,wind
MS,Coahoma,COAHOMA,0.0006,0.012,0.0817,0.0026,0.0817,wind
MS,Copiah,COPIAH,0.0058,0.0132,0.1751,0.0008,0.1751,wind
MS,Covington,COVINGTON,0.0038,0.0245,0.1414,0.0012,0.1414,wind
MS,Desoto,DESOTO,0.004,0.013,0.0001,0.0,0.013,flood
MS,Forrest,FORREST,0.056,0.0457,0.1759,0.0011,0.1759,wind
MS,Franklin,FRANKLIN,0.0246,0.0069,0.1049,0.0019,0.1049,wind
MS,George,GEORGE,0.0224,0.01,0.0746,0.0004,0.0746,wind
MS,Greene,GREENE,0.0255,0.0069,0.0813,0.0007,0.0813,wind
MS,Grenada,GRENADA,0.0118,0.0351,0.1683,0.0029,0.1683,wind
MS,Hancock,HANCOCK,0.0397,0.0157,0.0861,0.0006,0.0861,wind
MS,Harrison,HARRISON,0.0965,0.0214,0.1099,0.0002,0.1099,wind
MS,Hinds,HINDS,0.0032,0.0731,0.2526,0.0011,0.2526,wind
MS,Holmes,HOLMES,0.0057,0.0205,0.1322,0.0028,0.1322,wind
MS,Humphreys,HUMPHREYS,0.0005,0.0123,0.0973,0.0011,0.0973,wind
MS,Issaquena,ISSAQUENA,0.0017,0.0096,0.0793,0.0008,0.0793,wind
MS,Itawamba,ITAWAMBA,0.0206,0.008,0.0848,0.0041,0.0848,wind
MS,Jackson,JACKSON,0.0986,0.0162,0.0762,0.0003,0.0986,fire
MS,Jasper,JASPER,0.0187,0.0127,0.1768,0.001,0.1768,wind
MS,Jefferson,JEFFERSON,0.0051,0.0055,0.1152,0.0015,0.1152,wind
MS,Jefferson Davis,JEFFERSON DAVIS,0.0057,0.0125,0.16,0.0014,0.16,wind
MS,Jones,JONES,0.0192,0.0355,0.2125,0.0016,0.2125,wind
MS,Kemper,KEMPER,0.0073,0.0106,0.136,0.0032,0.136,wind
MS,Lafayette,LAFAYETTE,0.0194,0.0182,0.0872,0.0054,0.0872,wind
MS,Lamar,LAMAR,0.0319,0.0404,0.1612,0.0009,0.1612,wind
MS,Lauderdale,LAUDERDALE,0.0101,0.0374,0.2083,0.0017,0.2083,wind
MS,Lawrence,LAWRENCE,0.0065,0.0269,0.1582,0.001,0.1582,wind
MS,Leake,LEAKE,0.009,0.0324,0.1924,0.0011,0.1924,wind
MS,Lee,LEE,0.0041,0.0175,0.1345,0.0026,0.1345,wind
MS,Leflore,LEFLORE,0.0012,0.0285,0.1191,0.0023,0.1191,wind
MS,Lincoln,LINCOLN,0.0052,0.0183,0.1536,0.0016,0.1536,wind
MS,Lowndes,LOWNDES,0.0057,0.0311,0.1694,0.0035,0.1694,wind
MS,Madison,MADISON,0.0033,0.0506,0.242,0.0011,0.242,wind
MS,Marion,MARION,0.0138,0.037,0.1532,0.0012,0.1532,wind
MS,Marshall,MARSHALL,0.0197,0.0142,0.0829,0.0082,0.0829,wind
MS,Monroe,MONROE,0.0087,0.0167,0.1166,0.0041,0.1166,wind
MS,Montgomery,MONTGOMERY,0.0083,0.0197,0.0971,0.0032,0.0971,wind
MS,Neshoba,NESHOBA,0.0111,0.0236,0.1797,0.0017,0.1797,wind
MS,Newton,NEWTON,0.0079,0.0228,0.1777,0.0006,0.1777,wind
MS,Noxubee,NOXUBEE,0.0059,0.0131,0.1079,0.0027,0.1079,wind
MS,Oktibbeha,OKTIBBEHA,0.0074,0.0166,0.1252,0.0033,0.1252,wind
MS,Panola,PANOLA,0.0065,0.0146,0.1081,0.0052,0.1081,wind
MS,Pearl River,PEARL RIVER,0.0295,0.0164,0.103,0.0007,0.103,wind
MS,Perry,PERRY,0.1285,0.0123,0.0948,0.0003,0.1285,fire
MS,Pike,PIKE,0.0061,0.0082,0.0882,0.0009,0.0882,wind
MS,Pontotoc,PONTOTOC,0.0076,0.0116,0.1277,0.0037,0.1277,wind
MS,Prentiss,PRENTISS,0.0032,0.013,0.1005,0.0045,0.1005,wind
MS,Quitman,QUITMAN,0.0006,0.0076,0.0487,0.0027,0.0487,wind
MS,Rankin,RANKIN,0.0065,0.0684,0.241,0.0013,0.241,wind
MS,Scott,SCOTT,0.0464,0.0274,0.1793,0.0012,0.1793,wind
MS,Sharkey,SHARKEY,0.0006,0.0181,0.0999,0.0007,0.0999,wind
MS,Simpson,SIMPSON,0.005,0.0188,0.1639,0.0007,0.1639,wind
MS,Smith,SMITH,0.0225,0.0177,0.1926,0.0012,0.1926,wind
MS,Stone,STONE,0.0511,0.0089,0.0765,0.0005,0.0765,wind
MS,Sunflower,SUNFLOWER,0.0005,0.0283,0.1419,0.0018,0.1419,wind
MS,Tallahatchie,TALLAHATCHIE,0.0033,0.0134,0.0804,0.0017,0.0804,wind
MS,Tate,TATE,0.0054,0.0134,0.0599,0.0042,0.0599,wind
MS,Tippah,TIPPAH,0.0172,0.0114,0.0816,0.0108,0.0816,wind
MS,Tishomingo,TISHOMINGO,0.0207,0.0097,0.1184,0.0075,0.1184,wind
MS,Tunica,TUNICA,0.0014,0.0128,0.0843,0.0051,0.0843,wind
MS,Union,UNION,0.0111,0.0179,0.1003,0.0064,0.1003,wind
MS,Walthall,WALTHALL,0.0031,0.0081,0.0781,0.001,0.0781,wind
MS,Warren,WARREN,0.0024,0.0499,0.224,0.001,0.224,wind
MS,Washington,WASHINGTON,0.0008,0.0313,0.1393,0.0017,0.1393,wind
MS,Wayne,WAYNE,0.054,0.0088,0.1096,0.0017,0.1096,wind
MS,Webster,WEBSTER,0.0137,0.0187,0.1166,0.0033,0.1166,wind
MS,Wilkinson,WILKINSON,0.0047,0.0053,0.0597,0.0019,0.0597,wind
MS,Winston,WINSTON,0.0202,0.0156,0.1271,0.0029,0.1271,wind
MS,Yalobusha,YALOBUSHA,0.0137,0.0109,0.0702,0.0026,0.0702,wind
MS,Yazoo,YAZOO,0.0016,0.0393,0.2024,0.0019,0.2024,wind
MT,Beaverhead,BEAVERHEAD,0.0558,0.0012,0.0733,0.1321,0.1321,winter
MT,Big Horn,BIG HORN,0.0734,0.0007,0.0556,0.1388,0.1388,winter
MT,Blaine,BLAINE,0.0223,0.0007,0.1324,0.1082,0.1324,wind
MT,Broadwater,BROADWATER,0.0322,0.0009,0.0715,0.1218,0.1218,winter
MT,Carbon,CARBON,0.0342,0.0008,0.0334,0.1474,0.1474,winter
MT,Carter,CARTER,0.0219,0.0014,0.0444,0.122,0.122,winter
MT,Cascade,CASCADE,0.0404,0.0013,0.1807,0.2271,0.2271,winter
MT,Chouteau,CHOUTEAU,0.0472,0.0008,0.1202,0.138,0.138,winter
MT,Custer,CUSTER,0.0668,0.0012,0.0367,0.0757,0.0757,winter
MT,Daniels,DANIELS,0.0182,0.0007,0.0251,0.0719,0.0719,winter
MT,Dawson,DAWSON,0.0363,0.0022,0.0839,0.0912,0.0912,winter
MT,Deer Lodge,DEER LODGE,0.0213,0.0016,0.0012,0.0006,0.0213,fire
MT,Fallon,FALLON,0.0073,0.0009,0.0602,0.0752,0.0752,winter
MT,Fergus,FERGUS,0.0344,0.0008,0.1319,0.1781,0.1781,winter
MT,Flathead,FLATHEAD,0.0495,0.004,0.0608,0.1074,0.1074,winter
MT,Gallatin,GALLATIN,0.0235,0.0014,0.0932,0.2623,0.2623,winter
MT,Garfield,GARFIELD,0.0283,0.0005,0.0853,0.1018,0.1018,winter
MT,Glacier,GLACIER,0.0216,0.0012,0.2308,0.2757,0.2757,winter
MT,Golden Valley,GOLDEN VALLEY,0.0142,0.0005,0.0204,0.0923,0.0923,winter
MT,Granite,GRANITE,0.0118,0.0011,0.0019,0.0,0.0118,fire
MT,Hill,HILL,0.0204,0.0014,0.1322,0.1227,0.1322,wind
MT,Jefferson,JEFFERSON,0.0367,0.0006,0.0319,0.1797,0.1797,winter
MT,Judith Basin,JUDITH BASIN,0.024,0.0005,0.1123,0.244,0.244,winter
MT,Lake,LAKE,0.0592,0.0024,0.0196,0.0938,0.0938,winter
MT,Lewis And Clark,LEWIS AND CLARK,0.0575,0.0018,0.1124,0.209,0.209,winter
MT,Liberty,LIBERTY,0.01,0.0007,0.0937,0.0688,0.0937,wind
MT,Lincoln,LINCOLN,0.0782,0.0009,0.0046,0.0008,0.0782,fire
MT,Madison,MADISON,0.0363,0.0007,0.0822,0.201,0.201,winter
MT,Mccone,MCCONE,0.0318,0.001,0.0627,0.078,0.078,winter
MT,Meagher,MEAGHER,0.0227,0.0007,0.0516,0.2226,0.2226,winter
MT,Mineral,MINERAL,0.0756,0.0023,0.0043,0.0004,0.0756,fire
MT,Missoula,MISSOULA,0.092,0.0064,0.0487,0.0725,0.092,fire
MT,Musselshell,MUSSELSHELL,0.0392,0.0007,0.047,0.1046,0.1046,winter
MT,Park,PARK,0.0156,0.0011,0.0437,0.1419,0.1419,winter
MT,Petroleum,PETROLEUM,0.0286,0.0006,0.0294,0.0788,0.0788,winter
MT,Phillips,PHILLIPS,0.0307,0.0007,0.0824,0.1039,0.1039,winter
MT,Pondera,PONDERA,0.0125,0.0007,0.0858,0.0903,0.0903,winter
MT,Powder River,POWDER RIVER,0.0533,0.0003,0.0261,0.1176,0.1176,winter
MT,Powell,POWELL,0.0496,0.0018,0.0055,0.0005,0.0496,fire
MT,Prairie,PRAIRIE,0.0351,0.001,0.0477,0.0772,0.0772,winter
MT,Ravalli,RAVALLI,0.0921,0.003,0.0065,0.0007,0.0921,fire
MT,Richland,RICHLAND,0.034,0.0021,0.0451,0.076,0.076,winter
MT,Roosevelt,ROOSEVELT,0.0508,0.002,0.0603,0.0839,0.0839,winter
MT,Rosebud,ROSEBUD,0.077,0.0011,0.0607,0.0964,0.0964,winter
MT,Sanders,SANDERS,0.07,0.0022,0.0058,0.0007,0.07,fire
MT,Sheridan,SHERIDAN,0.0051,0.0008,0.046,0.0873,0.0873,winter
MT,Silver Bow,SILVER BOW,0.0221,0.001,0.0012,0.0001,0.0221,fire
MT,Stillwater,STILLWATER,0.0361,0.0009,0.0611,0.1765,0.1765,winter
MT,Sweet Grass,SWEET GRASS,0.0216,0.0005,0.0861,0.1875,0.1875,winter
MT,Teton,TETON,0.0166,0.0004,0.134,0.1338,0.134,wind
MT,Toole,TOOLE,0.0106,0.0009,0.1643,0.0953,0.1643,wind
MT,Treasure,TREASURE,0.0076,0.0003,0.0238,0.0593,0.0593,winter
MT,Valley,VALLEY,0.0343,0.0018,0.1363,0.1416,0.1416,winter
MT,Wheatland,WHEATLAND,0.0226,0.0004,0.1287,0.1233,0.1287,wind
MT,Wibaux,WIBAUX,0.0256,0.0008,0.0471,0.086,0.086,winter
MT,Yellowstone,YELLOWSTONE,0.0589,0.0013,0.0838,0.1101,0.1101,winter
NC,Alamance,ALAMANCE,0.0018,0.0026,0.1005,0.0099,0.1005,wind
NC,Alexander,ALEXANDER,0.0022,0.0026,0.0692,0.0186,0.0692,wind
NC,Alleghany,ALLEGHANY,0.0009,0.0067,0.093,0.0282,0.093,wind
NC,Anson,ANSON,0.0064,0.001,0.0869,0.0072,0.0869,wind
NC,Ashe,ASHE,0.0039,0.0089,0.1498,0.0369,0.1498,wind
NC,Avery,AVERY,0.0126,0.0049,0.0686,0.1353,0.1353,winter
NC,Beaufort,BEAUFORT,0.0063,0.0008,0.0962,0.0052,0.0962,wind
NC,Bertie,BERTIE,0.0038,0.0003,0.0502,0.0135,0.0502,wind
NC,Bladen,BLADEN,0.0108,0.0009,0.1135,0.0035,0.1135,wind
NC,Brunswick,BRUNSWICK,0.0428,0.0014,0.0719,0.0016,0.0719,wind
NC,Buncombe,BUNCOMBE,0.0064,0.0075,0.1131,0.0964,0.1131,wind
NC,Burke,BURKE,0.0323,0.0065,0.1323,0.0494,0.1323,wind
NC,Cabarrus,CABARRUS,0.001,0.0053,0.11,0.0095,0.11,wind
NC,Caldwell,CALDWELL,0.0208,0.0071,0.1016,0.0503,0.1016,wind
NC,Camden,CAMDEN,0.0033,0.0004,0.0377,0.0085,0.0377,wind
NC,Carteret,CARTERET,0.0433,0.0009,0.1053,0.0054,0.1053,wind
NC,Caswell,CASWELL,0.0026,0.0015,0.1088,0.0086,0.1088,wind
NC,Catawba,CATAWBA,0.0028,0.0049,0.1047,0.021,0.1047,wind
NC,Chatham,CHATHAM,0.006,0.0032,0.1259,0.007,0.1259,wind
NC,Cherokee,CHEROKEE,0.0365,0.0029,0.0667,0.0079,0.0667,wind
NC,Chowan,CHOWAN,0.0023,0.0004,0.0628,0.0097,0.0628,wind
NC,Clay,CLAY,0.0281,0.0033,0.0634,0.0066,0.0634,wind
NC,Cleveland,CLEVELAND,0.0036,0.004,0.1124,0.0143,0.1124,wind
NC,Columbus,COLUMBUS,0.0052,0.001,0.0959,0.0029,0.0959,wind
NC,Craven,CRAVEN,0.031,0.0008,0.0819,0.0064,0.0819,wind
NC,Cumberland,CUMBERLAND,0.0128,0.0021,0.0966,0.004,0.0966,wind
NC,Currituck,CURRITUCK,0.0056,0.0008,0.0591,0.01,0.0591,wind
NC,Dare,DARE,0.0105,0.0026,0.0882,0.0056,0.0882,wind
NC,Davidson,DAVIDSON,0.0009,0.0024,0.1158,0.009,0.1158,wind
NC,Davie,DAVIE,0.0006,0.0041,0.086,0.0161,0.086,wind
NC,Duplin,DUPLIN,0.0024,0.0009,0.109,0.0069,0.109,wind
NC,Durham,DURHAM,0.0045,0.0057,0.1006,0.0099,0.1006,wind
NC,Edgecombe,EDGECOMBE,0.0028,0.0011,0.098,0.0058,0.098,wind
NC,Forsyth,FORSYTH,0.0016,0.0047,0.1267,0.0116,0.1267,wind
NC,Franklin,FRANKLIN,0.0021,0.0009,0.1018,0.0086,0.1018,wind
NC,Gaston,GASTON,0.0016,0.004,0.1149,0.0112,0.1149,wind
NC,Gates,GATES,0.0042,0.0005,0.0392,0.0118,0.0392,wind
NC,Graham,GRAHAM,0.0493,0.0035,0.0688,0.0906,0.0906,winter
NC,Granville,GRANVILLE,0.0038,0.0019,0.0858,0.0115,0.0858,wind
NC,Greene,GREENE,0.0036,0.0008,0.0657,0.0048,0.0657,wind
NC,Guilford,GUILFORD,0.0045,0.0062,0.1374,0.0089,0.1374,wind
NC,Halifax,HALIFAX,0.0045,0.0011,0.1303,0.0087,0.1303,wind
NC,Harnett,HARNETT,0.008,0.0012,0.1038,0.0054,0.1038,wind
NC,Haywood,HAYWOOD,0.0253,0.0056,0.0737,0.1065,0.1065,winter
NC,Henderson,HENDERSON,0.0094,0.0066,0.1073,0.046,0.1073,wind
NC,Hertford,HERTFORD,0.0049,0.0007,0.0533,0.0138,0.0533,wind
NC,Hoke,HOKE,0.0182,0.0008,0.0871,0.0046,0.0871,wind
NC,Hyde,HYDE,0.0066,0.0003,0.0715,0.0057,0.0715,wind
NC,Iredell,IREDELL,0.0021,0.0038,0.1251,0.0196,0.1251,wind
NC,Jackson,JACKSON,0.0258,0.0055,0.0909,0.0903,0.0909,wind
NC,Johnston,JOHNSTON,0.0034,0.0016,0.1563,0.0063,0.1563,wind
NC,Jones,JONES,0.0215,0.0003,0.0528,0.0049,0.0528,wind
NC,Lee,LEE,0.0069,0.002,0.065,0.0002,0.065,wind
NC,Lenoir,LENOIR,0.0041,0.0009,0.0696,0.0073,0.0696,wind
NC,Lincoln,LINCOLN,0.002,0.0042,0.1035,0.0133,0.1035,wind
NC,Macon,MACON,0.0571,0.0049,0.0828,0.0616,0.0828,wind
NC,Madison,MADISON,0.0183,0.007,0.0838,0.1123,0.1123,winter
NC,Martin,MARTIN,0.0037,0.0006,0.0745,0.0052,0.0745,wind
NC,Mcdowell,MCDOWELL,0.0523,0.0058,0.1011,0.0519,0.1011,wind
NC,Mecklenburg,MECKLENBURG,0.0024,0.0148,0.153,0.0143,0.153,wind
NC,Mitchell,MITCHELL,0.0085,0.0029,0.0605,0.131,0.131,winter
NC,Montgomery,MONTGOMERY,0.0579,0.0021,0.073,0.0049,0.073,wind
NC,Moore,MOORE,0.0108,0.0014,0.1217,0.0054,0.1217,wind
NC,Nash,NASH,0.0015,0.0012,0.1226,0.0072,0.1226,wind
NC,New Hanover,NEW HANOVER,0.0105,0.0028,0.0827,0.003,0.0827,wind
NC,Northampton,NORTHAMPTON,0.0025,0.0007,0.0724,0.0117,0.0724,wind
NC,Onslow,ONSLOW,0.0121,0.0009,0.0814,0.0052,0.0814,wind
NC,Orange,ORANGE,0.0023,0.0033,0.1121,0.01,0.1121,wind
NC,Pamlico,PAMLICO,0.0046,0.0004,0.0354,0.0051,0.0354,wind
NC,Pasquotank,PASQUOTANK,0.0019,0.0005,0.0514,0.0088,0.0514,wind
NC,Pender,PENDER,0.0253,0.0024,0.0693,0.0046,0.0693,wind
NC,Perquimans,PERQUIMANS,0.0017,0.0005,0.0458,0.0099,0.0458,wind
NC,Person,PERSON,0.0034,0.0017,0.1023,0.0129,0.1023,wind
NC,Pitt,PITT,0.0042,0.0011,0.0935,0.005,0.0935,wind
NC,Polk,POLK,0.0057,0.003,0.0809,0.0338,0.0809,wind
NC,Randolph,RANDOLPH,0.0042,0.0026,0.1405,0.0069,0.1405,wind
NC,Richmond,RICHMOND,0.0362,0.0023,0.0848,0.0047,0.0848,wind
NC,Robeson,ROBESON,0.0199,0.0011,0.1094,0.0055,0.1094,wind
NC,Rockingham,ROCKINGHAM,0.0028,0.0044,0.1303,0.0095,0.1303,wind
NC,Rowan,ROWAN,0.0016,0.0039,0.1354,0.0173,0.1354,wind
NC,Rutherford,RUTHERFORD,0.0106,0.0036,0.1145,0.0348,0.1145,wind
NC,Sampson,SAMPSON,0.011,0.0009,0.1125,0.0052,0.1125,wind
NC,Scotland,SCOTLAND,0.0486,0.0009,0.0792,0.0054,0.0792,wind
NC,Stanly,STANLY,0.0019,0.0043,0.0878,0.0067,0.0878,wind
NC,Stokes,STOKES,0.0018,0.0038,0.1058,0.0097,0.1058,wind
NC,Surry,SURRY,0.0014,0.0054,0.1508,0.0203,0.1508,wind
NC,Swain,SWAIN,0.0329,0.0056,0.0741,0.1099,0.1099,winter
NC,Transylvania,TRANSYLVANIA,0.019,0.0125,0.0808,0.0551,0.0808,wind
NC,Tyrrell,TYRRELL,0.0035,0.0003,0.0403,0.0043,0.0403,wind
NC,Union,UNION,0.0043,0.0039,0.1328,0.0089,0.1328,wind
NC,Vance,VANCE,0.0021,0.0011,0.0747,0.0117,0.0747,wind
NC,Wake,WAKE,0.0094,0.0056,0.1916,0.0107,0.1916,wind
NC,Warren,WARREN,0.0044,0.0007,0.0991,0.0125,0.0991,wind
NC,Washington,WASHINGTON,0.0038,0.0003,0.0564,0.0066,0.0564,wind
NC,Watauga,WATAUGA,0.0065,0.0128,0.1267,0.0449,0.1267,wind
NC,Wayne,WAYNE,0.0022,0.0013,0.1101,0.0057,0.1101,wind
NC,Wilkes,WILKES,0.0097,0.0052,0.1181,0.0181,0.1181,wind
NC,Wilson,WILSON,0.002,0.0011,0.1086,0.0047,0.1086,wind
NC,Yadkin,YADKIN,0.0008,0.0037,0.0839,0.0085,0.0839,wind
NC,Yancey,YANCEY,0.0082,0.0032,0.075,0.1281,0.1281,winter
ND,Adams,ADAMS,0.004,0.0054,0.061,0.1112,0.1112,winter
ND,Barnes,BARNES,0.0041,0.0094,0.0338,0.1002,0.1002,winter
ND,Benson,BENSON,0.0132,0.0095,0.0264,0.0969,0.0969,winter
ND,Billings,BILLINGS,0.0237,0.0022,0.0439,0.0907,0.0907,winter
ND,Bottineau,BOTTINEAU,0.0111,0.0095,0.0138,0.0835,0.0835,winter
ND,Bowman,BOWMAN,0.0055,0.0041,0.0563,0.1005,0.1005,winter
ND,Burke,BURKE,0.012,0.002,0.0192,0.081,0.081,winter
ND,Burleigh,BURLEIGH,0.034,0.0062,0.0476,0.0966,0.0966,winter
ND,Cass,CASS,0.005,0.0193,0.0455,0.1136,0.1136,winter
ND,Cavalier,CAVALIER,0.0087,0.0076,0.0184,0.0909,0.0909,winter
ND,Dickey,DICKEY,0.0051,0.0101,0.0239,0.1157,0.1157,winter
ND,Divide,DIVIDE,0.0041,0.0029,0.0243,0.0743,0.0743,winter
ND,Dunn,DUNN,0.0129,0.0017,0.0503,0.0932,0.0932,winter
ND,Eddy,EDDY,0.0038,0.0074,0.0189,0.0791,0.0791,winter
ND,Emmons,EMMONS,0.0063,0.0038,0.0331,0.0943,0.0943,winter
ND,Foster,FOSTER,0.0017,0.0095,0.0203,0.0671,0.0671,winter
ND,Golden Valley,GOLDEN VALLEY,0.0085,0.001,0.0417,0.0869,0.0869,winter
ND,Grand Forks,GRAND FORKS,0.0079,0.045,0.04,0.0886,0.0886,winter
ND,Grant,GRANT,0.0095,0.0028,0.0436,0.1006,0.1006,winter
ND,Griggs,GRIGGS,0.0098,0.0101,0.0242,0.0846,0.0846,winter
ND,Hettinger,HETTINGER,0.0055,0.0068,0.0626,0.0973,0.0973,winter
ND,Kidder,KIDDER,0.0043,0.0042,0.0254,0.0799,0.0799,winter
ND,Lamoure,LAMOURE,0.0029,0.0103,0.0,0.0003,0.0103,flood
ND,Logan,LOGAN,0.0025,0.0042,0.0189,0.0829,0.0829,winter
ND,Mchenry,MCHENRY,0.0078,0.0102,0.0186,0.0868,0.0868,winter
ND,Mcintosh,MCINTOSH,0.003,0.0043,0.0222,0.1038,0.1038,winter
ND,Mckenzie,MCKENZIE,0.036,0.0023,0.042,0.0758,0.0758,winter
ND,Mclean,MCLEAN,0.0082,0.0047,0.0449,0.0996,0.0996,winter
ND,Mercer,MERCER,0.0175,0.0046,0.0362,0.0942,0.0942,winter
ND,Morton,MORTON,0.0149,0.006,0.0636,0.1099,0.1099,winter
ND,Mountrail,MOUNTRAIL,0.0199,0.0037,0.028,0.0835,0.0835,winter
ND,Nelson,NELSON,0.0039,0.0051,0.0275,0.0891,0.0891,winter
ND,Oliver,OLIVER,0.0071,0.0039,0.0328,0.0911,0.0911,winter
ND,Pembina,PEMBINA,0.0022,0.0404,0.0184,0.086,0.086,winter
ND,Pierce,PIERCE,0.0095,0.0043,0.0153,0.0727,0.0727,winter
ND,Ramsey,RAMSEY,0.0055,0.0076,0.0211,0.0903,0.0903,winter
ND,Ransom,RANSOM,0.0052,0.0117,0.035,0.1112,0.1112,winter
ND,Renville,RENVILLE,0.0056,0.0058,0.0181,0.0792,0.0792,winter
ND,Richland,RICHLAND,0.0031,0.0165,0.051,0.1269,0.1269,winter
ND,Rolette,ROLETTE,0.0662,0.0049,0.0149,0.0781,0.0781,winter
ND,Sargent,SARGENT,0.0041,0.0093,0.0387,0.1309,0.1309,winter
ND,Sheridan,SHERIDAN,0.007,0.0026,0.0179,0.0759,0.0759,winter
ND,Sioux,SIOUX,0.0358,0.0039,0.0468,0.1115,0.1115,winter
ND,Slope,SLOPE,0.0066,0.0019,0.0656,0.0939,0.0939,winter
ND,Stark,STARK,0.0117,0.0037,0.0743,0.1006,0.1006,winter
ND,Steele,STEELE,0.0021,0.0081,0.0297,0.0949,0.0949,winter
ND,Stutsman,STUTSMAN,0.0094,0.0096,0.0336,0.0844,0.0844,winter
ND,Towner,TOWNER,0.0067,0.0094,0.0167,0.0868,0.0868,winter
ND,Traill,TRAILL,0.0016,0.0258,0.0309,0.0892,0.0892,winter
ND,Walsh,WALSH,0.0026,0.0209,0.021,0.0865,0.0865,winter
ND,Ward,WARD,0.0131,0.0108,0.0253,0.0948,0.0948,winter
ND,Wells,WELLS,0.0053,0.0043,0.0237,0.0746,0.0746,winter
ND,Williams,WILLIAMS,0.0152,0.0032,0.0295,0.0788,0.0788,winter
NE,Adams,ADAMS,0.0066,0.0048,0.1311,0.0653,0.1311,wind
NE,Antelope,ANTELOPE,0.0038,0.0041,0.0474,0.0735,0.0735,winter
NE,Arthur,ARTHUR,0.0069,0.0001,0.0419,0.0841,0.0841,winter
NE,Banner,BANNER,0.0042,0.0004,0.0606,0.1238,0.1238,winter
NE,Blaine,BLAINE,0.0134,0.0003,0.0535,0.0831,0.0831,winter
NE,Boone,BOONE,0.0035,0.0019,0.0481,0.0631,0.0631,winter
NE,Box Butte,BOX BUTTE,0.0034,0.0006,0.0561,0.146,0.146,winter
NE,Boyd,BOYD,0.007,0.0026,0.025,0.0901,0.0901,winter
NE,Brown,BROWN,0.0166,0.0011,0.0542,0.0881,0.0881,winter
NE,Buffalo,BUFFALO,0.0094,0.0075,0.1153,0.0894,0.1153,wind
NE,Burt,BURT,0.0024,0.0044,0.0606,0.0319,0.0606,wind
NE,Butler,BUTLER,0.004,0.0031,0.0524,0.0354,0.0524,wind
NE,Cass,CASS,0.0035,0.0081,0.0923,0.0288,0.0923,wind
NE,Cedar,CEDAR,0.0039,0.0032,0.0296,0.0818,0.0818,winter
NE,Chase,CHASE,0.0051,0.0012,0.104,0.0659,0.104,wind
NE,Cherry,CHERRY,0.0151,0.0008,0.0859,0.137,0.137,winter
NE,Cheyenne,CHEYENNE,0.0048,0.0012,0.0847,0.1297,0.1297,winter
NE,Clay,CLAY,0.0129,0.0035,0.0996,0.0585,0.0996,wind
NE,Colfax,COLFAX,0.004,0.0021,0.0486,0.0343,0.0486,wind
NE,Cuming,CUMING,0.0024,0.0052,0.0596,0.0373,0.0596,wind
NE,Custer,CUSTER,0.0148,0.003,0.1175,0.0924,0.1175,wind
NE,Dakota,DAKOTA,0.0059,0.0038,0.0356,0.0629,0.0629,winter
NE,Dawes,DAWES,0.0333,0.0014,0.0549,0.1672,0.1672,winter
NE,Dawson,DAWSON,0.0094,0.0043,0.1095,0.0983,0.1095,wind
NE,Deuel,DEUEL,0.0024,0.0011,0.0713,0.0798,0.0798,winter
NE,Dixon,DIXON,0.0041,0.0024,0.0374,0.0691,0.0691,winter
NE,Dodge,DODGE,0.004,0.005,0.0731,0.0347,0.0731,wind
NE,Douglas,DOUGLAS,0.0029,0.0067,0.0933,0.0441,0.0933,wind
NE,Dundy,DUNDY,0.0078,0.0014,0.1214,0.0855,0.1214,wind
NE,Fillmore,FILLMORE,0.0079,0.0044,0.0908,0.045,0.0908,wind
NE,Franklin,FRANKLIN,0.0057,0.0023,0.0608,0.0638,0.0638,winter
NE,Frontier,FRONTIER,0.0111,0.0037,0.086,0.0591,0.086,wind
NE,Furnas,FURNAS,0.0051,0.0018,0.099,0.0817,0.099,wind
NE,Gage,GAGE,0.0111,0.0037,0.0843,0.0177,0.0843,wind
NE,Garden,GARDEN,0.009,0.001,0.0679,0.0942,0.0942,winter
NE,Garfield,GARFIELD,0.0099,0.0017,0.0308,0.0674,0.0674,winter
NE,Gosper,GOSPER,0.007,0.0034,0.0608,0.0808,0.0808,winter
NE,Grant,GRANT,0.0087,0.0003,0.0441,0.0981,0.0981,winter
NE,Greeley,GREELEY,0.0051,0.003,0.0384,0.0779,0.0779,winter
NE,Hall,HALL,0.0052,0.0067,0.115,0.0679,0.115,wind
NE,Hamilton,HAMILTON,0.0019,0.0049,0.0792,0.0464,0.0792,wind
NE,Harlan,HARLAN,0.005,0.0021,0.0547,0.0697,0.0697,winter
NE,Hayes,HAYES,0.0041,0.002,0.0716,0.0585,0.0716,wind
NE,Hitchcock,HITCHCOCK,0.0057,0.002,0.1012,0.0704,0.1012,wind
NE,Holt,HOLT,0.0075,0.0026,0.0495,0.0859,0.0859,winter
NE,Hooker,HOOKER,0.0044,0.0001,0.0462,0.1073,0.1073,winter
NE,Howard,HOWARD,0.0112,0.0048,0.0559,0.0708,0.0708,winter
NE,Jefferson,JEFFERSON,0.0049,0.0019,0.072,0.0206,0.072,wind
NE,Johnson,JOHNSON,0.0037,0.0023,0.0458,0.0111,0.0458,wind
NE,Kearney,KEARNEY,0.0026,0.0035,0.0737,0.0633,0.0737,wind
NE,Keith,KEITH,0.0112,0.002,0.0939,0.0806,0.0939,wind
NE,Keya Paha,KEYA PAHA,0.0088,0.0015,0.036,0.1015,0.1015,winter
NE,Kimball,KIMBALL,0.0025,0.0003,0.0775,0.1207,0.1207,winter
NE,Knox,KNOX,0.0189,0.0037,0.0326,0.0864,0.0864,winter
NE,Lancaster,LANCASTER,0.008,0.0039,0.1056,0.042,0.1056,wind
NE,Lincoln,LINCOLN,0.0123,0.0038,0.1475,0.0787,0.1475,wind
NE,Logan,LOGAN,0.014,0.0009,0.0534,0.0837,0.0837,winter
NE,Loup,LOUP,0.0103,0.0007,0.04,0.0688,0.0688,winter
NE,Madison,MADISON,0.0039,0.0042,0.0642,0.0575,0.0642,wind
NE,Mcpherson,MCPHERSON,0.0063,0.0003,0.0539,0.0918,0.0918,winter
NE,Merrick,MERRICK,0.0036,0.0035,0.0593,0.0545,0.0593,wind
NE,Morrill,MORRILL,0.0109,0.0007,0.0543,0.1062,0.1062,winter
NE,Nance,NANCE,0.0026,0.0027,0.0517,0.0603,0.0603,winter
NE,Nemaha,NEMAHA,0.0032,0.0035,0.0576,0.0124,0.0576,wind
NE,Nuckolls,NUCKOLLS,0.0049,0.002,0.0874,0.0465,0.0874,wind
NE,Otoe,OTOE,0.0036,0.0036,0.0699,0.0197,0.0699,wind
NE,Pawnee,PAWNEE,0.0064,0.0026,0.0351,0.0111,0.0351,wind
NE,Perkins,PERKINS,0.0036,0.0017,0.0729,0.0679,0.0729,wind
NE,Phelps,PHELPS,0.0081,0.0041,0.0814,0.0735,0.0814,wind
NE,Pierce,PIERCE,0.0058,0.0027,0.0321,0.0673,0.0673,winter
NE,Platte,PLATTE,0.0037,0.0046,0.0644,0.048,0.0644,wind
NE,Polk,POLK,0.0047,0.0056,0.0709,0.0507,0.0709,wind
NE,Red Willow,RED WILLOW,0.006,0.0022,0.1647,0.0675,0.1647,wind
NE,Richardson,RICHARDSON,0.0022,0.0045,0.0698,0.0132,0.0698,wind
NE,Rock,ROCK,0.005,0.0016,0.035,0.0855,0.0855,winter
NE,Saline,SALINE,0.0025,0.0033,0.072,0.0303,0.072,wind
NE,Sarpy,SARPY,0.0063,0.0051,0.0765,0.032,0.0765,wind
NE,Saunders,SAUNDERS,0.0036,0.0048,0.0817,0.0381,0.0817,wind
NE,Scotts Bluff,SCOTTS BLUFF,0.0129,0.0012,0.1119,0.1234,0.1234,winter
NE,Seward,SEWARD,0.0053,0.0027,0.0648,0.0359,0.0648,wind
NE,Sheridan,SHERIDAN,0.0065,0.0007,0.0592,0.1449,0.1449,winter
NE,Sherman,SHERMAN,0.0077,0.0033,0.0466,0.0845,0.0845,winter
NE,Sioux,SIOUX,0.0176,0.0002,0.0439,0.1626,0.1626,winter
NE,Stanton,STANTON,0.0044,0.0037,0.0548,0.0417,0.0548,wind
NE,Thayer,THAYER,0.0029,0.0037,0.078,0.0325,0.078,wind
NE,Thomas,THOMAS,0.0375,0.0003,0.0372,0.0984,0.0984,winter
NE,Thurston,THURSTON,0.0298,0.0022,0.0419,0.0495,0.0495,winter
NE,Valley,VALLEY,0.0073,0.0025,0.0797,0.0991,0.0991,winter
NE,Washington,WASHINGTON,0.0056,0.0047,0.0681,0.0374,0.0681,wind
NE,Wayne,WAYNE,0.0037,0.0027,0.0343,0.0587,0.0587,winter
NE,Webster,WEBSTER,0.0031,0.0022,0.0844,0.0491,0.0844,wind
NE,Wheeler,WHEELER,0.0093,0.002,0.033,0.0575,0.0575,winter
NE,York,YORK,0.0019,0.0062,0.0866,0.0473,0.0866,wind
NH,Belknap,BELKNAP,0.0035,0.0126,0.0128,0.0819,0.0819,winter
NH,Carroll,CARROLL,0.0247,0.04,0.0145,0.1057,0.1057,winter
NH,Cheshire,CHESHIRE,0.0095,0.0159,0.0279,0.0722,0.0722,winter
NH,Coos,COOS,0.005,0.0336,0.013,0.1253,0.1253,winter
NH,Grafton,GRAFTON,0.0204,0.0466,0.0228,0.0994,0.0994,winter
NH,Hillsborough,HILLSBOROUGH,0.0096,0.0156,0.0226,0.0708,0.0708,winter
NH,Merrimack,MERRIMACK,0.0095,0.0161,0.0179,0.0751,0.0751,winter
NH,Rockingham,ROCKINGHAM,0.0025,0.0306,0.0224,0.0743,0.0743,winter
NH,Strafford,STRAFFORD,0.0031,0.0146,0.0147,0.0832,0.0832,winter
NH,Sullivan,SULLIVAN,0.0084,0.0117,0.0166,0.0775,0.0775,winter
NJ,Atlantic,ATLANTIC,0.0288,0.0053,0.0676,0.0356,0.0676,wind
NJ,Bergen,BERGEN,0.0038,0.0102,0.0706,0.0279,0.0706,wind
NJ,Burlington,BURLINGTON,0.1078,0.0092,0.1146,0.0469,0.1146,wind
NJ,Camden,CAMDEN,0.0398,0.0087,0.0889,0.0401,0.0889,wind
NJ,Cape May,CAPE MAY,0.015,0.0047,0.0931,0.0296,0.0931,wind
NJ,Cumberland,CUMBERLAND,0.0302,0.0042,0.092,0.0327,0.092,wind
NJ,Essex,ESSEX,0.0046,0.008,0.0508,0.0227,0.0508,wind
NJ,Gloucester,GLOUCESTER,0.03,0.0063,0.0862,0.0383,0.0862,wind
NJ,Hudson,HUDSON,0.0029,0.0058,0.0353,0.0205,0.0353,wind
NJ,Hunterdon,HUNTERDON,0.0187,0.0107,0.0658,0.0697,0.0697,winter
NJ,Mercer,MERCER,0.0189,0.0118,0.0792,0.0423,0.0792,wind
NJ,Middlesex,MIDDLESEX,0.0515,0.009,0.0641,0.0448,0.0641,wind
NJ,Monmouth,MONMOUTH,0.032,0.0104,0.0895,0.0492,0.0895,wind
NJ,Morris,MORRIS,0.0187,0.0131,0.0612,0.0811,0.0811,winter
NJ,Ocean,OCEAN,0.0676,0.0091,0.0998,0.0451,0.0998,wind
NJ,Passaic,PASSAIC,0.0062,0.0092,0.0371,0.0259,0.0371,wind
NJ,Salem,SALEM,0.0121,0.0057,0.0675,0.0324,0.0675,wind
NJ,Somerset,SOMERSET,0.0179,0.0104,0.0736,0.054,0.0736,wind
NJ,Sussex,SUSSEX,0.053,0.0108,0.0781,0.1263,0.1263,winter
NJ,Union,UNION,0.0046,0.0058,0.039,0.0224,0.039,wind
NJ,Warren,WARREN,0.0326,0.011,0.061,0.0921,0.0921,winter
NM,Bernalillo,BERNALILLO,0.0571,0.0008,0.0526,0.0081,0.0571,fire
NM,Catron,CATRON,0.1072,0.0001,0.0089,0.0071,0.1072,fire
NM,Chaves,CHAVES,0.0643,0.001,0.1993,0.011,0.1993,wind
NM,Cibola,CIBOLA,0.0611,0.0002,0.0174,0.0081,0.0611,fire
NM,Colfax,COLFAX,0.073,0.0003,0.0367,0.0495,0.073,fire
NM,Curry,CURRY,0.0257,0.0008,0.1779,0.0177,0.1779,wind
NM,De Baca,DE BACA,0.0108,0.0005,0.138,0.0188,0.138,wind
NM,Doña Ana,DOÑA ANA,0.0319,0.0012,0.0002,0.0,0.0319,fire
NM,Eddy,EDDY,0.0455,0.0042,0.337,0.0077,0.337,wind
NM,Grant,GRANT,0.0747,0.0003,0.0051,0.0028,0.0747,fire
NM,Guadalupe,GUADALUPE,0.0297,0.0002,0.3415,0.0406,0.3415,wind
NM,Harding,HARDING,0.0179,0.0001,0.0707,0.0357,0.0707,wind
NM,Hidalgo,HIDALGO,0.0258,0.0002,0.0025,0.0004,0.0258,fire
NM,Lea,LEA,0.0433,0.004,0.0613,0.0009,0.0613,wind
NM,Lincoln,LINCOLN,0.0818,0.0003,0.1785,0.0185,0.1785,wind
NM,Los Alamos,LOS ALAMOS,0.0226,0.001,0.0073,0.0185,0.0226,fire
NM,Luna,LUNA,0.0178,0.0006,0.0083,0.0003,0.0178,fire
NM,Mckinley,MCKINLEY,0.0403,0.0002,0.0317,0.0135,0.0403,fire
NM,Mora,MORA,0.034,0.0001,0.0259,0.0352,0.0352,winter
NM,Otero,OTERO,0.0501,0.0008,0.0303,0.0033,0.0501,fire
NM,Quay,QUAY,0.0236,0.0006,0.2072,0.027,0.2072,wind
NM,Rio Arriba,RIO ARRIBA,0.1047,0.0006,0.0153,0.0296,0.1047,fire
NM,Roosevelt,ROOSEVELT,0.0301,0.0008,0.1304,0.0156,0.1304,wind
NM,San Juan,SAN JUAN,0.0879,0.0009,0.0293,0.0806,0.0879,fire
NM,San Miguel,SAN MIGUEL,0.0551,0.0003,0.0756,0.0386,0.0756,wind
NM,Sandoval,SANDOVAL,0.0637,0.0006,0.018,0.0018,0.0637,fire
NM,Santa Fe,SANTA FE,0.054,0.0006,0.1374,0.0558,0.1374,wind
NM,Sierra,SIERRA,0.031,0.001,0.0437,0.0054,0.0437,wind
NM,Socorro,SOCORRO,0.0669,0.0005,0.0423,0.0084,0.0669,fire
NM,Taos,TAOS,0.0418,0.0002,0.0172,0.037,0.0418,fire
NM,Torrance,TORRANCE,0.0336,0.0002,0.0462,0.0074,0.0462,wind
NM,Union,UNION,0.0458,0.0006,0.2023,0.0815,0.2023,wind
NM,Valencia,VALENCIA,0.0278,0.0009,0.0403,0.0063,0.0403,wind
NV,Carson City,CARSON CITY,0.0151,0.0008,0.2388,0.1489,0.2388,wind
NV,Churchill,CHURCHILL,0.0202,0.0006,0.0315,0.0213,0.0315,wind
NV,Clark,CLARK,0.0537,0.005,0.1709,0.0296,0.1709,wind
NV,Douglas,DOUGLAS,0.0135,0.0013,0.1204,0.0705,0.1204,wind
NV,Elko,ELKO,0.0285,0.0027,0.1489,0.14,0.1489,wind
NV,Esmeralda,ESMERALDA,0.0034,0.0004,0.2248,0.0377,0.2248,wind
NV,Eureka,EUREKA,0.0116,0.0008,0.0429,0.1316,0.1316,winter
NV,Humboldt,HUMBOLDT,0.0346,0.0013,0.1153,0.1218,0.1218,winter
NV,Lander,LANDER,0.0226,0.0006,0.0486,0.1193,0.1193,winter
NV,Lincoln,LINCOLN,0.0171,0.0006,0.1225,0.0459,0.1225,wind
NV,Lyon,LYON,0.0161,0.0015,0.1957,0.0612,0.1957,wind
NV,Mineral,MINERAL,0.0065,0.0003,0.1476,0.0365,0.1476,wind
NV,Nye,NYE,0.0171,0.0007,0.018,0.0001,0.018,wind
NV,Pershing,PERSHING,0.0238,0.001,0.0283,0.0231,0.0283,wind
NV,Storey,STOREY,0.0088,0.0011,0.0906,0.0447,0.0906,wind
NV,Washoe,WASHOE,0.0441,0.0015,0.0954,0.076,0.0954,wind
NV,White Pine,WHITE PINE,0.0218,0.0003,0.0854,0.1442,0.1442,winter
NY,Albany,ALBANY,0.0041,0.0093,0.0561,0.0881,0.0881,winter
NY,Allegany,ALLEGANY,0.004,0.0123,0.0732,0.0659,0.0732,wind
NY,Bronx,BRONX,0.0002,0.0008,0.0279,0.0183,0.0279,wind
NY,Broome,BROOME,0.0045,0.0309,0.0742,0.0407,0.0742,wind
NY,Cattaraugus,CATTARAUGUS,0.004,0.0227,0.1058,0.0971,0.1058,wind
NY,Cayuga,CAYUGA,0.0018,0.0152,0.0885,0.0801,0.0885,wind
NY,Chautauqua,CHAUTAUQUA,0.0052,0.0191,0.1423,0.1022,0.1423,wind
NY,Chemung,CHEMUNG,0.0031,0.0173,0.0486,0.0288,0.0486,wind
NY,Chenango,CHENANGO,0.004,0.0237,0.0629,0.0443,0.0629,wind
NY,Clinton,CLINTON,0.0073,0.028,0.0244,0.1015,0.1015,winter
NY,Columbia,COLUMBIA,0.0029,0.0111,0.0541,0.0933,0.0933,winter
NY,Cortland,CORTLAND,0.0026,0.0172,0.047,0.0392,0.047,wind
NY,Delaware,DELAWARE,0.004,0.0255,0.0603,0.0448,0.0603,wind
NY,Dutchess,DUTCHESS,0.0053,0.0097,0.06,0.0899,0.0899,winter
NY,Erie,ERIE,0.0014,0.0509,0.1286,0.1012,0.1286,wind
NY,Essex,ESSEX,0.0067,0.0273,0.0314,0.1008,0.1008,winter
NY,Franklin,FRANKLIN,0.0068,0.018,0.0385,0.0998,0.0998,winter
NY,Fulton,FULTON,0.0052,0.0158,0.0477,0.0899,0.0899,winter
NY,Genesee,GENESEE,0.004,0.0141,0.0818,0.0695,0.0818,wind
NY,Greene,GREENE,0.0106,0.0111,0.0461,0.0973,0.0973,winter
NY,Hamilton,HAMILTON,0.0054,0.002,0.0455,0.1067,0.1067,winter
NY,Herkimer,HERKIMER,0.0045,0.0226,0.0837,0.1077,0.1077,winter
NY,Jefferson,JEFFERSON,0.0063,0.0262,0.0913,0.0888,0.0913,wind
NY,Kings,KINGS,0.0005,0.0007,0.0375,0.0206,0.0375,wind
NY,Lewis,LEWIS,0.0042,0.0163,0.0799,0.1183,0.1183,winter
NY,Livingston,LIVINGSTON,0.0027,0.0136,0.0849,0.0642,0.0849,wind
NY,Madison,MADISON,0.0028,0.0129,0.0435,0.0532,0.0532,winter
NY,Monroe,MONROE,0.002,0.0235,0.0912,0.0651,0.0912,wind
NY,Montgomery,MONTGOMERY,0.0037,0.0197,0.0437,0.0753,0.0753,winter
NY,Nassau,NASSAU,0.0014,0.0045,0.066,0.0213,0.066,wind
NY,New York,NEW YORK,0.0005,0.0008,0.022,0.0164,0.022,wind
NY,Niagara,NIAGARA,0.0042,0.025,0.0904,0.0559,0.0904,wind
NY,Oneida,ONEIDA,0.0057,0.0244,0.0699,0.0783,0.0783,winter
NY,Onondaga,ONONDAGA,0.0034,0.015,0.0623,0.0604,0.0623,wind
NY,Ontario,ONTARIO,0.0021,0.0125,0.0684,0.0631,0.0684,wind
NY,Orange,ORANGE,0.0062,0.0081,0.0527,0.0311,0.0527,wind
NY,Orleans,ORLEANS,0.0031,0.0099,0.0701,0.0545,0.0701,wind
NY,Oswego,OSWEGO,0.0026,0.0155,0.0933,0.123,0.123,winter
NY,Otsego,OTSEGO,0.0044,0.0173,0.0686,0.0439,0.0686,wind
NY,Putnam,PUTNAM,0.0029,0.0017,0.0246,0.0247,0.0247,winter
NY,Queens,QUEENS,0.0022,0.0019,0.0583,0.0231,0.0583,wind
NY,Rensselaer,RENSSELAER,0.0063,0.0118,0.0674,0.0904,0.0904,winter
NY,Richmond,RICHMOND,0.0019,0.0025,0.031,0.0153,0.031,wind
NY,Rockland,ROCKLAND,0.0062,0.0023,0.0331,0.0199,0.0331,wind
NY,Saratoga,SARATOGA,0.0049,0.0113,0.0826,0.0978,0.0978,winter
NY,Schenectady,SCHENECTADY,0.0047,0.0079,0.0516,0.0819,0.0819,winter
NY,Schoharie,SCHOHARIE,0.0048,0.014,0.0611,0.085,0.085,winter
NY,Schuyler,SCHUYLER,0.0111,0.0077,0.0404,0.0287,0.0404,wind
NY,Seneca,SENECA,0.0078,0.0058,0.032,0.0317,0.032,wind
NY,St. Lawrence,ST. LAWRENCE,0.0078,0.0228,0.0495,0.0856,0.0856,winter
NY,Steuben,STEUBEN,0.0033,0.017,0.0781,0.0347,0.0781,wind
NY,Suffolk,SUFFOLK,0.0071,0.0064,0.1041,0.0278,0.1041,wind
NY,Sullivan,SULLIVAN,0.009,0.0128,0.0432,0.0402,0.0432,wind
NY,Tioga,TIOGA,0.0026,0.0193,0.0501,0.0372,0.0501,wind
NY,Tompkins,TOMPKINS,0.0027,0.0094,0.0411,0.0325,0.0411,wind
NY,Ulster,ULSTER,0.0146,0.0089,0.0555,0.104,0.104,winter
NY,Warren,WARREN,0.0113,0.0206,0.0638,0.1049,0.1049,winter
NY,Washington,WASHINGTON,0.0104,0.0144,0.0653,0.0942,0.0942,winter
NY,Wayne,WAYNE,0.0014,0.0115,0.0638,0.0712,0.0712,winter
NY,Westchester,WESTCHESTER,0.0024,0.0057,0.0582,0.0257,0.0582,wind
NY,Wyoming,WYOMING,0.0012,0.0179,0.0819,0.0788,0.0819,wind
NY,Yates,YATES,0.0023,0.0085,0.0387,0.0307,0.0387,wind
OH,Adams,ADAMS,0.0045,0.0122,0.0872,0.0313,0.0872,wind
OH,Allen,ALLEN,0.0004,0.0025,0.0579,0.0152,0.0579,wind
OH,Ashland,ASHLAND,0.0006,0.0088,0.0737,0.0259,0.0737,wind
OH,Ashtabula,ASHTABULA,0.0013,0.0229,0.0756,0.0634,0.0756,wind
OH,Athens,ATHENS,0.0163,0.0196,0.0509,0.0228,0.0509,wind
OH,Auglaize,AUGLAIZE,0.0004,0.0036,0.063,0.0238,0.063,wind
OH,Belmont,BELMONT,0.003,0.0114,0.0578,0.0084,0.0578,wind
OH,Brown,BROWN,0.0014,0.0099,0.1144,0.0348,0.1144,wind
OH,Butler,BUTLER,0.0006,0.0095,0.1126,0.0235,0.1126,wind
OH,Carroll,CARROLL,0.0021,0.0089,0.0609,0.0095,0.0609,wind
OH,Champaign,CHAMPAIGN,0.0003,0.0044,0.0762,0.0233,0.0762,wind
OH,Clark,CLARK,0.0008,0.0049,0.1193,0.0234,0.1193,wind
OH,Clermont,CLERMONT,0.0027,0.0088,0.1532,0.0279,0.1532,wind
OH,Clinton,CLINTON,0.0004,0.0056,0.1455,0.0184,0.1455,wind
OH,Columbiana,COLUMBIANA,0.0017,0.0102,0.0861,0.0167,0.0861,wind
OH,Coshocton,COSHOCTON,0.0042,0.0152,0.0606,0.0099,0.0606,wind
OH,Crawford,CRAWFORD,0.0002,0.0047,0.0658,0.0148,0.0658,wind
OH,Cuyahoga,CUYAHOGA,0.0022,0.0302,0.1015,0.0513,0.1015,wind
OH,Darke,DARKE,0.0003,0.0038,0.0845,0.0288,0.0845,wind
OH,Defiance,DEFIANCE,0.0004,0.0062,0.0425,0.021,0.0425,wind
OH,Delaware,DELAWARE,0.0009,0.0064,0.0893,0.0281,0.0893,wind
OH,Erie,ERIE,0.0006,0.0117,0.0687,0.0227,0.0687,wind
OH,Fairfield,FAIRFIELD,0.001,0.007,0.105,0.0185,0.105,wind
OH,Fayette,FAYETTE,0.0003,0.0032,0.0876,0.014,0.0876,wind
OH,Franklin,FRANKLIN,0.0004,0.0064,0.1266,0.026,0.1266,wind
OH,Fulton,FULTON,0.0011,0.0017,0.0281,0.0178,0.0281,wind
OH,Gallia,GALLIA,0.009,0.0141,0.0405,0.0229,0.0405,wind
OH,Geauga,GEAUGA,0.0005,0.0122,0.0784,0.053,0.0784,wind
OH,Greene,GREENE,0.0006,0.0053,0.1185,0.0179,0.1185,wind
OH,Guernsey,GUERNSEY,0.0051,0.0109,0.081,0.0076,0.081,wind
OH,Hamilton,HAMILTON,0.0018,0.0139,0.1453,0.0332,0.1453,wind
OH,Hancock,HANCOCK,0.0003,0.0054,0.0878,0.0091,0.0878,wind
OH,Hardin,HARDIN,0.0004,0.0034,0.0542,0.0179,0.0542,wind
OH,Harrison,HARRISON,0.0031,0.0069,0.057,0.006,0.057,wind
OH,Henry,HENRY,0.0003,0.0035,0.0618,0.0157,0.0618,wind
OH,Highland,HIGHLAND,0.0008,0.0057,0.1234,0.0175,0.1234,wind
OH,Hocking,HOCKING,0.0131,0.0162,0.0683,0.0148,0.0683,wind
OH,Holmes,HOLMES,0.0021,0.0099,0.0735,0.0149,0.0735,wind
OH,Huron,HURON,0.0004,0.0124,0.0728,0.0183,0.0728,wind
OH,Jackson,JACKSON,0.0054,0.0151,0.0558,0.0241,0.0558,wind
OH,Jefferson,JEFFERSON,0.0025,0.0096,0.0585,0.008,0.0585,wind
OH,Knox,KNOX,0.0005,0.0083,0.0763,0.0114,0.0763,wind
OH,Lake,LAKE,0.0008,0.0256,0.0676,0.0437,0.0676,wind
OH,Lawrence,LAWRENCE,0.0389,0.0261,0.0412,0.0284,0.0412,wind
OH,Licking,LICKING,0.0009,0.009,0.0932,0.0231,0.0932,wind
OH,Logan,LOGAN,0.0003,0.0036,0.0733,0.0283,0.0733,wind
OH,Lorain,LORAIN,0.0009,0.0184,0.1039,0.0327,0.1039,wind
OH,Lucas,LUCAS,0.0019,0.0111,0.0729,0.0188,0.0729,wind
OH,Madison,MADISON,0.0004,0.0021,0.0699,0.0151,0.0699,wind
OH,Mahoning,MAHONING,0.0013,0.0113,0.0741,0.0176,0.0741,wind
OH,Marion,MARION,0.0003,0.0059,0.0739,0.0136,0.0739,wind
OH,Medina,MEDINA,0.001,0.01,0.0736,0.0296,0.0736,wind
OH,Meigs,MEIGS,0.0066,0.0189,0.032,0.021,0.032,wind
OH,Mercer,MERCER,0.0001,0.0048,0.069,0.0232,0.069,wind
OH,Miami,MIAMI,0.0002,0.0042,0.0865,0.0247,0.0865,wind
OH,Monroe,MONROE,0.0033,0.0107,0.0309,0.0049,0.0309,wind
OH,Montgomery,MONTGOMERY,0.0007,0.0086,0.1288,0.0268,0.1288,wind
OH,Morgan,MORGAN,0.0042,0.0155,0.0382,0.0229,0.0382,wind
OH,Morrow,MORROW,0.0003,0.0053,0.0514,0.0127,0.0514,wind
OH,Muskingum,MUSKINGUM,0.0057,0.0127,0.073,0.0082,0.073,wind
OH,Noble,NOBLE,0.0063,0.0083,0.0331,0.0058,0.0331,wind
OH,Ottawa,OTTAWA,0.0004,0.0167,0.0628,0.0166,0.0628,wind
OH,Paulding,PAULDING,0.0004,0.0026,0.0467,0.0193,0.0467,wind
OH,Perry,PERRY,0.0031,0.0159,0.0646,0.0217,0.0646,wind
OH,Pickaway,PICKAWAY,0.0003,0.0057,0.075,0.0176,0.075,wind
OH,Pike,PIKE,0.0072,0.0124,0.0771,0.0171,0.0771,wind
OH,Portage,PORTAGE,0.002,0.009,0.0763,0.0266,0.0763,wind
OH,Preble,PREBLE,0.0005,0.0044,0.096,0.0212,0.096,wind
OH,Putnam,PUTNAM,0.0003,0.0021,0.053,0.0163,0.053,wind
OH,Richland,RICHLAND,0.0015,0.0122,0.107,0.0268,0.107,wind
OH,Ross,ROSS,0.0021,0.0135,0.0922,0.015,0.0922,wind
OH,Sandusky,SANDUSKY,0.0004,0.0069,0.0636,0.0193,0.0636,wind
OH,Scioto,SCIOTO,0.0156,0.0112,0.0914,0.0243,0.0914,wind
OH,Seneca,SENECA,0.0003,0.0047,0.0731,0.0135,0.0731,wind
OH,Shelby,SHELBY,0.0003,0.0041,0.0844,0.0243,0.0844,wind
OH,Stark,STARK,0.0023,0.0105,0.0755,0.0209,0.0755,wind
OH,Summit,SUMMIT,0.0028,0.0095,0.0883,0.0312,0.0883,wind
OH,Trumbull,TRUMBULL,0.001,0.0134,0.096,0.0329,0.096,wind
OH,Tuscarawas,TUSCARAWAS,0.0042,0.0103,0.105,0.014,0.105,wind
OH,Union,UNION,0.0003,0.0033,0.0632,0.02,0.0632,wind
OH,Van Wert,VAN WERT,0.0002,0.0014,0.0565,0.0158,0.0565,wind
OH,Vinton,VINTON,0.0082,0.0135,0.046,0.0223,0.046,wind
OH,Warren,WARREN,0.0015,0.0064,0.1233,0.0221,0.1233,wind
OH,Washington,WASHINGTON,0.0134,0.0147,0.0504,0.0158,0.0504,wind
OH,Wayne,WAYNE,0.0005,0.0061,0.0737,0.0201,0.0737,wind
OH,Williams,WILLIAMS,0.0005,0.0022,0.0372,0.0212,0.0372,wind
OH,Wood,WOOD,0.0004,0.0083,0.0713,0.0179,0.0713,wind
OH,Wyandot,WYANDOT,0.0004,0.005,0.0615,0.0097,0.0615,wind
OK,Adair,ADAIR,0.1261,0.0129,0.143,0.0031,0.143,wind
OK,Alfalfa,ALFALFA,0.0123,0.0019,0.1175,0.014,0.1175,wind
OK,Atoka,ATOKA,0.0589,0.005,0.0891,0.0024,0.0891,wind
OK,Beaver,BEAVER,0.034,0.0008,0.1319,0.0645,0.1319,wind
OK,Beckham,BECKHAM,0.0349,0.0027,0.1371,0.0121,0.1371,wind
OK,Blaine,BLAINE,0.0367,0.0028,0.0831,0.0123,0.0831,wind
OK,Bryan,BRYAN,0.0061,0.0058,0.1159,0.0035,0.1159,wind
OK,Caddo,CADDO,0.0571,0.0043,0.2,0.0114,0.2,wind
OK,Canadian,CANADIAN,0.0167,0.0071,0.1492,0.0132,0.1492,wind
OK,Carter,CARTER,0.0155,0.0048,0.1164,0.0016,0.1164,wind
OK,Cherokee,CHEROKEE,0.0766,0.0141,0.1648,0.0023,0.1648,wind
OK,Choctaw,CHOCTAW,0.0097,0.0074,0.1323,0.0022,0.1323,wind
OK,Cimarron,CIMARRON,0.016,0.0005,0.1653,0.0862,0.1653,wind
OK,Cleveland,CLEVELAND,0.0092,0.0059,0.1653,0.0047,0.1653,wind
OK,Coal,COAL,0.0156,0.004,0.0684,0.0036,0.0684,wind
OK,Comanche,COMANCHE,0.0355,0.0066,0.2495,0.0101,0.2495,wind
OK,Cotton,COTTON,0.0083,0.0032,0.091,0.0038,0.091,wind
OK,Craig,CRAIG,0.0079,0.0043,0.1206,0.0027,0.1206,wind
OK,Creek,CREEK,0.1033,0.0055,0.1465,0.0049,0.1465,wind
OK,Custer,CUSTER,0.0423,0.003,0.1553,0.0129,0.1553,wind
OK,Delaware,DELAWARE,0.0864,0.0071,0.1295,0.0041,0.1295,wind
OK,Dewey,DEWEY,0.0202,0.0013,0.1483,0.02,0.1483,wind
OK,Ellis,ELLIS,0.0181,0.0006,0.0947,0.018,0.0947,wind
OK,Garfield,GARFIELD,0.0038,0.002,0.1307,0.0155,0.1307,wind
OK,Garvin,GARVIN,0.0159,0.0059,0.1285,0.003,0.1285,wind
OK,Grady,GRADY,0.0133,0.0054,0.1885,0.0062,0.1885,wind
OK,Grant,GRANT,0.0026,0.0021,0.0841,0.0103,0.0841,wind
OK,Greer,GREER,0.0114,0.002,0.0747,0.0095,0.0747,wind
OK,Harmon,HARMON,0.0067,0.0009,0.1203,0.0081,0.1203,wind
OK,Harper,HARPER,0.0297,0.0014,0.0878,0.0175,0.0878,wind
OK,Haskell,HASKELL,0.0249,0.0102,0.1232,0.0025,0.1232,wind
OK,Hughes,HUGHES,0.048,0.0056,0.0856,0.0033,0.0856,wind
OK,Jackson,JACKSON,0.0107,0.0038,0.1527,0.008,0.1527,wind
OK,Jefferson,JEFFERSON,0.0059,0.004,0.0963,0.0018,0.0963,wind
OK,Johnston,JOHNSTON,0.0225,0.0041,0.1037,0.0033,0.1037,wind
OK,Kay,KAY,0.0292,0.0058,0.1259,0.0002,0.1259,wind
OK,Kingfisher,KINGFISHER,0.0043,0.0029,0.1047,0.0117,0.1047,wind
OK,Kiowa,KIOWA,0.0086,0.003,0.1467,0.0076,0.1467,wind
OK,Latimer,LATIMER,0.0681,0.0056,0.1249,0.0032,0.1249,wind
OK,Le Flore,LE FLORE,0.0789,0.0124,0.2061,0.012,0.2061,wind
OK,Lincoln,LINCOLN,0.0218,0.0046,0.1125,0.0067,0.1125,wind
OK,Logan,LOGAN,0.0202,0.0045,0.1262,0.009,0.1262,wind
OK,Love,LOVE,0.0088,0.0039,0.0849,0.0023,0.0849,wind
OK,Major,MAJOR,0.0134,0.0016,0.0901,0.0168,0.0901,wind
OK,Marshall,MARSHALL,0.0086,0.0041,0.0701,0.0016,0.0701,wind
OK,Mayes,MAYES,0.0373,0.0144,0.1523,0.002,0.1523,wind
OK,Mcclain,MCCLAIN,0.0081,0.0049,0.1212,0.0035,0.1212,wind
OK,Mccurtain,MCCURTAIN,0.0485,0.0102,0.1659,0.0131,0.1659,wind
OK,Mcintosh,MCINTOSH,0.0628,0.008,0.1608,0.0043,0.1608,wind
OK,Murray,MURRAY,0.0184,0.0059,0.0799,0.003,0.0799,wind
OK,Muskogee,MUSKOGEE,0.0189,0.0165,0.1743,0.0021,0.1743,wind
OK,Noble,NOBLE,0.0353,0.0038,0.0942,0.0093,0.0942,wind
OK,Nowata,NOWATA,0.0189,0.0069,0.1026,0.0035,0.1026,wind
OK,Okfuskee,OKFUSKEE,0.0667,0.0041,0.1332,0.0061,0.1332,wind
OK,Oklahoma,OKLAHOMA,0.0076,0.0108,0.1863,0.0081,0.1863,wind
OK,Okmulgee,OKMULGEE,0.0477,0.0083,0.1266,0.005,0.1266,wind
OK,Osage,OSAGE,0.2464,0.0042,0.252,0.0032,0.252,wind
OK,Ottawa,OTTAWA,0.0429,0.0108,0.0945,0.0042,0.0945,wind
OK,Pawnee,PAWNEE,0.045,0.0084,0.1128,0.0085,0.1128,wind
OK,Payne,PAYNE,0.024,0.007,0.1161,0.008,0.1161,wind
OK,Pittsburg,PITTSBURG,0.0588,0.0076,0.153,0.0057,0.153,wind
OK,Pontotoc,PONTOTOC,0.0142,0.0046,0.1066,0.003,0.1066,wind
OK,Pottawatomie,POTTAWATOMIE,0.0233,0.0057,0.1127,0.0046,0.1127,wind
OK,Pushmataha,PUSHMATAHA,0.0581,0.0067,0.1361,0.0051,0.1361,wind
OK,Roger Mills,ROGER MILLS,0.0401,0.0011,0.1302,0.013,0.1302,wind
OK,Rogers,ROGERS,0.0218,0.0097,0.1729,0.0025,0.1729,wind
OK,Seminole,SEMINOLE,0.0598,0.004,0.0832,0.003,0.0832,wind
OK,Sequoyah,SEQUOYAH,0.0475,0.0118,0.1698,0.0027,0.1698,wind
OK,Stephens,STEPHENS,0.0203,0.0049,0.1437,0.003,0.1437,wind
OK,Texas,TEXAS,0.0433,0.001,0.2086,0.0723,0.2086,wind
OK,Tillman,TILLMAN,0.0047,0.003,0.1631,0.0059,0.1631,wind
OK,Tulsa,TULSA,0.0108,0.0163,0.2539,0.0037,0.2539,wind
OK,Wagoner,WAGONER,0.011,0.0136,0.1505,0.0026,0.1505,wind
OK,Washington,WASHINGTON,0.0382,0.0093,0.1604,0.0027,0.1604,wind
OK,Washita,WASHITA,0.0098,0.0023,0.1418,0.0113,0.1418,wind
OK,Woods,WOODS,0.0242,0.0017,0.1243,0.0134,0.1243,wind
OK,Woodward,WOODWARD,0.0633,0.0022,0.1642,0.0181,0.1642,wind
OR,Baker,BAKER,0.0286,0.0026,0.0154,0.0188,0.0286,fire
OR,Benton,BENTON,0.0016,0.0004,0.0023,0.0,0.0023,wind
OR,Clackamas,CLACKAMAS,0.0055,0.0012,0.0131,0.0005,0.0131,wind
OR,Clatsop,CLATSOP,0.0016,0.0002,0.0014,0.0,0.0016,fire
OR,Columbia,COLUMBIA,0.0058,0.0005,0.0386,0.0418,0.0418,winter
OR,Coos,COOS,0.0039,0.0005,0.0044,0.0016,0.0044,wind
OR,Crook,CROOK,0.0383,0.0012,0.0023,0.0,0.0383,fire
OR,Curry,CURRY,0.0047,0.0004,0.1359,0.2044,0.2044,winter
OR,Deschutes,DESCHUTES,0.0568,0.0011,0.0046,0.0003,0.0568,fire
OR,Douglas,DOUGLAS,0.01,0.0003,0.0223,0.1057,0.1057,winter
OR,Gilliam,GILLIAM,0.0144,0.0024,0.0032,0.0028,0.0144,fire
OR,Grant,GRANT,0.0324,0.0037,0.0045,0.0004,0.0324,fire
OR,Harney,HARNEY,0.0307,0.0012,0.0232,0.0218,0.0307,fire
OR,Hood River,HOOD RIVER,0.0103,0.0003,0.0067,0.0145,0.0145,winter
OR,Jackson,JACKSON,0.0109,0.0006,0.0272,0.1849,0.1849,winter
OR,Jefferson,JEFFERSON,0.0274,0.0004,0.0042,0.0004,0.0274,fire
OR,Josephine,JOSEPHINE,0.0088,0.0003,0.0189,0.1777,0.1777,winter
OR,Klamath,KLAMATH,0.0462,0.0005,0.0472,0.1174,0.1174,winter
OR,Lake,LAKE,0.029,0.0007,0.1429,0.0953,0.1429,wind
OR,Lane,LANE,0.0137,0.0011,0.031,0.0492,0.0492,winter
OR,Lincoln,LINCOLN,0.0027,0.0005,0.0056,0.0002,0.0056,wind
OR,Linn,LINN,0.0051,0.0005,0.0058,0.0004,0.0058,wind
OR,Malheur,MALHEUR,0.0473,0.0007,0.0237,0.0085,0.0473,fire
OR,Marion,MARION,0.0026,0.0005,0.0071,0.0004,0.0071,wind
OR,Morrow,MORROW,0.0138,0.0027,0.0081,0.0,0.0138,fire
OR,Multnomah,MULTNOMAH,0.0012,0.0012,0.005,0.0001,0.005,wind
OR,Polk,POLK,0.0012,0.0007,0.0025,0.0005,0.0025,wind
OR,Sherman,SHERMAN,0.0096,0.0005,0.0023,0.0,0.0096,fire
OR,Tillamook,TILLAMOOK,0.0014,0.0004,0.0025,0.0001,0.0025,wind
OR,Umatilla,UMATILLA,0.0155,0.0065,0.0351,0.0004,0.0351,wind
OR,Union,UNION,0.0119,0.0055,0.0046,0.0001,0.0119,fire
OR,Wallowa,WALLOWA,0.0205,0.0042,0.024,0.0291,0.0291,winter
OR,Wasco,WASCO,0.0267,0.0005,0.0057,0.0002,0.0267,fire
OR,Washington,WASHINGTON,0.001,0.0004,0.0059,0.0001,0.0059,wind
OR,Wheeler,WHEELER,0.0181,0.0031,0.0047,0.0034,0.0181,fire
OR,Yamhill,YAMHILL,0.0018,0.0003,0.002,0.0,0.002,wind
PA,Adams,ADAMS,0.0023,0.0031,0.1072,0.0088,0.1072,wind
PA,Allegheny,ALLEGHENY,0.0027,0.0291,0.1108,0.0185,0.1108,wind
PA,Armstrong,ARMSTRONG,0.0038,0.0132,0.0765,0.0184,0.0765,wind
PA,Beaver,BEAVER,0.0009,0.0202,0.0711,0.013,0.0711,wind
PA,Bedford,BEDFORD,0.0051,0.0017,0.0722,0.022,0.0722,wind
PA,Berks,BERKS,0.0313,0.0049,0.1196,0.0648,0.1196,wind
PA,Blair,BLAIR,0.0139,0.0026,0.0781,0.0174,0.0781,wind
PA,Bradford,BRADFORD,0.0012,0.0326,0.0773,0.03,0.0773,wind
PA,Bucks,BUCKS,0.0133,0.0135,0.0858,0.0534,0.0858,wind
PA,Butler,BUTLER,0.0019,0.0091,0.0806,0.0261,0.0806,wind
PA,Cambria,CAMBRIA,0.0053,0.0048,0.1157,0.0292,0.1157,wind
PA,Cameron,CAMERON,0.0045,0.0026,0.0379,0.026,0.0379,wind
PA,Carbon,CARBON,0.0682,0.0033,0.0486,0.1303,0.1303,winter
PA,Centre,CENTRE,0.017,0.0019,0.0992,0.0215,0.0992,wind
PA,Chester,CHESTER,0.0144,0.0059,0.1322,0.0498,0.1322,wind
PA,Clarion,CLARION,0.003,0.0181,0.0631,0.0311,0.0631,wind
PA,Clearfield,CLEARFIELD,0.0055,0.0032,0.0885,0.0228,0.0885,wind
PA,Clinton,CLINTON,0.0047,0.0031,0.0823,0.0231,0.0823,wind
PA,Columbia,COLUMBIA,0.0014,0.0047,0.0497,0.012,0.0497,wind
PA,Crawford,CRAWFORD,0.0028,0.0148,0.1042,0.0617,0.1042,wind
PA,Cumberland,CUMBERLAND,0.0032,0.0019,0.0801,0.0076,0.0801,wind
PA,Dauphin,DAUPHIN,0.0023,0.002,0.0975,0.0069,0.0975,wind
PA,Delaware,DELAWARE,0.0112,0.0057,0.0905,0.0312,0.0905,wind
PA,Elk,ELK,0.0113,0.0027,0.0479,0.0009,0.0479,wind
PA,Erie,ERIE,0.0022,0.0241,0.1073,0.0844,0.1073,wind
PA,Fayette,FAYETTE,0.0067,0.0199,0.1069,0.0436,0.1069,wind
PA,Forest,FOREST,0.008,0.0065,0.0577,0.0374,0.0577,wind
PA,Franklin,FRANKLIN,0.0035,0.0013,0.0998,0.0104,0.0998,wind
PA,Fulton,FULTON,0.0018,0.0011,0.037,0.0152,0.037,wind
PA,Greene,GREENE,0.0041,0.0081,0.0565,0.0092,0.0565,wind
PA,Huntingdon,HUNTINGDON,0.0044,0.0023,0.0748,0.0148,0.0748,wind
PA,Indiana,INDIANA,0.0042,0.0092,0.0737,0.0218,0.0737,wind
PA,Jefferson,JEFFERSON,0.0046,0.0073,0.0773,0.0258,0.0773,wind
PA,Juniata,JUNIATA,0.0034,0.002,0.0614,0.0089,0.0614,wind
PA,Lackawanna,LACKAWANNA,0.0085,0.0138,0.0573,0.034,0.0573,wind
PA,Lancaster,LANCASTER,0.0017,0.0028,0.0972,0.0092,0.0972,wind
PA,Lawrence,LAWRENCE,0.0016,0.0157,0.0783,0.0191,0.0783,wind
PA,Lebanon,LEBANON,0.0028,0.0014,0.0855,0.0072,0.0855,wind
PA,Lehigh,LEHIGH,0.0413,0.0052,0.0838,0.0701,0.0838,wind
PA,Luzerne,LUZERNE,0.0071,0.0201,0.0646,0.0281,0.0646,wind
PA,Lycoming,LYCOMING,0.0014,0.0039,0.104,0.0219,0.104,wind
PA,Mckean,MCKEAN,0.0069,0.0044,0.0611,0.0435,0.0611,wind
PA,Mercer,MERCER,0.0012,0.0115,0.095,0.0316,0.095,wind
PA,Mifflin,MIFFLIN,0.004,0.0008,0.0857,0.0101,0.0857,wind
PA,Monroe,MONROE,0.0466,0.0048,0.0682,0.1541,0.1541,winter
PA,Montgomery,MONTGOMERY,0.0148,0.0083,0.1203,0.0501,0.1203,wind
PA,Montour,MONTOUR,0.0015,0.0048,0.0469,0.0106,0.0469,wind
PA,Northampton,NORTHAMPTON,0.0572,0.0071,0.0724,0.0906,0.0906,winter
PA,Northumberland,NORTHUMBERLAND,0.0019,0.0026,0.0649,0.0077,0.0649,wind
PA,Perry,PERRY,0.0039,0.0022,0.0785,0.0079,0.0785,wind
PA,Philadelphia,PHILADELPHIA,0.0032,0.0087,0.1092,0.0331,0.1092,wind
PA,Pike,PIKE,0.0136,0.0091,0.0456,0.0363,0.0456,wind
PA,Potter,POTTER,0.0035,0.0031,0.0577,0.0334,0.0577,wind
PA,Schuylkill,SCHUYLKILL,0.0077,0.0018,0.0598,0.0147,0.0598,wind
PA,Snyder,SNYDER,0.0029,0.0012,0.0676,0.0074,0.0676,wind
PA,Somerset,SOMERSET,0.0059,0.0051,0.0869,0.0427,0.0869,wind
PA,Sullivan,SULLIVAN,0.0041,0.0036,0.0438,0.0258,0.0438,wind
PA,Susquehanna,SUSQUEHANNA,0.0026,0.0111,0.0546,0.0381,0.0546,wind
PA,Tioga,TIOGA,0.0073,0.0046,0.0457,0.0326,0.0457,wind
PA,Union,UNION,0.0027,0.0036,0.0531,0.0089,0.0531,wind
PA,Venango,VENANGO,0.0033,0.0164,0.0844,0.0475,0.0844,wind
PA,Warren,WARREN,0.0118,0.0102,0.0896,0.0562,0.0896,wind
PA,Washington,WASHINGTON,0.001,0.017,0.0935,0.0106,0.0935,wind
PA,Wayne,WAYNE,0.0048,0.0113,0.0553,0.0393,0.0553,wind
PA,Westmoreland,WESTMORELAND,0.0073,0.0116,0.1379,0.0419,0.1379,wind
PA,Wyoming,WYOMING,0.0021,0.0161,0.0367,0.0272,0.0367,wind
PA,York,YORK,0.0018,0.0036,0.133,0.0082,0.133,wind
RI,Bristol,BRISTOL,0.0021,0.0079,0.0244,0.0216,0.0244,wind
RI,Kent,KENT,0.0038,0.0133,0.0347,0.0356,0.0356,winter
RI,Newport,NEWPORT,0.0014,0.0082,0.0282,0.0243,0.0282,wind
RI,Providence,PROVIDENCE,0.002,0.0163,0.0512,0.0496,0.0512,wind
RI,Washington,WASHINGTON,0.0027,0.0094,0.0401,0.022,0.0401,wind
SC,Abbeville,ABBEVILLE,0.0142,0.0014,0.0841,0.0099,0.0841,wind
SC,Aiken,AIKEN,0.0588,0.003,0.1379,0.0032,0.1379,wind
SC,Allendale,ALLENDALE,0.0032,0.0009,0.091,0.0022,0.091,wind
SC,Anderson,ANDERSON,0.004,0.0046,0.169,0.0152,0.169,wind
SC,Bamberg,BAMBERG,0.0069,0.0012,0.0851,0.0018,0.0851,wind
SC,Barnwell,BARNWELL,0.0512,0.0013,0.0991,0.0015,0.0991,wind
SC,Beaufort,BEAUFORT,0.0042,0.0032,0.1344,0.0016,0.1344,wind
SC,Berkeley,BERKELEY,0.1003,0.0029,0.136,0.0023,0.136,wind
SC,Calhoun,CALHOUN,0.0029,0.0017,0.1035,0.0015,0.1035,wind
SC,Charleston,CHARLESTON,0.0371,0.0036,0.1384,0.0019,0.1384,wind
SC,Cherokee,CHEROKEE,0.007,0.0042,0.082,0.013,0.082,wind
SC,Chester,CHESTER,0.0105,0.0016,0.1002,0.0105,0.1002,wind
SC,Chesterfield,CHESTERFIELD,0.0252,0.001,0.1174,0.0062,0.1174,wind
SC,Clarendon,CLARENDON,0.0054,0.0012,0.111,0.0017,0.111,wind
SC,Colleton,COLLETON,0.0059,0.0008,0.1544,0.0021,0.1544,wind
SC,Darlington,DARLINGTON,0.0092,0.0013,0.1178,0.0043,0.1178,wind
SC,Dillon,DILLON,0.0049,0.0011,0.0848,0.0035,0.0848,wind
SC,Dorchester,DORCHESTER,0.0089,0.002,0.1289,0.0023,0.1289,wind
SC,Edgefield,EDGEFIELD,0.0359,0.0017,0.1271,0.0028,0.1271,wind
SC,Fairfield,FAIRFIELD,0.0187,0.0021,0.1193,0.0037,0.1193,wind
SC,Florence,FLORENCE,0.0067,0.002,0.1069,0.0029,0.1069,wind
SC,Georgetown,GEORGETOWN,0.0155,0.0051,0.0812,0.0029,0.0812,wind
SC,Greenville,GREENVILLE,0.0031,0.0078,0.1704,0.0236,0.1704,wind
SC,Greenwood,GREENWOOD,0.0126,0.003,0.1056,0.0091,0.1056,wind
SC,Hampton,HAMPTON,0.0053,0.0011,0.1051,0.0015,0.1051,wind
SC,Horry,HORRY,0.0152,0.0023,0.1252,0.0031,0.1252,wind
SC,Jasper,JASPER,0.008,0.0011,0.1384,0.0014,0.1384,wind
SC,Kershaw,KERSHAW,0.008,0.0021,0.1335,0.0028,0.1335,wind
SC,Lancaster,LANCASTER,0.0072,0.0054,0.1235,0.0061,0.1235,wind
SC,Laurens,LAURENS,0.0127,0.0022,0.1287,0.0101,0.1287,wind
SC,Lee,LEE,0.0049,0.0009,0.0734,0.0006,0.0734,wind
SC,Lexington,LEXINGTON,0.0015,0.0039,0.2009,0.0034,0.2009,wind
SC,Marion,MARION,0.008,0.0014,0.0916,0.0025,0.0916,wind
SC,Marlboro,MARLBORO,0.0071,0.0017,0.0929,0.0037,0.0929,wind
SC,Mccormick,MCCORMICK,0.0326,0.0014,0.0769,0.0036,0.0769,wind
SC,Newberry,NEWBERRY,0.0333,0.0016,0.1168,0.0054,0.1168,wind
SC,Oconee,OCONEE,0.0269,0.0036,0.1601,0.0188,0.1601,wind
SC,Orangeburg,ORANGEBURG,0.0063,0.0019,0.1747,0.0021,0.1747,wind
SC,Pickens,PICKENS,0.0036,0.0045,0.1194,0.0223,0.1194,wind
SC,Richland,RICHLAND,0.0094,0.0071,0.2131,0.0027,0.2131,wind
SC,Saluda,SALUDA,0.0119,0.0019,0.1035,0.0033,0.1035,wind
SC,Spartanburg,SPARTANBURG,0.0031,0.0073,0.1528,0.0206,0.1528,wind
SC,Sumter,SUMTER,0.005,0.0011,0.1344,0.0017,0.1344,wind
SC,Union,UNION,0.0521,0.0032,0.0989,0.0105,0.0989,wind
SC,Williamsburg,WILLIAMSBURG,0.0104,0.0011,0.0923,0.0017,0.0923,wind
SC,York,YORK,0.0037,0.0065,0.1306,0.0148,0.1306,wind
SD,Aurora,AURORA,0.0012,0.0023,0.0308,0.131,0.131,winter
SD,Beadle,BEADLE,0.0033,0.009,0.0377,0.1385,0.1385,winter
SD,Bennett,BENNETT,0.0166,0.0018,0.0635,0.1694,0.1694,winter
SD,Bon Homme,BON HOMME,0.0031,0.0036,0.0425,0.1127,0.1127,winter
SD,Brookings,BROOKINGS,0.0031,0.0064,0.0292,0.1475,0.1475,winter
SD,Brown,BROWN,0.0441,0.0115,0.0613,0.1427,0.1427,winter
SD,Brule,BRULE,0.0039,0.0034,0.0467,0.1426,0.1426,winter
SD,Buffalo,BUFFALO,0.0111,0.0035,0.0366,0.1088,0.1088,winter
SD,Butte,BUTTE,0.0183,0.0019,0.1112,0.1851,0.1851,winter
SD,Campbell,CAMPBELL,0.0055,0.0023,0.0357,0.1066,0.1066,winter
SD,Charles Mix,CHARLES MIX,0.0045,0.0035,0.0479,0.1288,0.1288,winter
SD,Clark,CLARK,0.0061,0.0053,0.0327,0.1383,0.1383,winter
SD,Clay,CLAY,0.0028,0.0038,0.03,0.1,0.1,winter
SD,Codington,CODINGTON,0.0241,0.006,0.0247,0.135,0.135,winter
SD,Corson,CORSON,0.0311,0.0021,0.0863,0.1265,0.1265,winter
SD,Custer,CUSTER,0.0747,0.0012,0.0776,0.16,0.16,winter
SD,Davison,DAVISON,0.0053,0.0042,0.0389,0.1127,0.1127,winter
SD,Day,DAY,0.004,0.0046,0.0145,0.0016,0.0145,wind
SD,Deuel,DEUEL,0.0046,0.0059,0.0257,0.1391,0.1391,winter
SD,Dewey,DEWEY,0.0318,0.0024,0.0523,0.1379,0.1379,winter
SD,Douglas,DOUGLAS,0.0021,0.0013,0.0263,0.1244,0.1244,winter
SD,Edmunds,EDMUNDS,0.0052,0.0031,0.039,0.1352,0.1352,winter
SD,Fall River,FALL RIVER,0.0487,0.0021,0.0617,0.186,0.186,winter
SD,Faulk,FAULK,0.0027,0.0032,0.0342,0.1247,0.1247,winter
SD,Grant,GRANT,0.0038,0.0061,0.0329,0.1548,0.1548,winter
SD,Gregory,GREGORY,0.0076,0.0028,0.0459,0.145,0.145,winter
SD,Haakon,HAAKON,0.0052,0.0025,0.1213,0.1513,0.1513,winter
SD,Hamlin,HAMLIN,0.0025,0.0069,0.0248,0.1295,0.1295,winter
SD,Hand,HAND,0.0039,0.0036,0.0457,0.1281,0.1281,winter
SD,Hanson,HANSON,0.0026,0.0061,0.0288,0.1158,0.1158,winter
SD,Harding,HARDING,0.0231,0.0024,0.1502,0.1638,0.1638,winter
SD,Hughes,HUGHES,0.0096,0.0029,0.0713,0.1277,0.1277,winter
SD,Hutchinson,HUTCHINSON,0.0029,0.0092,0.0403,0.1117,0.1117,winter
SD,Hyde,HYDE,0.0042,0.0027,0.0364,0.1212,0.1212,winter
SD,Jackson,JACKSON,0.0251,0.0029,0.096,0.1641,0.1641,winter
SD,Jerauld,JERAULD,0.0025,0.0025,0.028,0.1303,0.1303,winter
SD,Jones,JONES,0.0139,0.0016,0.0577,0.1316,0.1316,winter
SD,Kingsbury,KINGSBURY,0.0022,0.0044,0.0287,0.1366,0.1366,winter
SD,Lake,LAKE,0.0028,0.0049,0.0416,0.1416,0.1416,winter
SD,Lawrence,LAWRENCE,0.0254,0.0018,0.0276,0.0445,0.0445,winter
SD,Lincoln,LINCOLN,0.0034,0.0055,0.0435,0.1252,0.1252,winter
SD,Lyman,LYMAN,0.0207,0.0028,0.0821,0.1261,0.1261,winter
SD,Marshall,MARSHALL,0.0048,0.0042,0.0321,0.1299,0.1299,winter
SD,Mccook,MCCOOK,0.0017,0.0034,0.0306,0.1302,0.1302,winter
SD,Mcpherson,MCPHERSON,0.0034,0.0038,0.0422,0.1303,0.1303,winter
SD,Meade,MEADE,0.0419,0.004,0.1685,0.1991,0.1991,winter
SD,Mellette,MELLETTE,0.0227,0.0021,0.0484,0.1343,0.1343,winter
SD,Miner,MINER,0.0017,0.0033,0.0286,0.1171,0.1171,winter
SD,Minnehaha,MINNEHAHA,0.0093,0.01,0.0487,0.1489,0.1489,winter
SD,Moody,MOODY,0.003,0.006,0.023,0.1418,0.1418,winter
SD,Oglala Lakota,OGLALA LAKOTA,0.0406,0.0029,0.0873,0.1898,0.1898,winter
SD,Pennington,PENNINGTON,0.0644,0.004,0.1546,0.1979,0.1979,winter
SD,Perkins,PERKINS,0.0108,0.0033,0.1054,0.158,0.158,winter
SD,Potter,POTTER,0.0083,0.003,0.0422,0.1343,0.1343,winter
SD,Roberts,ROBERTS,0.0156,0.0061,0.0665,0.1469,0.1469,winter
SD,Sanborn,SANBORN,0.0068,0.0055,0.0301,0.1164,0.1164,winter
SD,Spink,SPINK,0.0043,0.01,0.0318,0.1349,0.1349,winter
SD,Stanley,STANLEY,0.0193,0.0025,0.0692,0.1287,0.1287,winter
SD,Sully,SULLY,0.0024,0.002,0.0446,0.1281,0.1281,winter
SD,Todd,TODD,0.0367,0.0036,0.0841,0.152,0.152,winter
SD,Tripp,TRIPP,0.0058,0.0016,0.0772,0.1405,0.1405,winter
SD,Turner,TURNER,0.0027,0.0038,0.0357,0.1193,0.1193,winter
SD,Union,UNION,0.0036,0.005,0.0553,0.0906,0.0906,winter
SD,Walworth,WALWORTH,0.009,0.0033,0.0404,0.1216,0.1216,winter
SD,Yankton,YANKTON,0.0078,0.0063,0.0363,0.1194,0.1194,winter
SD,Ziebach,ZIEBACH,0.0153,0.0017,0.1078,0.1485,0.1485,winter
TN,Anderson,ANDERSON,0.0127,0.0041,0.108,0.005,0.108,wind
TN,Bedford,BEDFORD,0.0021,0.0048,0.108,0.0124,0.108,wind
TN,Benton,BENTON,0.0114,0.0118,0.106,0.0065,0.106,wind
TN,Bledsoe,BLEDSOE,0.0033,0.0055,0.1247,0.0048,0.1247,wind
TN,Blount,BLOUNT,0.0131,0.0049,0.1426,0.0204,0.1426,wind
TN,Bradley,BRADLEY,0.0018,0.0051,0.1068,0.0052,0.1068,wind
TN,Campbell,CAMPBELL,0.0485,0.0051,0.0997,0.0126,0.0997,wind
TN,Cannon,CANNON,0.0028,0.0033,0.0789,0.0079,0.0789,wind
TN,Carroll,CARROLL,0.0086,0.013,0.0959,0.0136,0.0959,wind
TN,Carter,CARTER,0.0503,0.0051,0.074,0.031,0.074,wind
TN,Cheatham,CHEATHAM,0.0018,0.0124,0.1119,0.008,0.1119,wind
TN,Chester,CHESTER,0.0048,0.0104,0.0703,0.0147,0.0703,wind
TN,Claiborne,CLAIBORNE,0.0133,0.0058,0.0858,0.0105,0.0858,wind
TN,Clay,CLAY,0.0028,0.0041,0.0715,0.0192,0.0715,wind
TN,Cocke,COCKE,0.0421,0.0037,0.1084,0.0184,0.1084,wind
TN,Coffee,COFFEE,0.0037,0.0062,0.1379,0.0142,0.1379,wind
TN,Crockett,CROCKETT,0.0006,0.0093,0.0855,0.0109,0.0855,wind
TN,Cumberland,CUMBERLAND,0.0215,0.0068,0.0975,0.0306,0.0975,wind
TN,Davidson,DAVIDSON,0.002,0.0263,0.2521,0.0133,0.2521,wind
TN,Decatur,DECATUR,0.006,0.0104,0.0764,0.0096,0.0764,wind
TN,Dekalb,DEKALB,0.0048,0.0055,0.0976,0.0132,0.0976,wind
TN,Dickson,DICKSON,0.0043,0.0113,0.1592,0.0097,0.1592,wind
TN,Dyer,DYER,0.0012,0.0139,0.0848,0.0094,0.0848,wind
TN,Fayette,FAYETTE,0.0032,0.017,0.0901,0.0093,0.0901,wind
TN,Fentress,FENTRESS,0.0155,0.0048,0.0935,0.041,0.0935,wind
TN,Franklin,FRANKLIN,0.0046,0.0043,0.1016,0.097,0.1016,wind
TN,Gibson,GIBSON,0.0011,0.0127,0.1004,0.016,0.1004,wind
TN,Giles,GILES,0.0024,0.0081,0.1071,0.0097,0.1071,wind
TN,Grainger,GRAINGER,0.005,0.0055,0.078,0.0065,0.078,wind
TN,Greene,GREENE,0.0149,0.0046,0.1479,0.0184,0.1479,wind
TN,Grundy,GRUNDY,0.0163,0.0055,0.0882,0.0175,0.0882,wind
TN,Hamblen,HAMBLEN,0.0029,0.0055,0.0794,0.0047,0.0794,wind
TN,Hamilton,HAMILTON,0.0041,0.0078,0.1602,0.0032,0.1602,wind
TN,Hancock,HANCOCK,0.0099,0.0038,0.0554,0.0067,0.0554,wind
TN,Hardeman,HARDEMAN,0.0061,0.0116,0.0818,0.0139,0.0818,wind
TN,Hardin,HARDIN,0.0111,0.0111,0.102,0.0105,0.102,wind
TN,Hawkins,HAWKINS,0.0088,0.0045,0.0919,0.0039,0.0919,wind
TN,Haywood,HAYWOOD,0.0015,0.0068,0.052,0.0098,0.052,wind
TN,Henderson,HENDERSON,0.006,0.0105,0.0846,0.011,0.0846,wind
TN,Henry,HENRY,0.0036,0.0117,0.0956,0.0154,0.0956,wind
TN,Hickman,HICKMAN,0.0152,0.0125,0.1527,0.0091,0.1527,wind
TN,Houston,HOUSTON,0.0086,0.0098,0.0889,0.0072,0.0889,wind
TN,Humphreys,HUMPHREYS,0.011,0.0112,0.1236,0.0047,0.1236,wind
TN,Jackson,JACKSON,0.0034,0.0046,0.0925,0.0085,0.0925,wind
TN,Jefferson,JEFFERSON,0.0018,0.0045,0.0869,0.0064,0.0869,wind
TN,Johnson,JOHNSON,0.0115,0.0051,0.0525,0.0276,0.0525,wind
TN,Knox,KNOX,0.003,0.0058,0.1793,0.0062,0.1793,wind
TN,Lake,LAKE,0.0011,0.009,0.0479,0.0112,0.0479,wind
TN,Lauderdale,LAUDERDALE,0.0036,0.0157,0.1134,0.0093,0.1134,wind
TN,Lawrence,LAWRENCE,0.0053,0.0095,0.1508,0.0138,0.1508,wind
TN,Lewis,LEWIS,0.0082,0.0081,0.0883,0.0075,0.0883,wind
TN,Lincoln,LINCOLN,0.0027,0.004,0.1202,0.1053,0.1202,wind
TN,Loudon,LOUDON,0.003,0.0047,0.1072,0.007,0.1072,wind
TN,Macon,MACON,0.0029,0.0053,0.0906,0.0145,0.0906,wind
TN,Madison,MADISON,0.0056,0.0157,0.0954,0.0141,0.0954,wind
TN,Marion,MARION,0.0207,0.0049,0.1124,0.0065,0.1124,wind
TN,Marshall,MARSHALL,0.0029,0.0093,0.0813,0.0086,0.0813,wind
TN,Maury,MAURY,0.002,0.0128,0.1675,0.0084,0.1675,wind
TN,Mcminn,MCMINN,0.0022,0.0035,0.1352,0.0043,0.1352,wind
TN,Mcnairy,MCNAIRY,0.007,0.0098,0.0807,0.0146,0.0807,wind
TN,Meigs,MEIGS,0.0037,0.0046,0.0679,0.0032,0.0679,wind
TN,Monroe,MONROE,0.0419,0.0031,0.1387,0.0129,0.1387,wind
TN,Montgomery,MONTGOMERY,0.0045,0.0189,0.1462,0.0133,0.1462,wind
TN,Moore,MOORE,0.0016,0.0038,0.0691,0.0975,0.0975,winter
TN,Morgan,MORGAN,0.0599,0.0057,0.1036,0.0083,0.1036,wind
TN,Obion,OBION,0.0019,0.0171,0.0961,0.0207,0.0961,wind
TN,Overton,OVERTON,0.0028,0.005,0.0886,0.0272,0.0886,wind
TN,Perry,PERRY,0.0163,0.0106,0.1107,0.0071,0.1107,wind
TN,Pickett,PICKETT,0.0042,0.0039,0.0395,0.03,0.0395,wind
TN,Polk,POLK,0.0435,0.0029,0.0836,0.0066,0.0836,wind
TN,Putnam,PUTNAM,0.0047,0.0076,0.1279,0.0352,0.1279,wind
TN,Rhea,RHEA,0.0085,0.0064,0.1066,0.006,0.1066,wind
TN,Roane,ROANE,0.0085,0.0071,0.1325,0.0055,0.1325,wind
TN,Robertson,ROBERTSON,0.0017,0.0105,0.1535,0.0239,0.1535,wind
TN,Rutherford,RUTHERFORD,0.0043,0.0068,0.154,0.0085,0.154,wind
TN,Scott,SCOTT,0.0339,0.0079,0.11,0.0078,0.11,wind
TN,Sequatchie,SEQUATCHIE,0.0127,0.0052,0.1021,0.0033,0.1021,wind
TN,Sevier,SEVIER,0.0229,0.0052,0.1559,0.0408,0.1559,wind
TN,Shelby,SHELBY,0.0018,0.0315,0.182,0.0095,0.182,wind
TN,Smith,SMITH,0.0015,0.0071,0.0888,0.0108,0.0888,wind
TN,Stewart,STEWART,0.0073,0.0104,0.1011,0.014,0.1011,wind
TN,Sullivan,SULLIVAN,0.0213,0.0047,0.0845,0.0099,0.0845,wind
TN,Sumner,SUMNER,0.0027,0.0086,0.1672,0.0179,0.1672,wind
TN,Tipton,TIPTON,0.0017,0.0217,0.0911,0.0095,0.0911,wind
TN,Trousdale,TROUSDALE,0.0013,0.0057,0.0666,0.0054,0.0666,wind
TN,Unicoi,UNICOI,0.0338,0.0049,0.0614,0.0265,0.0614,wind
TN,Union,UNION,0.0032,0.0045,0.0949,0.0057,0.0949,wind
TN,Van Buren,VAN BUREN,0.0095,0.0042,0.0473,0.0092,0.0473,wind
TN,Warren,WARREN,0.0024,0.0067,0.13,0.0158,0.13,wind
TN,Washington,WASHINGTON,0.0043,0.0038,0.0918,0.012,0.0918,wind
TN,Wayne,WAYNE,0.0086,0.0064,0.0893,0.0154,0.0893,wind
TN,Weakley,WEAKLEY,0.0028,0.0148,0.1013,0.0161,0.1013,wind
TN,White,WHITE,0.0034,0.0046,0.0995,0.0196,0.0995,wind
TN,Williamson,WILLIAMSON,0.0031,0.0111,0.1585,0.0072,0.1585,wind
TN,Wilson,WILSON,0.003,0.0072,0.1706,0.0097,0.1706,wind
TX,Anderson,ANDERSON,0.0162,0.0098,0.124,0.0034,0.124,wind
TX,Andrews,ANDREWS,0.0217,0.0032,0.0367,0.0056,0.0367,wind
TX,Angelina,ANGELINA,0.0395,0.0063,0.12,0.0057,0.12,wind
TX,Aransas,ARANSAS,0.0181,0.0033,0.0431,0.0012,0.0431,wind
TX,Archer,ARCHER,0.0244,0.0023,0.057,0.0066,0.057,wind
TX,Armstrong,ARMSTRONG,0.0509,0.0008,0.1085,0.0559,0.1085,wind
TX,Atascosa,ATASCOSA,0.0097,0.0078,0.0472,0.0023,0.0472,wind
TX,Austin,AUSTIN,0.0016,0.0066,0.051,0.002,0.051,wind
TX,Bailey,BAILEY,0.0229,0.0007,0.088,0.0358,0.088,wind
TX,Bandera,BANDERA,0.0041,0.011,0.024,0.0045,0.024,wind
TX,Bastrop,BASTROP,0.018,0.0114,0.0831,0.0039,0.0831,wind
TX,Baylor,BAYLOR,0.0106,0.0021,0.0542,0.0054,0.0542,wind
TX,Bee,BEE,0.0081,0.0056,0.053,0.0015,0.053,wind
TX,Bell,BELL,0.0153,0.0141,0.1271,0.005,0.1271,wind
TX,Bexar,BEXAR,0.008,0.0209,0.1063,0.0059,0.1063,wind
TX,Blanco,BLANCO,0.0156,0.0055,0.0306,0.0054,0.0306,wind
TX,Borden,BORDEN,0.0093,0.001,0.0527,0.0079,0.0527,wind
TX,Bosque,BOSQUE,0.0099,0.0103,0.1019,0.0046,0.1019,wind
TX,Bowie,BOWIE,0.0118,0.0113,0.1783,0.012,0.1783,wind
TX,Brazoria,BRAZORIA,0.0199,0.0134,0.0846,0.001,0.0846,wind
TX,Brazos,BRAZOS,0.0037,0.0109,0.1156,0.0021,0.1156,wind
TX,Brewster,BREWSTER,0.0404,0.0029,0.0481,0.0005,0.0481,wind
TX,Briscoe,BRISCOE,0.0207,0.0012,0.1563,0.0403,0.1563,wind
TX,Brooks,BROOKS,0.0268,0.0042,0.0279,0.0082,0.0279,wind
TX,Brown,BROWN,0.0237,0.0065,0.0856,0.0255,0.0856,wind
TX,Burleson,BURLESON,0.0028,0.0064,0.0735,0.0023,0.0735,wind
TX,Burnet,BURNET,0.0252,0.0058,0.0505,0.0059,0.0505,wind
TX,Caldwell,CALDWELL,0.0096,0.0072,0.0601,0.0051,0.0601,wind
TX,Calhoun,CALHOUN,0.0208,0.0015,0.0548,0.0021,0.0548,wind
TX,Callahan,CALLAHAN,0.0362,0.0036,0.0605,0.0246,0.0605,wind
TX,Cameron,CAMERON,0.0142,0.011,0.0677,0.003,0.0677,wind
TX,Camp,CAMP,0.0113,0.005,0.0893,0.0091,0.0893,wind
TX,Carson,CARSON,0.0612,0.0012,0.1128,0.066,0.1128,wind
TX,Cass,CASS,0.0185,0.0051,0.1681,0.0106,0.1681,wind
TX,Castro,CASTRO,0.0117,0.0007,0.1766,0.0559,0.1766,wind
TX,Chambers,CHAMBERS,0.0079,0.0113,0.0246,0.0007,0.0246,wind
TX,Cherokee,CHEROKEE,0.0196,0.0046,0.1424,0.0053,0.1424,wind
TX,Childress,CHILDRESS,0.0229,0.0023,0.1282,0.0199,0.1282,wind
TX,Clay,CLAY,0.026,0.0028,0.0683,0.0032,0.0683,wind
TX,Cochran,COCHRAN,0.0247,0.0013,0.0984,0.0244,0.0984,wind
TX,Coke,COKE,0.0211,0.0013,0.0597,0.0213,0.0597,wind
TX,Coleman,COLEMAN,0.0164,0.0016,0.0639,0.0166,0.0639,wind
TX,Collin,COLLIN,0.0062,0.0124,0.1522,0.0085,0.1522,wind
TX,Collingsworth,COLLINGSWORTH,0.0183,0.001,0.0849,0.035,0.0849,wind
TX,Colorado,COLORADO,0.0058,0.0077,0.0535,0.0014,0.0535,wind
TX,Comal,COMAL,0.0031,0.0108,0.0421,0.0047,0.0421,wind
TX,Comanche,COMANCHE,0.0125,0.0046,0.0789,0.006,0.0789,wind
TX,Concho,CONCHO,0.0147,0.0015,0.04,0.0254,0.04,wind
TX,Cooke,COOKE,0.007,0.0101,0.1325,0.0064,0.1325,wind
TX,Coryell,CORYELL,0.0112,0.0085,0.0853,0.0051,0.0853,wind
TX,Cottle,COTTLE,0.0178,0.0017,0.1024,0.0139,0.1024,wind
TX,Crane,CRANE,0.0064,0.0006,0.0205,0.0033,0.0205,wind
TX,Crockett,CROCKETT,0.0554,0.0013,0.0433,0.0132,0.0554,fire
TX,Crosby,CROSBY,0.0234,0.002,0.136,0.0334,0.136,wind
TX,Culberson,CULBERSON,0.0059,0.0003,0.4586,0.004,0.4586,wind
TX,Dallam,DALLAM,0.0476,0.0005,0.0824,0.0784,0.0824,wind
TX,Dallas,DALLAS,0.0042,0.0333,0.1954,0.0064,0.1954,wind
TX,Dawson,DAWSON,0.0046,0.0036,0.05,0.0057,0.05,wind
TX,Deaf Smith,DEAF SMITH,0.0412,0.0007,0.1333,0.0622,0.1333,wind
TX,Delta,DELTA,0.0028,0.0034,0.0466,0.0032,0.0466,wind
TX,Denton,DENTON,0.008,0.0189,0.171,0.0079,0.171,wind
TX,Dewitt,DEWITT,0.0066,0.001,0.0025,0.0,0.0066,fire
TX,Dickens,DICKENS,0.0257,0.0014,0.0762,0.0156,0.0762,wind
TX,Dimmit,DIMMIT,0.0062,0.0017,0.0173,0.0003,0.0173,wind
TX,Donley,DONLEY,0.0341,0.0009,0.1006,0.0481,0.1006,wind
TX,Duval,DUVAL,0.0155,0.0036,0.033,0.0027,0.033,wind
TX,Eastland,EASTLAND,0.0307,0.0058,0.0759,0.0092,0.0759,wind
TX,Ector,ECTOR,0.019,0.0098,0.0711,0.0055,0.0711,wind
TX,Edwards,EDWARDS,0.0094,0.0037,0.0256,0.0075,0.0256,wind
TX,El Paso,EL PASO,0.0038,0.0044,0.1534,0.0036,0.1534,wind
TX,Ellis,ELLIS,0.0051,0.0111,0.138,0.0024,0.138,wind
TX,Erath,ERATH,0.0117,0.0062,0.0827,0.009,0.0827,wind
TX,Falls,FALLS,0.0035,0.0081,0.054,0.0026,0.054,wind
TX,Fannin,FANNIN,0.0187,0.0067,0.0772,0.0058,0.0772,wind
TX,Fayette,FAYETTE,0.0042,0.0066,0.0589,0.0035,0.0589,wind
TX,Fisher,FISHER,0.0212,0.001,0.062,0.0149,0.062,wind
TX,Floyd,FLOYD,0.01,0.0016,0.1166,0.0323,0.1166,wind
TX,Foard,FOARD,0.0085,0.0012,0.0302,0.008,0.0302,wind
TX,Fort Bend,FORT BEND,0.0031,0.0174,0.0768,0.0024,0.0768,wind
TX,Franklin,FRANKLIN,0.007,0.0041,0.1,0.0108,0.1,wind
TX,Freestone,FREESTONE,0.0058,0.0067,0.0517,0.0023,0.0517,wind
TX,Frio,FRIO,0.0075,0.0056,0.0164,0.0009,0.0164,wind
TX,Gaines,GAINES,0.0073,0.0047,0.061,0.007,0.061,wind
TX,Galveston,GALVESTON,0.0057,0.0158,0.0753,0.0006,0.0753,wind
TX,Garza,GARZA,0.0395,0.0021,0.1259,0.0206,0.1259,wind
TX,Gillespie,GILLESPIE,0.0192,0.0071,0.0439,0.0134,0.0439,wind
TX,Glasscock,GLASSCOCK,0.0063,0.0013,0.0441,0.0039,0.0441,wind
TX,Goliad,GOLIAD,0.0066,0.0029,0.0404,0.0016,0.0404,wind
TX,Gonzales,GONZALES,0.0063,0.0054,0.041,0.0015,0.041,wind
TX,Gray,GRAY,0.0551,0.0017,0.131,0.0644,0.131,wind
TX,Grayson,GRAYSON,0.0094,0.013,0.1314,0.0089,0.1314,wind
TX,Gregg,GREGG,0.0088,0.0102,0.1156,0.0101,0.1156,wind
TX,Grimes,GRIMES,0.0126,0.0086,0.066,0.0021,0.066,wind
TX,Guadalupe,GUADALUPE,0.0052,0.0124,0.4381,0.0076,0.4381,wind
TX,Hale,HALE,0.0311,0.0032,0.151,0.0379,0.151,wind
TX,Hall,HALL,0.0143,0.0019,0.1529,0.0296,0.1529,wind
TX,Hamilton,HAMILTON,0.0111,0.0034,0.0795,0.003,0.0795,wind
TX,Hansford,HANSFORD,0.0147,0.0006,0.086,0.0787,0.086,wind
TX,Hardeman,HARDEMAN,0.0079,0.0015,0.0775,0.0101,0.0775,wind
TX,Hardin,HARDIN,0.0326,0.0094,0.0622,0.0042,0.0622,wind
TX,Harris,HARRIS,0.0042,0.0583,0.1751,0.0025,0.1751,wind
TX,Harrison,HARRISON,0.0286,0.0072,0.1827,0.0058,0.1827,wind
TX,Hartley,HARTLEY,0.0465,0.0004,0.1309,0.0694,0.1309,wind
TX,Haskell,HASKELL,0.0106,0.002,0.0903,0.0208,0.0903,wind
TX,Hays,HAYS,0.0057,0.0082,0.0513,0.0043,0.0513,wind
TX,Hemphill,HEMPHILL,0.0385,0.0011,0.0804,0.0569,0.0804,wind
TX,Henderson,HENDERSON,0.0102,0.0112,0.1134,0.0072,0.1134,wind
TX,Hidalgo,HIDALGO,0.0255,0.0174,0.067,0.0099,0.067,wind
TX,Hill,HILL,0.0054,0.0101,0.1166,0.0024,0.1166,wind
TX,Hockley,HOCKLEY,0.0406,0.0042,0.1418,0.0317,0.1418,wind
TX,Hood,HOOD,0.0165,0.0073,0.0953,0.0054,0.0953,wind
TX,Hopkins,HOPKINS,0.0066,0.0086,0.1334,0.0064,0.1334,wind
TX,Houston,HOUSTON,0.028,0.0051,0.1045,0.0016,0.1045,wind
TX,Howard,HOWARD,0.0218,0.006,0.0675,0.0059,0.0675,wind
TX,Hudspeth,HUDSPETH,0.0044,0.0007,0.0255,0.0021,0.0255,wind
TX,Hunt,HUNT,0.0131,0.0094,0.0944,0.0039,0.0944,wind
TX,Hutchinson,HUTCHINSON,0.0843,0.0028,0.1084,0.0697,0.1084,wind
TX,Irion,IRION,0.0263,0.0005,0.0436,0.0225,0.0436,wind
TX,Jack,JACK,0.0479,0.0041,0.0776,0.0084,0.0776,wind
TX,Jackson,JACKSON,0.0071,0.0039,0.0336,0.001,0.0336,wind
TX,Jasper,JASPER,0.0495,0.0091,0.112,0.0026,0.112,wind
TX,Jeff Davis,JEFF DAVIS,0.0256,0.0004,0.0184,0.0005,0.0256,fire
TX,Jefferson,JEFFERSON,0.011,0.0331,0.0773,0.0017,0.0773,wind
TX,Jim Hogg,JIM HOGG,0.0141,0.0036,0.0302,0.0091,0.0302,wind
TX,Jim Wells,JIM WELLS,0.0146,0.0089,0.0684,0.004,0.0684,wind
TX,Johnson,JOHNSON,0.0076,0.0108,0.1487,0.0061,0.1487,wind
TX,Jones,JONES,0.0406,0.0031,0.0916,0.024,0.0916,wind
TX,Karnes,KARNES,0.0044,0.0041,0.0192,0.0007,0.0192,wind
TX,Kaufman,KAUFMAN,0.0044,0.0109,0.128,0.006,0.128,wind
TX,Kendall,KENDALL,0.0084,0.0084,0.0273,0.0062,0.0273,wind
TX,Kenedy,KENEDY,0.0216,0.0012,0.0134,0.0131,0.0216,fire
TX,Kent,KENT,0.0212,0.0009,0.0528,0.0138,0.0528,wind
TX,Kerr,KERR,0.0082,0.0102,0.0364,0.01,0.0364,wind
TX,Kimble,KIMBLE,0.0209,0.0022,0.0275,0.0163,0.0275,wind
TX,King,KING,0.0238,0.0006,0.0734,0.0137,0.0734,wind
TX,Kinney,KINNEY,0.0062,0.0018,0.0286,0.0018,0.0286,wind
TX,Kleberg,KLEBERG,0.0237,0.0028,0.035,0.0026,0.035,wind
TX,Knox,KNOX,0.0067,0.002,0.0635,0.0071,0.0635,wind
TX,La Salle,LA SALLE,0.0078,0.0016,0.0495,0.0027,0.0495,wind
TX,Lamar,LAMAR,0.0149,0.0081,0.1224,0.0051,0.1224,wind
TX,Lamb,LAMB,0.0166,0.002,0.1545,0.0441,0.1545,wind
TX,Lampasas,LAMPASAS,0.0213,0.0065,0.0812,0.008,0.0812,wind
TX,Lavaca,LAVACA,0.003,0.0051,0.0436,0.0013,0.0436,wind
TX,Lee,LEE,0.004,0.0029,0.0458,0.0001,0.0458,wind
TX,Leon,LEON,0.0098,0.005,0.0804,0.0017,0.0804,wind
TX,Liberty,LIBERTY,0.0285,0.0132,0.0649,0.0019,0.0649,wind
TX,Limestone,LIMESTONE,0.0056,0.0115,0.0871,0.0031,0.0871,wind
TX,Lipscomb,LIPSCOMB,0.0466,0.0007,0.0743,0.0637,0.0743,wind
TX,Live Oak,LIVE OAK,0.0123,0.0054,0.0598,0.0024,0.0598,wind
TX,Llano,LLANO,0.0145,0.008,0.0407,0.0122,0.0407,wind
TX,Loving,LOVING,0.0025,0.0002,0.01,0.0022,0.01,wind
TX,Lubbock,LUBBOCK,0.0421,0.0099,0.2177,0.0364,0.2177,wind
TX,Lynn,LYNN,0.0111,0.0022,0.1047,0.0242,0.1047,wind
TX,Madison,MADISON,0.0047,0.0049,0.0594,0.0017,0.0594,wind
TX,Marion,MARION,0.0176,0.0065,0.125,0.0052,0.125,wind
TX,Martin,MARTIN,0.005,0.0018,0.0374,0.0035,0.0374,wind
TX,Mason,MASON,0.0151,0.003,0.0497,0.0189,0.0497,wind
TX,Matagorda,MATAGORDA,0.0043,0.0018,0.0466,0.0007,0.0466,wind
TX,Maverick,MAVERICK,0.006,0.0064,0.031,0.0007,0.031,wind
TX,Mcculloch,MCCULLOCH,0.015,0.0022,0.0653,0.0227,0.0653,wind
TX,Mclennan,MCLENNAN,0.0083,0.017,0.136,0.004,0.136,wind
TX,Mcmullen,MCMULLEN,0.003,0.0022,0.0219,0.0012,0.0219,wind
TX,Medina,MEDINA,0.0052,0.0083,0.0605,0.003,0.0605,wind
TX,Menard,MENARD,0.021,0.001,0.034,0.0192,0.034,wind
TX,Midland,MIDLAND,0.0169,0.0125,0.0849,0.0041,0.0849,wind
TX,Milam,MILAM,0.0052,0.0088,0.0957,0.0041,0.0957,wind
TX,Mills,MILLS,0.0104,0.0025,0.0422,0.0041,0.0422,wind
TX,Mitchell,MITCHELL,0.0158,0.0027,0.0632,0.0046,0.0632,wind
TX,Montague,MONTAGUE,0.015,0.0064,0.0878,0.0093,0.0878,wind
TX,Montgomery,MONTGOMERY,0.0287,0.0141,0.0913,0.0024,0.0913,wind
TX,Moore,MOORE,0.0571,0.0023,0.1197,0.0729,0.1197,wind
TX,Morris,MORRIS,0.0084,0.0057,0.0947,0.01,0.0947,wind
TX,Motley,MOTLEY,0.0256,0.0009,0.1149,0.0278,0.1149,wind
TX,Nacogdoches,NACOGDOCHES,0.0216,0.0063,0.1594,0.0067,0.1594,wind
TX,Navarro,NAVARRO,0.0049,0.0093,0.1365,0.003,0.1365,wind
TX,Newton,NEWTON,0.0454,0.0082,0.0925,0.0018,0.0925,wind
TX,Nolan,NOLAN,0.0496,0.0023,0.0835,0.0163,0.0835,wind
TX,Nueces,NUECES,0.0067,0.0204,0.0939,0.0029,0.0939,wind
TX,Ochiltree,OCHILTREE,0.0239,0.0006,0.0782,0.0672,0.0782,wind
TX,Oldham,OLDHAM,0.0349,0.0005,0.0845,0.0587,0.0845,wind
TX,Orange,ORANGE,0.0085,0.0185,0.0602,0.0018,0.0602,wind
TX,Palo Pinto,PALO PINTO,0.0396,0.0096,0.1003,0.0129,0.1003,wind
TX,Panola,PANOLA,0.0163,0.0066,0.1269,0.0034,0.1269,wind
TX,Parker,PARKER,0.022,0.0085,0.1228,0.0096,0.1228,wind
TX,Parmer,PARMER,0.0038,0.0006,0.1382,0.0489,0.1382,wind
TX,Pecos,PECOS,0.0247,0.003,0.0843,0.0065,0.0843,wind
TX,Polk,POLK,0.0413,0.0075,0.0679,0.0033,0.0679,wind
TX,Potter,POTTER,0.1099,0.0054,0.2152,0.0657,0.2152,wind
TX,Presidio,PRESIDIO,0.0073,0.0004,0.0216,0.001,0.0216,wind
TX,Rains,RAINS,0.0039,0.0066,0.0538,0.0039,0.0538,wind
TX,Randall,RANDALL,0.0752,0.0063,0.1901,0.0722,0.1901,wind
TX,Reagan,REAGAN,0.0102,0.0009,0.0436,0.0077,0.0436,wind
TX,Real,REAL,0.0046,0.0048,0.028,0.0055,0.028,wind
TX,Red River,RED RIVER,0.0309,0.0033,0.1302,0.0107,0.1302,wind
TX,Reeves,REEVES,0.0114,0.0033,0.0591,0.0035,0.0591,wind
TX,Refugio,REFUGIO,0.0053,0.0021,0.0342,0.0006,0.0342,wind
TX,Roberts,ROBERTS,0.0308,0.0007,0.0678,0.0599,0.0678,wind
TX,Robertson,ROBERTSON,0.0044,0.0067,0.0561,0.002,0.0561,wind
TX,Rockwall,ROCKWALL,0.0047,0.0105,0.0388,0.0021,0.0388,wind
TX,Runnels,RUNNELS,0.0151,0.0013,0.0706,0.0198,0.0706,wind
TX,Rusk,RUSK,0.0185,0.0054,0.2116,0.0087,0.2116,wind
TX,Sabine,SABINE,0.0202,0.0052,0.0999,0.0039,0.0999,wind
TX,San Augustine,SAN AUGUSTINE,0.0222,0.0032,0.0992,0.0028,0.0992,wind
TX,San Jacinto,SAN JACINTO,0.0361,0.0072,0.0541,0.0019,0.0541,wind
TX,San Patricio,SAN PATRICIO,0.0163,0.0089,0.0603,0.0022,0.0603,wind
TX,San Saba,SAN SABA,0.014,0.0022,0.0335,0.0149,0.0335,wind
TX,Schleicher,SCHLEICHER,0.0233,0.0006,0.0363,0.0163,0.0363,wind
TX,Scurry,SCURRY,0.0207,0.0048,0.0939,0.0108,0.0939,wind
TX,Shackelford,SHACKELFORD,0.0233,0.0024,0.0534,0.0269,0.0534,wind
TX,Shelby,SHELBY,0.0204,0.0051,0.1458,0.0044,0.1458,wind
TX,Sherman,SHERMAN,0.019,0.0007,0.0564,0.0565,0.0565,winter
TX,Smith,SMITH,0.0454,0.0077,0.2574,0.0718,0.2574,wind
TX,Somervell,SOMERVELL,0.0075,0.006,0.0613,0.0048,0.0613,wind
TX,Starr,STARR,0.0299,0.0089,0.0504,0.0088,0.0504,wind
TX,Stephens,STEPHENS,0.0295,0.0036,0.0585,0.0139,0.0585,wind
TX,Sterling,STERLING,0.0106,0.0003,0.0427,0.014,0.0427,wind
TX,Stonewall,STONEWALL,0.0252,0.001,0.0434,0.0122,0.0434,wind
TX,Sutton,SUTTON,0.0273,0.0009,0.0247,0.0182,0.0273,fire
TX,Swisher,SWISHER,0.0257,0.002,0.1453,0.0465,0.1453,wind
TX,Tarrant,TARRANT,0.005,0.0327,0.2358,0.0099,0.2358,wind
TX,Taylor,TAYLOR,0.0465,0.005,0.1229,0.0244,0.1229,wind
TX,Terrell,TERRELL,0.0226,0.0006,0.0311,0.002,0.0311,wind
TX,Terry,TERRY,0.0141,0.002,0.0711,0.0211,0.0711,wind
TX,Throckmorton,THROCKMORTON,0.0173,0.0013,0.0745,0.027,0.0745,wind
TX,Titus,TITUS,0.0057,0.0049,0.0893,0.0112,0.0893,wind
TX,Tom Green,TOM GREEN,0.0447,0.0051,0.1294,0.0276,0.1294,wind
TX,Travis,TRAVIS,0.0133,0.0147,0.11,0.0075,0.11,wind
TX,Trinity,TRINITY,0.0345,0.004,0.046,0.0021,0.046,wind
TX,Tyler,TYLER,0.0431,0.0043,0.072,0.0037,0.072,wind
TX,Upshur,UPSHUR,0.0183,0.0053,0.1508,0.0103,0.1508,wind
TX,Upton,UPTON,0.0093,0.004,0.037,0.0025,0.037,wind
TX,Uvalde,UVALDE,0.0072,0.0065,0.0484,0.0026,0.0484,wind
TX,Val Verde,VAL VERDE,0.0306,0.0075,0.0723,0.0066,0.0723,wind
TX,Van Zandt,VAN ZANDT,0.0079,0.0087,0.1009,0.0077,0.1009,wind
TX,Victoria,VICTORIA,0.0071,0.0053,0.0543,0.003,0.0543,wind
TX,Walker,WALKER,0.0436,0.0064,0.0758,0.0021,0.0758,wind
TX,Waller,WALLER,0.0054,0.0092,0.0436,0.0016,0.0436,wind
TX,Ward,WARD,0.0119,0.002,0.0221,0.0022,0.0221,wind
TX,Washington,WASHINGTON,0.0021,0.0073,0.0716,0.0018,0.0716,wind
TX,Webb,WEBB,0.0108,0.0115,0.0514,0.0039,0.0514,wind
TX,Wharton,WHARTON,0.0023,0.0057,0.0775,0.0012,0.0775,wind
TX,Wheeler,WHEELER,0.0575,0.0011,0.0686,0.0507,0.0686,wind
TX,Wichita,WICHITA,0.0202,0.0088,0.1269,0.0069,0.1269,wind
TX,Wilbarger,WILBARGER,0.0099,0.0024,0.1028,0.0086,0.1028,wind
TX,Willacy,WILLACY,0.0062,0.0054,0.0364,0.0046,0.0364,wind
TX,Williamson,WILLIAMSON,0.0083,0.0145,0.0882,0.0065,0.0882,wind
TX,Wilson,WILSON,0.0044,0.0107,0.0442,0.0014,0.0442,wind
TX,Winkler,WINKLER,0.0092,0.0005,0.0349,0.0037,0.0349,wind
TX,Wise,WISE,0.0203,0.0059,0.1359,0.0095,0.1359,wind
TX,Wood,WOOD,0.0077,0.0076,0.126,0.005,0.126,wind
TX,Yoakum,YOAKUM,0.0266,0.0026,0.1069,0.0228,0.1069,wind
TX,Young,YOUNG,0.0308,0.004,0.0744,0.0104,0.0744,wind
TX,Zapata,ZAPATA,0.0173,0.0064,0.0407,0.0094,0.0407,wind
TX,Zavala,ZAVALA,0.0053,0.002,0.0321,0.0007,0.0321,wind
UT,Beaver,BEAVER,0.0334,0.0005,0.0255,0.0748,0.0748,winter
UT,Box Elder,BOX ELDER,0.0412,0.0011,0.0722,0.0973,0.0973,winter
UT,Cache,CACHE,0.0166,0.0057,0.0649,0.1454,0.1454,winter
UT,Carbon,CARBON,0.0164,0.0006,0.0064,0.0347,0.0347,winter
UT,Daggett,DAGGETT,0.0142,0.0008,0.0018,0.0003,0.0142,fire
UT,Davis,DAVIS,0.0075,0.0031,0.0353,0.0797,0.0797,winter
UT,Duchesne,DUCHESNE,0.0418,0.0005,0.017,0.0401,0.0418,fire
UT,Emery,EMERY,0.0389,0.001,0.0178,0.0644,0.0644,winter
UT,Garfield,GARFIELD,0.0255,0.0006,0.0229,0.0672,0.0672,winter
UT,Grand,GRAND,0.0432,0.0012,0.059,0.1022,0.1022,winter
UT,Iron,IRON,0.0226,0.0008,0.0172,0.074,0.074,winter
UT,Juab,JUAB,0.0352,0.0009,0.0281,0.1132,0.1132,winter
UT,Kane,KANE,0.0338,0.001,0.0163,0.0634,0.0634,winter
UT,Millard,MILLARD,0.0474,0.0006,0.0231,0.0793,0.0793,winter
UT,Morgan,MORGAN,0.005,0.0032,0.0239,0.1126,0.1126,winter
UT,Piute,PIUTE,0.0157,0.0004,0.0121,0.0774,0.0774,winter
UT,Rich,RICH,0.0161,0.0013,0.0164,0.1078,0.1078,winter
UT,Salt Lake,SALT LAKE,0.0122,0.0035,0.3277,0.2341,0.3277,wind
UT,San Juan,SAN JUAN,0.0525,0.001,0.0066,0.0131,0.0525,fire
UT,Sanpete,SANPETE,0.0194,0.0009,0.0523,0.1,0.1,winter
UT,Sevier,SEVIER,0.0363,0.0006,0.0605,0.0901,0.0901,winter
UT,Summit,SUMMIT,0.0303,0.0026,0.0255,0.1191,0.1191,winter
UT,Tooele,TOOELE,0.0652,0.001,0.2677,0.1198,0.2677,wind
UT,Uintah,UINTAH,0.045,0.0017,0.0049,0.0012,0.045,fire
UT,Utah,UTAH,0.0346,0.0023,0.2437,0.3018,0.3018,winter
UT,Wasatch,WASATCH,0.0255,0.0021,0.2109,0.3292,0.3292,winter
UT,Washington,WASHINGTON,0.037,0.0019,0.0464,0.0657,0.0657,winter
UT,Wayne,WAYNE,0.0107,0.0006,0.0134,0.0657,0.0657,winter
UT,Weber,WEBER,0.01,0.008,0.0549,0.1108,0.1108,winter
VA,Accomack,ACCOMACK,0.003,0.002,0.0538,0.0167,0.0538,wind
VA,Albemarle,ALBEMARLE,0.014,0.0018,0.1043,0.1345,0.1345,winter
VA,Alexandria,ALEXANDRIA,0.0001,0.0,0.0001,0.0041,0.0041,winter
VA,Alleghany,ALLEGHANY,0.0194,0.0059,0.0874,0.0324,0.0874,wind
VA,Amelia,AMELIA,0.0014,0.0007,0.0839,0.027,0.0839,wind
VA,Amherst,AMHERST,0.0085,0.0048,0.0865,0.028,0.0865,wind
VA,Appomattox,APPOMATTOX,0.003,0.002,0.0789,0.0183,0.0789,wind
VA,Arlington,ARLINGTON,0.0002,0.002,0.0564,0.0671,0.0671,winter
VA,Augusta,AUGUSTA,0.0221,0.0023,0.0682,0.1659,0.1659,winter
VA,Bath,BATH,0.0273,0.007,0.092,0.0386,0.092,wind
VA,Bedford,BEDFORD,0.0038,0.0072,0.1451,0.0355,0.1451,wind
VA,Bland,BLAND,0.0119,0.0035,0.0526,0.025,0.0526,wind
VA,Botetourt,BOTETOURT,0.0104,0.0097,0.1031,0.0285,0.1031,wind
VA,Bristol,BRISTOL,0.0001,0.0001,0.0004,0.0119,0.0119,winter
VA,Brunswick,BRUNSWICK,0.0088,0.0011,0.082,0.0232,0.082,wind
VA,Buchanan,BUCHANAN,0.0428,0.0184,0.0435,0.0309,0.0435,wind
VA,Buckingham,BUCKINGHAM,0.003,0.0016,0.1077,0.0185,0.1077,wind
VA,Buena Vista,BUENA VISTA,0.0001,0.0,0.0003,0.0051,0.0051,winter
VA,Campbell,CAMPBELL,0.0044,0.0036,0.1163,0.0203,0.1163,wind
VA,Caroline,CAROLINE,0.0113,0.0008,0.0758,0.029,0.0758,wind
VA,Carroll,CARROLL,0.0022,0.0097,0.1323,0.0327,0.1323,wind
VA,Charles City,CHARLES CITY,0.0052,0.0003,0.011,0.0172,0.0172,winter
VA,Charlotte,CHARLOTTE,0.0045,0.0015,0.1035,0.0118,0.1035,wind
VA,Charlottesville,CHARLOTTESVILLE,0.0001,0.0,0.0,0.0001,0.0001,fire
VA,Chesapeake,CHESAPEAKE,0.0001,0.0,0.008,0.0125,0.0125,winter
VA,Chesterfield,CHESTERFIELD,0.0017,0.0013,0.1017,0.0285,0.1017,wind
VA,Clarke,CLARKE,0.0012,0.0011,0.0452,0.1093,0.1093,winter
VA,Colonial Heights,COLONIAL HEIGHTS,0.0001,0.0,0.0001,0.0048,0.0048,winter
VA,Covington,COVINGTON,0.0001,0.0,0.0004,0.0054,0.0054,winter
VA,Craig,CRAIG,0.0245,0.0046,0.0737,0.0281,0.0737,wind
VA,Culpeper,CULPEPER,0.003,0.0018,0.0617,0.12,0.12,winter
VA,Cumberland,CUMBERLAND,0.0023,0.0008,0.0624,0.0252,0.0624,wind
VA,Danville,DANVILLE,0.0001,0.0,0.0003,0.0017,0.0017,winter
VA,Dickenson,DICKENSON,0.045,0.0149,0.0276,0.033,0.045,fire
VA,Dinwiddie,DINWIDDIE,0.0058,0.0012,0.0753,0.0249,0.0753,wind
VA,Emporia,EMPORIA,0.0001,0.0001,0.0085,0.0027,0.0085,wind
VA,Essex,ESSEX,0.0031,0.0005,0.0561,0.0236,0.0561,wind
VA,Fairfax,FAIRFAX,0.0026,0.0014,0.1027,0.0988,0.1027,wind
VA,Fairfax City,FAIRFAX CITY,0.0001,0.0003,0.0,0.0,0.0003,flood
VA,Falls Church,FALLS CHURCH,0.0001,0.0,0.0005,0.0055,0.0055,winter
VA,Fauquier,FAUQUIER,0.0028,0.0014,0.0843,0.1443,0.1443,winter
VA,Floyd,FLOYD,0.0008,0.0091,0.1061,0.0307,0.1061,wind
VA,Fluvanna,FLUVANNA,0.0021,0.0006,0.0575,0.0274,0.0575,wind
VA,Franklin,FRANKLIN,0.0045,0.0094,0.154,0.0168,0.154,wind
VA,Franklin City,FRANKLIN CITY,0.0009,0.0005,0.0,0.0,0.0009,fire
VA,Frederick,FREDERICK,0.0027,0.0016,0.0645,0.1158,0.1158,winter
VA,Fredericksburg,FREDERICKSBURG,0.0001,0.0,0.0,0.0036,0.0036,winter
VA,Galax,GALAX,0.0001,0.0001,0.0014,0.0046,0.0046,winter
VA,Giles,GILES,0.0236,0.0096,0.104,0.0241,0.104,wind
VA,Gloucester,GLOUCESTER,0.0044,0.0009,0.0514,0.0201,0.0514,wind
VA,Goochland,GOOCHLAND,0.0028,0.001,0.0677,0.0199,0.0677,wind
VA,Grayson,GRAYSON,0.0031,0.0066,0.1339,0.0411,0.1339,wind
VA,Greene,GREENE,0.0034,0.0014,0.0456,0.1471,0.1471,winter
VA,Greensville,GREENSVILLE,0.0027,0.0006,0.0546,0.0192,0.0546,wind
VA,Halifax,HALIFAX,0.0045,0.0032,0.1379,0.0108,0.1379,wind
VA,Hampton,HAMPTON,0.0001,0.0,0.0035,0.0066,0.0066,winter
VA,Hanover,HANOVER,0.001,0.0008,0.0814,0.0237,0.0814,wind
VA,Harrisonburg,HARRISONBURG,0.0001,0.0,0.0003,0.0119,0.0119,winter
VA,Henrico,HENRICO,0.0024,0.0012,0.084,0.0212,0.084,wind
VA,Henry,HENRY,0.0029,0.008,0.1263,0.0148,0.1263,wind
VA,Highland,HIGHLAND,0.0045,0.0036,0.0428,0.1623,0.1623,winter
VA,Hopewell,HOPEWELL,0.0001,0.0,0.0,0.004,0.004,winter
VA,Isle Of Wight,ISLE OF WIGHT,0.0029,0.0009,0.0707,0.0188,0.0707,wind
VA,James City,JAMES CITY,0.0023,0.0009,0.0481,0.0179,0.0481,wind
VA,King And Queen,KING AND QUEEN,0.0024,0.0004,0.0578,0.0235,0.0578,wind
VA,King George,KING GEORGE,0.0007,0.0005,0.0761,0.0625,0.0761,wind
VA,King William,KING WILLIAM,0.0029,0.0008,0.0583,0.0208,0.0583,wind
VA,Lancaster,LANCASTER,0.0006,0.0007,0.0544,0.02,0.0544,wind
VA,Lee,LEE,0.0332,0.0066,0.0754,0.0002,0.0754,wind
VA,Lexington,LEXINGTON,0.0001,0.0,0.0005,0.0024,0.0024,winter
VA,Loudoun,LOUDOUN,0.0009,0.0015,0.1035,0.131,0.131,winter
VA,Louisa,LOUISA,0.0007,0.0005,0.0856,0.0267,0.0856,wind
VA,Lunenburg,LUNENBURG,0.0053,0.0007,0.0589,0.0276,0.0589,wind
VA,Lynchburg,LYNCHBURG,0.0001,0.0,0.0004,0.003,0.003,winter
VA,Madison,MADISON,0.0021,0.0013,0.0406,0.1429,0.1429,winter
VA,Manassas,MANASSAS,0.0001,0.0,0.0006,0.009,0.009,winter
VA,Manassas Park,MANASSAS PARK,0.0001,0.0,0.0,0.0,0.0001,fire
VA,Martinsville,MARTINSVILLE,0.0001,0.0001,0.0003,0.0019,0.0019,winter
VA,Mathews,MATHEWS,0.0004,0.0004,0.0501,0.0219,0.0501,wind
VA,Mecklenburg,MECKLENBURG,0.0037,0.0005,0.0935,0.0206,0.0935,wind
VA,Middlesex,MIDDLESEX,0.0014,0.0009,0.0615,0.0183,0.0615,wind
VA,Montgomery,MONTGOMERY,0.0056,0.0072,0.1202,0.025,0.1202,wind
VA,Nelson,NELSON,0.0142,0.0018,0.0969,0.1127,0.1127,winter
VA,New Kent,NEW KENT,0.0016,0.0003,0.0576,0.0189,0.0576,wind
VA,Newport News,NEWPORT NEWS,0.0001,0.0,0.0081,0.0169,0.0169,winter
VA,Norfolk,NORFOLK,0.0001,0.0,0.014,0.011,0.014,wind
VA,Northampton,NORTHAMPTON,0.0018,0.0008,0.034,0.011,0.034,wind
VA,Northumberland,NORTHUMBERLAND,0.0007,0.0008,0.0654,0.0187,0.0654,wind
VA,Norton,NORTON,0.0001,0.0001,0.0004,0.0101,0.0101,winter
VA,Nottoway,NOTTOWAY,0.0046,0.0007,0.0636,0.0248,0.0636,wind
VA,Orange,ORANGE,0.002,0.0016,0.0745,0.1168,0.1168,winter
VA,Page,PAGE,0.0107,0.0006,0.036,0.1549,0.1549,winter
VA,Patrick,PATRICK,0.0053,0.0068,0.1085,0.0245,0.1085,wind
VA,Petersburg,PETERSBURG,0.0001,0.0,0.0,0.0026,0.0026,winter
VA,Pittsylvania,PITTSYLVANIA,0.005,0.0047,0.1345,0.0121,0.1345,wind
VA,Poquoson,POQUOSON,0.0001,0.0,0.006,0.005,0.006,wind
VA,Portsmouth,PORTSMOUTH,0.0001,0.0,0.0,0.0039,0.0039,winter
VA,Powhatan,POWHATAN,0.0011,0.0007,0.0683,0.0275,0.0683,wind
VA,Prince Edward,PRINCE EDWARD,0.0036,0.001,0.069,0.0238,0.069,wind
VA,Prince George,PRINCE GEORGE,0.002,0.0004,0.0619,0.0209,0.0619,wind
VA,Prince William,PRINCE WILLIAM,0.0081,0.0014,0.0809,0.1012,0.1012,winter
VA,Pulaski,PULASKI,0.0076,0.0069,0.1005,0.0265,0.1005,wind
VA,Radford,RADFORD,0.0001,0.0001,0.0022,0.0025,0.0025,winter
VA,Rappahannock,RAPPAHANNOCK,0.0027,0.0012,0.0359,0.1303,0.1303,winter
VA,Richmond,RICHMOND,0.0014,0.0007,0.0688,0.0223,0.0688,wind
VA,Richmond City,RICHMOND CITY,0.0004,0.0005,0.0,0.0,0.0005,flood
VA,Roanoke,ROANOKE,0.0157,0.0088,0.119,0.031,0.119,wind
VA,Roanoke City,ROANOKE CITY,0.0016,0.0025,0.0,0.0001,0.0025,flood
VA,Rockbridge,ROCKBRIDGE,0.0353,0.0099,0.1065,0.04,0.1065,wind
VA,Rockingham,ROCKINGHAM,0.0365,0.0023,0.0563,0.1862,0.1862,winter
VA,Russell,RUSSELL,0.0085,0.0062,0.0727,0.0205,0.0727,wind
VA,Salem,SALEM,0.0001,0.0,0.0017,0.0042,0.0042,winter
VA,Scott,SCOTT,0.0242,0.0093,0.0759,0.0113,0.0759,wind
VA,Shenandoah,SHENANDOAH,0.0069,0.0021,0.0591,0.1714,0.1714,winter
VA,Smyth,SMYTH,0.0122,0.0082,0.0959,0.03,0.0959,wind
VA,Southampton,SOUTHAMPTON,0.0032,0.0007,0.0627,0.0162,0.0627,wind
VA,Spotsylvania,SPOTSYLVANIA,0.0009,0.0012,0.1007,0.0885,0.1007,wind
VA,Stafford,STAFFORD,0.0016,0.0008,0.056,0.0805,0.0805,winter
VA,Staunton,STAUNTON,0.0001,0.0,0.0002,0.014,0.014,winter
VA,Suffolk,SUFFOLK,0.0001,0.0,0.0077,0.0197,0.0197,winter
VA,Surry,SURRY,0.0034,0.0007,0.0597,0.0195,0.0597,wind
VA,Sussex,SUSSEX,0.0064,0.0008,0.0603,0.0206,0.0603,wind
VA,Tazewell,TAZEWELL,0.0107,0.0095,0.0935,0.0334,0.0935,wind
VA,Virginia Beach,VIRGINIA BEACH,0.0001,0.0001,0.0143,0.0111,0.0143,wind
VA,Warren,WARREN,0.0042,0.0027,0.0439,0.1327,0.1327,winter
VA,Washington,WASHINGTON,0.0079,0.0059,0.106,0.0196,0.106,wind
VA,Waynesboro,WAYNESBORO,0.0001,0.0,0.0,0.0,0.0001,fire
VA,Westmoreland,WESTMORELAND,0.0014,0.0005,0.0633,0.0262,0.0633,wind
VA,Williamsburg,WILLIAMSBURG,0.0001,0.0,0.0,0.0026,0.0026,winter
VA,Winchester,WINCHESTER,0.0001,0.0,0.0003,0.0087,0.0087,winter
VA,Wise,WISE,0.0227,0.0083,0.0642,0.0242,0.0642,wind
VA,Wythe,WYTHE,0.0046,0.0062,0.076,0.0263,0.076,wind
VA,York,YORK,0.005,0.0013,0.0507,0.0152,0.0507,wind
VT,Addison,ADDISON,0.0071,0.0227,0.024,0.1258,0.1258,winter
VT,Bennington,BENNINGTON,0.0395,0.0084,0.0539,0.0961,0.0961,winter
VT,Caledonia,CALEDONIA,0.0045,0.025,0.0105,0.1318,0.1318,winter
VT,Chittenden,CHITTENDEN,0.0054,0.0329,0.0267,0.1261,0.1261,winter
VT,Essex,ESSEX,0.0035,0.0266,0.0088,0.1361,0.1361,winter
VT,Franklin,FRANKLIN,0.0067,0.0297,0.0207,0.1222,0.1222,winter
VT,Grand Isle,GRAND ISLE,0.0018,0.0082,0.0101,0.0879,0.0879,winter
VT,Lamoille,LAMOILLE,0.0037,0.026,0.0155,0.1322,0.1322,winter
VT,Orange,ORANGE,0.0028,0.0152,0.0081,0.1211,0.1211,winter
VT,Orleans,ORLEANS,0.0033,0.0303,0.0131,0.1329,0.1329,winter
VT,Rutland,RUTLAND,0.0239,0.0219,0.0349,0.106,0.106,winter
VT,Washington,WASHINGTON,0.0076,0.0263,0.0135,0.1313,0.1313,winter
VT,Windham,WINDHAM,0.0166,0.0108,0.0365,0.1215,0.1215,winter
VT,Windsor,WINDSOR,0.0088,0.0421,0.0151,0.1207,0.1207,winter
WA,Adams,ADAMS,0.0133,0.003,0.0045,0.0017,0.0133,fire
WA,Asotin,ASOTIN,0.0153,0.0053,0.0134,0.0284,0.0284,winter
WA,Benton,BENTON,0.0204,0.0035,0.0239,0.0029,0.0239,wind
WA,Chelan,CHELAN,0.0305,0.0058,0.0134,0.0132,0.0305,fire
WA,Clallam,CLALLAM,0.0064,0.0003,0.007,0.0043,0.007,wind
WA,Clark,CLARK,0.0007,0.0012,0.015,0.0059,0.015,wind
WA,Columbia,COLUMBIA,0.0213,0.0024,0.0503,0.041,0.0503,wind
WA,Cowlitz,COWLITZ,0.007,0.0004,0.0082,0.0078,0.0082,wind
WA,Douglas,DOUGLAS,0.0265,0.0035,0.0074,0.0079,0.0265,fire
WA,Ferry,FERRY,0.0502,0.0154,0.0055,0.012,0.0502,fire
WA,Franklin,FRANKLIN,0.0139,0.0014,0.0235,0.0036,0.0235,wind
WA,Garfield,GARFIELD,0.0097,0.0019,0.0116,0.0198,0.0198,winter
WA,Grant,GRANT,0.0302,0.0018,0.0106,0.0045,0.0302,fire
WA,Grays Harbor,GRAYS HARBOR,0.0049,0.0004,0.009,0.004,0.009,wind
WA,Island,ISLAND,0.0003,0.0016,0.0047,0.0029,0.0047,wind
WA,Jefferson,JEFFERSON,0.0046,0.0007,0.0065,0.0049,0.0065,wind
WA,King,KING,0.0037,0.0014,0.0085,0.0511,0.0511,winter
WA,Kitsap,KITSAP,0.0008,0.0006,0.0075,0.0074,0.0075,wind
WA,Kittitas,KITTITAS,0.0473,0.0013,0.0086,0.0197,0.0473,fire
WA,Klickitat,KLICKITAT,0.0182,0.0006,0.009,0.0054,0.0182,fire
WA,Lewis,LEWIS,0.0142,0.0009,0.0119,0.0663,0.0663,winter
WA,Lincoln,LINCOLN,0.0214,0.0044,0.0129,0.0061,0.0214,fire
WA,Mason,MASON,0.0043,0.0004,0.0089,0.0103,0.0103,winter
WA,Okanogan,OKANOGAN,0.0722,0.0117,0.0228,0.068,0.0722,fire
WA,Pacific,PACIFIC,0.0036,0.0004,0.0065,0.0047,0.0065,wind
WA,Pend Oreille,PEND OREILLE,0.0297,0.0078,0.0066,0.0224,0.0297,fire
WA,Pierce,PIERCE,0.0079,0.0007,0.015,0.0701,0.0701,winter
WA,San Juan,SAN JUAN,0.0005,0.0001,0.0178,0.0115,0.0178,wind
WA,Skagit,SKAGIT,0.0072,0.001,0.0129,0.0574,0.0574,winter
WA,Skamania,SKAMANIA,0.0065,0.0004,0.005,0.0071,0.0071,winter
WA,Snohomish,SNOHOMISH,0.0059,0.0014,0.009,0.0394,0.0394,winter
WA,Spokane,SPOKANE,0.0322,0.0148,0.0401,0.0649,0.0649,winter
WA,Stevens,STEVENS,0.0485,0.0057,0.0093,0.0202,0.0485,fire
WA,Thurston,THURSTON,0.0036,0.0007,0.0126,0.0048,0.0126,wind
WA,Wahkiakum,WAHKIAKUM,0.0026,0.0004,0.0019,0.0023,0.0026,fire
WA,Walla Walla,WALLA WALLA,0.0146,0.0046,0.0219,0.0081,0.0219,wind
WA,Whatcom,WHATCOM,0.0115,0.001,0.042,0.0558,0.0558,winter
WA,Whitman,WHITMAN,0.0056,0.0055,0.0094,0.0117,0.0117,winter
WA,Yakima,YAKIMA,0.0439,0.0009,0.0252,0.0158,0.0439,fire
WI,Adams,ADAMS,0.0231,0.0047,0.0185,0.0753,0.0753,winter
WI,Ashland,ASHLAND,0.0126,0.0058,0.0061,0.1685,0.1685,winter
WI,Barron,BARRON,0.0041,0.0031,0.0218,0.0971,0.0971,winter
WI,Bayfield,BAYFIELD,0.016,0.0036,0.0082,0.172,0.172,winter
WI,Brown,BROWN,0.0019,0.0059,0.0363,0.0711,0.0711,winter
WI,Buffalo,BUFFALO,0.0128,0.0039,0.0129,0.0789,0.0789,winter
WI,Burnett,BURNETT,0.0253,0.0034,0.0123,0.0818,0.0818,winter
WI,Calumet,CALUMET,0.0029,0.006,0.0401,0.0567,0.0567,winter
WI,Chippewa,CHIPPEWA,0.0041,0.0033,0.0255,0.0945,0.0945,winter
WI,Clark,CLARK,0.0055,0.0071,0.0389,0.0797,0.0797,winter
WI,Columbia,COLUMBIA,0.0024,0.0202,0.0324,0.1073,0.1073,winter
WI,Crawford,CRAWFORD,0.0106,0.0114,0.0313,0.0513,0.0513,winter
WI,Dane,DANE,0.0032,0.0091,0.0399,0.1017,0.1017,winter
WI,Dodge,DODGE,0.0043,0.007,0.047,0.0918,0.0918,winter
WI,Door,DOOR,0.0018,0.0069,0.0149,0.0869,0.0869,winter
WI,Douglas,DOUGLAS,0.0214,0.0039,0.0066,0.1369,0.1369,winter
WI,Dunn,DUNN,0.0055,0.0043,0.0233,0.0892,0.0892,winter
WI,Eau Claire,EAU CLAIRE,0.0067,0.0048,0.0205,0.0706,0.0706,winter
WI,Florence,FLORENCE,0.0091,0.0017,0.012,0.1101,0.1101,winter
WI,Fond Du Lac,FOND DU LAC,0.0043,0.0065,0.0424,0.1043,0.1043,winter
WI,Forest,FOREST,0.007,0.0015,0.0205,0.1336,0.1336,winter
WI,Grant,GRANT,0.0046,0.0148,0.0495,0.0446,0.0495,wind
WI,Green,GREEN,0.0033,0.0085,0.0494,0.0989,0.0989,winter
WI,Green Lake,GREEN LAKE,0.0063,0.0055,0.0292,0.0898,0.0898,winter
WI,Iowa,IOWA,0.0056,0.0045,0.0304,0.0964,0.0964,winter
WI,Iron,IRON,0.0083,0.0039,0.0071,0.1934,0.1934,winter
WI,Jackson,JACKSON,0.0281,0.009,0.0188,0.0703,0.0703,winter
WI,Jefferson,JEFFERSON,0.0033,0.0125,0.0452,0.0942,0.0942,winter
WI,Juneau,JUNEAU,0.0325,0.0055,0.0245,0.0717,0.0717,winter
WI,Kenosha,KENOSHA,0.0018,0.0169,0.0448,0.0902,0.0902,winter
WI,Kewaunee,KEWAUNEE,0.0006,0.0049,0.016,0.0577,0.0577,winter
WI,La Crosse,LA CROSSE,0.0156,0.0136,0.0364,0.0676,0.0676,winter
WI,Lafayette,LAFAYETTE,0.002,0.0058,0.0415,0.0874,0.0874,winter
WI,Langlade,LANGLADE,0.0065,0.0023,0.0181,0.119,0.119,winter
WI,Lincoln,LINCOLN,0.0095,0.0034,0.0211,0.1037,0.1037,winter
WI,Manitowoc,MANITOWOC,0.0017,0.0106,0.0286,0.0608,0.0608,winter
WI,Marathon,MARATHON,0.0046,0.0067,0.0467,0.0955,0.0955,winter
WI,Marinette,MARINETTE,0.0085,0.0044,0.0148,0.1145,0.1145,winter
WI,Marquette,MARQUETTE,0.0089,0.0052,0.0251,0.0985,0.0985,winter
WI,Menominee,MENOMINEE,0.0203,0.0017,0.0053,0.0762,0.0762,winter
WI,Milwaukee,MILWAUKEE,0.0011,0.0153,0.0536,0.0986,0.0986,winter
WI,Monroe,MONROE,0.0392,0.0047,0.0286,0.0726,0.0726,winter
WI,Oconto,OCONTO,0.0166,0.0042,0.0207,0.0827,0.0827,winter
WI,Oneida,ONEIDA,0.0104,0.0021,0.0212,0.1296,0.1296,winter
WI,Outagamie,OUTAGAMIE,0.0025,0.0056,0.0474,0.0634,0.0634,winter
WI,Ozaukee,OZAUKEE,0.0016,0.0165,0.0186,0.0863,0.0863,winter
WI,Pepin,PEPIN,0.0061,0.0077,0.0127,0.0711,0.0711,winter
WI,Pierce,PIERCE,0.0033,0.0042,0.018,0.0793,0.0793,winter
WI,Polk,POLK,0.0095,0.0057,0.019,0.091,0.091,winter
WI,Portage,PORTAGE,0.0056,0.0037,0.0319,0.0712,0.0712,winter
WI,Price,PRICE,0.0163,0.0021,0.0222,0.1103,0.1103,winter
WI,Racine,RACINE,0.001,0.0154,0.0403,0.0933,0.0933,winter
WI,Richland,RICHLAND,0.0033,0.0066,0.015,0.0402,0.0402,winter
WI,Rock,ROCK,0.0061,0.01,0.0642,0.0822,0.0822,winter
WI,Rusk,RUSK,0.0151,0.0042,0.0126,0.0944,0.0944,winter
WI,Sauk,SAUK,0.0056,0.0196,0.0311,0.0996,0.0996,winter
WI,Sawyer,SAWYER,0.0142,0.0028,0.0107,0.1203,0.1203,winter
WI,Shawano,SHAWANO,0.0052,0.0033,0.0224,0.0842,0.0842,winter
WI,Sheboygan,SHEBOYGAN,0.0013,0.0151,0.0426,0.0971,0.0971,winter
WI,St. Croix,ST. CROIX,0.0058,0.0027,0.0221,0.0812,0.0812,winter
WI,Taylor,TAYLOR,0.0089,0.0026,0.0218,0.0912,0.0912,winter
WI,Trempealeau,TREMPEALEAU,0.0101,0.0048,0.0255,0.074,0.074,winter
WI,Vernon,VERNON,0.007,0.0065,0.0334,0.0647,0.0647,winter
WI,Vilas,VILAS,0.0042,0.0015,0.0216,0.1532,0.1532,winter
WI,Walworth,WALWORTH,0.0043,0.0068,0.0532,0.0824,0.0824,winter
WI,Washburn,WASHBURN,0.0139,0.0015,0.0094,0.094,0.094,winter
WI,Washington,WASHINGTON,0.0042,0.0096,0.0421,0.0952,0.0952,winter
WI,Waukesha,WAUKESHA,0.0029,0.0137,0.058,0.0858,0.0858,winter
WI,Waupaca,WAUPACA,0.0037,0.005,0.0306,0.0762,0.0762,winter
WI,Waushara,WAUSHARA,0.0072,0.0065,0.0234,0.0648,0.0648,winter
WI,Winnebago,WINNEBAGO,0.0056,0.0102,0.0386,0.0531,0.0531,winter
WI,Wood,WOOD,0.0083,0.0076,0.0224,0.0634,0.0634,winter
WV,Barbour,BARBOUR,0.0046,0.0174,0.0396,0.0355,0.0396,wind
WV,Berkeley,BERKELEY,0.0026,0.0021,0.0662,0.1155,0.1155,winter
WV,Boone,BOONE,0.0603,0.0259,0.0608,0.0252,0.0608,wind
WV,Braxton,BRAXTON,0.0044,0.0087,0.0481,0.0223,0.0481,wind
WV,Brooke,BROOKE,0.0014,0.0045,0.0415,0.0088,0.0415,wind
WV,Cabell,CABELL,0.0061,0.0208,0.0457,0.0241,0.0457,wind
WV,Calhoun,CALHOUN,0.0029,0.0088,0.0165,0.0191,0.0191,winter
WV,Clay,CLAY,0.0076,0.0133,0.0424,0.024,0.0424,wind
WV,Doddridge,DODDRIDGE,0.0047,0.0081,0.0213,0.0181,0.0213,wind
WV,Fayette,FAYETTE,0.0206,0.0208,0.0605,0.0402,0.0605,wind
WV,Gilmer,GILMER,0.0056,0.0078,0.0293,0.0208,0.0293,wind
WV,Grant,GRANT,0.0137,0.0024,0.0822,0.1863,0.1863,winter
WV,Greenbrier,GREENBRIER,0.0103,0.0094,0.0899,0.0413,0.0899,wind
WV,Hampshire,HAMPSHIRE,0.003,0.0022,0.0618,0.104,0.104,winter
WV,Hancock,HANCOCK,0.0014,0.0054,0.0434,0.0087,0.0434,wind
WV,Hardy,HARDY,0.0108,0.0024,0.06,0.123,0.123,winter
WV,Harrison,HARRISON,0.004,0.0158,0.0468,0.0211,0.0468,wind
WV,Jackson,JACKSON,0.0058,0.0142,0.0476,0.0204,0.0476,wind
WV,Jefferson,JEFFERSON,0.0023,0.0026,0.0595,0.1231,0.1231,winter
WV,Kanawha,KANAWHA,0.0366,0.0387,0.0803,0.0292,0.0803,wind
WV,Lewis,LEWIS,0.0069,0.0093,0.0236,0.0221,0.0236,wind
WV,Lincoln,LINCOLN,0.0117,0.022,0.0437,0.0237,0.0437,wind
WV,Logan,LOGAN,0.039,0.0274,0.0557,0.0229,0.0557,wind
WV,Marion,MARION,0.0029,0.0127,0.0503,0.0064,0.0503,wind
WV,Marshall,MARSHALL,0.0037,0.0091,0.055,0.0068,0.055,wind
WV,Mason,MASON,0.0051,0.0135,0.0328,0.0201,0.0328,wind
WV,Mcdowell,MCDOWELL,0.0555,0.0219,0.0539,0.0237,0.0555,fire
WV,Mercer,MERCER,0.005,0.012,0.0661,0.0323,0.0661,wind
WV,Mineral,MINERAL,0.0098,0.0028,0.0594,0.1373,0.1373,winter
WV,Mingo,MINGO,0.0615,0.0231,0.0497,0.028,0.0615,fire
WV,Monongalia,MONONGALIA,0.0025,0.0139,0.0566,0.0125,0.0566,wind
WV,Monroe,MONROE,0.0036,0.0092,0.0688,0.0203,0.0688,wind
WV,Morgan,MORGAN,0.0027,0.0016,0.066,0.1069,0.1069,winter
WV,Nicholas,NICHOLAS,0.0069,0.0176,0.0477,0.0468,0.0477,wind
WV,Ohio,OHIO,0.0016,0.0081,0.0679,0.0075,0.0679,wind
WV,Pendleton,PENDLETON,0.0176,0.0015,0.0587,0.1996,0.1996,winter
WV,Pleasants,PLEASANTS,0.0051,0.0083,0.014,0.0169,0.0169,winter
WV,Pocahontas,POCAHONTAS,0.0092,0.0131,0.06,0.0853,0.0853,winter
WV,Preston,PRESTON,0.005,0.0126,0.0722,0.0677,0.0722,wind
WV,Putnam,PUTNAM,0.0131,0.0189,0.0551,0.0246,0.0551,wind
WV,Raleigh,RALEIGH,0.0216,0.0119,0.0736,0.0333,0.0736,wind
WV,Randolph,RANDOLPH,0.0065,0.0133,0.0505,0.0827,0.0827,winter
WV,Ritchie,RITCHIE,0.0063,0.0087,0.0266,0.0185,0.0266,wind
WV,Roane,ROANE,0.0078,0.0108,0.0289,0.0231,0.0289,wind
WV,Summers,SUMMERS,0.0069,0.0086,0.0686,0.0206,0.0686,wind
WV,Taylor,TAYLOR,0.0057,0.0148,0.0286,0.0203,0.0286,wind
WV,Tucker,TUCKER,0.0113,0.0073,0.0505,0.0907,0.0907,winter
WV,Tyler,TYLER,0.0049,0.0123,0.0235,0.0163,0.0235,wind
WV,Upshur,UPSHUR,0.0051,0.0121,0.0493,0.0361,0.0493,wind
WV,Wayne,WAYNE,0.0259,0.0199,0.041,0.0288,0.041,wind
WV,Webster,WEBSTER,0.0079,0.0158,0.0456,0.0521,0.0521,winter
WV,Wetzel,WETZEL,0.0077,0.0058,0.045,0.0057,0.045,wind
WV,Wirt,WIRT,0.0075,0.0082,0.0358,0.0187,0.0358,wind
WV,Wood,WOOD,0.006,0.0157,0.0428,0.0202,0.0428,wind
WV,Wyoming,WYOMING,0.0325,0.0149,0.0336,0.0241,0.0336,wind
WY,Albany,ALBANY,0.0308,0.0004,0.0362,0.0451,0.0451,winter
WY,Big Horn,BIG HORN,0.0625,0.0014,0.0497,0.1078,0.1078,winter
WY,Campbell,CAMPBELL,0.0401,0.0012,0.078,0.2063,0.2063,winter
WY,Carbon,CARBON,0.0225,0.0006,0.1432,0.174,0.174,winter
WY,Converse,CONVERSE,0.0424,0.0012,0.0734,0.1907,0.1907,winter
WY,Crook,CROOK,0.0322,0.0012,0.0627,0.1604,0.1604,winter
WY,Fremont,FREMONT,0.0485,0.0019,0.0438,0.0325,0.0485,fire
WY,Goshen,GOSHEN,0.0178,0.0008,0.0755,0.1601,0.1601,winter
WY,Hot Springs,HOT SPRINGS,0.0248,0.0008,0.007,0.0078,0.0248,fire
WY,Johnson,JOHNSON,0.0385,0.0011,0.123,0.1475,0.1475,winter
WY,Laramie,LARAMIE,0.0286,0.0008,0.4598,0.2926,0.4598,wind
WY,Lincoln,LINCOLN,0.0152,0.0021,0.023,0.0596,0.0596,winter
WY,Natrona,NATRONA,0.0343,0.0009,0.1984,0.1655,0.1984,wind
WY,Niobrara,NIOBRARA,0.0119,0.0004,0.0282,0.1802,0.1802,winter
WY,Park,PARK,0.0225,0.0014,0.0199,0.1237,0.1237,winter
WY,Platte,PLATTE,0.0197,0.0005,0.3591,0.2259,0.3591,wind
WY,Sheridan,SHERIDAN,0.0282,0.0012,0.0927,0.2075,0.2075,winter
WY,Sublette,SUBLETTE,0.025,0.0014,0.0096,0.0338,0.0338,winter
WY,Sweetwater,SWEETWATER,0.0263,0.0007,0.1201,0.0862,0.1201,wind
WY,Teton,TETON,0.0174,0.0041,0.013,0.1264,0.1264,winter
WY,Uinta,UINTA,0.0138,0.0007,0.0434,0.055,0.055,winter
WY,Washakie,WASHAKIE,0.0497,0.0011,0.016,0.0118,0.0497,fire
WY,Weston,WESTON,0.0324,0.001,0.0547,0.1812,0.1812,winter
