state,county,county_id,fire_p,flood_p,wind_p,winter_p,max_p,max_hazard
AL,Autauga,AUTAUGA,0.0044,0.0027,0.0348,0.0011,0.0348,wind
AL,Baldwin,BALDWIN,0.0116,0.0109,0.0373,0.0001,0.0373,wind
AL,Barbour,BARBOUR,0.0054,0.0006,0.0126,0.0002,0.0126,wind
AL,Bibb,BIBB,0.026,0.0015,0.0206,0.0007,0.026,fire
AL,Blount,BLOUNT,0.0062,0.0023,0.0409,0.0033,0.0409,wind
AL,Bullock,BULLOCK,0.0057,0.0006,0.0171,0.001,0.0171,wind
AL,Butler,BUTLER,0.0061,0.0009,0.0251,0.0006,0.0251,wind
AL,Calhoun,CALHOUN,0.0212,0.0018,0.0217,0.0021,0.0217,wind
AL,Chambers,CHAMBERS,0.0077,0.0017,0.0116,0.003,0.0116,wind
AL,Cherokee,CHEROKEE,0.0178,0.0015,0.0166,0.0039,0.0178,fire
AL,Chilton,CHILTON,0.015,0.0017,0.0279,0.0007,0.0279,wind
AL,Choctaw,CHOCTAW,0.0093,0.0038,0.0362,0.0004,0.0362,wind
AL,Clarke,CLARKE,0.0044,0.0021,0.0454,0.0006,0.0454,wind
AL,Clay,CLAY,0.0583,0.0008,0.0168,0.0007,0.0583,fire
AL,Cleburne,CLEBURNE,0.0486,0.001,0.0108,0.0017,0.0486,fire
AL,Coffee,COFFEE,0.0059,0.0013,0.0196,0.0004,0.0196,wind
AL,Colbert,COLBERT,0.0093,0.0029,0.0551,0.0848,0.0848,winter
AL,Conecuh,CONECUH,0.0094,0.001,0.0211,0.0002,0.0211,wind
AL,Coosa,COOSA,0.0105,0.0007,0.0174,0.0005,0.0174,wind
AL,Covington,COVINGTON,0.034,0.0012,0.0263,0.0002,0.034,fire
AL,Crenshaw,CRENSHAW,0.0061,0.0007,0.023,0.0004,0.023,wind
AL,Cullman,CULLMAN,0.0059,0.0024,0.0444,0.0766,0.0766,winter
AL,Dale,DALE,0.0052,0.0013,0.0243,0.0002,0.0243,wind
AL,Dallas,DALLAS,0.0033,0.0023,0.0315,0.0008,0.0315,wind
AL,Dekalb,DEKALB,0.0063,0.0012,0.0457,0.0728,0.0728,winter
AL,Elmore,ELMORE,0.0016,0.0032,0.0234,0.0008,0.0234,wind
AL,Escambia,ESCAMBIA,0.0248,0.0018,0.0267,0.0001,0.0267,wind
AL,Etowah,ETOWAH,0.002,0.0014,0.0328,0.0031,0.0328,wind
AL,Fayette,FAYETTE,0.0083,0.0019,0.0235,0.0009,0.0235,wind
AL,Franklin,FRANKLIN,0.0064,0.0027,0.042,0.0862,0.0862,winter
AL,Geneva,GENEVA,0.0042,0.0013,0.0184,0.0,0.0184,wind
AL,Greene,GREENE,0.0052,0.0036,0.013,0.0004,0.013,wind
AL,Hale,HALE,0.0168,0.0013,0.0221,0.0006,0.0221,wind
AL,Henry,HENRY,0.0029,0.0007,0.0152,0.0001,0.0152,wind
AL,Houston,HOUSTON,0.0026,0.0013,0.0183,0.0001,0.0183,wind
AL,Jackson,JACKSON,0.0052,0.0018,0.038,0.0826,0.0826,winter
AL,Jefferson,JEFFERSON,0.0165,0.0083,0.0466,0.015,0.0466,wind
AL,Lamar,LAMAR,0.0082,0.0032,0.0497,0.0007,0.0497,wind
AL,Lauderdale,LAUDERDALE,0.0036,0.0045,0.0652,0.0786,0.0786,winter
AL,Lawrence,LAWRENCE,0.0131,0.0024,0.0421,0.0815,0.0815,winter
AL,Lee,LEE,0.0077,0.0024,0.0274,0.0004,0.0274,wind
AL,Limestone,LIMESTONE,0.0021,0.0021,0.0513,0.0853,0.0853,winter
AL,Lowndes,LOWNDES,0.003,0.0012,0.0247,0.0006,0.0247,wind
AL,Macon,MACON,0.0067,0.0014,0.0128,0.001,0.0128,wind
AL,Madison,MADISON,0.0027,0.003,0.061,0.1029,0.1029,winter
AL,Marengo,MARENGO,0.0065,0.002,0.0246,0.0007,0.0246,wind
AL,Marion,MARION,0.0135,0.0039,0.0433,0.0018,0.0433,wind
AL,Marshall,MARSHALL,0.0039,0.0018,0.0399,0.0692,0.0692,winter
AL,Mobile,MOBILE,0.021,0.0135,0.0588,0.0002,0.0588,wind
AL,Monroe,MONROE,0.0072,0.0017,0.0231,0.0002,0.0231,wind
AL,Montgomery,MONTGOMERY,0.0026,0.002,0.0253,0.0215,0.0253,wind
AL,Morgan,MORGAN,0.0025,0.0029,0.0553,0.0736,0.0736,winter
AL,Perry,PERRY,0.0075,0.001,0.0245,0.0006,0.0245,wind
AL,Pickens,PICKENS,0.0135,0.0028,0.0297,0.0007,0.0297,wind
AL,Pike,PIKE,0.006,0.001,0.0134,0.0009,0.0134,wind
AL,Randolph,RANDOLPH,0.0103,0.0024,0.0281,0.0007,0.0281,wind
AL,Russell,RUSSELL,0.0077,0.0023,0.0164,0.0014,0.0164,wind
AL,Shelby,SHELBY,0.0085,0.0032,0.034,0.0018,0.034,wind
AL,St. Clair,ST. CLAIR,0.0054,0.0017,0.0304,0.0021,0.0304,wind
AL,Sumter,SUMTER,0.0101,0.002,0.0176,0.0006,0.0176,wind
AL,Talladega,TALLADEGA,0.0386,0.002,0.0336,0.0019,0.0386,fire
AL,Tallapoosa,TALLAPOOSA,0.01,0.0024,0.0223,0.0007,0.0223,wind
AL,Tuscaloosa,TUSCALOOSA,0.0359,0.0065,0.0516,0.0023,0.0516,wind
AL,Walker,WALKER,0.0162,0.0032,0.0431,0.0014,0.0431,wind
AL,Washington,WASHINGTON,0.0185,0.0018,0.0241,0.0006,0.0241,wind
AL,Wilcox,WILCOX,0.0151,0.001,0.0143,0.0005,0.0151,fire
AL,Winston,WINSTON,0.0243,0.0027,0.0379,0.0019,0.0379,wind
AR,Arkansas,ARKANSAS,0.0074,0.005,0.0339,0.0024,0.0339,wind
AR,Ashley,ASHLEY,0.0116,0.0125,0.0553,0.0009,0.0553,wind
AR,Baxter,BAXTER,0.0212,0.0066,0.0488,0.0066,0.0488,wind
AR,Benton,BENTON,0.0077,0.0057,0.0579,0.0011,0.0579,wind
AR,Boone,BOONE,0.006,0.0039,0.039,0.0074,0.039,wind
AR,Bradley,BRADLEY,0.0128,0.0093,0.0278,0.001,0.0278,wind
AR,Calhoun,CALHOUN,0.0192,0.0088,0.0381,0.0017,0.0381,wind
AR,Carroll,CARROLL,0.005,0.0038,0.0347,0.0024,0.0347,wind
AR,Chicot,CHICOT,0.0021,0.0163,0.0491,0.0009,0.0491,wind
AR,Clark,CLARK,0.0228,0.0085,0.0426,0.0014,0.0426,wind
AR,Clay,CLAY,0.0017,0.0028,0.0156,0.0077,0.0156,wind
AR,Cleburne,CLEBURNE,0.0102,0.0059,0.0365,0.0042,0.0365,wind
AR,Cleveland,CLEVELAND,0.0108,0.0089,0.0247,0.0015,0.0247,wind
AR,Columbia,COLUMBIA,0.017,0.0127,0.0298,0.0008,0.0298,wind
AR,Conway,CONWAY,0.0161,0.0049,0.0425,0.0028,0.0425,wind
AR,Craighead,CRAIGHEAD,0.0016,0.0043,0.0344,0.002,0.0344,wind
AR,Crawford,CRAWFORD,0.0133,0.0056,0.0496,0.0005,0.0496,wind
AR,Crittenden,CRITTENDEN,0.001,0.0028,0.0202,0.0015,0.0202,wind
AR,Cross,CROSS,0.0016,0.0051,0.0162,0.0019,0.0162,wind
AR,Dallas,DALLAS,0.0129,0.0094,0.034,0.0013,0.034,wind
AR,Desha,DESHA,0.0042,0.0069,0.0312,0.0015,0.0312,wind
AR,Drew,DREW,0.0195,0.0087,0.0427,0.0018,0.0427,wind
AR,Faulkner,FAULKNER,0.0045,0.0056,0.0553,0.0035,0.0553,wind
AR,Franklin,FRANKLIN,0.0162,0.0051,0.083,0.0008,0.083,wind
AR,Fulton,FULTON,0.0097,0.0054,0.0321,0.0051,0.0321,wind
AR,Garland,GARLAND,0.0302,0.0062,0.0533,0.0032,0.0533,wind
AR,Grant,GRANT,0.0221,0.0074,0.039,0.0021,0.039,wind
AR,Greene,GREENE,0.0021,0.0037,0.0204,0.0029,0.0204,wind
AR,Hempstead,HEMPSTEAD,0.0091,0.0072,0.028,0.0007,0.028,wind
AR,Hot Spring,HOT SPRING,0.0219,0.0096,0.0429,0.0022,0.0429,wind
AR,Howard,HOWARD,0.0108,0.0052,0.043,0.0013,0.043,wind
AR,Independence,INDEPENDENCE,0.0107,0.0081,0.0347,0.0056,0.0347,wind
AR,Izard,IZARD,0.008,0.0076,0.0287,0.0056,0.0287,wind
AR,Jackson,JACKSON,0.0026,0.0067,0.0315,0.0029,0.0315,wind
AR,Jefferson,JEFFERSON,0.0113,0.0105,0.0616,0.0031,0.0616,wind
AR,Johnson,JOHNSON,0.0124,0.005,0.0694,0.0028,0.0694,wind
AR,Lafayette,LAFAYETTE,0.0187,0.0099,0.04,0.0005,0.04,wind
AR,Lawrence,LAWRENCE,0.0059,0.0049,0.0292,0.0042,0.0292,wind
AR,Lee,LEE,0.0012,0.0036,0.0095,0.0,0.0095,wind
AR,Lincoln,LINCOLN,0.0069,0.0068,0.0222,0.0018,0.0222,wind
AR,Little River,LITTLE RIVER,0.012,0.0083,0.033,0.0008,0.033,wind
AR,Logan,LOGAN,0.0202,0.0058,0.0584,0.0031,0.0584,wind
AR,Lonoke,LONOKE,0.003,0.0061,0.0675,0.0032,0.0675,wind
AR,Madison,MADISON,0.0101,0.0047,0.0336,0.0019,0.0336,wind
AR,Marion,MARION,0.0152,0.0036,0.0378,0.0067,0.0378,wind
AR,Miller,MILLER,0.0166,0.0144,0.049,0.0008,0.049,wind
AR,Mississippi,MISSISSIPPI,0.0005,0.0013,0.0285,0.0022,0.0285,wind
AR,Monroe,MONROE,0.0093,0.0053,0.0315,0.003,0.0315,wind
AR,Montgomery,MONTGOMERY,0.0357,0.0054,0.0374,0.004,0.0374,wind
AR,Nevada,NEVADA,0.0084,0.0081,0.0142,0.0006,0.0142,wind
AR,Newton,NEWTON,0.0241,0.004,0.0472,0.0073,0.0472,wind
AR,Ouachita,OUACHITA,0.0105,0.0159,0.0436,0.0014,0.0436,wind
AR,Perry,PERRY,0.0333,0.0058,0.043,0.002,0.043,wind
AR,Phillips,PHILLIPS,0.003,0.005,0.0183,0.0009,0.0183,wind
AR,Pike,PIKE,0.012,0.0064,0.0356,0.0011,0.0356,wind
AR,Poinsett,POINSETT,0.001,0.0044,0.0316,0.0015,0.0316,wind
AR,Polk,POLK,0.0234,0.0042,0.0485,0.0036,0.0485,wind
AR,Pope,POPE,0.0162,0.005,0.0512,0.0041,0.0512,wind
AR,Prairie,PRAIRIE,0.0018,0.008,0.0476,0.0017,0.0476,wind
AR,Pulaski,PULASKI,0.0175,0.0138,0.0714,0.004,0.0714,wind
AR,Randolph,RANDOLPH,0.0097,0.0055,0.0194,0.0049,0.0194,wind
AR,Saline,SALINE,0.0226,0.0106,0.0572,0.0034,0.0572,wind
AR,Scott,SCOTT,0.0639,0.0059,0.0453,0.0031,0.0639,fire
AR,Searcy,SEARCY,0.0216,0.0042,0.0442,0.0078,0.0442,wind
AR,Sebastian,SEBASTIAN,0.0138,0.0108,0.0611,0.0009,0.0611,wind
AR,Sevier,SEVIER,0.015,0.0067,0.0534,0.0014,0.0534,wind
AR,Sharp,SHARP,0.0088,0.006,0.0327,0.0067,0.0327,wind
AR,St. Francis,ST. FRANCIS,0.0013,0.0049,0.0186,0.0013,0.0186,wind
AR,Stone,STONE,0.0245,0.0035,0.0328,0.0065,0.0328,wind
AR,Union,UNION,0.0121,0.0101,0.0404,0.001,0.0404,wind
AR,Van Buren,VAN BUREN,0.0132,0.0055,0.0437,0.0047,0.0437,wind
AR,Washington,WASHINGTON,0.0064,0.0057,0.0569,0.0009,0.0569,wind
AR,White,WHITE,0.0047,0.0074,0.0539,0.0043,0.0539,wind
AR,Woodruff,WOODRUFF,0.0028,0.0105,0.0293,0.0021,0.0293,wind
AR,Yell,YELL,0.0258,0.0056,0.0471,0.0031,0.0471,wind
AZ,Apache,APACHE,0.0644,0.0019,0.0472,0.0077,0.0644,fire
AZ,Cochise,COCHISE,0.0914,0.013,0.0233,0.0063,0.0914,fire
AZ,Coconino,COCONINO,0.1296,0.0073,0.0536,0.009,0.1296,fire
AZ,Gila,GILA,0.0664,0.0124,0.0241,0.0125,0.0664,fire
AZ,Graham,GRAHAM,0.0404,0.0078,0.0159,0.0069,0.0404,fire
AZ,Greenlee,GREENLEE,0.0367,0.0037,0.0077,0.0184,0.0367,fire
AZ,La Paz,LA PAZ,0.0203,0.0182,0.0165,0.0001,0.0203,fire
AZ,Maricopa,MARICOPA,0.0853,0.0543,0.0851,0.0009,0.0853,fire
AZ,Mohave,MOHAVE,0.0694,0.0266,0.0339,0.0031,0.0694,fire
AZ,Navajo,NAVAJO,0.0405,0.0041,0.051,0.007,0.051,wind
AZ,Pima,PIMA,0.0844,0.0359,0.0645,0.0015,0.0844,fire
AZ,Pinal,PINAL,0.0357,0.0281,0.0462,0.0026,0.0462,wind
AZ,Santa Cruz,SANTA CRUZ,0.0578,0.0142,0.0114,0.0048,0.0578,fire
AZ,Yavapai,YAVAPAI,0.0965,0.0057,0.0382,0.0091,0.0965,fire
AZ,Yuma,YUMA,0.0203,0.0059,0.0204,0.0002,0.0204,wind
CA,Alameda,ALAMEDA,0.0074,0.0013,0.0091,0.0033,0.0091,wind
CA,Alpine,ALPINE,0.016,0.0005,0.0131,0.0355,0.0355,winter
CA,Amador,AMADOR,0.0139,0.0006,0.0023,0.0299,0.0299,winter
CA,Butte,BUTTE,0.0491,0.0013,0.0049,0.006,0.0491,fire
CA,Calaveras,CALAVERAS,0.0142,0.0008,0.0012,0.0269,0.0269,winter
CA,Colusa,COLUSA,0.0116,0.0003,0.0063,0.0047,0.0116,fire
CA,Contra Costa,CONTRA COSTA,0.0058,0.0004,0.0072,0.0034,0.0072,wind
CA,Del Norte,DEL NORTE,0.0264,0.0002,0.0081,0.0159,0.0264,fire
CA,El Dorado,EL DORADO,0.0276,0.001,0.015,0.0362,0.0362,winter
CA,Fresno,FRESNO,0.0431,0.0077,0.0201,0.0072,0.0431,fire
CA,Glenn,GLENN,0.0168,0.0002,0.0047,0.0046,0.0168,fire
CA,Humboldt,HUMBOLDT,0.0529,0.0003,0.0109,0.0146,0.0529,fire
CA,Imperial,IMPERIAL,0.0119,0.0078,0.0256,0.0008,0.0256,wind
CA,Inyo,INYO,0.018,0.0201,0.0636,0.0457,0.0636,wind
CA,Kern,KERN,0.0643,0.0264,0.213,0.0692,0.213,wind
CA,Kings,KINGS,0.0108,0.0007,0.0066,0.0164,0.0164,winter
CA,Lake,LAKE,0.0327,0.0032,0.1159,0.1087,0.1159,wind
CA,Lassen,LASSEN,0.0377,0.0002,0.0545,0.0706,0.0706,winter
CA,Los Angeles,LOS ANGELES,0.1118,0.007,0.1309,0.0172,0.1309,wind
CA,Madera,MADERA,0.0361,0.0052,0.0099,0.0082,0.0361,fire
CA,Marin,MARIN,0.0083,0.0034,0.0087,0.0014,0.0087,wind
CA,Mariposa,MARIPOSA,0.0518,0.0037,0.0121,0.0024,0.0518,fire
CA,Mendocino,MENDOCINO,0.0384,0.0003,0.0071,0.0282,0.0384,fire
CA,Merced,MERCED,0.0169,0.001,0.0087,0.0064,0.0169,fire
CA,Modoc,MODOC,0.0374,0.0001,0.0455,0.1515,0.1515,winter
CA,Mono,MONO,0.0268,0.003,0.0767,0.1079,0.1079,winter
CA,Monterey,MONTEREY,0.0525,0.0041,0.0192,0.0169,0.0525,fire
CA,Napa,NAPA,0.0215,0.0024,0.0068,0.0034,0.0215,fire
CA,Nevada,NEVADA,0.0427,0.0013,0.0178,0.1297,0.1297,winter
CA,Orange,ORANGE,0.0261,0.0365,0.0358,0.003,0.0365,flood
CA,Placer,PLACER,0.0198,0.0011,0.0133,0.0295,0.0295,winter
CA,Plumas,PLUMAS,0.0527,0.0007,0.0437,0.1079,0.1079,winter
CA,Riverside,RIVERSIDE,0.1347,0.0506,0.1044,0.0163,0.1347,fire
CA,Sacramento,SACRAMENTO,0.0366,0.001,0.0176,0.0497,0.0497,winter
CA,San Benito,SAN BENITO,0.0224,0.001,0.0085,0.0098,0.0224,fire
CA,San Bernardino,SAN BERNARDINO,0.1799,0.0688,0.178,0.0454,0.1799,fire
CA,San Diego,SAN DIEGO,0.1282,0.0479,0.1213,0.0131,0.1282,fire
CA,San Francisco,SAN FRANCISCO,0.0085,0.0036,0.0158,0.0046,0.0158,wind
CA,San Joaquin,SAN JOAQUIN,0.0119,0.0005,0.0046,0.0273,0.0273,winter
CA,San Luis Obispo,SAN LUIS OBISPO,0.0446,0.0013,0.0179,0.002,0.0446,fire
CA,San Mateo,SAN MATEO,0.0046,0.0017,0.0156,0.0015,0.0156,wind
CA,Santa Barbara,SANTA BARBARA,0.0763,0.0019,0.0471,0.0074,0.0763,fire
CA,Santa Clara,SANTA CLARA,0.0146,0.0037,0.0126,0.0083,0.0146,fire
CA,Santa Cruz,SANTA CRUZ,0.0212,0.0039,0.018,0.0067,0.0212,fire
CA,Shasta,SHASTA,0.0541,0.0064,0.0108,0.0814,0.0814,winter
CA,Sierra,SIERRA,0.0885,0.0008,0.0916,0.2021,0.2021,winter
CA,Siskiyou,SISKIYOU,0.0778,0.0002,0.0641,0.2877,0.2877,winter
CA,Solano,SOLANO,0.0073,0.0007,0.0026,0.0094,0.0094,winter
CA,Sonoma,SONOMA,0.0243,0.003,0.0118,0.0026,0.0243,fire
CA,Stanislaus,STANISLAUS,0.0105,0.0007,0.0047,0.0121,0.0121,winter
CA,Sutter,SUTTER,0.0022,0.0001,0.0033,0.0078,0.0078,winter
CA,Tehama,TEHAMA,0.0386,0.0013,0.004,0.0152,0.0386,fire
CA,Trinity,TRINITY,0.0385,0.0001,0.0071,0.0312,0.0385,fire
CA,Tulare,TULARE,0.0752,0.0076,0.054,0.0995,0.0995,winter
CA,Tuolumne,TUOLUMNE,0.0418,0.0008,0.0047,0.0295,0.0418,fire
CA,Ventura,VENTURA,0.0629,0.0028,0.0958,0.0164,0.0958,wind
CA,Yolo,YOLO,0.0089,0.0003,0.0042,0.0083,0.0089,fire
CA,Yuba,YUBA,0.0201,0.0005,0.0055,0.0056,0.0201,fire
CO,Adams,ADAMS,0.0068,0.0002,0.0435,0.1129,0.1129,winter
CO,Alamosa,ALAMOSA,0.0205,0.0003,0.0245,0.0229,0.0245,wind
CO,Arapahoe,ARAPAHOE,0.0056,0.0006,0.0414,0.1142,0.1142,winter
CO,Archuleta,ARCHULETA,0.0255,0.0015,0.0031,0.0031,0.0255,fire
CO,Baca,BACA,0.0151,0.0004,0.0445,0.015,0.0445,wind
CO,Bent,BENT,0.0099,0.0006,0.0374,0.0142,0.0374,wind
CO,Boulder,BOULDER,0.0354,0.0006,0.1276,0.244,0.244,winter
CO,Broomfield,BROOMFIELD,0.0058,0.0002,0.0617,0.1239,0.1239,winter
CO,Chaffee,CHAFFEE,0.0489,0.0002,0.019,0.085,0.085,winter
CO,Cheyenne,CHEYENNE,0.0036,0.0002,0.0753,0.0473,0.0753,wind
CO,Clear Creek,CLEAR CREEK,0.0166,0.0001,0.0797,0.2254,0.2254,winter
CO,Conejos,CONEJOS,0.023,0.0002,0.0009,0.0074,0.023,fire
CO,Costilla,COSTILLA,0.0068,0.0004,0.0077,0.007,0.0077,wind
CO,Crowley,CROWLEY,0.0066,0.0004,0.0364,0.0222,0.0364,wind
CO,Custer,CUSTER,0.0276,0.0002,0.0132,0.0173,0.0276,fire
CO,Delta,DELTA,0.0161,0.0009,0.0076,0.0024,0.0161,fire
CO,Denver,DENVER,0.003,0.0004,0.0462,0.1101,0.1101,winter
CO,Dolores,DOLORES,0.0258,0.0007,0.0134,0.1794,0.1794,winter
CO,Douglas,DOUGLAS,0.0378,0.0006,0.075,0.1607,0.1607,winter
CO,Eagle,EAGLE,0.0233,0.0004,0.0094,0.0016,0.0233,fire
CO,El Paso,EL PASO,0.036,0.0014,0.0792,0.1084,0.1084,winter
CO,Elbert,ELBERT,0.0246,0.0004,0.0519,0.1199,0.1199,winter
CO,Fremont,FREMONT,0.0385,0.0004,0.0408,0.0809,0.0809,winter
CO,Garfield,GARFIELD,0.0327,0.001,0.0127,0.0014,0.0327,fire
CO,Gilpin,GILPIN,0.0085,0.0001,0.0899,0.2202,0.2202,winter
CO,Grand,GRAND,0.0439,0.0001,0.0969,0.4226,0.4226,winter
CO,Gunnison,GUNNISON,0.0281,0.0003,0.0181,0.2277,0.2277,winter
CO,Hinsdale,HINSDALE,0.0071,0.0002,0.0012,0.0014,0.0071,fire
CO,Huerfano,HUERFANO,0.0217,0.0001,0.0798,0.0932,0.0932,winter
CO,Jackson,JACKSON,0.0267,0.0001,0.0406,0.1791,0.1791,winter
CO,Jefferson,JEFFERSON,0.0486,0.0005,0.0802,0.155,0.155,winter
CO,Kiowa,KIOWA,0.0047,0.0003,0.0456,0.0163,0.0456,wind
CO,Kit Carson,KIT CARSON,0.0019,0.0003,0.0882,0.0735,0.0882,wind
CO,La Plata,LA PLATA,0.0306,0.0036,0.0069,0.0027,0.0306,fire
CO,Lake,LAKE,0.0286,0.0001,0.0146,0.1261,0.1261,winter
CO,Larimer,LARIMER,0.0642,0.0005,0.1373,0.2272,0.2272,winter
CO,Las Animas,LAS ANIMAS,0.0202,0.0012,0.0693,0.0711,0.0711,winter
CO,Lincoln,LINCOLN,0.0064,0.0004,0.0525,0.0544,0.0544,winter
CO,Logan,LOGAN,0.0114,0.0005,0.0579,0.0659,0.0659,winter
CO,Mesa,MESA,0.037,0.0024,0.0194,0.0022,0.037,fire
CO,Mineral,MINERAL,0.0077,0.0002,0.0015,0.0063,0.0077,fire
CO,Moffat,MOFFAT,0.0468,0.0004,0.0074,0.0007,0.0468,fire
CO,Montezuma,MONTEZUMA,0.0358,0.0024,0.0066,0.0014,0.0358,fire
CO,Montrose,MONTROSE,0.0237,0.0005,0.0101,0.0011,0.0237,fire
CO,Morgan,MORGAN,0.0167,0.0005,0.0442,0.0614,0.0614,winter
CO,Otero,OTERO,0.0165,0.0009,0.0411,0.0235,0.0411,wind
CO,Ouray,OURAY,0.0128,0.0005,0.002,0.0016,0.0128,fire
CO,Park,PARK,0.0617,0.0001,0.0919,0.4048,0.4048,winter
CO,Phillips,PHILLIPS,0.002,0.0002,0.0548,0.0383,0.0548,wind
CO,Pitkin,PITKIN,0.0169,0.0003,0.0032,0.0017,0.0169,fire
CO,Prowers,PROWERS,0.0102,0.0004,0.0485,0.0158,0.0485,wind
CO,Pueblo,PUEBLO,0.0395,0.0011,0.0574,0.0405,0.0574,wind
CO,Rio Blanco,RIO BLANCO,0.0381,0.0003,0.0078,0.0015,0.0381,fire
CO,Rio Grande,RIO GRANDE,0.0278,0.0003,0.0061,0.0459,0.0459,winter
CO,Routt,ROUTT,0.033,0.0003,0.0097,0.0023,0.033,fire
CO,Saguache,SAGUACHE,0.0156,0.0001,0.0087,0.0291,0.0291,winter
CO,San Juan,SAN JUAN,0.052,0.0005,0.022,0.3983,0.3983,winter
CO,San Miguel,SAN MIGUEL,0.017,0.0011,0.0031,0.001,0.017,fire
CO,Sedgwick,SEDGWICK,0.003,0.0003,0.0365,0.0318,0.0365,wind
CO,Summit,SUMMIT,0.0334,0.0001,0.0648,0.1996,0.1996,winter
CO,Teller,TELLER,0.0275,0.0002,0.0381,0.1013,0.1013,winter
CO,Washington,WASHINGTON,0.004,0.0005,0.056,0.0667,0.0667,winter
CO,Weld,WELD,0.0347,0.0007,0.0911,0.1095,0.1095,winter
CO,Yuma,YUMA,0.0135,0.0002,0.0801,0.0722,0.0801,wind
CT,Capitol,CAPITOL,0.0001,0.0259,0.0361,0.0069,0.0361,wind
CT,Greater Bridgeport,GREATER BRIDGEPORT,0.0003,0.0302,0.0296,0.004,0.0302,flood
CT,Lower Connecticut River Valley,LOWER CONNECTICUT RIVER VALLEY,0.0001,0.0215,0.0385,0.003,0.0385,wind
CT,Naugatuck Valley,NAUGATUCK VALLEY,0.0001,0.0342,0.028,0.0043,0.0342,flood
CT,Northeastern Connecticut,NORTHEASTERN CONNECTICUT,0.0003,0.0126,0.0256,0.0048,0.0256,wind
CT,Northwest Hills,NORTHWEST HILLS,0.0002,0.0253,0.041,0.0275,0.041,wind
CT,South Central Connecticut,SOUTH CENTRAL CONNECTICUT,0.0001,0.0363,0.033,0.0035,0.0363,flood
CT,Southeastern Connecticut,SOUTHEASTERN CONNECTICUT,0.0002,0.0197,0.0251,0.003,0.0251,wind
CT,Western Connecticut,WESTERN CONNECTICUT,0.0002,0.0413,0.0498,0.0237,0.0498,wind
DC,District Of Columbia,DISTRICT OF COLUMBIA,0.0001,0.0008,0.003,0.033,0.033,winter
DE,Kent,KENT,0.0017,0.0065,0.0393,0.0044,0.0393,wind
DE,New Castle,NEW CASTLE,0.0014,0.0078,0.0411,0.0052,0.0411,wind
DE,Sussex,SUSSEX,0.0023,0.0098,0.0458,0.0043,0.0458,wind
FL,Alachua,ALACHUA,0.0103,0.0015,0.0311,0.0003,0.0311,wind
FL,Baker,BAKER,0.03,0.0007,0.0107,0.0001,0.03,fire
FL,Bay,BAY,0.0394,0.0055,0.0277,0.0001,0.0394,fire
FL,Bradford,BRADFORD,0.0072,0.0012,0.0194,0.0001,0.0194,wind
FL,Brevard,BREVARD,0.0182,0.0124,0.0561,0.0002,0.0561,wind
FL,Broward,BROWARD,0.014,0.0226,0.0508,0.0001,0.0508,wind
FL,Calhoun,CALHOUN,0.0176,0.0021,0.0114,0.0001,0.0176,fire
FL,Charlotte,CHARLOTTE,0.0054,0.0027,0.0149,0.0014,0.0149,wind
FL,Citrus,CITRUS,0.0065,0.0024,0.0095,0.0089,0.0095,wind
FL,Clay,CLAY,0.01,0.0028,0.0129,0.0001,0.0129,wind
FL,Collier,COLLIER,0.0115,0.0086,0.0226,0.001,0.0226,wind
FL,Columbia,COLUMBIA,0.0175,0.0009,0.0124,0.0002,0.0175,fire
FL,Desoto,DESOTO,0.0027,0.0018,0.0,0.0,0.0027,fire
FL,Dixie,DIXIE,0.0093,0.001,0.0076,0.0003,0.0093,fire
FL,Duval,DUVAL,0.0061,0.007,0.0385,0.0001,0.0385,wind
FL,Escambia,ESCAMBIA,0.0082,0.0074,0.0432,0.0001,0.0432,wind
FL,Flagler,FLAGLER,0.0058,0.0039,0.0345,0.0001,0.0345,wind
FL,Franklin,FRANKLIN,0.0163,0.0024,0.012,0.0002,0.0163,fire
FL,Gadsden,GADSDEN,0.0078,0.0011,0.0102,0.0001,0.0102,wind
FL,Gilchrist,GILCHRIST,0.0029,0.0009,0.0083,0.0001,0.0083,wind
FL,Glades,GLADES,0.0058,0.0025,0.0123,0.0011,0.0123,wind
FL,Gulf,GULF,0.0078,0.0029,0.0142,0.0002,0.0142,wind
FL,Hamilton,HAMILTON,0.0053,0.0009,0.0139,0.0001,0.0139,wind
FL,Hardee,HARDEE,0.006,0.0022,0.0077,0.0022,0.0077,wind
FL,Hendry,HENDRY,0.0072,0.0026,0.0154,0.0008,0.0154,wind
FL,Hernando,HERNANDO,0.0047,0.002,0.0119,0.0066,0.0119,wind
FL,Highlands,HIGHLANDS,0.0084,0.0029,0.0074,0.0032,0.0084,fire
FL,Hillsborough,HILLSBOROUGH,0.0033,0.0062,0.0204,0.0029,0.0204,wind
FL,Holmes,HOLMES,0.005,0.0018,0.0182,0.0002,0.0182,wind
FL,Indian River,INDIAN RIVER,0.0058,0.0164,0.0197,0.0001,0.0197,wind
FL,Jackson,JACKSON,0.0118,0.0012,0.0195,0.0001,0.0195,wind
FL,Jefferson,JEFFERSON,0.0052,0.0012,0.026,0.0,0.026,wind
FL,Lafayette,LAFAYETTE,0.0054,0.0011,0.011,0.0002,0.011,wind
FL,Lake,LAKE,0.0129,0.0021,0.0157,0.0003,0.0157,wind
FL,Lee,LEE,0.0036,0.0065,0.0187,0.0002,0.0187,wind
FL,Leon,LEON,0.0467,0.0031,0.0297,0.0002,0.0467,fire
FL,Levy,LEVY,0.0143,0.0013,0.009,0.0113,0.0143,fire
FL,Liberty,LIBERTY,0.0515,0.0005,0.0103,0.0001,0.0515,fire
FL,Madison,MADISON,0.0053,0.0009,0.0179,0.0002,0.0179,wind
FL,Manatee,MANATEE,0.0043,0.0038,0.0149,0.0012,0.0149,wind
FL,Marion,MARION,0.0577,0.0018,0.0358,0.0002,0.0577,fire
FL,Martin,MARTIN,0.0045,0.0115,0.0127,0.0001,0.0127,wind
FL,Miami-Dade,MIAMI-DADE,0.0232,0.0282,0.0506,0.0002,0.0506,wind
FL,Monroe,MONROE,0.0056,0.0083,0.0267,0.0001,0.0267,wind
FL,Nassau,NASSAU,0.011,0.0019,0.0198,0.0,0.0198,wind
FL,Okaloosa,OKALOOSA,0.0332,0.0069,0.0384,0.0002,0.0384,wind
FL,Okeechobee,OKEECHOBEE,0.0111,0.0035,0.0072,0.0003,0.0111,fire
FL,Orange,ORANGE,0.0057,0.0038,0.0387,0.0003,0.0387,wind
FL,Osceola,OSCEOLA,0.0048,0.0075,0.019,0.0002,0.019,wind
FL,Palm Beach,PALM BEACH,0.0049,0.0106,0.0565,0.0005,0.0565,wind
FL,Pasco,PASCO,0.0034,0.0032,0.015,0.0046,0.015,wind
FL,Pinellas,PINELLAS,0.0019,0.0034,0.0183,0.0007,0.0183,wind
FL,Polk,POLK,0.0209,0.0048,0.0271,0.0039,0.0271,wind
FL,Putnam,PUTNAM,0.017,0.0029,0.017,0.0001,0.017,fire
FL,Santa Rosa,SANTA ROSA,0.0339,0.0067,0.0355,0.0002,0.0355,wind
FL,Sarasota,SARASOTA,0.003,0.0042,0.011,0.002,0.011,wind
FL,Seminole,SEMINOLE,0.0027,0.0041,0.0204,0.0002,0.0204,wind
FL,St. Johns,ST. JOHNS,0.0048,0.0045,0.0291,0.0,0.0291,wind
FL,St. Lucie,ST. LUCIE,0.0027,0.012,0.0143,0.0001,0.0143,wind
FL,Sumter,SUMTER,0.0061,0.0013,0.0061,0.0075,0.0075,winter
FL,Suwannee,SUWANNEE,0.0016,0.001,0.0211,0.0002,0.0211,wind
FL,Taylor,TAYLOR,0.0079,0.0019,0.0207,0.0001,0.0207,wind
FL,Union,UNION,0.0068,0.0008,0.009,0.0001,0.009,wind
FL,Volusia,VOLUSIA,0.0123,0.0069,0.0343,0.0002,0.0343,wind
FL,Wakulla,WAKULLA,0.0441,0.0031,0.0331,0.0003,0.0441,fire
FL,Walton,WALTON,0.0218,0.0057,0.0311,0.0001,0.0311,wind
FL,Washington,WASHINGTON,0.0103,0.0016,0.0195,0.0001,0.0195,wind
GA,Appling,APPLING,0.0025,0.0007,0.0111,0.0009,0.0111,wind
GA,Atkinson,ATKINSON,0.004,0.0006,0.009,0.0001,0.009,wind
GA,Bacon,BACON,0.0034,0.0008,0.0099,0.0004,0.0099,wind
GA,Baker,BAKER,0.0024,0.001,0.005,0.0002,0.005,wind
GA,Baldwin,BALDWIN,0.0028,0.0026,0.006,0.0126,0.0126,winter
GA,Banks,BANKS,0.0006,0.003,0.014,0.0113,0.014,wind
GA,Barrow,BARROW,0.0014,0.0026,0.0085,0.0152,0.0152,winter
GA,Bartow,BARTOW,0.0035,0.002,0.0193,0.0146,0.0193,wind
GA,Ben Hill,BEN HILL,0.0019,0.0007,0.0106,0.0027,0.0106,wind
GA,Berrien,BERRIEN,0.0023,0.0006,0.0072,0.0003,0.0072,wind
GA,Bibb,BIBB,0.0013,0.0031,0.0142,0.012,0.0142,wind
GA,Bleckley,BLECKLEY,0.0017,0.0013,0.0048,0.0158,0.0158,winter
GA,Brantley,BRANTLEY,0.0074,0.0013,0.0154,0.0001,0.0154,wind
GA,Brooks,BROOKS,0.0031,0.0009,0.013,0.0002,0.013,wind
GA,Bryan,BRYAN,0.0024,0.0022,0.0146,0.0001,0.0146,wind
GA,Bulloch,BULLOCH,0.0018,0.0018,0.0225,0.0006,0.0225,wind
GA,Burke,BURKE,0.003,0.0016,0.0199,0.0006,0.0199,wind
GA,Butts,BUTTS,0.0034,0.0014,0.0067,0.0148,0.0148,winter
GA,Calhoun,CALHOUN,0.0016,0.0006,0.005,0.0014,0.005,wind
GA,Camden,CAMDEN,0.0063,0.0022,0.0346,0.0,0.0346,wind
GA,Candler,CANDLER,0.0019,0.001,0.0165,0.005,0.0165,wind
GA,Carroll,CARROLL,0.0014,0.0018,0.0113,0.0186,0.0186,winter
GA,Catoosa,CATOOSA,0.0037,0.0015,0.0111,0.0168,0.0168,winter
GA,Charlton,CHARLTON,0.006,0.0008,0.0073,0.0,0.0073,wind
GA,Chatham,CHATHAM,0.0018,0.0069,0.032,0.0001,0.032,wind
GA,Chattahoochee,CHATTAHOOCHEE,0.0047,0.0008,0.0051,0.02,0.02,winter
GA,Chattooga,CHATTOOGA,0.0181,0.0014,0.019,0.0153,0.019,wind
GA,Cherokee,CHEROKEE,0.0005,0.0024,0.0202,0.0168,0.0202,wind
GA,Clarke,CLARKE,0.0004,0.0018,0.0075,0.0141,0.0141,winter
GA,Clay,CLAY,0.0022,0.0008,0.0059,0.0003,0.0059,wind
GA,Clayton,CLAYTON,0.0014,0.0045,0.0087,0.0116,0.0116,winter
GA,Clinch,CLINCH,0.0077,0.0005,0.0139,0.0003,0.0139,wind
GA,Cobb,COBB,0.0005,0.0027,0.0121,0.0164,0.0164,winter
GA,Coffee,COFFEE,0.0028,0.0008,0.0172,0.0008,0.0172,wind
GA,Colquitt,COLQUITT,0.002,0.0012,0.0133,0.0002,0.0133,wind
GA,Columbia,COLUMBIA,0.0011,0.0034,0.0228,0.0004,0.0228,wind
GA,Cook,COOK,0.0022,0.0007,0.0061,0.0002,0.0061,wind
GA,Coweta,COWETA,0.001,0.0014,0.0234,0.0185,0.0234,wind
GA,Crawford,CRAWFORD,0.0022,0.0012,0.0091,0.0157,0.0157,winter
GA,Crisp,CRISP,0.0007,0.0014,0.0139,0.0136,0.0139,wind
GA,Dade,DADE,0.0133,0.002,0.0147,0.0137,0.0147,wind
GA,Dawson,DAWSON,0.0017,0.0027,0.0136,0.0192,0.0192,winter
GA,Decatur,DECATUR,0.0042,0.0011,0.0158,0.0005,0.0158,wind
GA,Dekalb,DEKALB,0.0005,0.001,0.0,0.0,0.001,flood
GA,Dodge,DODGE,0.0032,0.001,0.0134,0.0162,0.0162,winter
GA,Dooly,DOOLY,0.0011,0.001,0.007,0.0175,0.0175,winter
GA,Dougherty,DOUGHERTY,0.0023,0.0016,0.0091,0.0001,0.0091,wind
GA,Douglas,DOUGLAS,0.0006,0.0021,0.0114,0.0141,0.0141,winter
GA,Early,EARLY,0.0031,0.0013,0.0106,0.0003,0.0106,wind
GA,Echols,ECHOLS,0.0047,0.0005,0.0085,0.0,0.0085,wind
GA,Effingham,EFFINGHAM,0.0018,0.0024,0.0321,0.0002,0.0321,wind
GA,Elbert,ELBERT,0.0068,0.0032,0.0204,0.0067,0.0204,wind
GA,Emanuel,EMANUEL,0.004,0.0009,0.008,0.0147,0.0147,winter
GA,Evans,EVANS,0.0028,0.0012,0.0129,0.0015,0.0129,wind
GA,Fannin,FANNIN,0.028,0.0036,0.0154,0.018,0.028,fire
GA,Fayette,FAYETTE,0.0006,0.0035,0.0163,0.0135,0.0163,wind
GA,Floyd,FLOYD,0.0092,0.0031,0.0239,0.0118,0.0239,wind
GA,Forsyth,FORSYTH,0.0012,0.0023,0.0135,0.0188,0.0188,winter
GA,Franklin,FRANKLIN,0.0012,0.0017,0.0174,0.0032,0.0174,wind
GA,Fulton,FULTON,0.001,0.0052,0.0233,0.0158,0.0233,wind
GA,Gilmer,GILMER,0.0173,0.0031,0.0186,0.0187,0.0187,winter
GA,Glascock,GLASCOCK,0.0043,0.001,0.0109,0.0137,0.0137,winter
GA,Glynn,GLYNN,0.0034,0.0037,0.0134,0.0001,0.0134,wind
GA,Gordon,GORDON,0.0076,0.0013,0.0154,0.016,0.016,winter
GA,Grady,GRADY,0.005,0.001,0.0122,0.0001,0.0122,wind
GA,Greene,GREENE,0.0058,0.0021,0.0065,0.0141,0.0141,winter
GA,Gwinnett,GWINNETT,0.0003,0.003,0.0226,0.015,0.0226,wind
GA,Habersham,HABERSHAM,0.0026,0.0046,0.0265,0.0049,0.0265,wind
GA,Hall,HALL,0.0007,0.0032,0.0142,0.016,0.016,winter
GA,Hancock,HANCOCK,0.0042,0.0012,0.0041,0.0154,0.0154,winter
GA,Haralson,HARALSON,0.0049,0.0013,0.0111,0.0169,0.0169,winter
GA,Harris,HARRIS,0.0032,0.0016,0.0152,0.015,0.0152,wind
GA,Hart,HART,0.0016,0.0024,0.0191,0.0031,0.0191,wind
GA,Heard,HEARD,0.0061,0.0015,0.0092,0.0152,0.0152,winter
GA,Henry,HENRY,0.0004,0.0012,0.0095,0.0142,0.0142,winter
GA,Houston,HOUSTON,0.0022,0.0023,0.0194,0.0176,0.0194,wind
GA,Irwin,IRWIN,0.0013,0.0008,0.0093,0.0007,0.0093,wind
GA,Jackson,JACKSON,0.001,0.0026,0.0155,0.016,0.016,winter
GA,Jasper,JASPER,0.0092,0.0011,0.0098,0.0103,0.0103,winter
GA,Jeff Davis,JEFF DAVIS,0.0033,0.0009,0.0067,0.0038,0.0067,wind
GA,Jefferson,JEFFERSON,0.003,0.0009,0.0119,0.0156,0.0156,winter
GA,Jenkins,JENKINS,0.002,0.0008,0.0107,0.0007,0.0107,wind
GA,Johnson,JOHNSON,0.002,0.0009,0.0121,0.0149,0.0149,winter
GA,Jones,JONES,0.0094,0.0019,0.0086,0.0148,0.0148,winter
GA,Lamar,LAMAR,0.0022,0.0015,0.0055,0.0165,0.0165,winter
GA,Lanier,LANIER,0.0046,0.0007,0.0103,0.0002,0.0103,wind
GA,Laurens,LAURENS,0.0044,0.0018,0.0229,0.0167,0.0229,wind
GA,Lee,LEE,0.0026,0.0013,0.0066,0.0,0.0066,wind
GA,Liberty,LIBERTY,0.0024,0.0021,0.0358,0.0001,0.0358,wind
GA,Lincoln,LINCOLN,0.0029,0.0014,0.01,0.0008,0.01,wind
GA,Long,LONG,0.003,0.0011,0.0154,0.0001,0.0154,wind
GA,Lowndes,LOWNDES,0.0076,0.0017,0.0185,0.0003,0.0185,wind
GA,Lumpkin,LUMPKIN,0.011,0.005,0.0112,0.0188,0.0188,winter
GA,Macon,MACON,0.0021,0.0012,0.0062,0.0169,0.0169,winter
GA,Madison,MADISON,0.001,0.0013,0.0082,0.0141,0.0141,winter
GA,Marion,MARION,0.0043,0.0008,0.0062,0.0168,0.0168,winter
GA,Mcduffie,MCDUFFIE,0.0046,0.0017,0.0152,0.0037,0.0152,wind
GA,Mcintosh,MCINTOSH,0.0041,0.0021,0.0198,0.0001,0.0198,wind
GA,Meriwether,MERIWETHER,0.0035,0.0011,0.0145,0.0193,0.0193,winter
GA,Miller,MILLER,0.0012,0.0005,0.0092,0.0006,0.0092,wind
GA,Mitchell,MITCHELL,0.001,0.0009,0.0153,0.0001,0.0153,wind
GA,Monroe,MONROE,0.0047,0.0019,0.0106,0.0115,0.0115,winter
GA,Montgomery,MONTGOMERY,0.0044,0.0008,0.0037,0.0154,0.0154,winter
GA,Morgan,MORGAN,0.0049,0.0017,0.0082,0.0113,0.0113,winter
GA,Murray,MURRAY,0.0243,0.0013,0.0122,0.022,0.0243,fire
GA,Muscogee,MUSCOGEE,0.0025,0.0034,0.0137,0.0158,0.0158,winter
GA,Newton,NEWTON,0.0012,0.0019,0.0133,0.0111,0.0133,wind
GA,Oconee,OCONEE,0.0009,0.0021,0.0108,0.015,0.015,winter
GA,Oglethorpe,OGLETHORPE,0.0053,0.0015,0.0079,0.0149,0.0149,winter
GA,Paulding,PAULDING,0.0004,0.0014,0.0103,0.0168,0.0168,winter
GA,Peach,PEACH,0.002,0.0021,0.01,0.0182,0.0182,winter
GA,Pickens,PICKENS,0.0012,0.0014,0.0091,0.0186,0.0186,winter
GA,Pierce,PIERCE,0.0031,0.0011,0.0067,0.0001,0.0067,wind
GA,Pike,PIKE,0.001,0.0016,0.006,0.0174,0.0174,winter
GA,Polk,POLK,0.0062,0.0014,0.0177,0.0116,0.0177,wind
GA,Pulaski,PULASKI,0.0016,0.0015,0.0071,0.0192,0.0192,winter
GA,Putnam,PUTNAM,0.0121,0.0015,0.0121,0.0122,0.0122,winter
GA,Quitman,QUITMAN,0.0044,0.0006,0.0029,0.0007,0.0044,fire
GA,Rabun,RABUN,0.0039,0.004,0.0247,0.0104,0.0247,wind
GA,Randolph,RANDOLPH,0.0024,0.0005,0.0098,0.0015,0.0098,wind
GA,Richmond,RICHMOND,0.0026,0.0032,0.0258,0.0002,0.0258,wind
GA,Rockdale,ROCKDALE,0.0003,0.0023,0.0066,0.0118,0.0118,winter
GA,Schley,SCHLEY,0.0021,0.0005,0.0048,0.0152,0.0152,winter
GA,Screven,SCREVEN,0.0017,0.0014,0.0291,0.0003,0.0291,wind
GA,Seminole,SEMINOLE,0.0016,0.0012,0.0088,0.0002,0.0088,wind
GA,Spalding,SPALDING,0.0015,0.0021,0.0095,0.0137,0.0137,winter
GA,Stephens,STEPHENS,0.0023,0.0026,0.0239,0.0049,0.0239,wind
GA,Stewart,STEWART,0.0047,0.0004,0.0042,0.0208,0.0208,winter
GA,Sumter,SUMTER,0.0013,0.0011,0.0089,0.0103,0.0103,winter
GA,Talbot,TALBOT,0.0035,0.0008,0.0077,0.0155,0.0155,winter
GA,Taliaferro,TALIAFERRO,0.0054,0.0008,0.0023,0.0188,0.0188,winter
GA,Tattnall,TATTNALL,0.0037,0.001,0.0185,0.0004,0.0185,wind
GA,Taylor,TAYLOR,0.0047,0.0012,0.0099,0.014,0.014,winter
GA,Telfair,TELFAIR,0.003,0.0006,0.0108,0.0135,0.0135,winter
GA,Terrell,TERRELL,0.0013,0.0008,0.0058,0.0015,0.0058,wind
GA,Thomas,THOMAS,0.0048,0.0016,0.0153,0.0,0.0153,wind
GA,Tift,TIFT,0.0014,0.001,0.0158,0.0005,0.0158,wind
GA,Toombs,TOOMBS,0.0025,0.0013,0.0065,0.0134,0.0134,winter
GA,Towns,TOWNS,0.0177,0.0031,0.0038,0.0217,0.0217,winter
GA,Treutlen,TREUTLEN,0.0022,0.0007,0.004,0.017,0.017,winter
GA,Troup,TROUP,0.0039,0.0034,0.0091,0.0191,0.0191,winter
GA,Turner,TURNER,0.0008,0.0008,0.0058,0.0023,0.0058,wind
GA,Twiggs,TWIGGS,0.0036,0.0008,0.0088,0.0177,0.0177,winter
GA,Union,UNION,0.014,0.0035,0.0127,0.0216,0.0216,winter
GA,Upson,UPSON,0.0049,0.002,0.0113,0.0161,0.0161,winter
GA,Walker,WALKER,0.0171,0.002,0.0187,0.0189,0.0189,winter
GA,Walton,WALTON,0.0003,0.0013,0.013,0.0126,0.013,wind
GA,Ware,WARE,0.0068,0.0007,0.015,0.0003,0.015,wind
GA,Warren,WARREN,0.0038,0.001,0.0034,0.0139,0.0139,winter
GA,Washington,WASHINGTON,0.0046,0.0012,0.009,0.0146,0.0146,winter
GA,Wayne,WAYNE,0.0042,0.0016,0.0153,0.0001,0.0153,wind
GA,Webster,WEBSTER,0.0025,0.0007,0.0046,0.0156,0.0156,winter
GA,Wheeler,WHEELER,0.003,0.0005,0.0089,0.0149,0.0149,winter
GA,White,WHITE,0.0025,0.0037,0.0084,0.0179,0.0179,winter
GA,Whitfield,WHITFIELD,0.0052,0.0021,0.0136,0.0157,0.0157,winter
GA,Wilcox,WILCOX,0.0017,0.0011,0.0144,0.0177,0.0177,winter
GA,Wilkes,WILKES,0.0057,0.0014,0.0078,0.0142,0.0142,winter
GA,Wilkinson,WILKINSON,0.0039,0.0009,0.0065,0.0165,0.0165,winter
GA,Worth,WORTH,0.0014,0.001,0.0128,0.0006,0.0128,wind
IA,Adair,ADAIR,0.0008,0.0031,0.0347,0.051,0.051,winter
IA,Adams,ADAMS,0.0007,0.0025,0.0245,0.0512,0.0512,winter
IA,Allamakee,ALLAMAKEE,0.0021,0.0018,0.0118,0.0057,0.0118,wind
IA,Appanoose,APPANOOSE,0.001,0.0024,0.0181,0.0531,0.0531,winter
IA,Audubon,AUDUBON,0.0007,0.002,0.0236,0.0369,0.0369,winter
IA,Benton,BENTON,0.0011,0.0019,0.0278,0.0257,0.0278,wind
IA,Black Hawk,BLACK HAWK,0.0008,0.0158,0.0287,0.0477,0.0477,winter
IA,Boone,BOONE,0.0007,0.0037,0.0315,0.0715,0.0715,winter
IA,Bremer,BREMER,0.0014,0.0041,0.0275,0.0361,0.0361,winter
IA,Buchanan,BUCHANAN,0.0008,0.0024,0.0236,0.0213,0.0236,wind
IA,Buena Vista,BUENA VISTA,0.0077,0.0011,0.0332,0.0299,0.0332,wind
IA,Butler,BUTLER,0.0008,0.0053,0.029,0.06,0.06,winter
IA,Calhoun,CALHOUN,0.0038,0.0021,0.0383,0.054,0.054,winter
IA,Carroll,CARROLL,0.0016,0.0025,0.0351,0.0438,0.0438,winter
IA,Cass,CASS,0.0007,0.0034,0.0297,0.0441,0.0441,winter
IA,Cedar,CEDAR,0.0005,0.0018,0.0276,0.0189,0.0276,wind
IA,Cerro Gordo,CERRO GORDO,0.0019,0.003,0.0367,0.0608,0.0608,winter
IA,Cherokee,CHEROKEE,0.0026,0.0008,0.0251,0.0282,0.0282,winter
IA,Chickasaw,CHICKASAW,0.0012,0.0019,0.0178,0.0115,0.0178,wind
IA,Clarke,CLARKE,0.0006,0.0025,0.0284,0.0726,0.0726,winter
IA,Clay,CLAY,0.0077,0.0006,0.0365,0.0416,0.0416,winter
IA,Clayton,CLAYTON,0.0015,0.0062,0.0189,0.0081,0.0189,wind
IA,Clinton,CLINTON,0.0006,0.0019,0.0395,0.0152,0.0395,wind
IA,Crawford,CRAWFORD,0.0006,0.0008,0.021,0.0408,0.0408,winter
IA,Dallas,DALLAS,0.0007,0.0062,0.0361,0.067,0.067,winter
IA,Davis,DAVIS,0.0008,0.0017,0.0135,0.038,0.038,winter
IA,Decatur,DECATUR,0.0004,0.0042,0.015,0.0672,0.0672,winter
IA,Delaware,DELAWARE,0.0008,0.0036,0.0228,0.0173,0.0228,wind
IA,Des Moines,DES MOINES,0.0008,0.0023,0.0287,0.0146,0.0287,wind
IA,Dickinson,DICKINSON,0.003,0.0008,0.0256,0.0516,0.0516,winter
IA,Dubuque,DUBUQUE,0.0005,0.0027,0.0241,0.0199,0.0241,wind
IA,Emmet,EMMET,0.0028,0.0085,0.032,0.0565,0.0565,winter
IA,Fayette,FAYETTE,0.0014,0.0029,0.017,0.011,0.017,wind
IA,Floyd,FLOYD,0.0011,0.003,0.0193,0.042,0.042,winter
IA,Franklin,FRANKLIN,0.0009,0.0029,0.0281,0.0523,0.0523,winter
IA,Fremont,FREMONT,0.001,0.0029,0.0153,0.0049,0.0153,wind
IA,Greene,GREENE,0.0007,0.003,0.0236,0.0479,0.0479,winter
IA,Grundy,GRUNDY,0.0005,0.0023,0.0283,0.0394,0.0394,winter
IA,Guthrie,GUTHRIE,0.0011,0.0019,0.0304,0.0589,0.0589,winter
IA,Hamilton,HAMILTON,0.0009,0.0036,0.035,0.0508,0.0508,winter
IA,Hancock,HANCOCK,0.001,0.0022,0.0273,0.0608,0.0608,winter
IA,Hardin,HARDIN,0.0014,0.0017,0.0303,0.0483,0.0483,winter
IA,Harrison,HARRISON,0.0023,0.0011,0.0209,0.0108,0.0209,wind
IA,Henry,HENRY,0.0007,0.0008,0.0204,0.0141,0.0204,wind
IA,Howard,HOWARD,0.0012,0.002,0.0159,0.007,0.0159,wind
IA,Humboldt,HUMBOLDT,0.0032,0.0097,0.0282,0.0505,0.0505,winter
IA,Ida,IDA,0.0012,0.0005,0.0135,0.0001,0.0135,wind
IA,Iowa,IOWA,0.0016,0.0024,0.0185,0.0294,0.0294,winter
IA,Jackson,JACKSON,0.0008,0.0028,0.0288,0.0198,0.0288,wind
IA,Jasper,JASPER,0.0005,0.0034,0.0324,0.0501,0.0501,winter
IA,Jefferson,JEFFERSON,0.0005,0.0011,0.0136,0.0165,0.0165,winter
IA,Johnson,JOHNSON,0.0008,0.0021,0.0258,0.0215,0.0258,wind
IA,Jones,JONES,0.0005,0.0025,0.0258,0.023,0.0258,wind
IA,Keokuk,KEOKUK,0.0004,0.0011,0.0156,0.036,0.036,winter
IA,Kossuth,KOSSUTH,0.0016,0.0051,0.0386,0.0558,0.0558,winter
IA,Lee,LEE,0.0011,0.0014,0.0145,0.0002,0.0145,wind
IA,Linn,LINN,0.0009,0.0029,0.0323,0.025,0.0323,wind
IA,Louisa,LOUISA,0.0007,0.0024,0.0188,0.0126,0.0188,wind
IA,Lucas,LUCAS,0.001,0.0044,0.0275,0.0677,0.0677,winter
IA,Lyon,LYON,0.0036,0.0007,0.0255,0.043,0.043,winter
IA,Madison,MADISON,0.0008,0.0018,0.0249,0.0651,0.0651,winter
IA,Mahaska,MAHASKA,0.0006,0.0103,0.0295,0.0528,0.0528,winter
IA,Marion,MARION,0.0008,0.0066,0.0278,0.057,0.057,winter
IA,Marshall,MARSHALL,0.0008,0.0029,0.0335,0.0418,0.0418,winter
IA,Mills,MILLS,0.0022,0.0021,0.0288,0.0075,0.0288,wind
IA,Mitchell,MITCHELL,0.0009,0.002,0.0183,0.018,0.0183,wind
IA,Monona,MONONA,0.001,0.0008,0.0138,0.0152,0.0152,winter
IA,Monroe,MONROE,0.001,0.0032,0.0142,0.0555,0.0555,winter
IA,Montgomery,MONTGOMERY,0.0008,0.0019,0.0228,0.0108,0.0228,wind
IA,Muscatine,MUSCATINE,0.0008,0.0023,0.022,0.0158,0.022,wind
IA,O'Brien,O'BRIEN,0.0069,0.0006,0.0255,0.0364,0.0364,winter
IA,Osceola,OSCEOLA,0.0076,0.0007,0.0172,0.0436,0.0436,winter
IA,Page,PAGE,0.0009,0.0026,0.0181,0.0053,0.0181,wind
IA,Palo Alto,PALO ALTO,0.0011,0.0028,0.0343,0.0585,0.0585,winter
IA,Plymouth,PLYMOUTH,0.0027,0.0007,0.0257,0.0259,0.0259,winter
IA,Pocahontas,POCAHONTAS,0.0037,0.002,0.0296,0.0386,0.0386,winter
IA,Polk,POLK,0.0008,0.0098,0.0428,0.07,0.07,winter
IA,Pottawattamie,POTTAWATTAMIE,0.002,0.0012,0.0197,0.0152,0.0197,wind
IA,Poweshiek,POWESHIEK,0.0015,0.002,0.0263,0.0342,0.0342,winter
IA,Ringgold,RINGGOLD,0.0006,0.0022,0.0192,0.0492,0.0492,winter
IA,Sac,SAC,0.0024,0.0008,0.0148,0.0023,0.0148,wind
IA,Scott,SCOTT,0.0045,0.0013,0.0302,0.0188,0.0302,wind
IA,Shelby,SHELBY,0.0007,0.0008,0.0153,0.0145,0.0153,wind
IA,Sioux,SIOUX,0.0046,0.0009,0.0404,0.0373,0.0404,wind
IA,Story,STORY,0.0008,0.0033,0.0382,0.0488,0.0488,winter
IA,Tama,TAMA,0.0011,0.0026,0.0257,0.0287,0.0287,winter
IA,Taylor,TAYLOR,0.0006,0.0017,0.0324,0.0457,0.0457,winter
IA,Union,UNION,0.0005,0.0023,0.0306,0.0666,0.0666,winter
IA,Van Buren,VAN BUREN,0.0009,0.0027,0.0148,0.0168,0.0168,winter
IA,Wapello,WAPELLO,0.0008,0.0062,0.0245,0.052,0.052,winter
IA,Warren,WARREN,0.0005,0.0045,0.0244,0.0643,0.0643,winter
IA,Washington,WASHINGTON,0.0005,0.0027,0.0188,0.0204,0.0204,winter
IA,Wayne,WAYNE,0.0003,0.004,0.0158,0.0578,0.0578,winter
IA,Webster,WEBSTER,0.002,0.0095,0.0355,0.0586,0.0586,winter
IA,Winnebago,WINNEBAGO,0.0012,0.0024,0.0251,0.0576,0.0576,winter
IA,Winneshiek,WINNESHIEK,0.0009,0.0022,0.0144,0.0091,0.0144,wind
IA,Woodbury,WOODBURY,0.0041,0.0012,0.0386,0.0216,0.0386,wind
IA,Worth,WORTH,0.0017,0.0021,0.026,0.0635,0.0635,winter
IA,Wright,WRIGHT,0.0015,0.0027,0.0263,0.0529,0.0529,winter
ID,Ada,ADA,0.0665,0.0009,0.0133,0.0003,0.0665,fire
ID,Adams,ADAMS,0.0645,0.0003,0.0029,0.0001,0.0645,fire
ID,Bannock,BANNOCK,0.0348,0.0009,0.013,0.0006,0.0348,fire
ID,Bear Lake,BEAR LAKE,0.0234,0.0004,0.0082,0.0123,0.0234,fire
ID,Benewah,BENEWAH,0.042,0.0005,0.0069,0.029,0.042,fire
ID,Bingham,BINGHAM,0.0181,0.0005,0.0225,0.0004,0.0225,wind
ID,Blaine,BLAINE,0.0489,0.0003,0.0069,0.0008,0.0489,fire
ID,Boise,BOISE,0.0759,0.0003,0.0192,0.0262,0.0759,fire
ID,Bonner,BONNER,0.0322,0.002,0.0069,0.0237,0.0322,fire
ID,Bonneville,BONNEVILLE,0.0278,0.0005,0.015,0.0016,0.0278,fire
ID,Boundary,BOUNDARY,0.0323,0.0011,0.0076,0.0254,0.0323,fire
ID,Butte,BUTTE,0.0213,0.0002,0.0183,0.0002,0.0213,fire
ID,Camas,CAMAS,0.0305,0.0001,0.0021,0.0141,0.0305,fire
ID,Canyon,CANYON,0.0091,0.0003,0.0152,0.0185,0.0185,winter
ID,Caribou,CARIBOU,0.0387,0.0002,0.0165,0.0751,0.0751,winter
ID,Cassia,CASSIA,0.0318,0.0002,0.0133,0.0012,0.0318,fire
ID,Clark,CLARK,0.0197,0.0001,0.0059,0.0005,0.0197,fire
ID,Clearwater,CLEARWATER,0.0519,0.0003,0.0141,0.0799,0.0799,winter
ID,Custer,CUSTER,0.0265,0.0003,0.0051,0.0003,0.0265,fire
ID,Elmore,ELMORE,0.0855,0.0004,0.0118,0.0001,0.0855,fire
ID,Franklin,FRANKLIN,0.0136,0.0003,0.0048,0.0054,0.0136,fire
ID,Fremont,FREMONT,0.0209,0.0003,0.013,0.0007,0.0209,fire
ID,Gem,GEM,0.0386,0.0004,0.0026,0.0004,0.0386,fire
ID,Gooding,GOODING,0.0412,0.0005,0.0071,0.0003,0.0412,fire
ID,Idaho,IDAHO,0.1288,0.0004,0.0176,0.0222,0.1288,fire
ID,Jefferson,JEFFERSON,0.0149,0.0002,0.0206,0.001,0.0206,wind
ID,Jerome,JEROME,0.0253,0.0002,0.0109,0.0,0.0253,fire
ID,Kootenai,KOOTENAI,0.0392,0.0011,0.0088,0.0255,0.0392,fire
ID,Latah,LATAH,0.027,0.0004,0.009,0.0222,0.027,fire
ID,Lemhi,LEMHI,0.0414,0.0003,0.0279,0.0913,0.0913,winter
ID,Lewis,LEWIS,0.0258,0.0002,0.0189,0.0263,0.0263,winter
ID,Lincoln,LINCOLN,0.0351,0.0002,0.0095,0.0008,0.0351,fire
ID,Madison,MADISON,0.0111,0.0004,0.0101,0.0007,0.0111,fire
ID,Minidoka,MINIDOKA,0.005,0.0001,0.0108,0.0002,0.0108,wind
ID,Nez Perce,NEZ PERCE,0.0321,0.0002,0.0266,0.0296,0.0321,fire
ID,Oneida,ONEIDA,0.0177,0.0003,0.0034,0.0075,0.0177,fire
ID,Owyhee,OWYHEE,0.0619,0.0001,0.0066,0.0077,0.0619,fire
ID,Payette,PAYETTE,0.0175,0.0004,0.0027,0.0001,0.0175,fire
ID,Power,POWER,0.0189,0.0002,0.0148,0.0004,0.0189,fire
ID,Shoshone,SHOSHONE,0.0449,0.001,0.0056,0.0301,0.0449,fire
ID,Teton,TETON,0.012,0.0004,0.0044,0.0067,0.012,fire
ID,Twin Falls,TWIN FALLS,0.038,0.0003,0.0201,0.0166,0.038,fire
ID,Valley,VALLEY,0.0569,0.0002,0.039,0.0473,0.0569,fire
ID,Washington,WASHINGTON,0.0326,0.0003,0.0028,0.0002,0.0326,fire
IL,Adams,ADAMS,0.0008,0.0005,0.0308,0.0059,0.0308,wind
IL,Alexander,ALEXANDER,0.0041,0.0063,0.0407,0.1845,0.1845,winter
IL,Bond,BOND,0.0003,0.0005,0.0258,0.0042,0.0258,wind
IL,Boone,BOONE,0.0004,0.001,0.0207,0.0066,0.0207,wind
IL,Brown,BROWN,0.0015,0.0003,0.0102,0.0056,0.0102,wind
IL,Bureau,BUREAU,0.0006,0.0005,0.0317,0.0168,0.0317,wind
IL,Calhoun,CALHOUN,0.0031,0.0012,0.0208,0.0042,0.0208,wind
IL,Carroll,CARROLL,0.0005,0.0009,0.0276,0.0164,0.0276,wind
IL,Cass,CASS,0.0005,0.0007,0.0247,0.0039,0.0247,wind
IL,Champaign,CHAMPAIGN,0.0006,0.0005,0.0516,0.003,0.0516,wind
IL,Christian,CHRISTIAN,0.0005,0.0005,0.0328,0.003,0.0328,wind
IL,Clark,CLARK,0.001,0.0009,0.0225,0.0021,0.0225,wind
IL,Clay,CLAY,0.0005,0.0006,0.0308,0.0015,0.0308,wind
IL,Clinton,CLINTON,0.0005,0.0005,0.0357,0.0029,0.0357,wind
IL,Coles,COLES,0.0007,0.0004,0.037,0.0065,0.037,wind
IL,Cook,COOK,0.0019,0.0084,0.0883,0.0163,0.0883,wind
IL,Crawford,CRAWFORD,0.0008,0.0007,0.0274,0.0011,0.0274,wind
IL,Cumberland,CUMBERLAND,0.0005,0.0007,0.0221,0.0021,0.0221,wind
IL,De Witt,DE WITT,0.0002,0.001,0.0354,0.0036,0.0354,wind
IL,Dekalb,DEKALB,0.0006,0.0004,0.0,0.0,0.0006,fire
IL,Douglas,DOUGLAS,0.0007,0.0003,0.0293,0.0049,0.0293,wind
IL,Dupage,DUPAGE,0.0004,0.0007,0.0,0.0,0.0007,flood
IL,Edgar,EDGAR,0.0005,0.0007,0.0321,0.0025,0.0321,wind
IL,Edwards,EDWARDS,0.0004,0.001,0.0245,0.2128,0.2128,winter
IL,Effingham,EFFINGHAM,0.0005,0.0007,0.0304,0.0015,0.0304,wind
IL,Fayette,FAYETTE,0.0009,0.0005,0.0234,0.0032,0.0234,wind
IL,Ford,FORD,0.0006,0.0004,0.0299,0.0023,0.0299,wind
IL,Franklin,FRANKLIN,0.0016,0.0013,0.0365,0.2544,0.2544,winter
IL,Fulton,FULTON,0.0011,0.0006,0.0282,0.0051,0.0282,wind
IL,Gallatin,GALLATIN,0.0033,0.003,0.0225,0.1979,0.1979,winter
IL,Greene,GREENE,0.0008,0.0007,0.0245,0.0051,0.0245,wind
IL,Grundy,GRUNDY,0.0012,0.0013,0.0337,0.0054,0.0337,wind
IL,Hamilton,HAMILTON,0.0007,0.0008,0.0311,0.1889,0.1889,winter
IL,Hancock,HANCOCK,0.0003,0.0023,0.0194,0.0176,0.0194,wind
IL,Hardin,HARDIN,0.0069,0.0024,0.0171,0.2023,0.2023,winter
IL,Henderson,HENDERSON,0.0006,0.0008,0.0152,0.0139,0.0152,wind
IL,Henry,HENRY,0.0028,0.0007,0.0316,0.0184,0.0316,wind
IL,Iroquois,IROQUOIS,0.003,0.0005,0.0298,0.0031,0.0298,wind
IL,Jackson,JACKSON,0.0042,0.0019,0.0445,0.2775,0.2775,winter
IL,Jasper,JASPER,0.0004,0.0006,0.0257,0.0016,0.0257,wind
IL,Jefferson,JEFFERSON,0.0008,0.001,0.0312,0.2094,0.2094,winter
IL,Jersey,JERSEY,0.0008,0.0021,0.0252,0.0058,0.0252,wind
IL,Jo Daviess,JO DAVIESS,0.0009,0.0027,0.0343,0.0238,0.0343,wind
IL,Johnson,JOHNSON,0.0105,0.002,0.0239,0.2312,0.2312,winter
IL,Kane,KANE,0.0006,0.001,0.0455,0.0076,0.0455,wind
IL,Kankakee,KANKAKEE,0.0017,0.0008,0.0427,0.0023,0.0427,wind
IL,Kendall,KENDALL,0.0011,0.0007,0.0273,0.0065,0.0273,wind
IL,Knox,KNOX,0.0006,0.0006,0.0358,0.0055,0.0358,wind
IL,Lake,LAKE,0.001,0.0063,0.0531,0.0117,0.0531,wind
IL,Lasalle,LASALLE,0.0006,0.0013,0.0,0.0,0.0013,flood
IL,Lawrence,LAWRENCE,0.0006,0.0011,0.025,0.0022,0.025,wind
IL,Lee,LEE,0.0006,0.0008,0.0199,0.0002,0.0199,wind
IL,Livingston,LIVINGSTON,0.0005,0.0003,0.0364,0.0061,0.0364,wind
IL,Logan,LOGAN,0.0003,0.0003,0.0483,0.0054,0.0483,wind
IL,Macon,MACON,0.0004,0.0007,0.0401,0.0022,0.0401,wind
IL,Macoupin,MACOUPIN,0.0005,0.0005,0.0271,0.0068,0.0271,wind
IL,Madison,MADISON,0.0005,0.0006,0.0395,0.0047,0.0395,wind
IL,Marion,MARION,0.0008,0.0005,0.0305,0.0029,0.0305,wind
IL,Marshall,MARSHALL,0.0005,0.0011,0.028,0.0056,0.028,wind
IL,Mason,MASON,0.0006,0.0008,0.0324,0.0042,0.0324,wind
IL,Massac,MASSAC,0.0015,0.0049,0.0288,0.193,0.193,winter
IL,Mcdonough,MCDONOUGH,0.0006,0.0008,0.0225,0.014,0.0225,wind
IL,Mchenry,MCHENRY,0.0006,0.0015,0.0346,0.0085,0.0346,wind
IL,Mclean,MCLEAN,0.0004,0.0005,0.05,0.006,0.05,wind
IL,Menard,MENARD,0.0004,0.0005,0.0267,0.0035,0.0267,wind
IL,Mercer,MERCER,0.0005,0.0008,0.0197,0.0159,0.0197,wind
IL,Monroe,MONROE,0.0008,0.0011,0.0227,0.002,0.0227,wind
IL,Montgomery,MONTGOMERY,0.0004,0.0003,0.027,0.0044,0.027,wind
IL,Morgan,MORGAN,0.0005,0.0006,0.0343,0.0041,0.0343,wind
IL,Moultrie,MOULTRIE,0.0004,0.0003,0.0251,0.0031,0.0251,wind
IL,Ogle,OGLE,0.0004,0.001,0.0335,0.0091,0.0335,wind
IL,Peoria,PEORIA,0.0005,0.002,0.0313,0.0049,0.0313,wind
IL,Perry,PERRY,0.0012,0.0011,0.0342,0.2339,0.2339,winter
IL,Piatt,PIATT,0.0005,0.0003,0.0318,0.0019,0.0318,wind
IL,Pike,PIKE,0.0011,0.0004,0.0287,0.0048,0.0287,wind
IL,Pope,POPE,0.0167,0.0015,0.024,0.2149,0.2149,winter
IL,Pulaski,PULASKI,0.0011,0.0034,0.0227,0.2134,0.2134,winter
IL,Putnam,PUTNAM,0.0005,0.0009,0.0218,0.0158,0.0218,wind
IL,Randolph,RANDOLPH,0.0005,0.0012,0.0192,0.0045,0.0192,wind
IL,Richland,RICHLAND,0.0003,0.0005,0.0245,0.0013,0.0245,wind
IL,Rock Island,ROCK ISLAND,0.0004,0.0032,0.0292,0.0131,0.0292,wind
IL,Saline,SALINE,0.0039,0.0017,0.0286,0.2136,0.2136,winter
IL,Sangamon,SANGAMON,0.0004,0.0008,0.058,0.0062,0.058,wind
IL,Schuyler,SCHUYLER,0.0009,0.0007,0.0192,0.0046,0.0192,wind
IL,Scott,SCOTT,0.0005,0.0017,0.0185,0.004,0.0185,wind
IL,Shelby,SHELBY,0.0003,0.0005,0.0311,0.0025,0.0311,wind
IL,St. Clair,ST. CLAIR,0.0004,0.0009,0.0448,0.0049,0.0448,wind
IL,Stark,STARK,0.0004,0.0003,0.0187,0.0075,0.0187,wind
IL,Stephenson,STEPHENSON,0.0004,0.0012,0.0261,0.0189,0.0261,wind
IL,Tazewell,TAZEWELL,0.001,0.0007,0.0503,0.0067,0.0503,wind
IL,Union,UNION,0.0055,0.0023,0.0355,0.2564,0.2564,winter
IL,Vermilion,VERMILION,0.0005,0.0007,0.0352,0.0016,0.0352,wind
IL,Wabash,WABASH,0.0006,0.0029,0.028,0.1951,0.1951,winter
IL,Warren,WARREN,0.0004,0.0006,0.0257,0.015,0.0257,wind
IL,Washington,WASHINGTON,0.0006,0.0004,0.0229,0.0041,0.0229,wind
IL,Wayne,WAYNE,0.0012,0.0008,0.0229,0.2204,0.2204,winter
IL,White,WHITE,0.0004,0.0014,0.0296,0.2225,0.2225,winter
IL,Whiteside,WHITESIDE,0.0006,0.0017,0.0282,0.0138,0.0282,wind
IL,Will,WILL,0.0026,0.0015,0.0674,0.0061,0.0674,wind
IL,Williamson,WILLIAMSON,0.0069,0.0016,0.0369,0.2373,0.2373,winter
IL,Winnebago,WINNEBAGO,0.0008,0.0024,0.0348,0.0075,0.0348,wind
IL,Woodford,WOODFORD,0.0006,0.0006,0.036,0.0074,0.036,wind
IN,Adams,ADAMS,0.0002,0.0004,0.0166,0.0016,0.0166,wind
IN,Allen,ALLEN,0.0002,0.0009,0.033,0.0023,0.033,wind
IN,Bartholomew,BARTHOLOMEW,0.0015,0.001,0.0236,0.0007,0.0236,wind
IN,Benton,BENTON,0.0004,0.0003,0.0247,0.0013,0.0247,wind
IN,Blackford,BLACKFORD,0.0003,0.0004,0.0158,0.001,0.0158,wind
IN,Boone,BOONE,0.0003,0.0005,0.0225,0.0011,0.0225,wind
IN,Brown,BROWN,0.0094,0.001,0.0202,0.0007,0.0202,wind
IN,Carroll,CARROLL,0.0003,0.0006,0.0295,0.001,0.0295,wind
IN,Cass,CASS,0.0003,0.0005,0.0283,0.0018,0.0283,wind
IN,Clark,CLARK,0.0015,0.0011,0.0326,0.0014,0.0326,wind
IN,Clay,CLAY,0.0011,0.0013,0.02,0.0007,0.02,wind
IN,Clinton,CLINTON,0.0004,0.0005,0.0267,0.001,0.0267,wind
IN,Crawford,CRAWFORD,0.0046,0.0013,0.034,0.0013,0.034,wind
IN,Daviess,DAVIESS,0.0005,0.0019,0.0268,0.001,0.0268,wind
IN,Dearborn,DEARBORN,0.0003,0.0009,0.0288,0.0068,0.0288,wind
IN,Decatur,DECATUR,0.0004,0.0006,0.0223,0.0007,0.0223,wind
IN,Dekalb,DEKALB,0.0003,0.0003,0.0,0.0,0.0003,fire
IN,Delaware,DELAWARE,0.0002,0.0007,0.0314,0.0011,0.0314,wind
IN,Dubois,DUBOIS,0.0008,0.001,0.039,0.0013,0.039,wind
IN,Elkhart,ELKHART,0.0003,0.0008,0.0385,0.0026,0.0385,wind
IN,Fayette,FAYETTE,0.0004,0.0004,0.0285,0.0029,0.0285,wind
IN,Floyd,FLOYD,0.0008,0.0017,0.0255,0.0017,0.0255,wind
IN,Fountain,FOUNTAIN,0.0007,0.0015,0.0259,0.0007,0.0259,wind
IN,Franklin,FRANKLIN,0.0021,0.0007,0.0241,0.0056,0.0241,wind
IN,Fulton,FULTON,0.0004,0.0007,0.02,0.0022,0.02,wind
IN,Gibson,GIBSON,0.0009,0.002,0.0363,0.1978,0.1978,winter
IN,Grant,GRANT,0.0003,0.0004,0.0315,0.0015,0.0315,wind
IN,Greene,GREENE,0.0013,0.0024,0.0225,0.0007,0.0225,wind
IN,Hamilton,HAMILTON,0.0002,0.001,0.0321,0.0007,0.0321,wind
IN,Hancock,HANCOCK,0.0004,0.0005,0.0329,0.0006,0.0329,wind
IN,Harrison,HARRISON,0.001,0.0013,0.0358,0.0018,0.0358,wind
IN,Hendricks,HENDRICKS,0.0003,0.0007,0.0336,0.0007,0.0336,wind
IN,Henry,HENRY,0.0002,0.0006,0.022,0.0008,0.022,wind
IN,Howard,HOWARD,0.0003,0.0005,0.0334,0.0008,0.0334,wind
IN,Huntington,HUNTINGTON,0.0004,0.0005,0.0336,0.0018,0.0336,wind
IN,Jackson,JACKSON,0.0028,0.0018,0.0257,0.001,0.0257,wind
IN,Jasper,JASPER,0.0004,0.0006,0.0263,0.0019,0.0263,wind
IN,Jay,JAY,0.0002,0.0004,0.0119,0.0,0.0119,wind
IN,Jefferson,JEFFERSON,0.0021,0.0013,0.0191,0.0011,0.0191,wind
IN,Jennings,JENNINGS,0.0012,0.0012,0.0227,0.0005,0.0227,wind
IN,Johnson,JOHNSON,0.0006,0.0008,0.0265,0.0005,0.0265,wind
IN,Knox,KNOX,0.0003,0.003,0.0373,0.0049,0.0373,wind
IN,Kosciusko,KOSCIUSKO,0.0004,0.0006,0.0377,0.0028,0.0377,wind
IN,Lagrange,LAGRANGE,0.0003,0.0007,0.0235,0.0011,0.0235,wind
IN,Lake,LAKE,0.0023,0.0016,0.0436,0.0032,0.0436,wind
IN,Laporte,LAPORTE,0.0011,0.002,0.0,0.0,0.002,flood
IN,Lawrence,LAWRENCE,0.0035,0.0015,0.0375,0.001,0.0375,wind
IN,Madison,MADISON,0.0002,0.0009,0.0317,0.0008,0.0317,wind
IN,Marion,MARION,0.0003,0.0012,0.0361,0.0014,0.0361,wind
IN,Marshall,MARSHALL,0.0002,0.0004,0.0249,0.0028,0.0249,wind
IN,Martin,MARTIN,0.0028,0.0014,0.0128,0.0007,0.0128,wind
IN,Miami,MIAMI,0.0004,0.0003,0.026,0.0018,0.026,wind
IN,Monroe,MONROE,0.0036,0.0026,0.0254,0.0008,0.0254,wind
IN,Montgomery,MONTGOMERY,0.0008,0.0006,0.0195,0.0008,0.0195,wind
IN,Morgan,MORGAN,0.0014,0.0014,0.0208,0.0011,0.0208,wind
IN,Newton,NEWTON,0.0006,0.0008,0.0199,0.0025,0.0199,wind
IN,Noble,NOBLE,0.0004,0.0004,0.0251,0.0017,0.0251,wind
IN,Ohio,OHIO,0.0016,0.0009,0.0199,0.0045,0.0199,wind
IN,Orange,ORANGE,0.0036,0.001,0.0299,0.001,0.0299,wind
IN,Owen,OWEN,0.002,0.0017,0.0245,0.0014,0.0245,wind
IN,Parke,PARKE,0.0014,0.001,0.0234,0.0008,0.0234,wind
IN,Perry,PERRY,0.0046,0.0008,0.0286,0.0015,0.0286,wind
IN,Pike,PIKE,0.0022,0.0027,0.0249,0.2441,0.2441,winter
IN,Porter,PORTER,0.001,0.0013,0.0424,0.0021,0.0424,wind
IN,Posey,POSEY,0.0011,0.0027,0.0302,0.1953,0.1953,winter
IN,Pulaski,PULASKI,0.0004,0.0005,0.0182,0.0015,0.0182,wind
IN,Putnam,PUTNAM,0.0011,0.0008,0.0228,0.0008,0.0228,wind
IN,Randolph,RANDOLPH,0.0003,0.0007,0.0287,0.0006,0.0287,wind
IN,Ripley,RIPLEY,0.0013,0.0013,0.0319,0.0068,0.0319,wind
IN,Rush,RUSH,0.0004,0.0007,0.0284,0.001,0.0284,wind
IN,Scott,SCOTT,0.0015,0.0011,0.0197,0.0008,0.0197,wind
IN,Shelby,SHELBY,0.0003,0.0007,0.0317,0.0006,0.0317,wind
IN,Spencer,SPENCER,0.0006,0.0027,0.0345,0.2065,0.2065,winter
IN,St. Joseph,ST. JOSEPH,0.0003,0.0009,0.0364,0.0045,0.0364,wind
IN,Starke,STARKE,0.0004,0.0008,0.0231,0.0025,0.0231,wind
IN,Steuben,STEUBEN,0.0004,0.0003,0.0217,0.0008,0.0217,wind
IN,Sullivan,SULLIVAN,0.001,0.0029,0.0178,0.0009,0.0178,wind
IN,Switzerland,SWITZERLAND,0.0008,0.0016,0.0176,0.0049,0.0176,wind
IN,Tippecanoe,TIPPECANOE,0.0003,0.0015,0.0436,0.0009,0.0436,wind
IN,Tipton,TIPTON,0.0002,0.0005,0.0229,0.0006,0.0229,wind
IN,Union,UNION,0.0004,0.0006,0.0224,0.0023,0.0224,wind
IN,Vanderburgh,VANDERBURGH,0.0007,0.005,0.0517,0.2197,0.2197,winter
IN,Vermillion,VERMILLION,0.001,0.0017,0.0204,0.0005,0.0204,wind
IN,Vigo,VIGO,0.0016,0.0025,0.0272,0.0011,0.0272,wind
IN,Wabash,WABASH,0.0004,0.0006,0.0279,0.0017,0.0279,wind
IN,Warren,WARREN,0.0006,0.0011,0.0197,0.001,0.0197,wind
IN,Warrick,WARRICK,0.0015,0.0023,0.0405,0.2088,0.2088,winter
IN,Washington,WASHINGTON,0.0008,0.0009,0.0277,0.0012,0.0277,wind
IN,Wayne,WAYNE,0.0003,0.0004,0.0417,0.0033,0.0417,wind
IN,Wells,WELLS,0.0003,0.0004,0.0204,0.0018,0.0204,wind
IN,White,WHITE,0.0005,0.0006,0.0266,0.0022,0.0266,wind
IN,Whitley,WHITLEY,0.0004,0.0006,0.0298,0.002,0.0298,wind
KS,Allen,ALLEN,0.0012,0.0023,0.0327,0.0046,0.0327,wind
KS,Anderson,ANDERSON,0.001,0.0011,0.0252,0.0064,0.0252,wind
KS,Atchison,ATCHISON,0.0017,0.0013,0.0178,0.0049,0.0178,wind
KS,Barber,BARBER,0.0064,0.0016,0.0449,0.0087,0.0449,wind
KS,Barton,BARTON,0.0017,0.0007,0.0509,0.0111,0.0509,wind
KS,Bourbon,BOURBON,0.0024,0.0012,0.0295,0.0034,0.0295,wind
KS,Brown,BROWN,0.0021,0.0006,0.0192,0.008,0.0192,wind
KS,Butler,BUTLER,0.012,0.003,0.0754,0.0089,0.0754,wind
KS,Chase,CHASE,0.015,0.0008,0.0241,0.0052,0.0241,wind
KS,Chautauqua,CHAUTAUQUA,0.0049,0.0016,0.0292,0.0037,0.0292,wind
KS,Cherokee,CHEROKEE,0.0096,0.0019,0.0545,0.0017,0.0545,wind
KS,Cheyenne,CHEYENNE,0.003,0.0004,0.0811,0.0495,0.0811,wind
KS,Clark,CLARK,0.0052,0.0007,0.0206,0.0147,0.0206,wind
KS,Clay,CLAY,0.0017,0.0007,0.024,0.0079,0.024,wind
KS,Cloud,CLOUD,0.0022,0.0005,0.0345,0.0105,0.0345,wind
KS,Coffey,COFFEY,0.0067,0.001,0.0335,0.0065,0.0335,wind
KS,Comanche,COMANCHE,0.0082,0.001,0.028,0.0118,0.028,wind
KS,Cowley,COWLEY,0.0131,0.0035,0.0641,0.0078,0.0641,wind
KS,Crawford,CRAWFORD,0.0014,0.0012,0.0403,0.0029,0.0403,wind
KS,Decatur,DECATUR,0.0026,0.0003,0.0449,0.0245,0.0449,wind
KS,Dickinson,DICKINSON,0.0026,0.0007,0.0342,0.0083,0.0342,wind
KS,Doniphan,DONIPHAN,0.0021,0.0006,0.0155,0.0067,0.0155,wind
KS,Douglas,DOUGLAS,0.0019,0.0011,0.0461,0.0051,0.0461,wind
KS,Edwards,EDWARDS,0.0014,0.0005,0.0223,0.0161,0.0223,wind
KS,Elk,ELK,0.0039,0.001,0.0201,0.0004,0.0201,wind
KS,Ellis,ELLIS,0.005,0.0006,0.0387,0.0157,0.0387,wind
KS,Ellsworth,ELLSWORTH,0.0078,0.0009,0.0365,0.01,0.0365,wind
KS,Finney,FINNEY,0.0065,0.0004,0.0916,0.0258,0.0916,wind
KS,Ford,FORD,0.0035,0.0008,0.0743,0.0239,0.0743,wind
KS,Franklin,FRANKLIN,0.0013,0.0009,0.0298,0.0056,0.0298,wind
KS,Geary,GEARY,0.009,0.0014,0.0355,0.0061,0.0355,wind
KS,Gove,GOVE,0.0019,0.0004,0.073,0.0215,0.073,wind
KS,Graham,GRAHAM,0.0061,0.0008,0.0619,0.0167,0.0619,wind
KS,Grant,GRANT,0.0029,0.0004,0.0431,0.0216,0.0431,wind
KS,Gray,GRAY,0.0027,0.0006,0.0576,0.0205,0.0576,wind
KS,Greeley,GREELEY,0.0031,0.0002,0.0413,0.0225,0.0413,wind
KS,Greenwood,GREENWOOD,0.0098,0.0016,0.0372,0.0062,0.0372,wind
KS,Hamilton,HAMILTON,0.0043,0.0004,0.043,0.0186,0.043,wind
KS,Harper,HARPER,0.0033,0.002,0.0448,0.0086,0.0448,wind
KS,Harvey,HARVEY,0.003,0.0013,0.0365,0.0103,0.0365,wind
KS,Haskell,HASKELL,0.0016,0.0003,0.0316,0.0194,0.0316,wind
KS,Hodgeman,HODGEMAN,0.0043,0.0006,0.0522,0.0201,0.0522,wind
KS,Jackson,JACKSON,0.0035,0.0014,0.0312,0.0048,0.0312,wind
KS,Jefferson,JEFFERSON,0.0025,0.0025,0.0317,0.0041,0.0317,wind
KS,Jewell,JEWELL,0.0029,0.0007,0.0368,0.0214,0.0368,wind
KS,Johnson,JOHNSON,0.0011,0.0008,0.0403,0.0095,0.0403,wind
KS,Kearny,KEARNY,0.0019,0.0002,0.0401,0.0243,0.0401,wind
KS,Kingman,KINGMAN,0.0057,0.0019,0.0428,0.0115,0.0428,wind
KS,Kiowa,KIOWA,0.0043,0.0008,0.0299,0.0161,0.0299,wind
KS,Labette,LABETTE,0.0009,0.0019,0.0359,0.0025,0.0359,wind
KS,Lane,LANE,0.002,0.0002,0.0366,0.0242,0.0366,wind
KS,Leavenworth,LEAVENWORTH,0.0046,0.0012,0.0463,0.0051,0.0463,wind
KS,Lincoln,LINCOLN,0.0027,0.0009,0.0375,0.0101,0.0375,wind
KS,Linn,LINN,0.0192,0.0014,0.0242,0.0046,0.0242,wind
KS,Logan,LOGAN,0.0019,0.0003,0.0653,0.0318,0.0653,wind
KS,Lyon,LYON,0.0124,0.0012,0.0325,0.0069,0.0325,wind
KS,Marion,MARION,0.0035,0.0009,0.0337,0.0084,0.0337,wind
KS,Marshall,MARSHALL,0.0028,0.001,0.0346,0.0079,0.0346,wind
KS,Mcpherson,MCPHERSON,0.0034,0.001,0.0462,0.0142,0.0462,wind
KS,Meade,MEADE,0.0042,0.0004,0.0322,0.0182,0.0322,wind
KS,Miami,MIAMI,0.0015,0.0004,0.0185,0.0066,0.0185,wind
KS,Mitchell,MITCHELL,0.0015,0.0011,0.0328,0.0156,0.0328,wind
KS,Montgomery,MONTGOMERY,0.004,0.0021,0.0448,0.0037,0.0448,wind
KS,Morris,MORRIS,0.0068,0.0006,0.0226,0.0054,0.0226,wind
KS,Morton,MORTON,0.0098,0.0004,0.0427,0.0203,0.0427,wind
KS,Nemaha,NEMAHA,0.0019,0.0007,0.0242,0.0078,0.0242,wind
KS,Neosho,NEOSHO,0.0012,0.0016,0.0264,0.0034,0.0264,wind
KS,Ness,NESS,0.0026,0.0004,0.036,0.0199,0.036,wind
KS,Norton,NORTON,0.0027,0.0006,0.0454,0.0206,0.0454,wind
KS,Osage,OSAGE,0.0036,0.0008,0.0296,0.0057,0.0296,wind
KS,Osborne,OSBORNE,0.0027,0.0009,0.0318,0.0154,0.0318,wind
KS,Ottawa,OTTAWA,0.0031,0.0006,0.0313,0.0089,0.0313,wind
KS,Pawnee,PAWNEE,0.0011,0.0004,0.0384,0.0157,0.0384,wind
KS,Phillips,PHILLIPS,0.0052,0.0012,0.0307,0.0272,0.0307,wind
KS,Pottawatomie,POTTAWATOMIE,0.0097,0.0016,0.0369,0.0063,0.0369,wind
KS,Pratt,PRATT,0.0025,0.0012,0.0307,0.0135,0.0307,wind
KS,Rawlins,RAWLINS,0.005,0.0002,0.0761,0.0344,0.0761,wind
KS,Reno,RENO,0.0119,0.0025,0.0529,0.0151,0.0529,wind
KS,Republic,REPUBLIC,0.0011,0.0009,0.0276,0.0139,0.0276,wind
KS,Rice,RICE,0.0027,0.0013,0.0393,0.0125,0.0393,wind
KS,Riley,RILEY,0.0208,0.0018,0.0335,0.0059,0.0335,wind
KS,Rooks,ROOKS,0.0059,0.0008,0.0321,0.018,0.0321,wind
KS,Rush,RUSH,0.0013,0.0005,0.0303,0.0128,0.0303,wind
KS,Russell,RUSSELL,0.0057,0.0009,0.0511,0.0114,0.0511,wind
KS,Saline,SALINE,0.0058,0.001,0.0403,0.0087,0.0403,wind
KS,Scott,SCOTT,0.0016,0.0003,0.0604,0.0268,0.0604,wind
KS,Sedgwick,SEDGWICK,0.0025,0.005,0.0904,0.0121,0.0904,wind
KS,Seward,SEWARD,0.0071,0.0007,0.0379,0.0216,0.0379,wind
KS,Shawnee,SHAWNEE,0.002,0.002,0.0455,0.0045,0.0455,wind
KS,Sheridan,SHERIDAN,0.0022,0.0004,0.0443,0.0226,0.0443,wind
KS,Sherman,SHERMAN,0.0024,0.0003,0.1162,0.0506,0.1162,wind
KS,Smith,SMITH,0.0025,0.0006,0.0223,0.023,0.023,winter
KS,Stafford,STAFFORD,0.0022,0.0004,0.0244,0.0125,0.0244,wind
KS,Stanton,STANTON,0.0028,0.0004,0.0478,0.0194,0.0478,wind
KS,Stevens,STEVENS,0.0024,0.0005,0.0321,0.0204,0.0321,wind
KS,Sumner,SUMNER,0.002,0.0026,0.0506,0.0078,0.0506,wind
KS,Thomas,THOMAS,0.0011,0.0002,0.0721,0.0358,0.0721,wind
KS,Trego,TREGO,0.0028,0.0003,0.0306,0.0176,0.0306,wind
KS,Wabaunsee,WABAUNSEE,0.0052,0.0011,0.0344,0.0052,0.0344,wind
KS,Wallace,WALLACE,0.0029,0.0002,0.0619,0.0406,0.0619,wind
KS,Washington,WASHINGTON,0.0015,0.0008,0.0229,0.0115,0.0229,wind
KS,Wichita,WICHITA,0.0019,0.0002,0.0294,0.0223,0.0294,wind
KS,Wilson,WILSON,0.0024,0.002,0.0277,0.005,0.0277,wind
KS,Woodson,WOODSON,0.0031,0.0012,0.0235,0.0045,0.0235,wind
KS,Wyandotte,WYANDOTTE,0.0005,0.002,0.0224,0.006,0.0224,wind
KY,Adair,ADAIR,0.002,0.0009,0.0189,0.0006,0.0189,wind
KY,Allen,ALLEN,0.0007,0.0012,0.0196,0.0008,0.0196,wind
KY,Anderson,ANDERSON,0.0015,0.0012,0.0227,0.0011,0.0227,wind
KY,Ballard,BALLARD,0.0019,0.0023,0.0364,0.18,0.18,winter
KY,Barren,BARREN,0.001,0.0012,0.0358,0.0005,0.0358,wind
KY,Bath,BATH,0.0015,0.0021,0.0273,0.0347,0.0347,winter
KY,Bell,BELL,0.0198,0.0014,0.023,0.0528,0.0528,winter
KY,Boone,BOONE,0.0009,0.0013,0.0382,0.0073,0.0382,wind
KY,Bourbon,BOURBON,0.0003,0.0009,0.0204,0.0015,0.0204,wind
KY,Boyd,BOYD,0.0022,0.0062,0.0075,0.0383,0.0383,winter
KY,Boyle,BOYLE,0.0015,0.0013,0.0203,0.001,0.0203,wind
KY,Bracken,BRACKEN,0.0012,0.0007,0.0198,0.0025,0.0198,wind
KY,Breathitt,BREATHITT,0.0171,0.0015,0.0276,0.0467,0.0467,winter
KY,Breckinridge,BRECKINRIDGE,0.0045,0.0016,0.0273,0.0026,0.0273,wind
KY,Bullitt,BULLITT,0.0024,0.0017,0.0263,0.0015,0.0263,wind
KY,Butler,BUTLER,0.003,0.0014,0.0215,0.0009,0.0215,wind
KY,Caldwell,CALDWELL,0.0024,0.0013,0.023,0.2014,0.2014,winter
KY,Calloway,CALLOWAY,0.0034,0.0031,0.0375,0.1674,0.1674,winter
KY,Campbell,CAMPBELL,0.0003,0.0015,0.0264,0.0035,0.0264,wind
KY,Carlisle,CARLISLE,0.0016,0.0025,0.0346,0.1714,0.1714,winter
KY,Carroll,CARROLL,0.001,0.0011,0.0181,0.0032,0.0181,wind
KY,Carter,CARTER,0.005,0.0031,0.0066,0.0462,0.0462,winter
KY,Casey,CASEY,0.0011,0.0012,0.0275,0.001,0.0275,wind
KY,Christian,CHRISTIAN,0.0034,0.0021,0.0448,0.1823,0.1823,winter
KY,Clark,CLARK,0.0002,0.0006,0.021,0.0016,0.021,wind
KY,Clay,CLAY,0.0317,0.0012,0.0226,0.0387,0.0387,winter
KY,Clinton,CLINTON,0.0018,0.0011,0.0163,0.001,0.0163,wind
KY,Crittenden,CRITTENDEN,0.0028,0.0014,0.0233,0.2061,0.2061,winter
KY,Cumberland,CUMBERLAND,0.0055,0.001,0.0144,0.0006,0.0144,wind
KY,Daviess,DAVIESS,0.0009,0.0046,0.0402,0.1985,0.1985,winter
KY,Edmonson,EDMONSON,0.0018,0.0013,0.0238,0.0006,0.0238,wind
KY,Elliott,ELLIOTT,0.0023,0.0016,0.0119,0.0441,0.0441,winter
KY,Estill,ESTILL,0.0088,0.0019,0.032,0.0341,0.0341,winter
KY,Fayette,FAYETTE,0.0002,0.0014,0.0411,0.0012,0.0411,wind
KY,Fleming,FLEMING,0.001,0.0009,0.0151,0.0294,0.0294,winter
KY,Floyd,FLOYD,0.0057,0.0031,0.0148,0.0488,0.0488,winter
KY,Franklin,FRANKLIN,0.0018,0.0023,0.0332,0.0013,0.0332,wind
KY,Fulton,FULTON,0.0011,0.0014,0.0278,0.1819,0.1819,winter
KY,Gallatin,GALLATIN,0.0018,0.0013,0.0229,0.0082,0.0229,wind
KY,Garrard,GARRARD,0.001,0.0013,0.027,0.0009,0.027,wind
KY,Grant,GRANT,0.0007,0.0008,0.0288,0.0043,0.0288,wind
KY,Graves,GRAVES,0.0021,0.0021,0.0446,0.1806,0.1806,winter
KY,Grayson,GRAYSON,0.0018,0.0017,0.0241,0.0013,0.0241,wind
KY,Green,GREEN,0.0006,0.0004,0.017,0.0006,0.017,wind
KY,Greenup,GREENUP,0.0058,0.0082,0.0181,0.0359,0.0359,winter
KY,Hancock,HANCOCK,0.0009,0.0017,0.0218,0.0043,0.0218,wind
KY,Hardin,HARDIN,0.0021,0.0021,0.0415,0.0022,0.0415,wind
KY,Harlan,HARLAN,0.0184,0.0015,0.0141,0.061,0.061,winter
KY,Harrison,HARRISON,0.0004,0.0009,0.0155,0.0013,0.0155,wind
KY,Hart,HART,0.0034,0.0015,0.0229,0.0009,0.0229,wind
KY,Henderson,HENDERSON,0.0015,0.0029,0.0431,0.1912,0.1912,winter
KY,Henry,HENRY,0.0008,0.0012,0.0221,0.0014,0.0221,wind
KY,Hickman,HICKMAN,0.0017,0.0011,0.0242,0.1707,0.1707,winter
KY,Hopkins,HOPKINS,0.0046,0.0027,0.0332,0.1842,0.1842,winter
KY,Jackson,JACKSON,0.0035,0.0012,0.0243,0.0415,0.0415,winter
KY,Jefferson,JEFFERSON,0.0006,0.0074,0.053,0.002,0.053,wind
KY,Jessamine,JESSAMINE,0.0007,0.0012,0.0201,0.001,0.0201,wind
KY,Johnson,JOHNSON,0.0046,0.0022,0.0155,0.039,0.039,winter
KY,Kenton,KENTON,0.0005,0.0014,0.0305,0.0035,0.0305,wind
KY,Knott,KNOTT,0.0098,0.0011,0.0133,0.0397,0.0397,winter
KY,Knox,KNOX,0.0116,0.0012,0.0193,0.0353,0.0353,winter
KY,Larue,LARUE,0.0009,0.0007,0.0312,0.0009,0.0312,wind
KY,Laurel,LAUREL,0.0097,0.0011,0.0335,0.039,0.039,winter
KY,Lawrence,LAWRENCE,0.0071,0.0033,0.0063,0.0401,0.0401,winter
KY,Lee,LEE,0.0067,0.0011,0.0153,0.0001,0.0153,wind
KY,Leslie,LESLIE,0.0225,0.0013,0.0174,0.0435,0.0435,winter
KY,Letcher,LETCHER,0.0107,0.0015,0.0145,0.0476,0.0476,winter
KY,Lewis,LEWIS,0.0028,0.0011,0.0145,0.0094,0.0145,wind
KY,Lincoln,LINCOLN,0.0009,0.0012,0.0352,0.0009,0.0352,wind
KY,Livingston,LIVINGSTON,0.0017,0.004,0.0339,0.201,0.201,winter
KY,Logan,LOGAN,0.0015,0.0021,0.0345,0.0008,0.0345,wind
KY,Lyon,LYON,0.0055,0.0024,0.0207,0.2079,0.2079,winter
KY,Madison,MADISON,0.0018,0.0017,0.0301,0.0013,0.0301,wind
KY,Magoffin,MAGOFFIN,0.0151,0.0014,0.0229,0.0374,0.0374,winter
KY,Marion,MARION,0.0012,0.001,0.0252,0.0007,0.0252,wind
KY,Marshall,MARSHALL,0.0032,0.0025,0.0347,0.1894,0.1894,winter
KY,Martin,MARTIN,0.0107,0.0015,0.0166,0.0536,0.0536,winter
KY,Mason,MASON,0.0003,0.0016,0.0302,0.0056,0.0302,wind
KY,Mccracken,MCCRACKEN,0.0023,0.0028,0.0452,0.1947,0.1947,winter
KY,Mccreary,MCCREARY,0.0181,0.0012,0.0208,0.0451,0.0451,winter
KY,Mclean,MCLEAN,0.0023,0.0031,0.0221,0.1843,0.1843,winter
KY,Meade,MEADE,0.0015,0.0016,0.0248,0.0012,0.0248,wind
KY,Menifee,MENIFEE,0.0029,0.0016,0.0191,0.04,0.04,winter
KY,Mercer,MERCER,0.0006,0.0005,0.0162,0.0014,0.0162,wind
KY,Metcalfe,METCALFE,0.0017,0.0011,0.0202,0.0005,0.0202,wind
KY,Monroe,MONROE,0.0012,0.0009,0.0187,0.0005,0.0187,wind
KY,Montgomery,MONTGOMERY,0.0008,0.0013,0.0254,0.0258,0.0258,winter
KY,Morgan,MORGAN,0.0058,0.0017,0.0245,0.0386,0.0386,winter
KY,Muhlenberg,MUHLENBERG,0.0057,0.0033,0.0354,0.1833,0.1833,winter
KY,Nelson,NELSON,0.0017,0.0015,0.0288,0.001,0.0288,wind
KY,Nicholas,NICHOLAS,0.0006,0.0009,0.0111,0.0015,0.0111,wind
KY,Ohio,OHIO,0.0027,0.0017,0.0361,0.0018,0.0361,wind
KY,Oldham,OLDHAM,0.0013,0.0011,0.0344,0.0009,0.0344,wind
KY,Owen,OWEN,0.0013,0.001,0.0284,0.004,0.0284,wind
KY,Owsley,OWSLEY,0.0132,0.001,0.0191,0.0419,0.0419,winter
KY,Pendleton,PENDLETON,0.0006,0.0014,0.0233,0.0031,0.0233,wind
KY,Perry,PERRY,0.0109,0.0013,0.0211,0.0492,0.0492,winter
KY,Pike,PIKE,0.0167,0.0025,0.0304,0.0571,0.0571,winter
KY,Powell,POWELL,0.0084,0.0015,0.0202,0.0358,0.0358,winter
KY,Pulaski,PULASKI,0.0055,0.0012,0.036,0.0418,0.0418,winter
KY,Robertson,ROBERTSON,0.0024,0.0007,0.0203,0.0028,0.0203,wind
KY,Rockcastle,ROCKCASTLE,0.0062,0.0013,0.0219,0.0364,0.0364,winter
KY,Rowan,ROWAN,0.0103,0.0028,0.0166,0.0458,0.0458,winter
KY,Russell,RUSSELL,0.0025,0.0013,0.018,0.001,0.018,wind
KY,Scott,SCOTT,0.0006,0.001,0.0258,0.0012,0.0258,wind
KY,Shelby,SHELBY,0.0005,0.0008,0.0392,0.0014,0.0392,wind
KY,Simpson,SIMPSON,0.0003,0.0008,0.0151,0.0007,0.0151,wind
KY,Spencer,SPENCER,0.0007,0.001,0.0193,0.0011,0.0193,wind
KY,Taylor,TAYLOR,0.0012,0.0012,0.0323,0.0007,0.0323,wind
KY,Todd,TODD,0.0016,0.0026,0.0354,0.1811,0.1811,winter
KY,Trigg,TRIGG,0.0068,0.0028,0.05,0.1997,0.1997,winter
KY,Trimble,TRIMBLE,0.0005,0.001,0.0213,0.0012,0.0213,wind
KY,Union,UNION,0.0006,0.0025,0.0263,0.1946,0.1946,winter
KY,Warren,WARREN,0.0016,0.0015,0.0358,0.0006,0.0358,wind
KY,Washington,WASHINGTON,0.0026,0.0005,0.0117,0.0016,0.0117,wind
KY,Wayne,WAYNE,0.0062,0.0007,0.0224,0.0319,0.0319,winter
KY,Webster,WEBSTER,0.0016,0.0018,0.0316,0.204,0.204,winter
KY,Whitley,WHITLEY,0.0111,0.001,0.0192,0.0445,0.0445,winter
KY,Wolfe,WOLFE,0.0056,0.0008,0.024,0.0432,0.0432,winter
KY,Woodford,WOODFORD,0.0003,0.001,0.0157,0.0009,0.0157,wind
LA,Acadia,ACADIA,0.0013,0.0157,0.0356,0.0007,0.0356,wind
LA,Allen,ALLEN,0.0123,0.0087,0.0358,0.0006,0.0358,wind
LA,Ascension,ASCENSION,0.002,0.0074,0.0165,0.0003,0.0165,wind
LA,Assumption,ASSUMPTION,0.0039,0.0057,0.0087,0.0006,0.0087,wind
LA,Avoyelles,AVOYELLES,0.0011,0.0053,0.0264,0.0011,0.0264,wind
LA,Beauregard,BEAUREGARD,0.0103,0.0154,0.0394,0.0013,0.0394,wind
LA,Bienville,BIENVILLE,0.0107,0.0054,0.0432,0.0004,0.0432,wind
LA,Bossier,BOSSIER,0.0103,0.0103,0.0567,0.0005,0.0567,wind
LA,Caddo,CADDO,0.0132,0.0148,0.0878,0.0007,0.0878,wind
LA,Calcasieu,CALCASIEU,0.0044,0.0388,0.0592,0.0013,0.0592,wind
LA,Caldwell,CALDWELL,0.0079,0.007,0.0304,0.0004,0.0304,wind
LA,Cameron,CAMERON,0.0353,0.0083,0.0355,0.0006,0.0355,wind
LA,Catahoula,CATAHOULA,0.0025,0.0063,0.0402,0.0003,0.0402,wind
LA,Claiborne,CLAIBORNE,0.0082,0.0091,0.0421,0.0006,0.0421,wind
LA,Concordia,CONCORDIA,0.0035,0.0074,0.0284,0.0003,0.0284,wind
LA,De Soto,DE SOTO,0.0107,0.0048,0.0538,0.0005,0.0538,wind
LA,East Baton Rouge,EAST BATON ROUGE,0.0017,0.0082,0.0245,0.001,0.0245,wind
LA,East Carroll,EAST CARROLL,0.0006,0.0113,0.0382,0.0003,0.0382,wind
LA,East Feliciana,EAST FELICIANA,0.0049,0.0044,0.0163,0.0006,0.0163,wind
LA,Evangeline,EVANGELINE,0.0027,0.0113,0.0278,0.0008,0.0278,wind
LA,Franklin,FRANKLIN,0.0031,0.0102,0.0376,0.0002,0.0376,wind
LA,Grant,GRANT,0.0287,0.0046,0.0339,0.0007,0.0339,wind
LA,Iberia,IBERIA,0.0022,0.0133,0.0226,0.0008,0.0226,wind
LA,Iberville,IBERVILLE,0.0059,0.0035,0.0101,0.0003,0.0101,wind
LA,Jackson,JACKSON,0.0063,0.006,0.0208,0.0005,0.0208,wind
LA,Jefferson,JEFFERSON,0.0005,0.0051,0.0375,0.0013,0.0375,wind
LA,Jefferson Davis,JEFFERSON DAVIS,0.0012,0.0138,0.037,0.0008,0.037,wind
LA,Lafayette,LAFAYETTE,0.0006,0.0138,0.0233,0.0006,0.0233,wind
LA,Lafourche,LAFOURCHE,0.0021,0.0055,0.0248,0.0006,0.0248,wind
LA,Lasalle,LASALLE,0.012,0.0042,0.0,0.0,0.012,fire
LA,Lincoln,LINCOLN,0.0071,0.0103,0.0429,0.001,0.0429,wind
LA,Livingston,LIVINGSTON,0.002,0.0049,0.0239,0.0005,0.0239,wind
LA,Madison,MADISON,0.0027,0.0084,0.0317,0.0007,0.0317,wind
LA,Morehouse,MOREHOUSE,0.004,0.0136,0.042,0.0005,0.042,wind
LA,Natchitoches,NATCHITOCHES,0.0442,0.0066,0.0477,0.0008,0.0477,wind
LA,Orleans,ORLEANS,0.0029,0.005,0.0215,0.0007,0.0215,wind
LA,Ouachita,OUACHITA,0.007,0.0174,0.0433,0.0007,0.0433,wind
LA,Plaquemines,PLAQUEMINES,0.0024,0.003,0.0175,0.0004,0.0175,wind
LA,Pointe Coupee,POINTE COUPEE,0.0021,0.0057,0.0008,0.0014,0.0057,flood
LA,Rapides,RAPIDES,0.0386,0.0073,0.0543,0.0014,0.0543,wind
LA,Red River,RED RIVER,0.0106,0.0045,0.0305,0.0005,0.0305,wind
LA,Richland,RICHLAND,0.0019,0.014,0.0387,0.0004,0.0387,wind
LA,Sabine,SABINE,0.01,0.0043,0.038,0.0008,0.038,wind
LA,St. Bernard,ST. BERNARD,0.0028,0.0023,0.0106,0.0008,0.0106,wind
LA,St. Charles,ST. CHARLES,0.0032,0.0056,0.0296,0.0002,0.0296,wind
LA,St. Helena,ST. HELENA,0.0051,0.004,0.0161,0.0004,0.0161,wind
LA,St. James,ST. JAMES,0.0029,0.0048,0.0099,0.0007,0.0099,wind
LA,St. John The Baptist,ST. JOHN THE BAPTIST,0.0028,0.0041,0.0144,0.0006,0.0144,wind
LA,St. Landry,ST. LANDRY,0.0016,0.0104,0.0331,0.0008,0.0331,wind
LA,St. Martin,ST. MARTIN,0.0061,0.0059,0.0118,0.0008,0.0118,wind
LA,St. Mary,ST. MARY,0.0026,0.0085,0.0111,0.0004,0.0111,wind
LA,St. Tammany,ST. TAMMANY,0.0058,0.0064,0.0346,0.0004,0.0346,wind
LA,Tangipahoa,TANGIPAHOA,0.005,0.0055,0.0283,0.0004,0.0283,wind
LA,Tensas,TENSAS,0.0025,0.0071,0.0308,0.0002,0.0308,wind
LA,Terrebonne,TERREBONNE,0.0043,0.009,0.0302,0.0004,0.0302,wind
LA,Union,UNION,0.0102,0.0095,0.0523,0.001,0.0523,wind
LA,Vermilion,VERMILION,0.0017,0.0115,0.029,0.0006,0.029,wind
LA,Vernon,VERNON,0.0842,0.0092,0.0436,0.001,0.0842,fire
LA,Washington,WASHINGTON,0.0066,0.0055,0.0256,0.0002,0.0256,wind
LA,Webster,WEBSTER,0.0093,0.0099,0.0577,0.0005,0.0577,wind
LA,West Baton Rouge,WEST BATON ROUGE,0.0012,0.0048,0.008,0.0011,0.008,wind
LA,West Carroll,WEST CARROLL,0.0013,0.0088,0.0298,0.0006,0.0298,wind
LA,West Feliciana,WEST FELICIANA,0.003,0.0035,0.0079,0.0019,0.0079,wind
LA,Winn,WINN,0.0157,0.0055,0.0485,0.0005,0.0485,wind
MA,Barnstable,BARNSTABLE,0.0007,0.0143,0.0997,0.0046,0.0997,wind
MA,Berkshire,BERKSHIRE,0.0015,0.0082,0.0754,0.0764,0.0764,winter
MA,Bristol,BRISTOL,0.0002,0.0271,0.0861,0.0066,0.0861,wind
MA,Dukes,DUKES,0.0002,0.0067,0.0339,0.0016,0.0339,wind
MA,Essex,ESSEX,0.0002,0.0518,0.0688,0.0116,0.0688,wind
MA,Franklin,FRANKLIN,0.0013,0.0152,0.0629,0.0241,0.0629,wind
MA,Hampden,HAMPDEN,0.0015,0.0207,0.0755,0.0197,0.0755,wind
MA,Hampshire,HAMPSHIRE,0.0007,0.0134,0.0651,0.0216,0.0651,wind
MA,Middlesex,MIDDLESEX,0.0004,0.0265,0.0883,0.0124,0.0883,wind
MA,Nantucket,NANTUCKET,0.0005,0.0097,0.057,0.0033,0.057,wind
MA,Norfolk,NORFOLK,0.0008,0.0182,0.1121,0.015,0.1121,wind
MA,Plymouth,PLYMOUTH,0.0004,0.0274,0.0901,0.0053,0.0901,wind
MA,Suffolk,SUFFOLK,0.0006,0.0178,0.0629,0.0107,0.0629,wind
MA,Worcester,WORCESTER,0.0022,0.0242,0.0956,0.0221,0.0956,wind
MD,Allegany,ALLEGANY,0.0029,0.0019,0.0282,0.1816,0.1816,winter
MD,Anne Arundel,ANNE ARUNDEL,0.0003,0.0053,0.0355,0.0591,0.0591,winter
MD,Baltimore,BALTIMORE,0.0006,0.0078,0.0407,0.0864,0.0864,winter
MD,Baltimore City,BALTIMORE CITY,0.0002,0.0002,0.0,0.0,0.0002,fire
MD,Calvert,CALVERT,0.0001,0.0039,0.0275,0.031,0.031,winter
MD,Caroline,CAROLINE,0.0005,0.0044,0.0241,0.005,0.0241,wind
MD,Carroll,CARROLL,0.0004,0.0022,0.0277,0.0991,0.0991,winter
MD,Cecil,CECIL,0.001,0.0078,0.0357,0.0047,0.0357,wind
MD,Charles,CHARLES,0.0002,0.0022,0.0266,0.0498,0.0498,winter
MD,Dorchester,DORCHESTER,0.0025,0.0045,0.0193,0.0032,0.0193,wind
MD,Frederick,FREDERICK,0.0006,0.0039,0.0395,0.1201,0.1201,winter
MD,Garrett,GARRETT,0.002,0.0023,0.0268,0.0545,0.0545,winter
MD,Harford,HARFORD,0.0007,0.007,0.0339,0.0677,0.0677,winter
MD,Howard,HOWARD,0.0004,0.0046,0.0266,0.1,0.1,winter
MD,Kent,KENT,0.0003,0.0032,0.0297,0.005,0.0297,wind
MD,Montgomery,MONTGOMERY,0.0005,0.0049,0.03,0.0796,0.0796,winter
MD,Prince George'S,PRINCE GEORGE'S,0.0004,0.004,0.0227,0.0001,0.0227,wind
MD,Queen Anne'S,QUEEN ANNE'S,0.0002,0.0032,0.025,0.0,0.025,wind
MD,Somerset,SOMERSET,0.0017,0.0146,0.013,0.0052,0.0146,flood
MD,St. Mary'S,ST. MARY'S,0.0001,0.0069,0.0341,0.0276,0.0341,wind
MD,Talbot,TALBOT,0.0003,0.0057,0.026,0.0087,0.026,wind
MD,Washington,WASHINGTON,0.001,0.002,0.0264,0.1244,0.1244,winter
MD,Wicomico,WICOMICO,0.001,0.0045,0.0177,0.0033,0.0177,wind
MD,Worcester,WORCESTER,0.0013,0.0084,0.0232,0.0042,0.0232,wind
ME,Androscoggin,ANDROSCOGGIN,0.0005,0.0119,0.0519,0.0266,0.0519,wind
ME,Aroostook,AROOSTOOK,0.0059,0.0041,0.096,0.0638,0.096,wind
ME,Cumberland,CUMBERLAND,0.0005,0.0228,0.0626,0.0261,0.0626,wind
ME,Franklin,FRANKLIN,0.0021,0.0154,0.0439,0.0432,0.0439,wind
ME,Hancock,HANCOCK,0.0017,0.0055,0.1149,0.033,0.1149,wind
ME,Kennebec,KENNEBEC,0.0005,0.0132,0.0389,0.0288,0.0389,wind
ME,Knox,KNOX,0.0002,0.0148,0.0333,0.023,0.0333,wind
ME,Lincoln,LINCOLN,0.0005,0.0132,0.0467,0.0233,0.0467,wind
ME,Oxford,OXFORD,0.0045,0.0182,0.058,0.0428,0.058,wind
ME,Penobscot,PENOBSCOT,0.0073,0.0069,0.112,0.0466,0.112,wind
ME,Piscataquis,PISCATAQUIS,0.003,0.0037,0.0784,0.049,0.0784,wind
ME,Sagadahoc,SAGADAHOC,0.0003,0.0113,0.0382,0.0235,0.0382,wind
ME,Somerset,SOMERSET,0.0025,0.0134,0.0633,0.0534,0.0633,wind
ME,Waldo,WALDO,0.0027,0.0118,0.0352,0.0322,0.0352,wind
ME,Washington,WASHINGTON,0.0044,0.004,0.1219,0.0389,0.1219,wind
ME,York,YORK,0.0008,0.0247,0.0578,0.0244,0.0578,wind
MI,Alcona,ALCONA,0.0109,0.0062,0.0194,0.0067,0.0194,wind
MI,Alger,ALGER,0.0022,0.0096,0.0387,0.084,0.084,winter
MI,Allegan,ALLEGAN,0.0009,0.0041,0.0514,0.0099,0.0514,wind
MI,Alpena,ALPENA,0.0028,0.0022,0.0195,0.011,0.0195,wind
MI,Antrim,ANTRIM,0.0016,0.0018,0.0249,0.0183,0.0249,wind
MI,Arenac,ARENAC,0.0016,0.0019,0.0187,0.0041,0.0187,wind
MI,Baraga,BARAGA,0.0054,0.0052,0.0256,0.0992,0.0992,winter
MI,Barry,BARRY,0.0007,0.0016,0.0296,0.0023,0.0296,wind
MI,Bay,BAY,0.0008,0.0064,0.0228,0.0001,0.0228,wind
MI,Benzie,BENZIE,0.0023,0.0056,0.0166,0.0125,0.0166,wind
MI,Berrien,BERRIEN,0.0008,0.0027,0.0561,0.0058,0.0561,wind
MI,Branch,BRANCH,0.0005,0.0004,0.0245,0.0019,0.0245,wind
MI,Calhoun,CALHOUN,0.001,0.0022,0.0345,0.0022,0.0345,wind
MI,Cass,CASS,0.0012,0.0012,0.036,0.0053,0.036,wind
MI,Charlevoix,CHARLEVOIX,0.0011,0.0051,0.0311,0.012,0.0311,wind
MI,Cheboygan,CHEBOYGAN,0.0027,0.0015,0.0216,0.0109,0.0216,wind
MI,Chippewa,CHIPPEWA,0.0124,0.0059,0.023,0.0164,0.023,wind
MI,Clare,CLARE,0.0027,0.0021,0.0182,0.0037,0.0182,wind
MI,Clinton,CLINTON,0.0004,0.0023,0.0341,0.0032,0.0341,wind
MI,Crawford,CRAWFORD,0.0101,0.0008,0.0176,0.0123,0.0176,wind
MI,Delta,DELTA,0.0074,0.0032,0.0281,0.0459,0.0459,winter
MI,Dickinson,DICKINSON,0.0045,0.0032,0.0326,0.0515,0.0515,winter
MI,Eaton,EATON,0.0004,0.0018,0.0352,0.0031,0.0352,wind
MI,Emmet,EMMET,0.0015,0.0029,0.0396,0.0134,0.0396,wind
MI,Genesee,GENESEE,0.0011,0.0034,0.0536,0.0061,0.0536,wind
MI,Gladwin,GLADWIN,0.0041,0.0023,0.0224,0.0049,0.0224,wind
MI,Gogebic,GOGEBIC,0.0037,0.0034,0.0227,0.1264,0.1264,winter
MI,Grand Traverse,GRAND TRAVERSE,0.0028,0.0084,0.0211,0.0157,0.0211,wind
MI,Gratiot,GRATIOT,0.0003,0.0028,0.0287,0.0041,0.0287,wind
MI,Hillsdale,HILLSDALE,0.0004,0.0008,0.0237,0.0013,0.0237,wind
MI,Houghton,HOUGHTON,0.0036,0.0041,0.0594,0.1284,0.1284,winter
MI,Huron,HURON,0.0005,0.0027,0.0487,0.0064,0.0487,wind
MI,Ingham,INGHAM,0.0005,0.0015,0.0395,0.0033,0.0395,wind
MI,Ionia,IONIA,0.0006,0.0042,0.0338,0.0032,0.0338,wind
MI,Iosco,IOSCO,0.0238,0.0044,0.0142,0.0058,0.0238,fire
MI,Iron,IRON,0.0032,0.0018,0.0307,0.0573,0.0573,winter
MI,Isabella,ISABELLA,0.0012,0.0028,0.033,0.0038,0.033,wind
MI,Jackson,JACKSON,0.001,0.0012,0.0373,0.003,0.0373,wind
MI,Kalamazoo,KALAMAZOO,0.0006,0.003,0.0375,0.0033,0.0375,wind
MI,Kalkaska,KALKASKA,0.0035,0.002,0.0149,0.0162,0.0162,winter
MI,Kent,KENT,0.0009,0.0064,0.0413,0.0046,0.0413,wind
MI,Keweenaw,KEWEENAW,0.002,0.0033,0.0296,0.0771,0.0771,winter
MI,Lake,LAKE,0.0119,0.0029,0.0211,0.0053,0.0211,wind
MI,Lapeer,LAPEER,0.0008,0.0019,0.053,0.0057,0.053,wind
MI,Leelanau,LEELANAU,0.0007,0.0072,0.0293,0.016,0.0293,wind
MI,Lenawee,LENAWEE,0.0005,0.0007,0.0448,0.0036,0.0448,wind
MI,Livingston,LIVINGSTON,0.0011,0.0017,0.0421,0.0085,0.0421,wind
MI,Luce,LUCE,0.0021,0.002,0.0257,0.0539,0.0539,winter
MI,Mackinac,MACKINAC,0.0041,0.0052,0.0236,0.0089,0.0236,wind
MI,Macomb,MACOMB,0.0006,0.0032,0.0511,0.0055,0.0511,wind
MI,Manistee,MANISTEE,0.0055,0.0093,0.0324,0.0116,0.0324,wind
MI,Marquette,MARQUETTE,0.0058,0.0121,0.0511,0.1266,0.1266,winter
MI,Mason,MASON,0.0095,0.0036,0.0335,0.0084,0.0335,wind
MI,Mecosta,MECOSTA,0.0007,0.003,0.0215,0.0038,0.0215,wind
MI,Menominee,MENOMINEE,0.0046,0.007,0.0282,0.0312,0.0312,winter
MI,Midland,MIDLAND,0.0019,0.0043,0.0348,0.0068,0.0348,wind
MI,Missaukee,MISSAUKEE,0.0022,0.0014,0.0143,0.0099,0.0143,wind
MI,Monroe,MONROE,0.0004,0.0013,0.0593,0.0036,0.0593,wind
MI,Montcalm,MONTCALM,0.0008,0.0027,0.0345,0.0035,0.0345,wind
MI,Montmorency,MONTMORENCY,0.0046,0.0012,0.0153,0.0122,0.0153,wind
MI,Muskegon,MUSKEGON,0.0006,0.0044,0.0465,0.0101,0.0465,wind
MI,Newaygo,NEWAYGO,0.007,0.0045,0.0357,0.0053,0.0357,wind
MI,Oakland,OAKLAND,0.0012,0.0025,0.0486,0.0067,0.0486,wind
MI,Oceana,OCEANA,0.0044,0.0047,0.0247,0.0073,0.0247,wind
MI,Ogemaw,OGEMAW,0.0031,0.0019,0.0167,0.0055,0.0167,wind
MI,Ontonagon,ONTONAGON,0.0069,0.0019,0.0283,0.117,0.117,winter
MI,Osceola,OSCEOLA,0.0026,0.002,0.0254,0.0034,0.0254,wind
MI,Oscoda,OSCODA,0.0122,0.0017,0.0152,0.0084,0.0152,wind
MI,Otsego,OTSEGO,0.003,0.0013,0.0252,0.0162,0.0252,wind
MI,Ottawa,OTTAWA,0.0011,0.0088,0.0459,0.0114,0.0459,wind
MI,Presque Isle,PRESQUE ISLE,0.0029,0.0021,0.0158,0.0092,0.0158,wind
MI,Roscommon,ROSCOMMON,0.0051,0.0026,0.0254,0.0082,0.0254,wind
MI,Saginaw,SAGINAW,0.0009,0.0055,0.0618,0.0066,0.0618,wind
MI,Sanilac,SANILAC,0.0004,0.0031,0.0463,0.0062,0.0463,wind
MI,Schoolcraft,SCHOOLCRAFT,0.0064,0.0021,0.0279,0.0453,0.0453,winter
MI,Shiawassee,SHIAWASSEE,0.0003,0.0016,0.0453,0.0064,0.0453,wind
MI,St. Clair,ST. CLAIR,0.0007,0.0057,0.0489,0.0081,0.0489,wind
MI,St. Joseph,ST. JOSEPH,0.0004,0.0009,0.0334,0.0024,0.0334,wind
MI,Tuscola,TUSCOLA,0.0011,0.003,0.0517,0.0067,0.0517,wind
MI,Van Buren,VAN BUREN,0.0007,0.0027,0.0384,0.0049,0.0384,wind
MI,Washtenaw,WASHTENAW,0.0013,0.0017,0.0672,0.0059,0.0672,wind
MI,Wayne,WAYNE,0.0003,0.0063,0.0579,0.0052,0.0579,wind
MI,Wexford,WEXFORD,0.0108,0.003,0.0256,0.009,0.0256,wind
MN,Aitkin,AITKIN,0.0079,0.0015,0.0069,0.0217,0.0217,winter
MN,Anoka,ANOKA,0.0024,0.0022,0.0116,0.0131,0.0131,winter
MN,Becker,BECKER,0.0165,0.0007,0.0221,0.042,0.042,winter
MN,Beltrami,BELTRAMI,0.0235,0.0004,0.0097,0.0427,0.0427,winter
MN,Benton,BENTON,0.001,0.0013,0.0064,0.0189,0.0189,winter
MN,Big Stone,BIG STONE,0.0025,0.0003,0.0216,0.0265,0.0265,winter
MN,Blue Earth,BLUE EARTH,0.0016,0.0017,0.0146,0.0148,0.0148,winter
MN,Brown,BROWN,0.0023,0.0009,0.011,0.0141,0.0141,winter
MN,Carlton,CARLTON,0.0059,0.0044,0.0106,0.0338,0.0338,winter
MN,Carver,CARVER,0.0008,0.0006,0.0168,0.0105,0.0168,wind
MN,Cass,CASS,0.0274,0.0006,0.0118,0.0233,0.0274,fire
MN,Chippewa,CHIPPEWA,0.0019,0.0004,0.0163,0.022,0.022,winter
MN,Chisago,CHISAGO,0.0025,0.0012,0.0126,0.0152,0.0152,winter
MN,Clay,CLAY,0.0024,0.0008,0.0224,0.0415,0.0415,winter
MN,Clearwater,CLEARWATER,0.0241,0.0003,0.0088,0.0408,0.0408,winter
MN,Cook,COOK,0.0267,0.0009,0.0126,0.0509,0.0509,winter
MN,Cottonwood,COTTONWOOD,0.0055,0.0008,0.0183,0.0355,0.0355,winter
MN,Crow Wing,CROW WING,0.0048,0.0014,0.0101,0.0197,0.0197,winter
MN,Dakota,DAKOTA,0.0009,0.0018,0.0179,0.0141,0.0179,wind
MN,Dodge,DODGE,0.0009,0.0015,0.0146,0.0125,0.0146,wind
MN,Douglas,DOUGLAS,0.0017,0.0005,0.02,0.0174,0.02,wind
MN,Faribault,FARIBAULT,0.0008,0.001,0.0217,0.018,0.0217,wind
MN,Fillmore,FILLMORE,0.0009,0.002,0.0157,0.0077,0.0157,wind
MN,Freeborn,FREEBORN,0.0007,0.0014,0.0176,0.0137,0.0176,wind
MN,Goodhue,GOODHUE,0.0009,0.0014,0.0153,0.0135,0.0153,wind
MN,Grant,GRANT,0.0022,0.0004,0.0195,0.034,0.034,winter
MN,Hennepin,HENNEPIN,0.0006,0.0007,0.0201,0.0109,0.0201,wind
MN,Houston,HOUSTON,0.0029,0.0022,0.0125,0.0078,0.0125,wind
MN,Hubbard,HUBBARD,0.0176,0.0004,0.0103,0.0376,0.0376,winter
MN,Isanti,ISANTI,0.0018,0.001,0.0064,0.0143,0.0143,winter
MN,Itasca,ITASCA,0.0213,0.001,0.0094,0.0277,0.0277,winter
MN,Jackson,JACKSON,0.0021,0.0007,0.0205,0.0413,0.0413,winter
MN,Kanabec,KANABEC,0.0033,0.0016,0.0077,0.0166,0.0166,winter
MN,Kandiyohi,KANDIYOHI,0.0031,0.0003,0.016,0.0179,0.0179,winter
MN,Kittson,KITTSON,0.0179,0.001,0.0191,0.0446,0.0446,winter
MN,Koochiching,KOOCHICHING,0.0122,0.0015,0.0033,0.0341,0.0341,winter
MN,Lac Qui Parle,LAC QUI PARLE,0.0015,0.0002,0.0165,0.0241,0.0241,winter
MN,Lake,LAKE,0.0361,0.0007,0.0117,0.0733,0.0733,winter
MN,Lake Of The Woods,LAKE OF THE WOODS,0.0136,0.0006,0.0063,0.0386,0.0386,winter
MN,Le Sueur,LE SUEUR,0.001,0.0008,0.0095,0.0154,0.0154,winter
MN,Lincoln,LINCOLN,0.002,0.0005,0.0163,0.0373,0.0373,winter
MN,Lyon,LYON,0.0044,0.0003,0.0195,0.0386,0.0386,winter
MN,Mahnomen,MAHNOMEN,0.0178,0.0004,0.0162,0.0388,0.0388,winter
MN,Marshall,MARSHALL,0.0079,0.0006,0.0201,0.0442,0.0442,winter
MN,Martin,MARTIN,0.0014,0.001,0.0186,0.0213,0.0213,winter
MN,Mcleod,MCLEOD,0.0008,0.0007,0.0169,0.0142,0.0169,wind
MN,Meeker,MEEKER,0.0014,0.0007,0.0124,0.0127,0.0127,winter
MN,Mille Lacs,MILLE LACS,0.0029,0.0012,0.0097,0.0178,0.0178,winter
MN,Morrison,MORRISON,0.0051,0.0016,0.0148,0.018,0.018,winter
MN,Mower,MOWER,0.0033,0.0021,0.0204,0.0122,0.0204,wind
MN,Murray,MURRAY,0.002,0.0007,0.0189,0.0378,0.0378,winter
MN,Nicollet,NICOLLET,0.0014,0.0009,0.0105,0.0138,0.0138,winter
MN,Nobles,NOBLES,0.0023,0.0006,0.0258,0.0431,0.0431,winter
MN,Norman,NORMAN,0.0011,0.0003,0.0228,0.0347,0.0347,winter
MN,Olmsted,OLMSTED,0.0018,0.0013,0.0151,0.0117,0.0151,wind
MN,Otter Tail,OTTER TAIL,0.0087,0.0005,0.0294,0.0432,0.0432,winter
MN,Pennington,PENNINGTON,0.0088,0.0005,0.0094,0.0404,0.0404,winter
MN,Pine,PINE,0.009,0.0022,0.0072,0.0177,0.0177,winter
MN,Pipestone,PIPESTONE,0.0032,0.0008,0.015,0.0355,0.0355,winter
MN,Polk,POLK,0.0092,0.0006,0.0309,0.0437,0.0437,winter
MN,Pope,POPE,0.0019,0.0004,0.0117,0.0176,0.0176,winter
MN,Ramsey,RAMSEY,0.0008,0.0014,0.0137,0.0131,0.0137,wind
MN,Red Lake,RED LAKE,0.0022,0.0004,0.0102,0.0403,0.0403,winter
MN,Redwood,REDWOOD,0.0032,0.0004,0.0187,0.0169,0.0187,wind
MN,Renville,RENVILLE,0.0025,0.0013,0.0166,0.0172,0.0172,winter
MN,Rice,RICE,0.001,0.0011,0.0141,0.0134,0.0141,wind
MN,Rock,ROCK,0.001,0.0007,0.0175,0.0377,0.0377,winter
MN,Roseau,ROSEAU,0.0225,0.0005,0.0109,0.045,0.045,winter
MN,Scott,SCOTT,0.0007,0.0013,0.0113,0.0122,0.0122,winter
MN,Sherburne,SHERBURNE,0.003,0.001,0.0093,0.0123,0.0123,winter
MN,Sibley,SIBLEY,0.0015,0.0006,0.0099,0.0156,0.0156,winter
MN,St. Louis,ST. LOUIS,0.0322,0.004,0.024,0.0494,0.0494,winter
MN,Stearns,STEARNS,0.0018,0.0007,0.0121,0.0187,0.0187,winter
MN,Steele,STEELE,0.0009,0.0014,0.0191,0.0109,0.0191,wind
MN,Stevens,STEVENS,0.0017,0.0003,0.0136,0.0209,0.0209,winter
MN,Swift,SWIFT,0.0013,0.0003,0.0172,0.0207,0.0207,winter
MN,Todd,TODD,0.0047,0.0005,0.0094,0.0198,0.0198,winter
MN,Traverse,TRAVERSE,0.0016,0.0002,0.0243,0.0273,0.0273,winter
MN,Wabasha,WABASHA,0.0009,0.0014,0.0137,0.0105,0.0137,wind
MN,Wadena,WADENA,0.0098,0.0006,0.0111,0.0307,0.0307,winter
MN,Waseca,WASECA,0.0012,0.0009,0.0114,0.0143,0.0143,winter
MN,Washington,WASHINGTON,0.001,0.001,0.0157,0.0148,0.0157,wind
MN,Watonwan,WATONWAN,0.0023,0.0007,0.0099,0.0126,0.0126,winter
MN,Wilkin,WILKIN,0.0014,0.0005,0.028,0.0381,0.0381,winter
MN,Winona,WINONA,0.0016,0.0057,0.0084,0.0112,0.0112,winter
MN,Wright,WRIGHT,0.0017,0.0009,0.0144,0.0111,0.0144,wind
MN,Yellow Medicine,YELLOW MEDICINE,0.0017,0.0004,0.0198,0.0241,0.0241,winter
MO,Adair,ADAIR,0.001,0.0013,0.0228,0.0079,0.0228,wind
MO,Andrew,ANDREW,0.0014,0.0009,0.0156,0.0089,0.0156,wind
MO,Atchison,ATCHISON,0.0009,0.0006,0.02,0.0078,0.02,wind
MO,Audrain,AUDRAIN,0.0004,0.0004,0.0254,0.0057,0.0254,wind
MO,Barry,BARRY,0.0071,0.0023,0.0585,0.0017,0.0585,wind
MO,Barton,BARTON,0.0017,0.001,0.0341,0.0024,0.0341,wind
MO,Bates,BATES,0.0011,0.0005,0.0192,0.0077,0.0192,wind
MO,Benton,BENTON,0.0031,0.0015,0.0329,0.0055,0.0329,wind
MO,Bollinger,BOLLINGER,0.0064,0.0016,0.0326,0.2322,0.2322,winter
MO,Boone,BOONE,0.002,0.0016,0.0309,0.0055,0.0309,wind
MO,Buchanan,BUCHANAN,0.0013,0.0013,0.0307,0.0064,0.0307,wind
MO,Butler,BUTLER,0.0081,0.0055,0.0328,0.1829,0.1829,winter
MO,Caldwell,CALDWELL,0.0006,0.0004,0.0208,0.0064,0.0208,wind
MO,Callaway,CALLAWAY,0.0013,0.0014,0.0338,0.0038,0.0338,wind
MO,Camden,CAMDEN,0.0066,0.0027,0.0286,0.0018,0.0286,wind
MO,Cape Girardeau,CAPE GIRARDEAU,0.0017,0.0056,0.0451,0.226,0.226,winter
MO,Carroll,CARROLL,0.0003,0.0008,0.0184,0.0077,0.0184,wind
MO,Carter,CARTER,0.0226,0.0032,0.0179,0.2195,0.2195,winter
MO,Cass,CASS,0.0004,0.0006,0.034,0.0115,0.034,wind
MO,Cedar,CEDAR,0.0055,0.0026,0.0266,0.0027,0.0266,wind
MO,Chariton,CHARITON,0.001,0.0005,0.0155,0.0078,0.0155,wind
MO,Christian,CHRISTIAN,0.0077,0.0033,0.0519,0.0014,0.0519,wind
MO,Clark,CLARK,0.0013,0.0015,0.022,0.0155,0.022,wind
MO,Clay,CLAY,0.0006,0.0007,0.0452,0.006,0.0452,wind
MO,Clinton,CLINTON,0.0007,0.0005,0.0277,0.0075,0.0277,wind
MO,Cole,COLE,0.001,0.0014,0.0242,0.0034,0.0242,wind
MO,Cooper,COOPER,0.0007,0.0009,0.0277,0.0052,0.0277,wind
MO,Crawford,CRAWFORD,0.0138,0.0024,0.0265,0.0019,0.0265,wind
MO,Dade,DADE,0.0017,0.0013,0.0383,0.002,0.0383,wind
MO,Dallas,DALLAS,0.0046,0.0021,0.0253,0.0015,0.0253,wind
MO,Daviess,DAVIESS,0.0005,0.0005,0.0269,0.0108,0.0269,wind
MO,Dekalb,DEKALB,0.0012,0.0004,0.0,0.0,0.0012,fire
MO,Dent,DENT,0.0128,0.0019,0.0238,0.0032,0.0238,wind
MO,Douglas,DOUGLAS,0.0086,0.0036,0.0474,0.0007,0.0474,wind
MO,Dunklin,DUNKLIN,0.0011,0.0017,0.0318,0.004,0.0318,wind
MO,Franklin,FRANKLIN,0.0021,0.0016,0.0423,0.0043,0.0423,wind
MO,Gasconade,GASCONADE,0.0025,0.0012,0.0279,0.0038,0.0279,wind
MO,Gentry,GENTRY,0.0004,0.0005,0.0125,0.0122,0.0125,wind
MO,Greene,GREENE,0.0017,0.0036,0.0886,0.0029,0.0886,wind
MO,Grundy,GRUNDY,0.0008,0.0007,0.0196,0.0097,0.0196,wind
MO,Harrison,HARRISON,0.0004,0.0003,0.0155,0.0138,0.0155,wind
MO,Henry,HENRY,0.0013,0.0011,0.0197,0.0125,0.0197,wind
MO,Hickory,HICKORY,0.0075,0.0016,0.0241,0.0021,0.0241,wind
MO,Holt,HOLT,0.0013,0.0009,0.0138,0.0065,0.0138,wind
MO,Howard,HOWARD,0.0009,0.0012,0.0115,0.0062,0.0115,wind
MO,Howell,HOWELL,0.0116,0.0046,0.0572,0.0012,0.0572,wind
MO,Iron,IRON,0.0105,0.0012,0.0328,0.0021,0.0328,wind
MO,Jackson,JACKSON,0.0005,0.0014,0.0571,0.0072,0.0571,wind
MO,Jasper,JASPER,0.0017,0.0021,0.0608,0.0027,0.0608,wind
MO,Jefferson,JEFFERSON,0.0007,0.0017,0.0438,0.0032,0.0438,wind
MO,Johnson,JOHNSON,0.0008,0.0012,0.0416,0.0091,0.0416,wind
MO,Knox,KNOX,0.0004,0.0005,0.0161,0.004,0.0161,wind
MO,Laclede,LACLEDE,0.0107,0.0029,0.0375,0.0015,0.0375,wind
MO,Lafayette,LAFAYETTE,0.0005,0.0006,0.0396,0.0071,0.0396,wind
MO,Lawrence,LAWRENCE,0.0013,0.0017,0.0484,0.0017,0.0484,wind
MO,Lewis,LEWIS,0.0008,0.0006,0.0176,0.0038,0.0176,wind
MO,Lincoln,LINCOLN,0.0014,0.002,0.0325,0.0038,0.0325,wind
MO,Linn,LINN,0.0009,0.0005,0.0211,0.0076,0.0211,wind
MO,Livingston,LIVINGSTON,0.0007,0.0007,0.0228,0.009,0.0228,wind
MO,Macon,MACON,0.0012,0.0004,0.025,0.0054,0.025,wind
MO,Madison,MADISON,0.0117,0.0015,0.0229,0.0041,0.0229,wind
MO,Maries,MARIES,0.0028,0.0019,0.0216,0.0036,0.0216,wind
MO,Marion,MARION,0.0011,0.0006,0.0203,0.0057,0.0203,wind
MO,Mcdonald,MCDONALD,0.0081,0.0043,0.0525,0.0013,0.0525,wind
MO,Mercer,MERCER,0.001,0.0006,0.0129,0.0126,0.0129,wind
MO,Miller,MILLER,0.0034,0.0027,0.0275,0.0024,0.0275,wind
MO,Mississippi,MISSISSIPPI,0.0005,0.0014,0.0377,0.1552,0.1552,winter
MO,Moniteau,MONITEAU,0.0007,0.0004,0.0365,0.003,0.0365,wind
MO,Monroe,MONROE,0.001,0.0005,0.0275,0.0055,0.0275,wind
MO,Montgomery,MONTGOMERY,0.0007,0.0014,0.0251,0.0037,0.0251,wind
MO,Morgan,MORGAN,0.0042,0.0016,0.0298,0.0033,0.0298,wind
MO,New Madrid,NEW MADRID,0.0003,0.0018,0.0311,0.1792,0.1792,winter
MO,Newton,NEWTON,0.0047,0.0031,0.0595,0.001,0.0595,wind
MO,Nodaway,NODAWAY,0.0005,0.0007,0.0223,0.009,0.0223,wind
MO,Oregon,OREGON,0.0105,0.004,0.0323,0.0013,0.0323,wind
MO,Osage,OSAGE,0.0012,0.001,0.0142,0.0039,0.0142,wind
MO,Ozark,OZARK,0.0219,0.0032,0.059,0.0009,0.059,wind
MO,Pemiscot,PEMISCOT,0.0014,0.0005,0.0202,0.0032,0.0202,wind
MO,Perry,PERRY,0.0026,0.0009,0.0318,0.2319,0.2319,winter
MO,Pettis,PETTIS,0.0004,0.0006,0.0388,0.0049,0.0388,wind
MO,Phelps,PHELPS,0.0117,0.0029,0.0231,0.0017,0.0231,wind
MO,Pike,PIKE,0.0011,0.001,0.0435,0.0041,0.0435,wind
MO,Platte,PLATTE,0.0014,0.0013,0.0361,0.0068,0.0361,wind
MO,Polk,POLK,0.003,0.002,0.0552,0.0024,0.0552,wind
MO,Pulaski,PULASKI,0.0135,0.0029,0.028,0.0013,0.028,wind
MO,Putnam,PUTNAM,0.0005,0.0006,0.013,0.0145,0.0145,winter
MO,Ralls,RALLS,0.0009,0.001,0.0241,0.0058,0.0241,wind
MO,Randolph,RANDOLPH,0.0011,0.0006,0.019,0.0054,0.019,wind
MO,Ray,RAY,0.0006,0.0007,0.026,0.0003,0.026,wind
MO,Reynolds,REYNOLDS,0.0244,0.0016,0.0205,0.0031,0.0244,fire
MO,Ripley,RIPLEY,0.0142,0.0049,0.0232,0.214,0.214,winter
MO,Saline,SALINE,0.0004,0.0005,0.0166,0.0084,0.0166,wind
MO,Schuyler,SCHUYLER,0.0003,0.0003,0.0056,0.0122,0.0122,winter
MO,Scotland,SCOTLAND,0.0004,0.0008,0.0182,0.0161,0.0182,wind
MO,Scott,SCOTT,0.0009,0.0037,0.0465,0.1774,0.1774,winter
MO,Shannon,SHANNON,0.0344,0.0028,0.0263,0.0033,0.0344,fire
MO,Shelby,SHELBY,0.0004,0.0006,0.0235,0.0053,0.0235,wind
MO,St. Charles,ST. CHARLES,0.0009,0.0022,0.0497,0.0052,0.0497,wind
MO,St. Clair,ST. CLAIR,0.0037,0.0017,0.0242,0.0069,0.0242,wind
MO,St. Francois,ST. FRANCOIS,0.0043,0.0014,0.0309,0.0026,0.0309,wind
MO,St. Louis,ST. LOUIS,0.0004,0.0017,0.0519,0.0049,0.0519,wind
MO,St. Louis City,ST. LOUIS CITY,0.0005,0.0001,0.0,0.0,0.0005,fire
MO,Ste. Genevieve,STE. GENEVIEVE,0.0037,0.001,0.0196,0.0023,0.0196,wind
MO,Stoddard,STODDARD,0.001,0.0029,0.0345,0.1758,0.1758,winter
MO,Stone,STONE,0.0069,0.0052,0.0325,0.0015,0.0325,wind
MO,Sullivan,SULLIVAN,0.0008,0.0007,0.0161,0.0102,0.0161,wind
MO,Taney,TANEY,0.0303,0.0049,0.0429,0.0014,0.0429,wind
MO,Texas,TEXAS,0.0097,0.0039,0.0358,0.0014,0.0358,wind
MO,Vernon,VERNON,0.0021,0.0015,0.0315,0.005,0.0315,wind
MO,Warren,WARREN,0.0019,0.0016,0.0248,0.0036,0.0248,wind
MO,Washington,WASHINGTON,0.028,0.001,0.0344,0.0014,0.0344,wind
MO,Wayne,WAYNE,0.0205,0.0034,0.0219,0.234,0.234,winter
MO,Webster,WEBSTER,0.0044,0.0033,0.0583,0.0017,0.0583,wind
MO,Worth,WORTH,0.001,0.0004,0.0082,0.0139,0.0139,winter
MO,Wright,WRIGHT,0.0069,0.0038,0.0305,0.001,0.0305,wind
MS,Adams,ADAMS,0.0059,0.0059,0.0407,0.0003,0.0407,wind
MS,Alcorn,ALCORN,0.0062,0.0038,0.0266,0.0012,0.0266,wind
MS,Amite,AMITE,0.0199,0.0023,0.0139,0.0005,0.0199,fire
MS,Attala,ATTALA,0.0251,0.0072,0.0322,0.0008,0.0322,wind
MS,Benton,BENTON,0.0146,0.0023,0.0111,0.0028,0.0146,fire
MS,Bolivar,BOLIVAR,0.0012,0.0124,0.0524,0.0006,0.0524,wind
MS,Calhoun,CALHOUN,0.0086,0.0044,0.0171,0.0003,0.0171,wind
MS,Carroll,CARROLL,0.0092,0.0042,0.038,0.0003,0.038,wind
MS,Chickasaw,CHICKASAW,0.0078,0.0032,0.0258,0.0002,0.0258,wind
MS,Choctaw,CHOCTAW,0.0237,0.0045,0.0284,0.0005,0.0284,wind
MS,Claiborne,CLAIBORNE,0.0142,0.0049,0.0352,0.0003,0.0352,wind
MS,Clarke,CLARKE,0.0136,0.0032,0.036,0.0003,0.036,wind
MS,Clay,CLAY,0.0101,0.0047,0.0262,0.0006,0.0262,wind
MS,Coahoma,COAHOMA,0.0011,0.0051,0.0248,0.0002,0.0248,wind
MS,Copiah,COPIAH,0.0102,0.0049,0.0402,0.0003,0.0402,wind
MS,Covington,COVINGTON,0.0062,0.0047,0.0375,0.0005,0.0375,wind
MS,Desoto,DESOTO,0.0043,0.0024,0.0,0.0,0.0043,fire
MS,Forrest,FORREST,0.0413,0.0111,0.0533,0.0006,0.0533,wind
MS,Franklin,FRANKLIN,0.0241,0.0033,0.0341,0.0006,0.0341,wind
MS,George,GEORGE,0.0102,0.003,0.0141,0.0003,0.0141,wind
MS,Greene,GREENE,0.0209,0.0023,0.0185,0.0005,0.0209,fire
MS,Grenada,GRENADA,0.0132,0.0092,0.0426,0.0004,0.0426,wind
MS,Hancock,HANCOCK,0.0215,0.0049,0.0192,0.0004,0.0215,fire
MS,Harrison,HARRISON,0.0729,0.0062,0.0314,0.0001,0.0729,fire
MS,Hinds,HINDS,0.005,0.025,0.0489,0.0006,0.0489,wind
MS,Holmes,HOLMES,0.0078,0.0069,0.0322,0.0005,0.0322,wind
MS,Humphreys,HUMPHREYS,0.0008,0.0068,0.0267,0.0003,0.0267,wind
MS,Issaquena,ISSAQUENA,0.0021,0.0064,0.0229,0.0003,0.0229,wind
MS,Itawamba,ITAWAMBA,0.0148,0.0024,0.0306,0.0009,0.0306,wind
MS,Jackson,JACKSON,0.0603,0.0071,0.0263,0.0003,0.0603,fire
MS,Jasper,JASPER,0.0269,0.0033,0.046,0.0005,0.046,wind
MS,Jefferson,JEFFERSON,0.0088,0.0035,0.0329,0.0004,0.0329,wind
MS,Jefferson Davis,JEFFERSON DAVIS,0.0095,0.0036,0.0414,0.0006,0.0414,wind
MS,Jones,JONES,0.0116,0.006,0.0618,0.0009,0.0618,wind
MS,Kemper,KEMPER,0.0099,0.0024,0.0306,0.0003,0.0306,wind
MS,Lafayette,LAFAYETTE,0.0196,0.005,0.0292,0.0006,0.0292,wind
MS,Lamar,LAMAR,0.0253,0.0095,0.0564,0.0004,0.0564,wind
MS,Lauderdale,LAUDERDALE,0.0096,0.008,0.043,0.0004,0.043,wind
MS,Lawrence,LAWRENCE,0.0109,0.0069,0.031,0.0004,0.031,wind
MS,Leake,LEAKE,0.0121,0.0068,0.0559,0.0004,0.0559,wind
MS,Lee,LEE,0.0034,0.005,0.0277,0.0003,0.0277,wind
MS,Leflore,LEFLORE,0.0024,0.0103,0.0301,0.0004,0.0301,wind
MS,Lincoln,LINCOLN,0.0044,0.0071,0.0288,0.0005,0.0288,wind
MS,Lowndes,LOWNDES,0.0071,0.0101,0.0571,0.0008,0.0571,wind
MS,Madison,MADISON,0.0051,0.0137,0.045,0.0004,0.045,wind
MS,Marion,MARION,0.0145,0.0094,0.0422,0.0005,0.0422,wind
MS,Marshall,MARSHALL,0.0126,0.0035,0.0246,0.0008,0.0246,wind
MS,Monroe,MONROE,0.0123,0.0049,0.0458,0.0008,0.0458,wind
MS,Montgomery,MONTGOMERY,0.0109,0.0053,0.0252,0.0004,0.0252,wind
MS,Neshoba,NESHOBA,0.0155,0.0048,0.0468,0.0004,0.0468,wind
MS,Newton,NEWTON,0.0133,0.0041,0.0493,0.0002,0.0493,wind
MS,Noxubee,NOXUBEE,0.0089,0.0039,0.0319,0.0003,0.0319,wind
MS,Oktibbeha,OKTIBBEHA,0.0088,0.0048,0.0405,0.0007,0.0405,wind
MS,Panola,PANOLA,0.0065,0.0031,0.0252,0.0002,0.0252,wind
MS,Pearl River,PEARL RIVER,0.0233,0.0041,0.0407,0.0003,0.0407,wind
MS,Perry,PERRY,0.1034,0.0028,0.0244,0.0002,0.1034,fire
MS,Pike,PIKE,0.0072,0.0038,0.0192,0.0003,0.0192,wind
MS,Pontotoc,PONTOTOC,0.01,0.0037,0.0421,0.0003,0.0421,wind
MS,Prentiss,PRENTISS,0.0026,0.004,0.0227,0.0004,0.0227,wind
MS,Quitman,QUITMAN,0.0015,0.0027,0.0097,0.0001,0.0097,wind
MS,Rankin,RANKIN,0.013,0.0151,0.0487,0.0008,0.0487,wind
MS,Scott,SCOTT,0.047,0.0053,0.046,0.0005,0.047,fire
MS,Sharkey,SHARKEY,0.0007,0.01,0.0229,0.0001,0.0229,wind
MS,Simpson,SIMPSON,0.0097,0.0038,0.0356,0.0003,0.0356,wind
MS,Smith,SMITH,0.0332,0.0032,0.046,0.0006,0.046,wind
MS,Stone,STONE,0.0398,0.0027,0.0236,0.0003,0.0398,fire
MS,Sunflower,SUNFLOWER,0.0008,0.0154,0.0512,0.0003,0.0512,wind
MS,Tallahatchie,TALLAHATCHIE,0.0043,0.0037,0.0173,0.0001,0.0173,wind
MS,Tate,TATE,0.0047,0.0024,0.0226,0.0002,0.0226,wind
MS,Tippah,TIPPAH,0.0127,0.003,0.0243,0.002,0.0243,wind
MS,Tishomingo,TISHOMINGO,0.0138,0.0028,0.0284,0.001,0.0284,wind
MS,Tunica,TUNICA,0.0018,0.0037,0.0229,0.0005,0.0229,wind
MS,Union,UNION,0.0147,0.0037,0.0332,0.0011,0.0332,wind
MS,Walthall,WALTHALL,0.0039,0.0023,0.0151,0.0004,0.0151,wind
MS,Warren,WARREN,0.0029,0.0173,0.0403,0.0006,0.0403,wind
MS,Washington,WASHINGTON,0.0011,0.0166,0.0679,0.0004,0.0679,wind
MS,Wayne,WAYNE,0.0359,0.002,0.0301,0.0008,0.0359,fire
MS,Webster,WEBSTER,0.0152,0.0043,0.0321,0.0004,0.0321,wind
MS,Wilkinson,WILKINSON,0.0107,0.0029,0.0119,0.0004,0.0119,wind
MS,Winston,WINSTON,0.0289,0.0044,0.0384,0.0005,0.0384,wind
MS,Yalobusha,YALOBUSHA,0.0149,0.0032,0.0261,0.0002,0.0261,wind
MS,Yazoo,YAZOO,0.0034,0.0119,0.0488,0.0005,0.0488,wind
MT,Beaverhead,BEAVERHEAD,0.0392,0.0001,0.0663,0.0791,0.0791,winter
MT,Big Horn,BIG HORN,0.0548,0.0001,0.0519,0.0921,0.0921,winter
MT,Blaine,BLAINE,0.0149,0.0001,0.1455,0.0668,0.1455,wind
MT,Broadwater,BROADWATER,0.0308,0.0001,0.067,0.0677,0.0677,winter
MT,Carbon,CARBON,0.0385,0.0001,0.0316,0.0899,0.0899,winter
MT,Carter,CARTER,0.0228,0.0001,0.0424,0.0668,0.0668,winter
MT,Cascade,CASCADE,0.036,0.0003,0.2021,0.1276,0.2021,wind
MT,Chouteau,CHOUTEAU,0.0305,0.0001,0.1214,0.0749,0.1214,wind
MT,Custer,CUSTER,0.0451,0.0001,0.0308,0.0463,0.0463,winter
MT,Daniels,DANIELS,0.0163,0.0,0.0268,0.0414,0.0414,winter
MT,Dawson,DAWSON,0.0241,0.0002,0.0621,0.0525,0.0621,wind
MT,Deer Lodge,DEER LODGE,0.0234,0.0002,0.001,0.0003,0.0234,fire
MT,Fallon,FALLON,0.006,0.0001,0.0497,0.0409,0.0497,wind
MT,Fergus,FERGUS,0.0353,0.0002,0.1437,0.113,0.1437,wind
MT,Flathead,FLATHEAD,0.0636,0.001,0.05,0.0961,0.0961,winter
MT,Gallatin,GALLATIN,0.0286,0.0002,0.0901,0.1574,0.1574,winter
MT,Garfield,GARFIELD,0.0229,0.0001,0.0637,0.0683,0.0683,winter
MT,Glacier,GLACIER,0.0207,0.0001,0.2626,0.1796,0.2626,wind
MT,Golden Valley,GOLDEN VALLEY,0.0133,0.0001,0.0232,0.0573,0.0573,winter
MT,Granite,GRANITE,0.0236,0.0001,0.0019,0.0,0.0236,fire
MT,Hill,HILL,0.0114,0.0001,0.1397,0.0704,0.1397,wind
MT,Jefferson,JEFFERSON,0.0444,0.0001,0.037,0.1108,0.1108,winter
MT,Judith Basin,JUDITH BASIN,0.0237,0.0,0.1325,0.1352,0.1352,winter
MT,Lake,LAKE,0.0581,0.0004,0.016,0.0835,0.0835,winter
MT,Lewis And Clark,LEWIS AND CLARK,0.0737,0.0005,0.1187,0.1219,0.1219,winter
MT,Liberty,LIBERTY,0.003,0.0,0.0997,0.0337,0.0997,wind
MT,Lincoln,LINCOLN,0.049,0.0002,0.003,0.0003,0.049,fire
MT,Madison,MADISON,0.0348,0.0001,0.0895,0.1184,0.1184,winter
MT,Mccone,MCCONE,0.0136,0.0001,0.0486,0.0467,0.0486,wind
MT,Meagher,MEAGHER,0.0245,0.0001,0.0594,0.1256,0.1256,winter
MT,Mineral,MINERAL,0.0726,0.0004,0.0028,0.0,0.0726,fire
MT,Missoula,MISSOULA,0.1015,0.0005,0.0259,0.0819,0.1015,fire
MT,Musselshell,MUSSELSHELL,0.0323,0.0001,0.0478,0.0636,0.0636,winter
MT,Park,PARK,0.0185,0.0001,0.0433,0.0728,0.0728,winter
MT,Petroleum,PETROLEUM,0.0255,0.0001,0.0282,0.0522,0.0522,winter
MT,Phillips,PHILLIPS,0.022,0.0002,0.0824,0.071,0.0824,wind
MT,Pondera,PONDERA,0.0059,0.0,0.1034,0.0434,0.1034,wind
MT,Powder River,POWDER RIVER,0.0437,0.0,0.0255,0.0673,0.0673,winter
MT,Powell,POWELL,0.0573,0.0002,0.0044,0.0003,0.0573,fire
MT,Prairie,PRAIRIE,0.023,0.0001,0.0354,0.0476,0.0476,winter
MT,Ravalli,RAVALLI,0.1089,0.0004,0.0045,0.0003,0.1089,fire
MT,Richland,RICHLAND,0.0164,0.0004,0.0403,0.0432,0.0432,winter
MT,Roosevelt,ROOSEVELT,0.0273,0.0001,0.0552,0.0457,0.0552,wind
MT,Rosebud,ROSEBUD,0.0527,0.0002,0.05,0.06,0.06,winter
MT,Sanders,SANDERS,0.0714,0.0004,0.0034,0.0002,0.0714,fire
MT,Sheridan,SHERIDAN,0.0029,0.0,0.0447,0.0488,0.0488,winter
MT,Silver Bow,SILVER BOW,0.0211,0.0002,0.0008,0.0,0.0211,fire
MT,Stillwater,STILLWATER,0.0356,0.0002,0.0696,0.1042,0.1042,winter
MT,Sweet Grass,SWEET GRASS,0.0274,0.0001,0.0942,0.113,0.113,winter
MT,Teton,TETON,0.0136,0.0,0.1532,0.0623,0.1532,wind
MT,Toole,TOOLE,0.0071,0.0,0.1707,0.0474,0.1707,wind
MT,Treasure,TREASURE,0.0089,0.0,0.0166,0.0376,0.0376,winter
MT,Valley,VALLEY,0.0227,0.0002,0.1137,0.1007,0.1137,wind
MT,Wheatland,WHEATLAND,0.0153,0.0001,0.131,0.0683,0.131,wind
MT,Wibaux,WIBAUX,0.0154,0.0001,0.0401,0.0481,0.0481,winter
MT,Yellowstone,YELLOWSTONE,0.0498,0.0003,0.0751,0.0638,0.0751,wind
NC,Alamance,ALAMANCE,0.0004,0.0045,0.0209,0.001,0.0209,wind
NC,Alexander,ALEXANDER,0.0009,0.0022,0.018,0.0033,0.018,wind
NC,Alleghany,ALLEGHANY,0.0002,0.0055,0.0324,0.0101,0.0324,wind
NC,Anson,ANSON,0.0028,0.003,0.0215,0.0007,0.0215,wind
NC,Ashe,ASHE,0.0004,0.0065,0.0467,0.017,0.0467,wind
NC,Avery,AVERY,0.0046,0.005,0.0227,0.0521,0.0521,winter
NC,Beaufort,BEAUFORT,0.0013,0.008,0.0185,0.0005,0.0185,wind
NC,Bertie,BERTIE,0.0007,0.0055,0.0076,0.0028,0.0076,wind
NC,Bladen,BLADEN,0.0033,0.0066,0.0181,0.0002,0.0181,wind
NC,Brunswick,BRUNSWICK,0.0087,0.0118,0.0244,0.0001,0.0244,wind
NC,Buncombe,BUNCOMBE,0.0009,0.0081,0.0431,0.0497,0.0497,winter
NC,Burke,BURKE,0.0091,0.0066,0.0373,0.0153,0.0373,wind
NC,Cabarrus,CABARRUS,0.0003,0.0047,0.0254,0.0011,0.0254,wind
NC,Caldwell,CALDWELL,0.0046,0.0058,0.0279,0.0167,0.0279,wind
NC,Camden,CAMDEN,0.0008,0.0071,0.0104,0.001,0.0104,wind
NC,Carteret,CARTERET,0.0058,0.009,0.0352,0.0006,0.0352,wind
NC,Caswell,CASWELL,0.0004,0.0051,0.0333,0.0005,0.0333,wind
NC,Catawba,CATAWBA,0.0008,0.0048,0.0278,0.0045,0.0278,wind
NC,Chatham,CHATHAM,0.0013,0.0076,0.0166,0.0007,0.0166,wind
NC,Cherokee,CHEROKEE,0.0131,0.0014,0.0165,0.0013,0.0165,wind
NC,Chowan,CHOWAN,0.0004,0.0061,0.0075,0.0011,0.0075,wind
NC,Clay,CLAY,0.0087,0.0019,0.0099,0.0015,0.0099,wind
NC,Cleveland,CLEVELAND,0.0014,0.0027,0.0396,0.0034,0.0396,wind
NC,Columbus,COLUMBUS,0.002,0.0082,0.0282,0.0001,0.0282,wind
NC,Craven,CRAVEN,0.0032,0.0098,0.0289,0.0008,0.0289,wind
NC,Cumberland,CUMBERLAND,0.0032,0.0098,0.0186,0.0003,0.0186,wind
NC,Currituck,CURRITUCK,0.0007,0.0148,0.0195,0.0016,0.0195,wind
NC,Dare,DARE,0.0032,0.0137,0.0239,0.0007,0.0239,wind
NC,Davidson,DAVIDSON,0.0002,0.0042,0.0254,0.0013,0.0254,wind
NC,Davie,DAVIE,0.0002,0.0045,0.0259,0.0032,0.0259,wind
NC,Duplin,DUPLIN,0.0008,0.0042,0.0165,0.0005,0.0165,wind
NC,Durham,DURHAM,0.0008,0.008,0.0255,0.0009,0.0255,wind
NC,Edgecombe,EDGECOMBE,0.0006,0.0052,0.013,0.0007,0.013,wind
NC,Forsyth,FORSYTH,0.0004,0.0075,0.0327,0.0023,0.0327,wind
NC,Franklin,FRANKLIN,0.0004,0.0033,0.0182,0.0008,0.0182,wind
NC,Gaston,GASTON,0.0004,0.0033,0.0318,0.0021,0.0318,wind
NC,Gates,GATES,0.0011,0.0056,0.0091,0.0021,0.0091,wind
NC,Graham,GRAHAM,0.0126,0.0015,0.0235,0.0296,0.0296,winter
NC,Granville,GRANVILLE,0.0008,0.0061,0.0183,0.001,0.0183,wind
NC,Greene,GREENE,0.0011,0.004,0.0093,0.0006,0.0093,wind
NC,Guilford,GUILFORD,0.0011,0.0084,0.0298,0.0009,0.0298,wind
NC,Halifax,HALIFAX,0.0009,0.0068,0.0143,0.0008,0.0143,wind
NC,Harnett,HARNETT,0.0009,0.0069,0.0167,0.0006,0.0167,wind
NC,Haywood,HAYWOOD,0.0069,0.004,0.0331,0.0471,0.0471,winter
NC,Henderson,HENDERSON,0.0015,0.0086,0.0387,0.0171,0.0387,wind
NC,Hertford,HERTFORD,0.0012,0.0047,0.0118,0.002,0.0118,wind
NC,Hoke,HOKE,0.0031,0.0054,0.0175,0.0004,0.0175,wind
NC,Hyde,HYDE,0.0007,0.0044,0.02,0.0006,0.02,wind
NC,Iredell,IREDELL,0.0006,0.0037,0.0296,0.0039,0.0296,wind
NC,Jackson,JACKSON,0.01,0.0057,0.0437,0.0374,0.0437,wind
NC,Johnston,JOHNSTON,0.0008,0.0066,0.0232,0.0004,0.0232,wind
NC,Jones,JONES,0.0021,0.0033,0.0196,0.0006,0.0196,wind
NC,Lee,LEE,0.0013,0.0052,0.0078,0.0,0.0078,wind
NC,Lenoir,LENOIR,0.001,0.0039,0.0153,0.001,0.0153,wind
NC,Lincoln,LINCOLN,0.0006,0.0035,0.0206,0.0024,0.0206,wind
NC,Macon,MACON,0.0137,0.0048,0.0372,0.0237,0.0372,wind
NC,Madison,MADISON,0.0035,0.0042,0.0302,0.0468,0.0468,winter
NC,Martin,MARTIN,0.001,0.0054,0.0106,0.0003,0.0106,wind
NC,Mcdowell,MCDOWELL,0.0145,0.0071,0.0301,0.0163,0.0301,wind
NC,Mecklenburg,MECKLENBURG,0.001,0.0091,0.031,0.0032,0.031,wind
NC,Mitchell,MITCHELL,0.0034,0.0033,0.0194,0.0529,0.0529,winter
NC,Montgomery,MONTGOMERY,0.0168,0.0045,0.0129,0.0005,0.0168,fire
NC,Moore,MOORE,0.0032,0.0061,0.019,0.0004,0.019,wind
NC,Nash,NASH,0.0004,0.0053,0.0262,0.0006,0.0262,wind
NC,New Hanover,NEW HANOVER,0.0008,0.0179,0.0189,0.0001,0.0189,wind
NC,Northampton,NORTHAMPTON,0.0007,0.0044,0.0101,0.0018,0.0101,wind
NC,Onslow,ONSLOW,0.0023,0.0069,0.0176,0.0006,0.0176,wind
NC,Orange,ORANGE,0.0005,0.007,0.0258,0.0007,0.0258,wind
NC,Pamlico,PAMLICO,0.0009,0.0101,0.0086,0.0007,0.0101,flood
NC,Pasquotank,PASQUOTANK,0.0003,0.0064,0.0098,0.0009,0.0098,wind
NC,Pender,PENDER,0.0035,0.0118,0.0169,0.0002,0.0169,wind
NC,Perquimans,PERQUIMANS,0.0005,0.0049,0.0103,0.0014,0.0103,wind
NC,Person,PERSON,0.0006,0.0044,0.017,0.0013,0.017,wind
NC,Pitt,PITT,0.001,0.0057,0.015,0.0004,0.015,wind
NC,Polk,POLK,0.0016,0.004,0.022,0.0146,0.022,wind
NC,Randolph,RANDOLPH,0.0008,0.0047,0.0216,0.0006,0.0216,wind
NC,Richmond,RICHMOND,0.0069,0.009,0.0172,0.0005,0.0172,wind
NC,Robeson,ROBESON,0.0114,0.005,0.0174,0.0005,0.0174,wind
NC,Rockingham,ROCKINGHAM,0.0004,0.0097,0.0379,0.0007,0.0379,wind
NC,Rowan,ROWAN,0.0004,0.0043,0.0337,0.0026,0.0337,wind
NC,Rutherford,RUTHERFORD,0.0028,0.0038,0.0405,0.0122,0.0405,wind
NC,Sampson,SAMPSON,0.002,0.0051,0.0196,0.0004,0.0196,wind
NC,Scotland,SCOTLAND,0.0098,0.0033,0.0151,0.0008,0.0151,wind
NC,Stanly,STANLY,0.0005,0.0058,0.0129,0.0004,0.0129,wind
NC,Stokes,STOKES,0.0002,0.0055,0.026,0.0011,0.026,wind
NC,Surry,SURRY,0.0003,0.0045,0.0398,0.0032,0.0398,wind
NC,Swain,SWAIN,0.0073,0.0028,0.0287,0.0482,0.0482,winter
NC,Transylvania,TRANSYLVANIA,0.0032,0.0083,0.0349,0.0239,0.0349,wind
NC,Tyrrell,TYRRELL,0.001,0.0045,0.0072,0.0005,0.0072,wind
NC,Union,UNION,0.0019,0.0048,0.0286,0.001,0.0286,wind
NC,Vance,VANCE,0.0004,0.0047,0.0104,0.0011,0.0104,wind
NC,Wake,WAKE,0.0015,0.0118,0.0342,0.0012,0.0342,wind
NC,Warren,WARREN,0.0005,0.0034,0.0156,0.0009,0.0156,wind
NC,Washington,WASHINGTON,0.0009,0.0033,0.0086,0.0008,0.0086,wind
NC,Watauga,WATAUGA,0.0014,0.0101,0.0446,0.0186,0.0446,wind
NC,Wayne,WAYNE,0.0006,0.0059,0.0193,0.0006,0.0193,wind
NC,Wilkes,WILKES,0.0031,0.0046,0.0367,0.0051,0.0367,wind
NC,Wilson,WILSON,0.0006,0.0046,0.0224,0.0004,0.0224,wind
NC,Yadkin,YADKIN,0.0003,0.0039,0.0191,0.0013,0.0191,wind
NC,Yancey,YANCEY,0.0037,0.0041,0.0253,0.0527,0.0527,winter
ND,Adams,ADAMS,0.0033,0.0001,0.0606,0.0457,0.0606,wind
ND,Barnes,BARNES,0.0016,0.0003,0.0313,0.0396,0.0396,winter
ND,Benson,BENSON,0.0038,0.0004,0.0326,0.0531,0.0531,winter
ND,Billings,BILLINGS,0.0108,0.0002,0.0385,0.0411,0.0411,winter
ND,Bottineau,BOTTINEAU,0.0067,0.0002,0.0181,0.036,0.036,winter
ND,Bowman,BOWMAN,0.0049,0.0001,0.0534,0.0482,0.0534,wind
ND,Burke,BURKE,0.0057,0.0001,0.0255,0.0384,0.0384,winter
ND,Burleigh,BURLEIGH,0.0138,0.001,0.0434,0.0409,0.0434,wind
ND,Cass,CASS,0.0016,0.0004,0.0346,0.042,0.042,winter
ND,Cavalier,CAVALIER,0.0176,0.0003,0.0217,0.0498,0.0498,winter
ND,Dickey,DICKEY,0.0015,0.0004,0.0215,0.0333,0.0333,winter
ND,Divide,DIVIDE,0.0018,0.0001,0.026,0.0387,0.0387,winter
ND,Dunn,DUNN,0.0083,0.0002,0.0456,0.0413,0.0456,wind
ND,Eddy,EDDY,0.0013,0.0002,0.0202,0.0413,0.0413,winter
ND,Emmons,EMMONS,0.0037,0.0002,0.0311,0.0349,0.0349,winter
ND,Foster,FOSTER,0.0007,0.0003,0.0201,0.0327,0.0327,winter
ND,Golden Valley,GOLDEN VALLEY,0.0049,0.0001,0.0373,0.049,0.049,winter
ND,Grand Forks,GRAND FORKS,0.0013,0.0027,0.0456,0.0467,0.0467,winter
ND,Grant,GRANT,0.0058,0.0002,0.0428,0.0403,0.0428,wind
ND,Griggs,GRIGGS,0.0021,0.0003,0.0252,0.0418,0.0418,winter
ND,Hettinger,HETTINGER,0.0014,0.0001,0.0564,0.0437,0.0564,wind
ND,Kidder,KIDDER,0.0026,0.0002,0.0234,0.0324,0.0324,winter
ND,Lamoure,LAMOURE,0.0013,0.0002,0.0,0.0,0.0013,fire
ND,Logan,LOGAN,0.0012,0.0002,0.0187,0.0327,0.0327,winter
ND,Mchenry,MCHENRY,0.0037,0.0003,0.0224,0.0364,0.0364,winter
ND,Mcintosh,MCINTOSH,0.0019,0.0001,0.0224,0.0304,0.0304,winter
ND,Mckenzie,MCKENZIE,0.014,0.0002,0.0422,0.0372,0.0422,wind
ND,Mclean,MCLEAN,0.0045,0.0003,0.044,0.0408,0.044,wind
ND,Mercer,MERCER,0.0149,0.0003,0.035,0.0371,0.0371,winter
ND,Morton,MORTON,0.0102,0.0003,0.0527,0.0449,0.0527,wind
ND,Mountrail,MOUNTRAIL,0.0098,0.0002,0.0362,0.0374,0.0374,winter
ND,Nelson,NELSON,0.0017,0.0004,0.0301,0.0454,0.0454,winter
ND,Oliver,OLIVER,0.0029,0.0002,0.0301,0.0352,0.0352,winter
ND,Pembina,PEMBINA,0.0013,0.0007,0.0238,0.0472,0.0472,winter
ND,Pierce,PIERCE,0.0025,0.0001,0.0175,0.0363,0.0363,winter
ND,Ramsey,RAMSEY,0.0056,0.0007,0.0264,0.0479,0.0479,winter
ND,Ransom,RANSOM,0.0019,0.0003,0.0268,0.0385,0.0385,winter
ND,Renville,RENVILLE,0.0026,0.0001,0.0205,0.034,0.034,winter
ND,Richland,RICHLAND,0.0016,0.0004,0.0386,0.0412,0.0412,winter
ND,Rolette,ROLETTE,0.0325,0.0004,0.019,0.0375,0.0375,winter
ND,Sargent,SARGENT,0.0011,0.0002,0.037,0.0404,0.0404,winter
ND,Sheridan,SHERIDAN,0.0023,0.0002,0.0175,0.0331,0.0331,winter
ND,Sioux,SIOUX,0.0242,0.0003,0.0473,0.0437,0.0473,wind
ND,Slope,SLOPE,0.0045,0.0001,0.056,0.0469,0.056,wind
ND,Stark,STARK,0.0046,0.0002,0.0659,0.043,0.0659,wind
ND,Steele,STEELE,0.0006,0.0003,0.029,0.0416,0.0416,winter
ND,Stutsman,STUTSMAN,0.0017,0.0004,0.0343,0.0351,0.0351,winter
ND,Towner,TOWNER,0.0029,0.0002,0.0205,0.049,0.049,winter
ND,Traill,TRAILL,0.0005,0.0014,0.0312,0.0374,0.0374,winter
ND,Walsh,WALSH,0.0012,0.0005,0.0249,0.0474,0.0474,winter
ND,Ward,WARD,0.0051,0.0004,0.0298,0.0431,0.0431,winter
ND,Wells,WELLS,0.0012,0.0003,0.0268,0.0369,0.0369,winter
ND,Williams,WILLIAMS,0.0088,0.0001,0.0296,0.04,0.04,winter
NE,Adams,ADAMS,0.0015,0.0017,0.0482,0.0364,0.0482,wind
NE,Antelope,ANTELOPE,0.0019,0.001,0.0196,0.0198,0.0198,winter
NE,Arthur,ARTHUR,0.0045,0.0,0.0278,0.027,0.0278,wind
NE,Banner,BANNER,0.0034,0.0001,0.0341,0.0715,0.0715,winter
NE,Blaine,BLAINE,0.0055,0.0001,0.0376,0.0255,0.0376,wind
NE,Boone,BOONE,0.0019,0.0003,0.0206,0.0164,0.0206,wind
NE,Box Butte,BOX BUTTE,0.0024,0.0001,0.0321,0.0677,0.0677,winter
NE,Boyd,BOYD,0.0032,0.0006,0.0159,0.0189,0.0189,winter
NE,Brown,BROWN,0.0095,0.0003,0.031,0.0268,0.031,wind
NE,Buffalo,BUFFALO,0.0047,0.0021,0.0469,0.0456,0.0469,wind
NE,Burt,BURT,0.0007,0.0012,0.0186,0.0085,0.0186,wind
NE,Butler,BUTLER,0.0014,0.0009,0.0191,0.015,0.0191,wind
NE,Cass,CASS,0.0012,0.0028,0.0266,0.0074,0.0266,wind
NE,Cedar,CEDAR,0.0015,0.001,0.017,0.018,0.018,winter
NE,Chase,CHASE,0.0036,0.0002,0.0522,0.0271,0.0522,wind
NE,Cherry,CHERRY,0.0152,0.0002,0.0712,0.047,0.0712,wind
NE,Cheyenne,CHEYENNE,0.0033,0.0003,0.0448,0.0738,0.0738,winter
NE,Clay,CLAY,0.0018,0.0014,0.0382,0.0312,0.0382,wind
NE,Colfax,COLFAX,0.0011,0.0006,0.0191,0.0119,0.0191,wind
NE,Cuming,CUMING,0.001,0.001,0.0208,0.0095,0.0208,wind
NE,Custer,CUSTER,0.004,0.0014,0.0579,0.0364,0.0579,wind
NE,Dakota,DAKOTA,0.003,0.0011,0.0178,0.0153,0.0178,wind
NE,Dawes,DAWES,0.0372,0.0003,0.0409,0.0694,0.0694,winter
NE,Dawson,DAWSON,0.0035,0.0009,0.0445,0.0454,0.0454,winter
NE,Deuel,DEUEL,0.0015,0.0002,0.0389,0.0307,0.0389,wind
NE,Dixon,DIXON,0.0017,0.0006,0.0233,0.0148,0.0233,wind
NE,Dodge,DODGE,0.0012,0.0012,0.0166,0.0102,0.0166,wind
NE,Douglas,DOUGLAS,0.001,0.0021,0.0332,0.0124,0.0332,wind
NE,Dundy,DUNDY,0.0047,0.0002,0.0521,0.0358,0.0521,wind
NE,Fillmore,FILLMORE,0.0039,0.0017,0.0289,0.0236,0.0289,wind
NE,Franklin,FRANKLIN,0.0031,0.0007,0.0232,0.0324,0.0324,winter
NE,Frontier,FRONTIER,0.0033,0.0007,0.0392,0.0224,0.0392,wind
NE,Furnas,FURNAS,0.0019,0.0003,0.0454,0.041,0.0454,wind
NE,Gage,GAGE,0.0067,0.001,0.0387,0.0072,0.0387,wind
NE,Garden,GARDEN,0.0062,0.0002,0.0407,0.035,0.0407,wind
NE,Garfield,GARFIELD,0.0033,0.0005,0.0181,0.0184,0.0184,winter
NE,Gosper,GOSPER,0.0029,0.0006,0.0293,0.0376,0.0376,winter
NE,Grant,GRANT,0.005,0.0,0.0274,0.0298,0.0298,winter
NE,Greeley,GREELEY,0.0019,0.0006,0.0142,0.0225,0.0225,winter
NE,Hall,HALL,0.0017,0.0021,0.0307,0.0314,0.0314,winter
NE,Hamilton,HAMILTON,0.0004,0.0012,0.0261,0.0237,0.0261,wind
NE,Harlan,HARLAN,0.0023,0.0005,0.0245,0.0352,0.0352,winter
NE,Hayes,HAYES,0.0024,0.0003,0.0349,0.0208,0.0349,wind
NE,Hitchcock,HITCHCOCK,0.0036,0.0002,0.0405,0.0284,0.0405,wind
NE,Holt,HOLT,0.0054,0.0007,0.0293,0.0231,0.0293,wind
NE,Hooker,HOOKER,0.0044,0.0,0.0346,0.035,0.035,winter
NE,Howard,HOWARD,0.0041,0.0015,0.0198,0.0243,0.0243,winter
NE,Jefferson,JEFFERSON,0.0018,0.001,0.027,0.0089,0.027,wind
NE,Johnson,JOHNSON,0.0014,0.0006,0.0192,0.005,0.0192,wind
NE,Kearney,KEARNEY,0.0011,0.001,0.0213,0.0315,0.0315,winter
NE,Keith,KEITH,0.0087,0.0004,0.0424,0.0296,0.0424,wind
NE,Keya Paha,KEYA PAHA,0.0053,0.0003,0.0247,0.0248,0.0248,winter
NE,Kimball,KIMBALL,0.0021,0.0001,0.0407,0.0701,0.0701,winter
NE,Knox,KNOX,0.0059,0.0012,0.0162,0.0177,0.0177,winter
NE,Lancaster,LANCASTER,0.0043,0.0025,0.0416,0.0136,0.0416,wind
NE,Lincoln,LINCOLN,0.0058,0.0014,0.0799,0.0298,0.0799,wind
NE,Logan,LOGAN,0.0058,0.0003,0.0313,0.0283,0.0313,wind
NE,Loup,LOUP,0.0025,0.0002,0.0245,0.0204,0.0245,wind
NE,Madison,MADISON,0.0017,0.0008,0.0229,0.0165,0.0229,wind
NE,Mcpherson,MCPHERSON,0.0055,0.0001,0.0342,0.0315,0.0342,wind
NE,Merrick,MERRICK,0.0014,0.0008,0.0172,0.0248,0.0248,winter
NE,Morrill,MORRILL,0.0073,0.0002,0.0312,0.0516,0.0516,winter
NE,Nance,NANCE,0.0009,0.0007,0.0129,0.0211,0.0211,winter
NE,Nemaha,NEMAHA,0.0016,0.0019,0.0176,0.0061,0.0176,wind
NE,Nuckolls,NUCKOLLS,0.0031,0.0011,0.0231,0.0255,0.0255,winter
NE,Otoe,OTOE,0.0013,0.0013,0.0228,0.0056,0.0228,wind
NE,Pawnee,PAWNEE,0.0022,0.0006,0.0127,0.0051,0.0127,wind
NE,Perkins,PERKINS,0.0039,0.0002,0.0354,0.023,0.0354,wind
NE,Phelps,PHELPS,0.0013,0.0009,0.0348,0.0367,0.0367,winter
NE,Pierce,PIERCE,0.0017,0.0008,0.0156,0.015,0.0156,wind
NE,Platte,PLATTE,0.0013,0.0015,0.0269,0.0186,0.0269,wind
NE,Polk,POLK,0.0015,0.0016,0.0209,0.026,0.026,winter
NE,Red Willow,RED WILLOW,0.0026,0.0002,0.0728,0.0271,0.0728,wind
NE,Richardson,RICHARDSON,0.001,0.0024,0.0214,0.0069,0.0214,wind
NE,Rock,ROCK,0.0034,0.0004,0.0234,0.0239,0.0239,winter
NE,Saline,SALINE,0.0013,0.0013,0.0338,0.0127,0.0338,wind
NE,Sarpy,SARPY,0.002,0.0018,0.0246,0.0079,0.0246,wind
NE,Saunders,SAUNDERS,0.0011,0.0017,0.0235,0.0125,0.0235,wind
NE,Scotts Bluff,SCOTTS BLUFF,0.0085,0.0003,0.0627,0.0768,0.0768,winter
NE,Seward,SEWARD,0.0016,0.0008,0.0227,0.0161,0.0227,wind
NE,Sheridan,SHERIDAN,0.0059,0.0001,0.0496,0.0567,0.0567,winter
NE,Sherman,SHERMAN,0.0057,0.0009,0.0206,0.0296,0.0296,winter
NE,Sioux,SIOUX,0.0239,0.0001,0.0251,0.0838,0.0838,winter
NE,Stanton,STANTON,0.0016,0.0007,0.025,0.0119,0.025,wind
NE,Thayer,THAYER,0.0012,0.0012,0.0257,0.0168,0.0257,wind
NE,Thomas,THOMAS,0.0116,0.0001,0.0286,0.0299,0.0299,winter
NE,Thurston,THURSTON,0.0066,0.0004,0.0191,0.0112,0.0191,wind
NE,Valley,VALLEY,0.0018,0.0005,0.0391,0.0292,0.0391,wind
NE,Washington,WASHINGTON,0.0021,0.0012,0.0187,0.0108,0.0187,wind
NE,Wayne,WAYNE,0.002,0.0007,0.0164,0.0143,0.0164,wind
NE,Webster,WEBSTER,0.0022,0.0009,0.0254,0.026,0.026,winter
NE,Wheeler,WHEELER,0.0043,0.0004,0.0142,0.0144,0.0144,winter
NE,York,YORK,0.0006,0.0019,0.0235,0.0249,0.0249,winter
NH,Belknap,BELKNAP,0.0005,0.0138,0.0393,0.0215,0.0393,wind
NH,Carroll,CARROLL,0.0092,0.0236,0.0552,0.0323,0.0552,wind
NH,Cheshire,CHESHIRE,0.0017,0.0134,0.0512,0.0221,0.0512,wind
NH,Coos,COOS,0.0017,0.0147,0.0378,0.0626,0.0626,winter
NH,Grafton,GRAFTON,0.0089,0.0245,0.0566,0.0399,0.0566,wind
NH,Hillsborough,HILLSBOROUGH,0.0003,0.0194,0.0465,0.0216,0.0465,wind
NH,Merrimack,MERRIMACK,0.0009,0.015,0.0408,0.0214,0.0408,wind
NH,Rockingham,ROCKINGHAM,0.0003,0.0267,0.0487,0.0159,0.0487,wind
NH,Strafford,STRAFFORD,0.0003,0.0149,0.036,0.0204,0.036,wind
NH,Sullivan,SULLIVAN,0.0017,0.0114,0.035,0.0296,0.035,wind
NJ,Atlantic,ATLANTIC,0.0044,0.0072,0.0424,0.0061,0.0424,wind
NJ,Bergen,BERGEN,0.0004,0.0054,0.0373,0.0071,0.0373,wind
NJ,Burlington,BURLINGTON,0.011,0.0068,0.0466,0.0092,0.0466,wind
NJ,Camden,CAMDEN,0.0047,0.008,0.0363,0.0074,0.0363,wind
NJ,Cape May,CAPE MAY,0.0029,0.0069,0.0402,0.0053,0.0402,wind
NJ,Cumberland,CUMBERLAND,0.0044,0.0043,0.0415,0.0057,0.0415,wind
NJ,Essex,ESSEX,0.0007,0.0015,0.0238,0.0032,0.0238,wind
NJ,Gloucester,GLOUCESTER,0.0039,0.0082,0.029,0.0073,0.029,wind
NJ,Hudson,HUDSON,0.0005,0.0015,0.0255,0.0045,0.0255,wind
NJ,Hunterdon,HUNTERDON,0.0012,0.0057,0.0365,0.0179,0.0365,wind
NJ,Mercer,MERCER,0.0011,0.0051,0.0532,0.0076,0.0532,wind
NJ,Middlesex,MIDDLESEX,0.003,0.0049,0.0397,0.0101,0.0397,wind
NJ,Monmouth,MONMOUTH,0.0035,0.0095,0.0507,0.0108,0.0507,wind
NJ,Morris,MORRIS,0.0009,0.0058,0.0411,0.0221,0.0411,wind
NJ,Ocean,OCEAN,0.0065,0.0109,0.0528,0.0085,0.0528,wind
NJ,Passaic,PASSAIC,0.0008,0.0029,0.0248,0.0049,0.0248,wind
NJ,Salem,SALEM,0.0021,0.0064,0.031,0.0046,0.031,wind
NJ,Somerset,SOMERSET,0.0009,0.006,0.0431,0.012,0.0431,wind
NJ,Sussex,SUSSEX,0.004,0.0067,0.0311,0.0378,0.0378,winter
NJ,Union,UNION,0.0006,0.0018,0.0284,0.0027,0.0284,wind
NJ,Warren,WARREN,0.0019,0.0047,0.0306,0.0268,0.0306,wind
NM,Bernalillo,BERNALILLO,0.0276,0.0078,0.0304,0.0065,0.0304,wind
NM,Catron,CATRON,0.0451,0.0013,0.0037,0.005,0.0451,fire
NM,Chaves,CHAVES,0.0214,0.0096,0.0555,0.0131,0.0555,wind
NM,Cibola,CIBOLA,0.034,0.0018,0.008,0.006,0.034,fire
NM,Colfax,COLFAX,0.0395,0.0016,0.018,0.021,0.0395,fire
NM,Curry,CURRY,0.0073,0.0038,0.0482,0.0185,0.0482,wind
NM,De Baca,DE BACA,0.0055,0.0025,0.032,0.022,0.032,wind
NM,Doña Ana,DOÑA ANA,0.014,0.0063,0.0001,0.0,0.014,fire
NM,Eddy,EDDY,0.0195,0.0158,0.0962,0.0095,0.0962,wind
NM,Grant,GRANT,0.0271,0.0039,0.0063,0.0027,0.0271,fire
NM,Guadalupe,GUADALUPE,0.0156,0.0023,0.0905,0.0351,0.0905,wind
NM,Harding,HARDING,0.008,0.0003,0.0178,0.0245,0.0245,winter
NM,Hidalgo,HIDALGO,0.009,0.0011,0.0068,0.0004,0.009,fire
NM,Lea,LEA,0.0149,0.015,0.0477,0.0009,0.0477,wind
NM,Lincoln,LINCOLN,0.0285,0.0046,0.0464,0.0211,0.0464,wind
NM,Los Alamos,LOS ALAMOS,0.0165,0.0034,0.0017,0.0134,0.0165,fire
NM,Luna,LUNA,0.0088,0.0043,0.0068,0.0006,0.0088,fire
NM,Mckinley,MCKINLEY,0.0247,0.0015,0.0123,0.0102,0.0247,fire
NM,Mora,MORA,0.0135,0.0008,0.0164,0.0174,0.0174,winter
NM,Otero,OTERO,0.0234,0.0048,0.0276,0.0043,0.0276,wind
NM,Quay,QUAY,0.011,0.0024,0.0565,0.024,0.0565,wind
NM,Rio Arriba,RIO ARRIBA,0.0712,0.0012,0.0082,0.0176,0.0712,fire
NM,Roosevelt,ROOSEVELT,0.01,0.0031,0.038,0.016,0.038,wind
NM,San Juan,SAN JUAN,0.0466,0.0036,0.0184,0.0484,0.0484,winter
NM,San Miguel,SAN MIGUEL,0.0268,0.0033,0.0215,0.0278,0.0278,winter
NM,Sandoval,SANDOVAL,0.0496,0.0065,0.0197,0.0013,0.0496,fire
NM,Santa Fe,SANTA FE,0.0263,0.003,0.0451,0.0422,0.0451,wind
NM,Sierra,SIERRA,0.0129,0.0057,0.0128,0.0054,0.0129,fire
NM,Socorro,SOCORRO,0.0246,0.0057,0.0181,0.0094,0.0246,fire
NM,Taos,TAOS,0.0478,0.0005,0.0081,0.0158,0.0478,fire
NM,Torrance,TORRANCE,0.0242,0.0012,0.0215,0.0072,0.0242,fire
NM,Union,UNION,0.0221,0.0013,0.0659,0.0483,0.0659,wind
NM,Valencia,VALENCIA,0.0139,0.0061,0.0162,0.0071,0.0162,wind
NV,Carson City,CARSON CITY,0.0298,0.0007,0.0957,0.0638,0.0957,wind
NV,Churchill,CHURCHILL,0.0178,0.001,0.0103,0.0078,0.0178,fire
NV,Clark,CLARK,0.0517,0.0402,0.0758,0.011,0.0758,wind
NV,Douglas,DOUGLAS,0.024,0.001,0.0511,0.0229,0.0511,wind
NV,Elko,ELKO,0.0577,0.0006,0.0836,0.0684,0.0836,wind
NV,Esmeralda,ESMERALDA,0.0038,0.0015,0.0852,0.0177,0.0852,wind
NV,Eureka,EUREKA,0.0171,0.0003,0.0181,0.0598,0.0598,winter
NV,Humboldt,HUMBOLDT,0.0632,0.0003,0.0598,0.0707,0.0707,winter
NV,Lander,LANDER,0.0309,0.0005,0.0225,0.0548,0.0548,winter
NV,Lincoln,LINCOLN,0.0178,0.0067,0.0373,0.0273,0.0373,wind
NV,Lyon,LYON,0.0199,0.0009,0.0666,0.0266,0.0666,wind
NV,Mineral,MINERAL,0.0066,0.0005,0.0497,0.0193,0.0497,wind
NV,Nye,NYE,0.0192,0.0014,0.0295,0.0,0.0295,wind
NV,Pershing,PERSHING,0.0349,0.0004,0.0085,0.0075,0.0349,fire
NV,Storey,STOREY,0.0097,0.001,0.0401,0.0124,0.0401,wind
NV,Washoe,WASHOE,0.0876,0.0014,0.0429,0.0251,0.0876,fire
NV,White Pine,WHITE PINE,0.0282,0.0002,0.037,0.0634,0.0634,winter
NY,Albany,ALBANY,0.0005,0.0069,0.0603,0.1072,0.1072,winter
NY,Allegany,ALLEGANY,0.0012,0.0049,0.047,0.1128,0.1128,winter
NY,Bronx,BRONX,0.0001,0.0009,0.0163,0.0041,0.0163,wind
NY,Broome,BROOME,0.0005,0.0171,0.0453,0.0388,0.0453,wind
NY,Cattaraugus,CATTARAUGUS,0.0012,0.0084,0.0607,0.1211,0.1211,winter
NY,Cayuga,CAYUGA,0.0005,0.01,0.0654,0.0563,0.0654,wind
NY,Chautauqua,CHAUTAUQUA,0.0017,0.0086,0.0811,0.0978,0.0978,winter
NY,Chemung,CHEMUNG,0.0007,0.0104,0.0237,0.0226,0.0237,wind
NY,Chenango,CHENANGO,0.0011,0.0114,0.0416,0.0337,0.0416,wind
NY,Clinton,CLINTON,0.0017,0.0068,0.0309,0.066,0.066,winter
NY,Columbia,COLUMBIA,0.0003,0.0058,0.0599,0.0783,0.0783,winter
NY,Cortland,CORTLAND,0.0006,0.0094,0.042,0.0301,0.042,wind
NY,Delaware,DELAWARE,0.001,0.0163,0.0411,0.0355,0.0411,wind
NY,Dutchess,DUTCHESS,0.0005,0.0086,0.0552,0.0627,0.0627,winter
NY,Erie,ERIE,0.0003,0.0352,0.0901,0.1387,0.1387,winter
NY,Essex,ESSEX,0.0022,0.0104,0.0378,0.0605,0.0605,winter
NY,Franklin,FRANKLIN,0.0026,0.0051,0.0379,0.063,0.063,winter
NY,Fulton,FULTON,0.0009,0.0061,0.041,0.0881,0.0881,winter
NY,Genesee,GENESEE,0.0009,0.0057,0.0506,0.1079,0.1079,winter
NY,Greene,GREENE,0.0031,0.0059,0.0501,0.0852,0.0852,winter
NY,Hamilton,HAMILTON,0.0021,0.0017,0.0383,0.0878,0.0878,winter
NY,Herkimer,HERKIMER,0.0009,0.0096,0.07,0.1018,0.1018,winter
NY,Jefferson,JEFFERSON,0.0013,0.0136,0.0819,0.088,0.088,winter
NY,Kings,KINGS,0.0002,0.0009,0.0247,0.0048,0.0247,wind
NY,Lewis,LEWIS,0.0009,0.0081,0.0774,0.1193,0.1193,winter
NY,Livingston,LIVINGSTON,0.0006,0.0059,0.0424,0.0957,0.0957,winter
NY,Madison,MADISON,0.0004,0.0075,0.0367,0.0367,0.0367,wind
NY,Monroe,MONROE,0.0006,0.0122,0.0616,0.0679,0.0679,winter
NY,Montgomery,MONTGOMERY,0.0007,0.0096,0.0415,0.0886,0.0886,winter
NY,Nassau,NASSAU,0.0006,0.0061,0.0467,0.0045,0.0467,wind
NY,New York,NEW YORK,0.0002,0.0011,0.014,0.0032,0.014,wind
NY,Niagara,NIAGARA,0.0007,0.0089,0.0678,0.0837,0.0837,winter
NY,Oneida,ONEIDA,0.0012,0.0143,0.0713,0.0512,0.0713,wind
NY,Onondaga,ONONDAGA,0.0005,0.0116,0.0509,0.0339,0.0509,wind
NY,Ontario,ONTARIO,0.0005,0.0058,0.0459,0.0602,0.0602,winter
NY,Orange,ORANGE,0.001,0.0042,0.0301,0.0104,0.0301,wind
NY,Orleans,ORLEANS,0.0009,0.0048,0.047,0.0774,0.0774,winter
NY,Oswego,OSWEGO,0.0002,0.0108,0.0841,0.0849,0.0849,winter
NY,Otsego,OTSEGO,0.0007,0.0088,0.052,0.0373,0.052,wind
NY,Putnam,PUTNAM,0.0004,0.0016,0.025,0.0088,0.025,wind
NY,Queens,QUEENS,0.0005,0.0022,0.0356,0.0063,0.0356,wind
NY,Rensselaer,RENSSELAER,0.0003,0.0085,0.0591,0.0938,0.0938,winter
NY,Richmond,RICHMOND,0.0003,0.0018,0.0187,0.0018,0.0187,wind
NY,Rockland,ROCKLAND,0.0014,0.0013,0.0235,0.0056,0.0235,wind
NY,Saratoga,SARATOGA,0.0006,0.007,0.0654,0.0898,0.0898,winter
NY,Schenectady,SCHENECTADY,0.0002,0.0071,0.0428,0.0855,0.0855,winter
NY,Schoharie,SCHOHARIE,0.0008,0.006,0.048,0.0879,0.0879,winter
NY,Schuyler,SCHUYLER,0.0012,0.0042,0.0218,0.0225,0.0225,winter
NY,Seneca,SENECA,0.0012,0.0033,0.0275,0.0173,0.0275,wind
NY,St. Lawrence,ST. LAWRENCE,0.0023,0.0071,0.0448,0.0591,0.0591,winter
NY,Steuben,STEUBEN,0.0008,0.0096,0.0413,0.0247,0.0413,wind
NY,Suffolk,SUFFOLK,0.0015,0.0082,0.0934,0.0076,0.0934,wind
NY,Sullivan,SULLIVAN,0.0027,0.0111,0.0351,0.025,0.0351,wind
NY,Tioga,TIOGA,0.0005,0.0095,0.03,0.0318,0.0318,winter
NY,Tompkins,TOMPKINS,0.0004,0.0069,0.0293,0.0253,0.0293,wind
NY,Ulster,ULSTER,0.0016,0.0077,0.0536,0.0885,0.0885,winter
NY,Warren,WARREN,0.0025,0.0066,0.0474,0.0787,0.0787,winter
NY,Washington,WASHINGTON,0.0014,0.0074,0.0482,0.0767,0.0767,winter
NY,Wayne,WAYNE,0.0004,0.0079,0.0556,0.0436,0.0556,wind
NY,Westchester,WESTCHESTER,0.0003,0.0058,0.0362,0.0064,0.0362,wind
NY,Wyoming,WYOMING,0.0003,0.0082,0.0491,0.1237,0.1237,winter
NY,Yates,YATES,0.0005,0.004,0.0218,0.0216,0.0218,wind
OH,Adams,ADAMS,0.0027,0.0018,0.0358,0.0048,0.0358,wind
OH,Allen,ALLEN,0.0003,0.0004,0.0279,0.001,0.0279,wind
OH,Ashland,ASHLAND,0.0003,0.0025,0.0337,0.0019,0.0337,wind
OH,Ashtabula,ASHTABULA,0.0005,0.0082,0.0425,0.0188,0.0425,wind
OH,Athens,ATHENS,0.0047,0.0033,0.0228,0.0352,0.0352,winter
OH,Auglaize,AUGLAIZE,0.0003,0.0007,0.0302,0.0032,0.0302,wind
OH,Belmont,BELMONT,0.001,0.0026,0.018,0.0035,0.018,wind
OH,Brown,BROWN,0.0007,0.0015,0.0363,0.0048,0.0363,wind
OH,Butler,BUTLER,0.0006,0.0012,0.0419,0.0038,0.0419,wind
OH,Carroll,CARROLL,0.0007,0.0022,0.0261,0.0011,0.0261,wind
OH,Champaign,CHAMPAIGN,0.0002,0.0007,0.033,0.0023,0.033,wind
OH,Clark,CLARK,0.0005,0.0011,0.0423,0.0038,0.0423,wind
OH,Clermont,CLERMONT,0.0014,0.0016,0.0458,0.0041,0.0458,wind
OH,Clinton,CLINTON,0.0003,0.001,0.0435,0.0033,0.0435,wind
OH,Columbiana,COLUMBIANA,0.0005,0.0028,0.033,0.0018,0.033,wind
OH,Coshocton,COSHOCTON,0.0021,0.0027,0.0224,0.001,0.0224,wind
OH,Crawford,CRAWFORD,0.0002,0.0011,0.0304,0.0011,0.0304,wind
OH,Cuyahoga,CUYAHOGA,0.001,0.0108,0.0675,0.0076,0.0675,wind
OH,Darke,DARKE,0.0003,0.0005,0.0397,0.0042,0.0397,wind
OH,Defiance,DEFIANCE,0.0003,0.0009,0.0267,0.0012,0.0267,wind
OH,Delaware,DELAWARE,0.0004,0.0012,0.0308,0.0042,0.0308,wind
OH,Erie,ERIE,0.0003,0.0037,0.0341,0.0012,0.0341,wind
OH,Fairfield,FAIRFIELD,0.0004,0.0014,0.0464,0.0031,0.0464,wind
OH,Fayette,FAYETTE,0.0002,0.0007,0.0373,0.0024,0.0373,wind
OH,Franklin,FRANKLIN,0.0003,0.0017,0.0579,0.0053,0.0579,wind
OH,Fulton,FULTON,0.0008,0.0003,0.0244,0.0007,0.0244,wind
OH,Gallia,GALLIA,0.0032,0.0021,0.0174,0.0425,0.0425,winter
OH,Geauga,GEAUGA,0.0001,0.0046,0.0486,0.0089,0.0486,wind
OH,Greene,GREENE,0.0004,0.0007,0.0515,0.0033,0.0515,wind
OH,Guernsey,GUERNSEY,0.0023,0.0022,0.0227,0.0013,0.0227,wind
OH,Hamilton,HAMILTON,0.001,0.0032,0.0466,0.0047,0.0466,wind
OH,Hancock,HANCOCK,0.0003,0.0011,0.0395,0.0004,0.0395,wind
OH,Hardin,HARDIN,0.0002,0.0007,0.0238,0.0017,0.0238,wind
OH,Harrison,HARRISON,0.0013,0.002,0.0244,0.0007,0.0244,wind
OH,Henry,HENRY,0.0003,0.0006,0.0282,0.0011,0.0282,wind
OH,Highland,HIGHLAND,0.0004,0.0009,0.0398,0.0034,0.0398,wind
OH,Hocking,HOCKING,0.0037,0.0024,0.0269,0.0035,0.0269,wind
OH,Holmes,HOLMES,0.0009,0.0019,0.0301,0.0011,0.0301,wind
OH,Huron,HURON,0.0002,0.0022,0.0287,0.001,0.0287,wind
OH,Jackson,JACKSON,0.0024,0.0024,0.014,0.0289,0.0289,winter
OH,Jefferson,JEFFERSON,0.0009,0.0032,0.0232,0.0012,0.0232,wind
OH,Knox,KNOX,0.0003,0.0016,0.0269,0.0007,0.0269,wind
OH,Lake,LAKE,0.0004,0.011,0.0453,0.0109,0.0453,wind
OH,Lawrence,LAWRENCE,0.0116,0.0048,0.0166,0.0361,0.0361,winter
OH,Licking,LICKING,0.0003,0.0021,0.0491,0.0036,0.0491,wind
OH,Logan,LOGAN,0.0002,0.0006,0.0372,0.0028,0.0372,wind
OH,Lorain,LORAIN,0.0003,0.0051,0.0539,0.0028,0.0539,wind
OH,Lucas,LUCAS,0.0008,0.0018,0.0458,0.0012,0.0458,wind
OH,Madison,MADISON,0.0005,0.0005,0.0329,0.0021,0.0329,wind
OH,Mahoning,MAHONING,0.0004,0.0024,0.0206,0.001,0.0206,wind
OH,Marion,MARION,0.0002,0.002,0.0304,0.001,0.0304,wind
OH,Medina,MEDINA,0.0003,0.0031,0.0395,0.0026,0.0395,wind
OH,Meigs,MEIGS,0.0032,0.0033,0.0116,0.0434,0.0434,winter
OH,Mercer,MERCER,0.0001,0.0006,0.0331,0.0035,0.0331,wind
OH,Miami,MIAMI,0.0002,0.0005,0.0333,0.0027,0.0333,wind
OH,Monroe,MONROE,0.0015,0.0019,0.0132,0.0017,0.0132,wind
OH,Montgomery,MONTGOMERY,0.0005,0.0011,0.0431,0.0048,0.0431,wind
OH,Morgan,MORGAN,0.0021,0.0032,0.0142,0.0296,0.0296,winter
OH,Morrow,MORROW,0.0002,0.0009,0.0252,0.0007,0.0252,wind
OH,Muskingum,MUSKINGUM,0.003,0.0022,0.0319,0.0009,0.0319,wind
OH,Noble,NOBLE,0.0026,0.0022,0.0187,0.0012,0.0187,wind
OH,Ottawa,OTTAWA,0.0002,0.0014,0.0434,0.001,0.0434,wind
OH,Paulding,PAULDING,0.0003,0.0005,0.0201,0.0018,0.0201,wind
OH,Perry,PERRY,0.0015,0.0034,0.0233,0.0155,0.0233,wind
OH,Pickaway,PICKAWAY,0.0003,0.0009,0.0372,0.0041,0.0372,wind
OH,Pike,PIKE,0.0031,0.0023,0.0355,0.0038,0.0355,wind
OH,Portage,PORTAGE,0.0005,0.0029,0.0383,0.0022,0.0383,wind
OH,Preble,PREBLE,0.0003,0.0006,0.0299,0.0038,0.0299,wind
OH,Putnam,PUTNAM,0.0002,0.0004,0.0283,0.0011,0.0283,wind
OH,Richland,RICHLAND,0.0006,0.0022,0.037,0.0024,0.037,wind
OH,Ross,ROSS,0.0013,0.0026,0.0332,0.0029,0.0332,wind
OH,Sandusky,SANDUSKY,0.0002,0.0013,0.0395,0.0016,0.0395,wind
OH,Scioto,SCIOTO,0.0046,0.0024,0.0336,0.0079,0.0336,wind
OH,Seneca,SENECA,0.0002,0.001,0.0464,0.0004,0.0464,wind
OH,Shelby,SHELBY,0.0002,0.0006,0.0315,0.0031,0.0315,wind
OH,Stark,STARK,0.001,0.003,0.0326,0.0021,0.0326,wind
OH,Summit,SUMMIT,0.0008,0.0037,0.0425,0.0031,0.0425,wind
OH,Trumbull,TRUMBULL,0.0003,0.0032,0.0305,0.0071,0.0305,wind
OH,Tuscarawas,TUSCARAWAS,0.0013,0.0024,0.0327,0.0015,0.0327,wind
OH,Union,UNION,0.0002,0.0006,0.0261,0.0021,0.0261,wind
OH,Van Wert,VAN WERT,0.0001,0.0004,0.0323,0.0018,0.0323,wind
OH,Vinton,VINTON,0.0032,0.0025,0.0192,0.029,0.029,winter
OH,Warren,WARREN,0.001,0.001,0.0472,0.0036,0.0472,wind
OH,Washington,WASHINGTON,0.0073,0.0031,0.0215,0.0295,0.0295,winter
OH,Wayne,WAYNE,0.0002,0.0018,0.0247,0.0016,0.0247,wind
OH,Williams,WILLIAMS,0.0002,0.0004,0.0217,0.0006,0.0217,wind
OH,Wood,WOOD,0.0003,0.0016,0.0395,0.0014,0.0395,wind
OH,Wyandot,WYANDOT,0.0002,0.0008,0.019,0.0004,0.019,wind
OK,Adair,ADAIR,0.0629,0.004,0.0448,0.0005,0.0629,fire
OK,Alfalfa,ALFALFA,0.0054,0.0016,0.0413,0.009,0.0413,wind
OK,Atoka,ATOKA,0.0393,0.0035,0.0212,0.0012,0.0393,fire
OK,Beaver,BEAVER,0.0103,0.0008,0.056,0.0484,0.056,wind
OK,Beckham,BECKHAM,0.0192,0.0019,0.0369,0.0091,0.0369,wind
OK,Blaine,BLAINE,0.0159,0.0016,0.0316,0.0099,0.0316,wind
OK,Bryan,BRYAN,0.0128,0.0045,0.0453,0.0015,0.0453,wind
OK,Caddo,CADDO,0.0547,0.0047,0.0799,0.0094,0.0799,wind
OK,Canadian,CANADIAN,0.0134,0.0049,0.0485,0.0101,0.0485,wind
OK,Carter,CARTER,0.0096,0.0036,0.05,0.0016,0.05,wind
OK,Cherokee,CHEROKEE,0.0393,0.0041,0.0541,0.0003,0.0541,wind
OK,Choctaw,CHOCTAW,0.016,0.0046,0.0387,0.0009,0.0387,wind
OK,Cimarron,CIMARRON,0.0066,0.0006,0.0708,0.0603,0.0708,wind
OK,Cleveland,CLEVELAND,0.0043,0.0035,0.0525,0.0061,0.0525,wind
OK,Coal,COAL,0.0123,0.0032,0.0253,0.0014,0.0253,wind
OK,Comanche,COMANCHE,0.0325,0.0048,0.0997,0.0082,0.0997,wind
OK,Cotton,COTTON,0.0086,0.0025,0.024,0.0033,0.024,wind
OK,Craig,CRAIG,0.005,0.0008,0.0403,0.0011,0.0403,wind
OK,Creek,CREEK,0.0405,0.0027,0.0398,0.0019,0.0405,fire
OK,Custer,CUSTER,0.0227,0.0021,0.0476,0.0097,0.0476,wind
OK,Delaware,DELAWARE,0.0264,0.0021,0.0451,0.0009,0.0451,wind
OK,Dewey,DEWEY,0.0079,0.0011,0.0414,0.0138,0.0414,wind
OK,Ellis,ELLIS,0.006,0.0011,0.0349,0.012,0.0349,wind
OK,Garfield,GARFIELD,0.0036,0.0013,0.0452,0.0113,0.0452,wind
OK,Garvin,GARVIN,0.0105,0.0034,0.0324,0.0036,0.0324,wind
OK,Grady,GRADY,0.0125,0.0051,0.0522,0.0073,0.0522,wind
OK,Grant,GRANT,0.0021,0.0008,0.0214,0.008,0.0214,wind
OK,Greer,GREER,0.008,0.0024,0.0284,0.0087,0.0284,wind
OK,Harmon,HARMON,0.0037,0.0007,0.0301,0.0082,0.0301,wind
OK,Harper,HARPER,0.0095,0.0015,0.0422,0.0107,0.0422,wind
OK,Haskell,HASKELL,0.0193,0.0042,0.0493,0.0005,0.0493,wind
OK,Hughes,HUGHES,0.0221,0.0038,0.0241,0.0009,0.0241,wind
OK,Jackson,JACKSON,0.006,0.0029,0.0612,0.0092,0.0612,wind
OK,Jefferson,JEFFERSON,0.0048,0.0025,0.0295,0.0015,0.0295,wind
OK,Johnston,JOHNSTON,0.0224,0.0031,0.0264,0.0016,0.0264,wind
OK,Kay,KAY,0.0095,0.0034,0.0447,0.0003,0.0447,wind
OK,Kingfisher,KINGFISHER,0.0052,0.0019,0.0345,0.0096,0.0345,wind
OK,Kiowa,KIOWA,0.007,0.0031,0.0565,0.007,0.0565,wind
OK,Latimer,LATIMER,0.0387,0.0023,0.0259,0.0005,0.0387,fire
OK,Le Flore,LE FLORE,0.0606,0.0052,0.0772,0.001,0.0772,wind
OK,Lincoln,LINCOLN,0.0111,0.0024,0.0326,0.0035,0.0326,wind
OK,Logan,LOGAN,0.0168,0.0036,0.0435,0.006,0.0435,wind
OK,Love,LOVE,0.0072,0.0027,0.0172,0.0019,0.0172,wind
OK,Major,MAJOR,0.0089,0.0016,0.0272,0.0093,0.0272,wind
OK,Marshall,MARSHALL,0.0105,0.0035,0.0193,0.0016,0.0193,wind
OK,Mayes,MAYES,0.024,0.0046,0.0471,0.0006,0.0471,wind
OK,Mcclain,MCCLAIN,0.0066,0.0048,0.0333,0.0051,0.0333,wind
OK,Mccurtain,MCCURTAIN,0.0603,0.0046,0.0672,0.0016,0.0672,wind
OK,Mcintosh,MCINTOSH,0.0278,0.004,0.0682,0.0007,0.0682,wind
OK,Murray,MURRAY,0.0118,0.0044,0.0229,0.002,0.0229,wind
OK,Muskogee,MUSKOGEE,0.0187,0.007,0.0766,0.0005,0.0766,wind
OK,Noble,NOBLE,0.0204,0.0019,0.0355,0.0057,0.0355,wind
OK,Nowata,NOWATA,0.0042,0.0022,0.0222,0.0028,0.0222,wind
OK,Okfuskee,OKFUSKEE,0.0314,0.0028,0.0457,0.0015,0.0457,wind
OK,Oklahoma,OKLAHOMA,0.0046,0.0078,0.0815,0.0076,0.0815,wind
OK,Okmulgee,OKMULGEE,0.0216,0.0038,0.0494,0.0015,0.0494,wind
OK,Osage,OSAGE,0.0872,0.0018,0.0701,0.003,0.0872,fire
OK,Ottawa,OTTAWA,0.0299,0.0033,0.0351,0.0007,0.0351,wind
OK,Pawnee,PAWNEE,0.0144,0.0035,0.0267,0.0041,0.0267,wind
OK,Payne,PAYNE,0.0118,0.0036,0.0282,0.0044,0.0282,wind
OK,Pittsburg,PITTSBURG,0.0375,0.0053,0.045,0.0015,0.045,wind
OK,Pontotoc,PONTOTOC,0.0107,0.0023,0.0268,0.0012,0.0268,wind
OK,Pottawatomie,POTTAWATOMIE,0.0138,0.0024,0.0379,0.0041,0.0379,wind
OK,Pushmataha,PUSHMATAHA,0.0472,0.0034,0.0341,0.0011,0.0472,fire
OK,Roger Mills,ROGER MILLS,0.0116,0.0011,0.0299,0.0091,0.0299,wind
OK,Rogers,ROGERS,0.0145,0.003,0.056,0.0015,0.056,wind
OK,Seminole,SEMINOLE,0.0346,0.0024,0.0219,0.0012,0.0346,fire
OK,Sequoyah,SEQUOYAH,0.0325,0.0033,0.0583,0.0004,0.0583,wind
OK,Stephens,STEPHENS,0.0122,0.0045,0.0598,0.0028,0.0598,wind
OK,Texas,TEXAS,0.0152,0.0009,0.0697,0.0531,0.0697,wind
OK,Tillman,TILLMAN,0.003,0.002,0.0513,0.0056,0.0513,wind
OK,Tulsa,TULSA,0.005,0.009,0.0651,0.0021,0.0651,wind
OK,Wagoner,WAGONER,0.0068,0.0061,0.0634,0.0008,0.0634,wind
OK,Washington,WASHINGTON,0.0109,0.0032,0.046,0.0026,0.046,wind
OK,Washita,WASHITA,0.0053,0.0017,0.0466,0.0087,0.0466,wind
OK,Woods,WOODS,0.0072,0.0021,0.0515,0.007,0.0515,wind
OK,Woodward,WOODWARD,0.0259,0.0024,0.0592,0.0111,0.0592,wind
OR,Baker,BAKER,0.0564,0.0002,0.0112,0.0254,0.0564,fire
OR,Benton,BENTON,0.0043,0.0004,0.0012,0.0,0.0043,fire
OR,Clackamas,CLACKAMAS,0.0146,0.0013,0.0081,0.0007,0.0146,fire
OR,Clatsop,CLATSOP,0.0028,0.0003,0.0053,0.0002,0.0053,wind
OR,Columbia,COLUMBIA,0.0195,0.0009,0.0266,0.0288,0.0288,winter
OR,Coos,COOS,0.0356,0.0005,0.0021,0.0022,0.0356,fire
OR,Crook,CROOK,0.0631,0.0002,0.0019,0.0,0.0631,fire
OR,Curry,CURRY,0.0673,0.0005,0.1014,0.1871,0.1871,winter
OR,Deschutes,DESCHUTES,0.0783,0.0003,0.0048,0.0004,0.0783,fire
OR,Douglas,DOUGLAS,0.0622,0.0002,0.0114,0.1258,0.1258,winter
OR,Gilliam,GILLIAM,0.0198,0.0001,0.0024,0.006,0.0198,fire
OR,Grant,GRANT,0.0667,0.0001,0.0035,0.0006,0.0667,fire
OR,Harney,HARNEY,0.0617,0.0001,0.0134,0.0257,0.0617,fire
OR,Hood River,HOOD RIVER,0.0285,0.0004,0.0055,0.0109,0.0285,fire
OR,Jackson,JACKSON,0.0555,0.0006,0.0196,0.1835,0.1835,winter
OR,Jefferson,JEFFERSON,0.0541,0.0002,0.0034,0.0007,0.0541,fire
OR,Josephine,JOSEPHINE,0.0777,0.0004,0.0124,0.1791,0.1791,winter
OR,Klamath,KLAMATH,0.0889,0.0001,0.0405,0.1722,0.1722,winter
OR,Lake,LAKE,0.0556,0.0001,0.1297,0.1487,0.1487,winter
OR,Lane,LANE,0.0509,0.0014,0.0189,0.037,0.0509,fire
OR,Lincoln,LINCOLN,0.0066,0.0009,0.013,0.0003,0.013,wind
OR,Linn,LINN,0.0181,0.0005,0.0048,0.0006,0.0181,fire
OR,Malheur,MALHEUR,0.0756,0.0001,0.0106,0.0087,0.0756,fire
OR,Marion,MARION,0.0061,0.0003,0.006,0.0006,0.0061,fire
OR,Morrow,MORROW,0.0276,0.0002,0.0021,0.0001,0.0276,fire
OR,Multnomah,MULTNOMAH,0.0039,0.002,0.0045,0.0001,0.0045,wind
OR,Polk,POLK,0.0038,0.0005,0.0016,0.0009,0.0038,fire
OR,Sherman,SHERMAN,0.0138,0.0001,0.001,0.0,0.0138,fire
OR,Tillamook,TILLAMOOK,0.0057,0.0032,0.0059,0.0006,0.0059,wind
OR,Umatilla,UMATILLA,0.0537,0.0003,0.0122,0.0004,0.0537,fire
OR,Union,UNION,0.0381,0.0004,0.0026,0.0002,0.0381,fire
OR,Wallowa,WALLOWA,0.0555,0.0003,0.0415,0.021,0.0555,fire
OR,Wasco,WASCO,0.0436,0.0002,0.0048,0.0003,0.0436,fire
OR,Washington,WASHINGTON,0.0041,0.0004,0.0037,0.0001,0.0041,fire
OR,Wheeler,WHEELER,0.0443,0.0001,0.0044,0.0053,0.0443,fire
OR,Yamhill,YAMHILL,0.0035,0.0003,0.0011,0.0,0.0035,fire
PA,Adams,ADAMS,0.0004,0.0027,0.031,0.0063,0.031,wind
PA,Allegheny,ALLEGHENY,0.0011,0.0133,0.0383,0.0052,0.0383,wind
PA,Armstrong,ARMSTRONG,0.0011,0.0036,0.0305,0.0047,0.0305,wind
PA,Beaver,BEAVER,0.0007,0.0073,0.0344,0.0021,0.0344,wind
PA,Bedford,BEDFORD,0.0014,0.0009,0.017,0.0133,0.017,wind
PA,Berks,BERKS,0.0039,0.0045,0.0524,0.0211,0.0524,wind
PA,Blair,BLAIR,0.0025,0.0016,0.0253,0.0082,0.0253,wind
PA,Bradford,BRADFORD,0.0002,0.0147,0.032,0.0212,0.032,wind
PA,Bucks,BUCKS,0.0013,0.0068,0.0451,0.0137,0.0451,wind
PA,Butler,BUTLER,0.0004,0.0027,0.0378,0.0053,0.0378,wind
PA,Cambria,CAMBRIA,0.0015,0.0023,0.0378,0.0132,0.0378,wind
PA,Cameron,CAMERON,0.0012,0.0013,0.0117,0.0101,0.0117,wind
PA,Carbon,CARBON,0.0079,0.0026,0.0219,0.0412,0.0412,winter
PA,Centre,CENTRE,0.0041,0.0014,0.0386,0.0117,0.0386,wind
PA,Chester,CHESTER,0.0013,0.0071,0.0536,0.0127,0.0536,wind
PA,Clarion,CLARION,0.0011,0.0038,0.0288,0.0081,0.0288,wind
PA,Clearfield,CLEARFIELD,0.0014,0.0017,0.0476,0.0093,0.0476,wind
PA,Clinton,CLINTON,0.0013,0.0018,0.0342,0.0124,0.0342,wind
PA,Columbia,COLUMBIA,0.0004,0.0025,0.0268,0.0078,0.0268,wind
PA,Crawford,CRAWFORD,0.0007,0.0039,0.0624,0.016,0.0624,wind
PA,Cumberland,CUMBERLAND,0.0005,0.0017,0.0278,0.0051,0.0278,wind
PA,Dauphin,DAUPHIN,0.0005,0.0021,0.0282,0.0058,0.0282,wind
PA,Delaware,DELAWARE,0.0011,0.0057,0.0358,0.0058,0.0358,wind
PA,Elk,ELK,0.0042,0.0011,0.0352,0.0,0.0352,wind
PA,Erie,ERIE,0.0009,0.0115,0.0556,0.0399,0.0556,wind
PA,Fayette,FAYETTE,0.002,0.0052,0.0367,0.0268,0.0367,wind
PA,Forest,FOREST,0.0026,0.0018,0.025,0.0111,0.025,wind
PA,Franklin,FRANKLIN,0.0007,0.0014,0.0294,0.0078,0.0294,wind
PA,Fulton,FULTON,0.0004,0.0008,0.0104,0.009,0.0104,wind
PA,Greene,GREENE,0.0016,0.0025,0.0284,0.0042,0.0284,wind
PA,Huntingdon,HUNTINGDON,0.0016,0.0014,0.0228,0.0081,0.0228,wind
PA,Indiana,INDIANA,0.001,0.0033,0.0271,0.0074,0.0271,wind
PA,Jefferson,JEFFERSON,0.0011,0.0021,0.0313,0.006,0.0313,wind
PA,Juniata,JUNIATA,0.0008,0.0012,0.0137,0.007,0.0137,wind
PA,Lackawanna,LACKAWANNA,0.0023,0.0105,0.0313,0.0227,0.0313,wind
PA,Lancaster,LANCASTER,0.0003,0.0058,0.0424,0.0044,0.0424,wind
PA,Lawrence,LAWRENCE,0.0004,0.0031,0.0313,0.0021,0.0313,wind
PA,Lebanon,LEBANON,0.0003,0.0016,0.0422,0.0045,0.0422,wind
PA,Lehigh,LEHIGH,0.0021,0.0049,0.0398,0.0192,0.0398,wind
PA,Luzerne,LUZERNE,0.0015,0.009,0.0301,0.0168,0.0301,wind
PA,Lycoming,LYCOMING,0.0003,0.0029,0.0415,0.0136,0.0415,wind
PA,Mckean,MCKEAN,0.0028,0.0018,0.0323,0.0254,0.0323,wind
PA,Mercer,MERCER,0.0004,0.0032,0.032,0.0056,0.032,wind
PA,Mifflin,MIFFLIN,0.0008,0.0006,0.0179,0.0073,0.0179,wind
PA,Monroe,MONROE,0.0027,0.0027,0.0302,0.0469,0.0469,winter
PA,Montgomery,MONTGOMERY,0.0012,0.0062,0.0472,0.0129,0.0472,wind
PA,Montour,MONTOUR,0.0004,0.0026,0.0119,0.0073,0.0119,wind
PA,Northampton,NORTHAMPTON,0.0045,0.0052,0.0331,0.0235,0.0331,wind
PA,Northumberland,NORTHUMBERLAND,0.0004,0.0019,0.0196,0.0068,0.0196,wind
PA,Perry,PERRY,0.0008,0.0019,0.0224,0.0069,0.0224,wind
PA,Philadelphia,PHILADELPHIA,0.0006,0.0066,0.0379,0.0071,0.0379,wind
PA,Pike,PIKE,0.0024,0.0058,0.0209,0.0188,0.0209,wind
PA,Potter,POTTER,0.0014,0.0013,0.0312,0.0133,0.0312,wind
PA,Schuylkill,SCHUYLKILL,0.002,0.0022,0.0242,0.0072,0.0242,wind
PA,Snyder,SNYDER,0.0006,0.0006,0.0207,0.0069,0.0207,wind
PA,Somerset,SOMERSET,0.0016,0.0018,0.0222,0.0234,0.0234,winter
PA,Sullivan,SULLIVAN,0.0009,0.0021,0.0177,0.016,0.0177,wind
PA,Susquehanna,SUSQUEHANNA,0.0005,0.0067,0.0321,0.0329,0.0329,winter
PA,Tioga,TIOGA,0.0011,0.0018,0.0211,0.0158,0.0211,wind
PA,Union,UNION,0.0008,0.0022,0.0138,0.0066,0.0138,wind
PA,Venango,VENANGO,0.0011,0.0038,0.035,0.0135,0.035,wind
PA,Warren,WARREN,0.0039,0.0025,0.0408,0.0219,0.0408,wind
PA,Washington,WASHINGTON,0.0003,0.0056,0.0295,0.0042,0.0295,wind
PA,Wayne,WAYNE,0.0008,0.0077,0.028,0.0285,0.0285,winter
PA,Westmoreland,WESTMORELAND,0.0022,0.0045,0.0495,0.0172,0.0495,wind
PA,Wyoming,WYOMING,0.0004,0.0062,0.018,0.02,0.02,winter
PA,York,YORK,0.0005,0.0036,0.0434,0.0055,0.0434,wind
RI,Bristol,BRISTOL,0.0003,0.0053,0.029,0.0038,0.029,wind
RI,Kent,KENT,0.0008,0.0109,0.0449,0.0082,0.0449,wind
RI,Newport,NEWPORT,0.0004,0.0095,0.0337,0.0039,0.0337,wind
RI,Providence,PROVIDENCE,0.0003,0.0174,0.0641,0.0097,0.0641,wind
RI,Washington,WASHINGTON,0.0003,0.0109,0.0447,0.0038,0.0447,wind
SC,Abbeville,ABBEVILLE,0.0071,0.0025,0.0181,0.0054,0.0181,wind
SC,Aiken,AIKEN,0.0219,0.0028,0.0382,0.0007,0.0382,wind
SC,Allendale,ALLENDALE,0.0014,0.0012,0.0169,0.0003,0.0169,wind
SC,Anderson,ANDERSON,0.0019,0.0054,0.0495,0.0058,0.0495,wind
SC,Bamberg,BAMBERG,0.0031,0.0021,0.0158,0.0001,0.0158,wind
SC,Barnwell,BARNWELL,0.0133,0.0015,0.0205,0.0002,0.0205,wind
SC,Beaufort,BEAUFORT,0.0014,0.0074,0.0368,0.0002,0.0368,wind
SC,Berkeley,BERKELEY,0.0222,0.0116,0.0448,0.0008,0.0448,wind
SC,Calhoun,CALHOUN,0.0011,0.0041,0.0181,0.0002,0.0181,wind
SC,Charleston,CHARLESTON,0.0121,0.0148,0.0429,0.0004,0.0429,wind
SC,Cherokee,CHEROKEE,0.0022,0.0038,0.0237,0.0069,0.0237,wind
SC,Chester,CHESTER,0.0042,0.0016,0.0189,0.0043,0.0189,wind
SC,Chesterfield,CHESTERFIELD,0.0053,0.0036,0.023,0.0011,0.023,wind
SC,Clarendon,CLARENDON,0.0015,0.0072,0.0217,0.0002,0.0217,wind
SC,Colleton,COLLETON,0.0015,0.0038,0.0577,0.0002,0.0577,wind
SC,Darlington,DARLINGTON,0.0025,0.0049,0.0234,0.0011,0.0234,wind
SC,Dillon,DILLON,0.0013,0.0058,0.0127,0.0005,0.0127,wind
SC,Dorchester,DORCHESTER,0.0025,0.0068,0.0426,0.0003,0.0426,wind
SC,Edgefield,EDGEFIELD,0.0143,0.0016,0.0282,0.0011,0.0282,wind
SC,Fairfield,FAIRFIELD,0.0063,0.0037,0.0225,0.0009,0.0225,wind
SC,Florence,FLORENCE,0.0021,0.0086,0.021,0.001,0.021,wind
SC,Georgetown,GEORGETOWN,0.0017,0.0187,0.0219,0.0012,0.0219,wind
SC,Greenville,GREENVILLE,0.0013,0.0091,0.051,0.0082,0.051,wind
SC,Greenwood,GREENWOOD,0.0059,0.0042,0.0219,0.0056,0.0219,wind
SC,Hampton,HAMPTON,0.0016,0.0014,0.0313,0.0001,0.0313,wind
SC,Horry,HORRY,0.0026,0.0162,0.0311,0.0006,0.0311,wind
SC,Jasper,JASPER,0.0017,0.0025,0.0289,0.0001,0.0289,wind
SC,Kershaw,KERSHAW,0.0025,0.0072,0.0268,0.0005,0.0268,wind
SC,Lancaster,LANCASTER,0.0031,0.0067,0.0241,0.0011,0.0241,wind
SC,Laurens,LAURENS,0.0038,0.0034,0.0335,0.0059,0.0335,wind
SC,Lee,LEE,0.0018,0.0042,0.0093,0.0,0.0093,wind
SC,Lexington,LEXINGTON,0.0005,0.0077,0.0533,0.001,0.0533,wind
SC,Marion,MARION,0.0021,0.0092,0.0188,0.0007,0.0188,wind
SC,Marlboro,MARLBORO,0.0022,0.006,0.0127,0.0006,0.0127,wind
SC,Mccormick,MCCORMICK,0.0195,0.0012,0.0231,0.0014,0.0231,wind
SC,Newberry,NEWBERRY,0.0093,0.0034,0.0373,0.002,0.0373,wind
SC,Oconee,OCONEE,0.0087,0.0044,0.0388,0.004,0.0388,wind
SC,Orangeburg,ORANGEBURG,0.0025,0.0051,0.0334,0.0003,0.0334,wind
SC,Pickens,PICKENS,0.0013,0.0066,0.043,0.0093,0.043,wind
SC,Richland,RICHLAND,0.002,0.0165,0.0458,0.0007,0.0458,wind
SC,Saluda,SALUDA,0.008,0.0027,0.0311,0.0013,0.0311,wind
SC,Spartanburg,SPARTANBURG,0.0013,0.0079,0.0504,0.01,0.0504,wind
SC,Sumter,SUMTER,0.0017,0.006,0.0266,0.0002,0.0266,wind
SC,Union,UNION,0.0108,0.0035,0.0239,0.0048,0.0239,wind
SC,Williamsburg,WILLIAMSBURG,0.0015,0.0091,0.0148,0.0004,0.0148,wind
SC,York,YORK,0.0014,0.0044,0.0352,0.0054,0.0352,wind
SD,Aurora,AURORA,0.0008,0.0003,0.0304,0.0357,0.0357,winter
SD,Beadle,BEADLE,0.0012,0.0005,0.0337,0.0374,0.0374,winter
SD,Bennett,BENNETT,0.0103,0.0002,0.0633,0.0619,0.0633,wind
SD,Bon Homme,BON HOMME,0.0011,0.0007,0.0223,0.0249,0.0249,winter
SD,Brookings,BROOKINGS,0.0015,0.0005,0.0264,0.0354,0.0354,winter
SD,Brown,BROWN,0.0073,0.0003,0.046,0.0372,0.046,wind
SD,Brule,BRULE,0.0016,0.0005,0.0341,0.0363,0.0363,winter
SD,Buffalo,BUFFALO,0.0081,0.0003,0.0322,0.024,0.0322,wind
SD,Butte,BUTTE,0.0157,0.0003,0.106,0.0945,0.106,wind
SD,Campbell,CAMPBELL,0.0042,0.0002,0.0291,0.0299,0.0299,winter
SD,Charles Mix,CHARLES MIX,0.0038,0.0008,0.0357,0.0316,0.0357,wind
SD,Clark,CLARK,0.0009,0.0003,0.0329,0.0297,0.0329,wind
SD,Clay,CLAY,0.0015,0.0006,0.0221,0.0218,0.0221,wind
SD,Codington,CODINGTON,0.002,0.0003,0.0236,0.0273,0.0273,winter
SD,Corson,CORSON,0.023,0.0002,0.085,0.0482,0.085,wind
SD,Custer,CUSTER,0.0773,0.0003,0.058,0.0594,0.0773,fire
SD,Davison,DAVISON,0.0024,0.0005,0.0388,0.0288,0.0388,wind
SD,Day,DAY,0.0019,0.0003,0.0138,0.0001,0.0138,wind
SD,Deuel,DEUEL,0.0019,0.0004,0.0229,0.0255,0.0255,winter
SD,Dewey,DEWEY,0.0224,0.0002,0.0552,0.0423,0.0552,wind
SD,Douglas,DOUGLAS,0.0011,0.0002,0.0258,0.0318,0.0318,winter
SD,Edmunds,EDMUNDS,0.001,0.0001,0.0301,0.0321,0.0321,winter
SD,Fall River,FALL RIVER,0.0459,0.0004,0.0445,0.0747,0.0747,winter
SD,Faulk,FAULK,0.0013,0.0001,0.0265,0.0332,0.0332,winter
SD,Grant,GRANT,0.0014,0.0005,0.0334,0.0306,0.0334,wind
SD,Gregory,GREGORY,0.0059,0.0005,0.0379,0.0354,0.0379,wind
SD,Haakon,HAAKON,0.0051,0.0003,0.119,0.0642,0.119,wind
SD,Hamlin,HAMLIN,0.0008,0.0003,0.0249,0.0229,0.0249,wind
SD,Hand,HAND,0.0021,0.0002,0.0372,0.032,0.0372,wind
SD,Hanson,HANSON,0.0014,0.0004,0.0242,0.0314,0.0314,winter
SD,Harding,HARDING,0.0223,0.0002,0.1487,0.0832,0.1487,wind
SD,Hughes,HUGHES,0.0085,0.0003,0.0641,0.0325,0.0641,wind
SD,Hutchinson,HUTCHINSON,0.001,0.0008,0.0295,0.0304,0.0304,winter
SD,Hyde,HYDE,0.0037,0.0002,0.0276,0.0278,0.0278,winter
SD,Jackson,JACKSON,0.0239,0.0006,0.0856,0.0674,0.0856,wind
SD,Jerauld,JERAULD,0.0015,0.0003,0.0273,0.0339,0.0339,winter
SD,Jones,JONES,0.011,0.0002,0.0583,0.0431,0.0583,wind
SD,Kingsbury,KINGSBURY,0.0008,0.0003,0.027,0.0307,0.0307,winter
SD,Lake,LAKE,0.0009,0.0005,0.0253,0.0334,0.0334,winter
SD,Lawrence,LAWRENCE,0.048,0.0005,0.0161,0.0103,0.048,fire
SD,Lincoln,LINCOLN,0.0017,0.0014,0.0257,0.0342,0.0342,winter
SD,Lyman,LYMAN,0.0218,0.0003,0.0715,0.0312,0.0715,wind
SD,Marshall,MARSHALL,0.0023,0.0002,0.033,0.0346,0.0346,winter
SD,Mccook,MCCOOK,0.0006,0.0004,0.0239,0.034,0.034,winter
SD,Mcpherson,MCPHERSON,0.0022,0.0002,0.0348,0.0334,0.0348,wind
SD,Meade,MEADE,0.0378,0.001,0.1772,0.096,0.1772,wind
SD,Mellette,MELLETTE,0.0216,0.0003,0.0475,0.0442,0.0475,wind
SD,Miner,MINER,0.001,0.0004,0.0245,0.0275,0.0275,winter
SD,Minnehaha,MINNEHAHA,0.0018,0.0014,0.0305,0.0374,0.0374,winter
SD,Moody,MOODY,0.0012,0.0003,0.0176,0.034,0.034,winter
SD,Oglala Lakota,OGLALA LAKOTA,0.0349,0.0003,0.0842,0.0787,0.0842,wind
SD,Pennington,PENNINGTON,0.072,0.0016,0.1529,0.0863,0.1529,wind
SD,Perkins,PERKINS,0.0058,0.0002,0.1118,0.0704,0.1118,wind
SD,Potter,POTTER,0.0041,0.0001,0.033,0.0377,0.0377,winter
SD,Roberts,ROBERTS,0.0038,0.0003,0.077,0.041,0.077,wind
SD,Sanborn,SANBORN,0.002,0.0005,0.0289,0.0296,0.0296,winter
SD,Spink,SPINK,0.0015,0.0002,0.0269,0.0331,0.0331,winter
SD,Stanley,STANLEY,0.0134,0.0002,0.0716,0.039,0.0716,wind
SD,Sully,SULLY,0.0013,0.0001,0.0415,0.0326,0.0415,wind
SD,Todd,TODD,0.0282,0.0005,0.0767,0.0472,0.0767,wind
SD,Tripp,TRIPP,0.006,0.0002,0.0708,0.0382,0.0708,wind
SD,Turner,TURNER,0.0012,0.0006,0.0222,0.0325,0.0325,winter
SD,Union,UNION,0.0015,0.0012,0.0275,0.0252,0.0275,wind
SD,Walworth,WALWORTH,0.0049,0.0002,0.0356,0.0305,0.0356,wind
SD,Yankton,YANKTON,0.0027,0.0012,0.0259,0.0289,0.0289,winter
SD,Ziebach,ZIEBACH,0.0138,0.0001,0.1111,0.0646,0.1111,wind
TN,Anderson,ANDERSON,0.0071,0.0013,0.0324,0.0012,0.0324,wind
TN,Bedford,BEDFORD,0.0013,0.0011,0.0378,0.0032,0.0378,wind
TN,Benton,BENTON,0.0068,0.0021,0.0334,0.0007,0.0334,wind
TN,Bledsoe,BLEDSOE,0.0025,0.0016,0.0235,0.0017,0.0235,wind
TN,Blount,BLOUNT,0.0065,0.0012,0.0301,0.0061,0.0301,wind
TN,Bradley,BRADLEY,0.0012,0.0018,0.0233,0.0025,0.0233,wind
TN,Campbell,CAMPBELL,0.0139,0.0018,0.0296,0.0045,0.0296,wind
TN,Cannon,CANNON,0.0022,0.0012,0.0238,0.0015,0.0238,wind
TN,Carroll,CARROLL,0.0038,0.0023,0.0252,0.0031,0.0252,wind
TN,Carter,CARTER,0.0089,0.0029,0.0223,0.01,0.0223,wind
TN,Cheatham,CHEATHAM,0.001,0.0031,0.0176,0.0013,0.0176,wind
TN,Chester,CHESTER,0.0037,0.0026,0.0091,0.0034,0.0091,wind
TN,Claiborne,CLAIBORNE,0.0045,0.0012,0.0275,0.0038,0.0275,wind
TN,Clay,CLAY,0.0016,0.0011,0.0293,0.0026,0.0293,wind
TN,Cocke,COCKE,0.0089,0.0015,0.0284,0.0063,0.0284,wind
TN,Coffee,COFFEE,0.0019,0.002,0.041,0.0038,0.041,wind
TN,Crockett,CROCKETT,0.0007,0.0013,0.0189,0.0016,0.0189,wind
TN,Cumberland,CUMBERLAND,0.013,0.0017,0.0271,0.0174,0.0271,wind
TN,Davidson,DAVIDSON,0.0016,0.0077,0.0724,0.0029,0.0724,wind
TN,Decatur,DECATUR,0.0043,0.0024,0.0174,0.0011,0.0174,wind
TN,Dekalb,DEKALB,0.0031,0.0015,0.0227,0.0034,0.0227,wind
TN,Dickson,DICKSON,0.0017,0.0034,0.037,0.0016,0.037,wind
TN,Dyer,DYER,0.0009,0.0017,0.0223,0.0016,0.0223,wind
TN,Fayette,FAYETTE,0.0028,0.0036,0.0175,0.0009,0.0175,wind
TN,Fentress,FENTRESS,0.0053,0.0015,0.0205,0.0139,0.0205,wind
TN,Franklin,FRANKLIN,0.0028,0.0015,0.0268,0.0899,0.0899,winter
TN,Gibson,GIBSON,0.001,0.0016,0.0231,0.0025,0.0231,wind
TN,Giles,GILES,0.0021,0.0033,0.0335,0.0025,0.0335,wind
TN,Grainger,GRAINGER,0.0023,0.0013,0.0232,0.0029,0.0232,wind
TN,Greene,GREENE,0.0065,0.0017,0.0386,0.0084,0.0386,wind
TN,Grundy,GRUNDY,0.0076,0.0016,0.0144,0.0086,0.0144,wind
TN,Hamblen,HAMBLEN,0.0018,0.002,0.0131,0.0019,0.0131,wind
TN,Hamilton,HAMILTON,0.0077,0.0031,0.0283,0.001,0.0283,wind
TN,Hancock,HANCOCK,0.0037,0.0013,0.0115,0.003,0.0115,wind
TN,Hardeman,HARDEMAN,0.0055,0.0027,0.0137,0.003,0.0137,wind
TN,Hardin,HARDIN,0.005,0.0038,0.0278,0.0012,0.0278,wind
TN,Hawkins,HAWKINS,0.0046,0.0012,0.0195,0.0012,0.0195,wind
TN,Haywood,HAYWOOD,0.0014,0.0011,0.011,0.0017,0.011,wind
TN,Henderson,HENDERSON,0.0043,0.0023,0.0232,0.0018,0.0232,wind
TN,Henry,HENRY,0.0025,0.0022,0.026,0.0043,0.026,wind
TN,Hickman,HICKMAN,0.0051,0.0034,0.0388,0.0016,0.0388,wind
TN,Houston,HOUSTON,0.0059,0.0017,0.0282,0.0009,0.0282,wind
TN,Humphreys,HUMPHREYS,0.0055,0.0027,0.0333,0.0006,0.0333,wind
TN,Jackson,JACKSON,0.0017,0.0013,0.032,0.0017,0.032,wind
TN,Jefferson,JEFFERSON,0.0007,0.0012,0.0156,0.0019,0.0156,wind
TN,Johnson,JOHNSON,0.0023,0.0025,0.016,0.0124,0.016,wind
TN,Knox,KNOX,0.0016,0.0016,0.032,0.002,0.032,wind
TN,Lake,LAKE,0.0011,0.0011,0.0175,0.0038,0.0175,wind
TN,Lauderdale,LAUDERDALE,0.0033,0.0021,0.0245,0.0011,0.0245,wind
TN,Lawrence,LAWRENCE,0.0031,0.003,0.0446,0.0044,0.0446,wind
TN,Lewis,LEWIS,0.0038,0.0025,0.0285,0.0013,0.0285,wind
TN,Lincoln,LINCOLN,0.0018,0.0014,0.0436,0.0852,0.0852,winter
TN,Loudon,LOUDON,0.0018,0.0012,0.0185,0.0018,0.0185,wind
TN,Macon,MACON,0.0014,0.0016,0.0249,0.0017,0.0249,wind
TN,Madison,MADISON,0.0039,0.0028,0.0228,0.0029,0.0228,wind
TN,Marion,MARION,0.0123,0.0017,0.0298,0.0019,0.0298,wind
TN,Marshall,MARSHALL,0.0016,0.0026,0.0191,0.0029,0.0191,wind
TN,Maury,MAURY,0.0012,0.0033,0.0432,0.0017,0.0432,wind
TN,Mcminn,MCMINN,0.0015,0.001,0.0257,0.0015,0.0257,wind
TN,Mcnairy,MCNAIRY,0.0055,0.0027,0.0135,0.0043,0.0135,wind
TN,Meigs,MEIGS,0.0024,0.0011,0.0082,0.0013,0.0082,wind
TN,Monroe,MONROE,0.0159,0.0011,0.0324,0.0029,0.0324,wind
TN,Montgomery,MONTGOMERY,0.0022,0.0031,0.0441,0.0024,0.0441,wind
TN,Moore,MOORE,0.0013,0.0013,0.0214,0.0796,0.0796,winter
TN,Morgan,MORGAN,0.0435,0.0011,0.0207,0.0032,0.0435,fire
TN,Obion,OBION,0.0016,0.0021,0.0286,0.0076,0.0286,wind
TN,Overton,OVERTON,0.0011,0.0016,0.0302,0.0077,0.0302,wind
TN,Perry,PERRY,0.0075,0.0024,0.0263,0.0008,0.0263,wind
TN,Pickett,PICKETT,0.0022,0.0015,0.0114,0.0056,0.0114,wind
TN,Polk,POLK,0.0198,0.0012,0.0202,0.0022,0.0202,wind
TN,Putnam,PUTNAM,0.0028,0.0024,0.0374,0.0135,0.0374,wind
TN,Rhea,RHEA,0.0033,0.0019,0.0247,0.0022,0.0247,wind
TN,Roane,ROANE,0.0032,0.0015,0.0266,0.002,0.0266,wind
TN,Robertson,ROBERTSON,0.0009,0.002,0.0336,0.0025,0.0336,wind
TN,Rutherford,RUTHERFORD,0.0025,0.0018,0.0511,0.0015,0.0511,wind
TN,Scott,SCOTT,0.0197,0.0016,0.0234,0.0021,0.0234,wind
TN,Sequatchie,SEQUATCHIE,0.0051,0.0018,0.0285,0.0006,0.0285,wind
TN,Sevier,SEVIER,0.0066,0.0022,0.0514,0.0182,0.0514,wind
TN,Shelby,SHELBY,0.0032,0.0087,0.0405,0.002,0.0405,wind
TN,Smith,SMITH,0.0009,0.0021,0.0295,0.0029,0.0295,wind
TN,Stewart,STEWART,0.0082,0.002,0.0323,0.0037,0.0323,wind
TN,Sullivan,SULLIVAN,0.0075,0.0019,0.018,0.0026,0.018,wind
TN,Sumner,SUMNER,0.0011,0.0017,0.0501,0.0025,0.0501,wind
TN,Tipton,TIPTON,0.0018,0.0031,0.022,0.001,0.022,wind
TN,Trousdale,TROUSDALE,0.0007,0.0015,0.0188,0.0005,0.0188,wind
TN,Unicoi,UNICOI,0.0108,0.0029,0.0174,0.0085,0.0174,wind
TN,Union,UNION,0.0014,0.0015,0.0152,0.0018,0.0152,wind
TN,Van Buren,VAN BUREN,0.0046,0.0015,0.012,0.0032,0.012,wind
TN,Warren,WARREN,0.0013,0.0014,0.0353,0.0049,0.0353,wind
TN,Washington,WASHINGTON,0.0016,0.0014,0.0199,0.0033,0.0199,wind
TN,Wayne,WAYNE,0.0048,0.002,0.0265,0.0039,0.0265,wind
TN,Weakley,WEAKLEY,0.002,0.0017,0.0187,0.0032,0.0187,wind
TN,White,WHITE,0.0021,0.0014,0.0255,0.0081,0.0255,wind
TN,Williamson,WILLIAMSON,0.0017,0.0023,0.0433,0.0014,0.0433,wind
TN,Wilson,WILSON,0.0018,0.0018,0.0572,0.0022,0.0572,wind
TX,Anderson,ANDERSON,0.0514,0.0077,0.0413,0.0021,0.0514,fire
TX,Andrews,ANDREWS,0.0058,0.0079,0.0261,0.0067,0.0261,wind
TX,Angelina,ANGELINA,0.0493,0.0068,0.0343,0.0018,0.0493,fire
TX,Aransas,ARANSAS,0.007,0.0045,0.0159,0.0007,0.0159,wind
TX,Archer,ARCHER,0.0292,0.0016,0.0145,0.0052,0.0292,fire
TX,Armstrong,ARMSTRONG,0.0152,0.0009,0.032,0.0348,0.0348,winter
TX,Atascosa,ATASCOSA,0.0132,0.0157,0.0081,0.003,0.0157,flood
TX,Austin,AUSTIN,0.0031,0.0071,0.0209,0.0013,0.0209,wind
TX,Bailey,BAILEY,0.0076,0.0024,0.029,0.0232,0.029,wind
TX,Bandera,BANDERA,0.004,0.0286,0.0086,0.0063,0.0286,flood
TX,Bastrop,BASTROP,0.0501,0.0158,0.0174,0.0045,0.0501,fire
TX,Baylor,BAYLOR,0.0078,0.002,0.0171,0.006,0.0171,wind
TX,Bee,BEE,0.0055,0.0042,0.012,0.0014,0.012,wind
TX,Bell,BELL,0.0244,0.0152,0.0376,0.0059,0.0376,wind
TX,Bexar,BEXAR,0.0067,0.043,0.0331,0.007,0.043,flood
TX,Blanco,BLANCO,0.0214,0.0163,0.0085,0.0064,0.0214,fire
TX,Borden,BORDEN,0.0046,0.0009,0.0218,0.0077,0.0218,wind
TX,Bosque,BOSQUE,0.0145,0.0093,0.027,0.0039,0.027,wind
TX,Bowie,BOWIE,0.0475,0.0093,0.0431,0.0016,0.0475,fire
TX,Brazoria,BRAZORIA,0.009,0.0217,0.0385,0.0006,0.0385,wind
TX,Brazos,BRAZOS,0.0054,0.0112,0.036,0.0024,0.036,wind
TX,Brewster,BREWSTER,0.0078,0.0099,0.0295,0.0019,0.0295,wind
TX,Briscoe,BRISCOE,0.01,0.001,0.0355,0.0237,0.0355,wind
TX,Brooks,BROOKS,0.0168,0.0043,0.0118,0.0087,0.0168,fire
TX,Brown,BROWN,0.0203,0.0088,0.0314,0.0128,0.0314,wind
TX,Burleson,BURLESON,0.0046,0.0068,0.0277,0.0022,0.0277,wind
TX,Burnet,BURNET,0.0338,0.0095,0.0228,0.006,0.0338,fire
TX,Caldwell,CALDWELL,0.0224,0.0167,0.028,0.0065,0.028,wind
TX,Calhoun,CALHOUN,0.0031,0.0017,0.0127,0.0009,0.0127,wind
TX,Callahan,CALLAHAN,0.0283,0.0061,0.015,0.0122,0.0283,fire
TX,Cameron,CAMERON,0.0031,0.025,0.0402,0.0038,0.0402,wind
TX,Camp,CAMP,0.038,0.0051,0.027,0.0029,0.038,fire
TX,Carson,CARSON,0.018,0.0013,0.0481,0.0526,0.0526,winter
TX,Cass,CASS,0.0365,0.0064,0.038,0.0017,0.038,wind
TX,Castro,CASTRO,0.0042,0.0011,0.0473,0.0317,0.0473,wind
TX,Chambers,CHAMBERS,0.007,0.0162,0.0189,0.0005,0.0189,wind
TX,Cherokee,CHEROKEE,0.0483,0.0027,0.0543,0.002,0.0543,wind
TX,Childress,CHILDRESS,0.0154,0.0021,0.0395,0.0144,0.0395,wind
TX,Clay,CLAY,0.0334,0.0013,0.0197,0.0034,0.0334,fire
TX,Cochran,COCHRAN,0.0063,0.0022,0.0365,0.0151,0.0365,wind
TX,Coke,COKE,0.0114,0.002,0.0109,0.0112,0.0114,fire
TX,Coleman,COLEMAN,0.0205,0.0028,0.0171,0.0072,0.0205,fire
TX,Collin,COLLIN,0.0109,0.0077,0.0588,0.0054,0.0588,wind
TX,Collingsworth,COLLINGSWORTH,0.0075,0.0007,0.036,0.0202,0.036,wind
TX,Colorado,COLORADO,0.0083,0.0058,0.0172,0.0013,0.0172,wind
TX,Comal,COMAL,0.0059,0.0256,0.0265,0.007,0.0265,wind
TX,Comanche,COMANCHE,0.0138,0.0046,0.0266,0.0054,0.0266,wind
TX,Concho,CONCHO,0.0108,0.0033,0.0064,0.0093,0.0108,fire
TX,Cooke,COOKE,0.011,0.0047,0.0263,0.0057,0.0263,wind
TX,Coryell,CORYELL,0.0165,0.0089,0.0238,0.0053,0.0238,wind
TX,Cottle,COTTLE,0.0094,0.0012,0.0273,0.0139,0.0273,wind
TX,Crane,CRANE,0.0031,0.0012,0.0112,0.0035,0.0112,wind
TX,Crockett,CROCKETT,0.0309,0.0119,0.0191,0.0058,0.0309,fire
TX,Crosby,CROSBY,0.0051,0.0015,0.0381,0.0195,0.0381,wind
TX,Culberson,CULBERSON,0.004,0.0017,0.1354,0.0057,0.1354,wind
TX,Dallam,DALLAM,0.02,0.0007,0.031,0.0585,0.0585,winter
TX,Dallas,DALLAS,0.0065,0.0316,0.0795,0.0052,0.0795,wind
TX,Dawson,DAWSON,0.0012,0.0053,0.0218,0.0076,0.0218,wind
TX,Deaf Smith,DEAF SMITH,0.0103,0.0019,0.0511,0.0402,0.0511,wind
TX,Delta,DELTA,0.0101,0.0044,0.0114,0.0025,0.0114,wind
TX,Denton,DENTON,0.0112,0.012,0.0629,0.0055,0.0629,wind
TX,Dewitt,DEWITT,0.0108,0.0012,0.0005,0.0002,0.0108,fire
TX,Dickens,DICKENS,0.011,0.0011,0.0136,0.0139,0.0139,winter
TX,Dimmit,DIMMIT,0.0047,0.005,0.003,0.0006,0.005,flood
TX,Donley,DONLEY,0.0128,0.0005,0.03,0.0301,0.0301,winter
TX,Duval,DUVAL,0.0056,0.0033,0.0142,0.0017,0.0142,wind
TX,Eastland,EASTLAND,0.023,0.0063,0.0216,0.0072,0.023,fire
TX,Ector,ECTOR,0.0067,0.0337,0.0563,0.005,0.0563,wind
TX,Edwards,EDWARDS,0.0068,0.018,0.0071,0.0056,0.018,flood
TX,El Paso,EL PASO,0.0029,0.0208,0.0475,0.0037,0.0475,wind
TX,Ellis,ELLIS,0.0167,0.0088,0.042,0.004,0.042,wind
TX,Erath,ERATH,0.013,0.0051,0.0276,0.0074,0.0276,wind
TX,Falls,FALLS,0.006,0.0073,0.0191,0.0039,0.0191,wind
TX,Fannin,FANNIN,0.0352,0.0061,0.0369,0.0035,0.0369,wind
TX,Fayette,FAYETTE,0.0091,0.0077,0.0109,0.0042,0.0109,wind
TX,Fisher,FISHER,0.0162,0.0012,0.0179,0.0124,0.0179,wind
TX,Floyd,FLOYD,0.0028,0.001,0.0299,0.0206,0.0299,wind
TX,Foard,FOARD,0.0065,0.0009,0.0126,0.0082,0.0126,wind
TX,Fort Bend,FORT BEND,0.0022,0.0152,0.0401,0.0013,0.0401,wind
TX,Franklin,FRANKLIN,0.0283,0.0044,0.0208,0.0042,0.0283,fire
TX,Freestone,FREESTONE,0.0185,0.0046,0.022,0.0025,0.022,wind
TX,Frio,FRIO,0.0067,0.0121,0.007,0.0012,0.0121,flood
TX,Gaines,GAINES,0.0034,0.0059,0.0372,0.0066,0.0372,wind
TX,Galveston,GALVESTON,0.0046,0.0331,0.0501,0.0006,0.0501,wind
TX,Garza,GARZA,0.01,0.0032,0.04,0.0139,0.04,wind
TX,Gillespie,GILLESPIE,0.0167,0.017,0.0124,0.0102,0.017,flood
TX,Glasscock,GLASSCOCK,0.0041,0.0014,0.0217,0.0053,0.0217,wind
TX,Goliad,GOLIAD,0.0076,0.0039,0.0094,0.0015,0.0094,wind
TX,Gonzales,GONZALES,0.0166,0.0095,0.0132,0.0021,0.0166,fire
TX,Gray,GRAY,0.0157,0.0014,0.0439,0.0459,0.0459,winter
TX,Grayson,GRAYSON,0.0181,0.0087,0.0469,0.0059,0.0469,wind
TX,Gregg,GREGG,0.0149,0.0078,0.0417,0.0039,0.0417,wind
TX,Grimes,GRIMES,0.0386,0.0091,0.0182,0.0017,0.0386,fire
TX,Guadalupe,GUADALUPE,0.0096,0.0263,0.1628,0.0085,0.1628,wind
TX,Hale,HALE,0.0038,0.0035,0.0532,0.0195,0.0532,wind
TX,Hall,HALL,0.0067,0.0012,0.0387,0.019,0.0387,wind
TX,Hamilton,HAMILTON,0.0139,0.004,0.0167,0.0039,0.0167,wind
TX,Hansford,HANSFORD,0.0075,0.0004,0.0338,0.0631,0.0631,winter
TX,Hardeman,HARDEMAN,0.0083,0.0014,0.0301,0.01,0.0301,wind
TX,Hardin,HARDIN,0.0265,0.0129,0.0228,0.0036,0.0265,fire
TX,Harris,HARRIS,0.002,0.0549,0.0861,0.0019,0.0861,wind
TX,Harrison,HARRISON,0.0487,0.0061,0.059,0.0014,0.059,wind
TX,Hartley,HARTLEY,0.0203,0.001,0.0406,0.052,0.052,winter
TX,Haskell,HASKELL,0.0075,0.0021,0.0268,0.0132,0.0268,wind
TX,Hays,HAYS,0.0054,0.02,0.0207,0.0056,0.0207,wind
TX,Hemphill,HEMPHILL,0.0113,0.0012,0.0264,0.0421,0.0421,winter
TX,Henderson,HENDERSON,0.0368,0.01,0.0483,0.0038,0.0483,wind
TX,Hidalgo,HIDALGO,0.01,0.0193,0.0331,0.0102,0.0331,wind
TX,Hill,HILL,0.014,0.0067,0.0338,0.0041,0.0338,wind
TX,Hockley,HOCKLEY,0.0061,0.0045,0.0462,0.0188,0.0462,wind
TX,Hood,HOOD,0.018,0.0061,0.021,0.0065,0.021,wind
TX,Hopkins,HOPKINS,0.019,0.006,0.0362,0.0044,0.0362,wind
TX,Houston,HOUSTON,0.0604,0.0047,0.0328,0.0011,0.0604,fire
TX,Howard,HOWARD,0.0108,0.0096,0.0275,0.0072,0.0275,wind
TX,Hudspeth,HUDSPETH,0.0033,0.0016,0.0124,0.0041,0.0124,wind
TX,Hunt,HUNT,0.0427,0.007,0.0322,0.0035,0.0427,fire
TX,Hutchinson,HUTCHINSON,0.0388,0.0026,0.0311,0.0565,0.0565,winter
TX,Irion,IRION,0.0093,0.0013,0.0086,0.0092,0.0093,fire
TX,Jack,JACK,0.0437,0.0027,0.0362,0.0083,0.0437,fire
TX,Jackson,JACKSON,0.003,0.0052,0.0106,0.0006,0.0106,wind
TX,Jasper,JASPER,0.0401,0.0114,0.0396,0.0011,0.0401,fire
TX,Jeff Davis,JEFF DAVIS,0.0073,0.0054,0.0101,0.0019,0.0101,wind
TX,Jefferson,JEFFERSON,0.0173,0.0482,0.0346,0.0016,0.0482,flood
TX,Jim Hogg,JIM HOGG,0.0044,0.0073,0.0059,0.0126,0.0126,winter
TX,Jim Wells,JIM WELLS,0.006,0.0064,0.0263,0.0012,0.0263,wind
TX,Johnson,JOHNSON,0.0104,0.008,0.0392,0.0064,0.0392,wind
TX,Jones,JONES,0.0364,0.005,0.0256,0.0159,0.0364,fire
TX,Karnes,KARNES,0.0048,0.0074,0.005,0.0013,0.0074,flood
TX,Kaufman,KAUFMAN,0.027,0.0099,0.0439,0.0057,0.0439,wind
TX,Kendall,KENDALL,0.0075,0.0218,0.0121,0.0085,0.0218,flood
TX,Kenedy,KENEDY,0.0098,0.0025,0.0099,0.0088,0.0099,wind
TX,Kent,KENT,0.01,0.0009,0.0124,0.0112,0.0124,wind
TX,Kerr,KERR,0.0075,0.0286,0.0083,0.0096,0.0286,flood
TX,Kimble,KIMBLE,0.0124,0.0137,0.0113,0.0084,0.0137,flood
TX,King,KING,0.0099,0.0005,0.0175,0.0136,0.0175,wind
TX,Kinney,KINNEY,0.0045,0.0118,0.012,0.0026,0.012,wind
TX,Kleberg,KLEBERG,0.0092,0.0044,0.0166,0.0007,0.0166,wind
TX,Knox,KNOX,0.004,0.0016,0.0142,0.0082,0.0142,wind
TX,La Salle,LA SALLE,0.006,0.0055,0.0121,0.0019,0.0121,wind
TX,Lamar,LAMAR,0.029,0.0055,0.0408,0.0037,0.0408,wind
TX,Lamb,LAMB,0.0054,0.0021,0.0425,0.0243,0.0425,wind
TX,Lampasas,LAMPASAS,0.0225,0.0058,0.0191,0.0078,0.0225,fire
TX,Lavaca,LAVACA,0.0051,0.0059,0.0134,0.0014,0.0134,wind
TX,Lee,LEE,0.0096,0.0038,0.0126,0.0007,0.0126,wind
TX,Leon,LEON,0.022,0.0039,0.0297,0.0017,0.0297,wind
TX,Liberty,LIBERTY,0.0332,0.018,0.0402,0.0014,0.0402,wind
TX,Limestone,LIMESTONE,0.0265,0.0068,0.0319,0.0036,0.0319,wind
TX,Lipscomb,LIPSCOMB,0.0163,0.0007,0.0268,0.047,0.047,winter
TX,Live Oak,LIVE OAK,0.0124,0.0067,0.0138,0.0018,0.0138,wind
TX,Llano,LLANO,0.0189,0.0172,0.0165,0.007,0.0189,fire
TX,Loving,LOVING,0.002,0.0006,0.0087,0.0038,0.0087,wind
TX,Lubbock,LUBBOCK,0.007,0.0102,0.0755,0.0198,0.0755,wind
TX,Lynn,LYNN,0.0017,0.0023,0.0271,0.0144,0.0271,wind
TX,Madison,MADISON,0.0126,0.0051,0.0203,0.0018,0.0203,wind
TX,Marion,MARION,0.036,0.0061,0.0297,0.0014,0.036,fire
TX,Martin,MARTIN,0.0031,0.0021,0.0203,0.0058,0.0203,wind
TX,Mason,MASON,0.0111,0.0086,0.0076,0.0083,0.0111,fire
TX,Matagorda,MATAGORDA,0.0042,0.0042,0.0201,0.0003,0.0201,wind
TX,Maverick,MAVERICK,0.0041,0.0197,0.0088,0.0012,0.0197,flood
TX,Mcculloch,MCCULLOCH,0.0168,0.0032,0.0168,0.01,0.0168,fire
TX,Mclennan,MCLENNAN,0.0122,0.0168,0.0395,0.0057,0.0395,wind
TX,Mcmullen,MCMULLEN,0.0027,0.0039,0.0033,0.001,0.0039,flood
TX,Medina,MEDINA,0.0056,0.0212,0.0164,0.0044,0.0212,flood
TX,Menard,MENARD,0.0138,0.0071,0.012,0.0081,0.0138,fire
TX,Midland,MIDLAND,0.0074,0.0312,0.0535,0.0051,0.0535,wind
TX,Milam,MILAM,0.0156,0.0082,0.0182,0.0053,0.0182,wind
TX,Mills,MILLS,0.0098,0.0032,0.0117,0.0057,0.0117,wind
TX,Mitchell,MITCHELL,0.0092,0.0032,0.0252,0.0063,0.0252,wind
TX,Montague,MONTAGUE,0.016,0.0036,0.0207,0.0083,0.0207,wind
TX,Montgomery,MONTGOMERY,0.0183,0.0202,0.0425,0.0023,0.0425,wind
TX,Moore,MOORE,0.0171,0.0017,0.0365,0.0576,0.0576,winter
TX,Morris,MORRIS,0.0322,0.0064,0.0204,0.0023,0.0322,fire
TX,Motley,MOTLEY,0.0128,0.0006,0.0338,0.0197,0.0338,wind
TX,Nacogdoches,NACOGDOCHES,0.036,0.0059,0.046,0.0015,0.046,wind
TX,Navarro,NAVARRO,0.0242,0.0081,0.051,0.0048,0.051,wind
TX,Newton,NEWTON,0.0328,0.0095,0.0329,0.0007,0.0329,wind
TX,Nolan,NOLAN,0.0398,0.0048,0.029,0.0117,0.0398,fire
TX,Nueces,NUECES,0.0043,0.0171,0.0475,0.0006,0.0475,wind
TX,Ochiltree,OCHILTREE,0.0089,0.0004,0.0239,0.0556,0.0556,winter
TX,Oldham,OLDHAM,0.0122,0.0011,0.0284,0.0439,0.0439,winter
TX,Orange,ORANGE,0.0092,0.0288,0.0284,0.0016,0.0288,flood
TX,Palo Pinto,PALO PINTO,0.0397,0.0066,0.0357,0.0098,0.0397,fire
TX,Panola,PANOLA,0.0405,0.0066,0.0612,0.0007,0.0612,wind
TX,Parker,PARKER,0.0231,0.0047,0.0285,0.0074,0.0285,wind
TX,Parmer,PARMER,0.0022,0.0013,0.0462,0.036,0.0462,wind
TX,Pecos,PECOS,0.0104,0.0117,0.0523,0.0057,0.0523,wind
TX,Polk,POLK,0.048,0.0066,0.0242,0.0017,0.048,fire
TX,Potter,POTTER,0.0447,0.0081,0.0631,0.0471,0.0631,wind
TX,Presidio,PRESIDIO,0.0054,0.0018,0.0186,0.0029,0.0186,wind
TX,Rains,RAINS,0.0079,0.0045,0.0154,0.0037,0.0154,wind
TX,Randall,RANDALL,0.0321,0.0084,0.0663,0.043,0.0663,wind
TX,Reagan,REAGAN,0.0066,0.0024,0.0233,0.0048,0.0233,wind
TX,Real,REAL,0.0036,0.0213,0.0039,0.0058,0.0213,flood
TX,Red River,RED RIVER,0.0684,0.0023,0.0371,0.0021,0.0684,fire
TX,Reeves,REEVES,0.0051,0.0092,0.0304,0.0041,0.0304,wind
TX,Refugio,REFUGIO,0.0028,0.002,0.0099,0.0004,0.0099,wind
TX,Roberts,ROBERTS,0.0153,0.0006,0.0267,0.0463,0.0463,winter
TX,Robertson,ROBERTSON,0.0109,0.0035,0.0222,0.0021,0.0222,wind
TX,Rockwall,ROCKWALL,0.0063,0.0082,0.0187,0.002,0.0187,wind
TX,Runnels,RUNNELS,0.008,0.0025,0.0193,0.011,0.0193,wind
TX,Rusk,RUSK,0.0434,0.0043,0.0752,0.0021,0.0752,wind
TX,Sabine,SABINE,0.0231,0.0044,0.0223,0.0009,0.0231,fire
TX,San Augustine,SAN AUGUSTINE,0.0257,0.0038,0.0191,0.0005,0.0257,fire
TX,San Jacinto,SAN JACINTO,0.0314,0.0097,0.0196,0.002,0.0314,fire
TX,San Patricio,SAN PATRICIO,0.0038,0.0076,0.0197,0.001,0.0197,wind
TX,San Saba,SAN SABA,0.0134,0.0031,0.0098,0.0082,0.0134,fire
TX,Schleicher,SCHLEICHER,0.0173,0.0052,0.0117,0.0064,0.0173,fire
TX,Scurry,SCURRY,0.0102,0.0049,0.0297,0.0088,0.0297,wind
TX,Shackelford,SHACKELFORD,0.0292,0.0016,0.0124,0.013,0.0292,fire
TX,Shelby,SHELBY,0.0336,0.0054,0.0329,0.0007,0.0336,fire
TX,Sherman,SHERMAN,0.0086,0.0007,0.0148,0.0405,0.0405,winter
TX,Smith,SMITH,0.0543,0.0061,0.0777,0.0336,0.0777,wind
TX,Somervell,SOMERVELL,0.0117,0.0038,0.0105,0.0051,0.0117,fire
TX,Starr,STARR,0.007,0.0104,0.0116,0.0104,0.0116,wind
TX,Stephens,STEPHENS,0.0243,0.0034,0.0218,0.0096,0.0243,fire
TX,Sterling,STERLING,0.004,0.001,0.0166,0.0086,0.0166,wind
TX,Stonewall,STONEWALL,0.0104,0.0013,0.0143,0.0119,0.0143,wind
TX,Sutton,SUTTON,0.017,0.012,0.0051,0.0077,0.017,fire
TX,Swisher,SWISHER,0.0055,0.0015,0.0457,0.0237,0.0457,wind
TX,Tarrant,TARRANT,0.0057,0.0287,0.0985,0.0078,0.0985,wind
TX,Taylor,TAYLOR,0.0373,0.0112,0.0417,0.0175,0.0417,wind
TX,Terrell,TERRELL,0.009,0.0077,0.0136,0.0025,0.0136,wind
TX,Terry,TERRY,0.0027,0.0019,0.0263,0.0135,0.0263,wind
TX,Throckmorton,THROCKMORTON,0.0161,0.0015,0.0108,0.0144,0.0161,fire
TX,Titus,TITUS,0.0291,0.0059,0.0228,0.003,0.0291,fire
TX,Tom Green,TOM GREEN,0.029,0.0081,0.0282,0.0113,0.029,fire
TX,Travis,TRAVIS,0.0126,0.0322,0.0366,0.0076,0.0366,wind
TX,Trinity,TRINITY,0.0376,0.004,0.0156,0.0015,0.0376,fire
TX,Tyler,TYLER,0.036,0.0088,0.0249,0.002,0.036,fire
TX,Upshur,UPSHUR,0.041,0.0047,0.0435,0.0029,0.0435,wind
TX,Upton,UPTON,0.0054,0.0066,0.0219,0.0033,0.0219,wind
TX,Uvalde,UVALDE,0.0068,0.0198,0.0121,0.0041,0.0198,flood
TX,Val Verde,VAL VERDE,0.0125,0.0288,0.0224,0.004,0.0288,flood
TX,Van Zandt,VAN ZANDT,0.0328,0.0061,0.0251,0.0059,0.0328,fire
TX,Victoria,VICTORIA,0.005,0.0045,0.0176,0.002,0.0176,wind
TX,Walker,WALKER,0.0541,0.0068,0.0197,0.0021,0.0541,fire
TX,Waller,WALLER,0.0097,0.008,0.0167,0.0011,0.0167,wind
TX,Ward,WARD,0.0068,0.0077,0.0263,0.0028,0.0263,wind
TX,Washington,WASHINGTON,0.0044,0.0084,0.0262,0.0014,0.0262,wind
TX,Webb,WEBB,0.0064,0.017,0.0112,0.0031,0.017,flood
TX,Wharton,WHARTON,0.0021,0.0074,0.0291,0.0006,0.0291,wind
TX,Wheeler,WHEELER,0.0188,0.0007,0.0235,0.0332,0.0332,winter
TX,Wichita,WICHITA,0.0339,0.0085,0.0503,0.0056,0.0503,wind
TX,Wilbarger,WILBARGER,0.0081,0.002,0.0309,0.0084,0.0309,wind
TX,Willacy,WILLACY,0.0042,0.0127,0.0273,0.0043,0.0273,wind
TX,Williamson,WILLIAMSON,0.0174,0.0201,0.039,0.0058,0.039,wind
TX,Wilson,WILSON,0.0052,0.0179,0.0151,0.002,0.0179,flood
TX,Winkler,WINKLER,0.0038,0.0019,0.0259,0.0042,0.0259,wind
TX,Wise,WISE,0.0184,0.0042,0.0441,0.0075,0.0441,wind
TX,Wood,WOOD,0.0232,0.0064,0.0425,0.0025,0.0425,wind
TX,Yoakum,YOAKUM,0.0071,0.0042,0.041,0.012,0.041,wind
TX,Young,YOUNG,0.0328,0.0032,0.0256,0.0089,0.0328,fire
TX,Zapata,ZAPATA,0.0055,0.0086,0.0087,0.0109,0.0109,winter
TX,Zavala,ZAVALA,0.0045,0.0077,0.0069,0.0011,0.0077,flood
UT,Beaver,BEAVER,0.0272,0.0006,0.0167,0.0323,0.0323,winter
UT,Box Elder,BOX ELDER,0.0391,0.0004,0.0541,0.0467,0.0541,wind
UT,Cache,CACHE,0.0256,0.0011,0.0314,0.0703,0.0703,winter
UT,Carbon,CARBON,0.0188,0.0012,0.0044,0.0227,0.0227,winter
UT,Daggett,DAGGETT,0.0212,0.0004,0.0016,0.0001,0.0212,fire
UT,Davis,DAVIS,0.0103,0.0033,0.0222,0.0348,0.0348,winter
UT,Duchesne,DUCHESNE,0.0327,0.0005,0.0082,0.0218,0.0327,fire
UT,Emery,EMERY,0.0142,0.0019,0.0117,0.0407,0.0407,winter
UT,Garfield,GARFIELD,0.0162,0.0021,0.0139,0.0386,0.0386,winter
UT,Grand,GRAND,0.0217,0.0114,0.0259,0.0678,0.0678,winter
UT,Iron,IRON,0.0287,0.0029,0.0092,0.0327,0.0327,winter
UT,Juab,JUAB,0.0361,0.0007,0.0192,0.054,0.054,winter
UT,Kane,KANE,0.0192,0.0076,0.0129,0.027,0.027,winter
UT,Millard,MILLARD,0.0565,0.001,0.0169,0.0408,0.0565,fire
UT,Morgan,MORGAN,0.0079,0.0009,0.0116,0.0561,0.0561,winter
UT,Piute,PIUTE,0.0122,0.0004,0.0064,0.0381,0.0381,winter
UT,Rich,RICH,0.026,0.0002,0.0127,0.0534,0.0534,winter
UT,Salt Lake,SALT LAKE,0.0248,0.004,0.1901,0.1146,0.1901,wind
UT,San Juan,SAN JUAN,0.0383,0.0048,0.0049,0.004,0.0383,fire
UT,Sanpete,SANPETE,0.0229,0.0005,0.0246,0.0542,0.0542,winter
UT,Sevier,SEVIER,0.0312,0.0004,0.0308,0.0473,0.0473,winter
UT,Summit,SUMMIT,0.0545,0.0005,0.0227,0.0596,0.0596,winter
UT,Tooele,TOOELE,0.0674,0.0009,0.1744,0.0522,0.1744,wind
UT,Uintah,UINTAH,0.0248,0.0012,0.0061,0.0003,0.0248,fire
UT,Utah,UTAH,0.0682,0.0034,0.1117,0.1536,0.1536,winter
UT,Wasatch,WASATCH,0.0463,0.0005,0.1176,0.1754,0.1754,winter
UT,Washington,WASHINGTON,0.0466,0.0197,0.0335,0.0272,0.0466,fire
UT,Wayne,WAYNE,0.0065,0.0055,0.008,0.0379,0.0379,winter
UT,Weber,WEBER,0.018,0.002,0.037,0.0519,0.0519,winter
VA,Accomack,ACCOMACK,0.0005,0.0207,0.0175,0.0032,0.0207,flood
VA,Albemarle,ALBEMARLE,0.002,0.0038,0.0297,0.1035,0.1035,winter
VA,Alexandria,ALEXANDRIA,0.0,0.0001,0.0,0.0022,0.0022,winter
VA,Alleghany,ALLEGHANY,0.0042,0.0039,0.0324,0.0094,0.0324,wind
VA,Amelia,AMELIA,0.0003,0.002,0.0083,0.0062,0.0083,wind
VA,Amherst,AMHERST,0.0015,0.0046,0.0239,0.0073,0.0239,wind
VA,Appomattox,APPOMATTOX,0.0008,0.0044,0.0164,0.0041,0.0164,wind
VA,Arlington,ARLINGTON,0.0001,0.0018,0.0169,0.0523,0.0523,winter
VA,Augusta,AUGUSTA,0.0034,0.0014,0.0202,0.1468,0.1468,winter
VA,Bath,BATH,0.0057,0.0021,0.0236,0.0127,0.0236,wind
VA,Bedford,BEDFORD,0.001,0.0071,0.0381,0.0078,0.0381,wind
VA,Bland,BLAND,0.0033,0.0015,0.0163,0.0137,0.0163,wind
VA,Botetourt,BOTETOURT,0.0024,0.0064,0.0297,0.0059,0.0297,wind
VA,Bristol,BRISTOL,0.0001,0.0002,0.0001,0.0038,0.0038,winter
VA,Brunswick,BRUNSWICK,0.0019,0.0036,0.0198,0.0027,0.0198,wind
VA,Buchanan,BUCHANAN,0.0128,0.0029,0.0091,0.0297,0.0297,winter
VA,Buckingham,BUCKINGHAM,0.0009,0.0031,0.0246,0.0048,0.0246,wind
VA,Buena Vista,BUENA VISTA,0.0001,0.0001,0.0001,0.0007,0.0007,winter
VA,Campbell,CAMPBELL,0.0013,0.0057,0.033,0.0039,0.033,wind
VA,Caroline,CAROLINE,0.0017,0.0017,0.0099,0.0073,0.0099,wind
VA,Carroll,CARROLL,0.0004,0.0053,0.0422,0.0113,0.0422,wind
VA,Charles City,CHARLES CITY,0.0005,0.0026,0.0009,0.0029,0.0029,winter
VA,Charlotte,CHARLOTTE,0.0011,0.0051,0.0194,0.0018,0.0194,wind
VA,Charlottesville,CHARLOTTESVILLE,0.0001,0.0001,0.0,0.0,0.0001,fire
VA,Chesapeake,CHESAPEAKE,0.0001,0.0124,0.0029,0.003,0.0124,flood
VA,Chesterfield,CHESTERFIELD,0.0002,0.0043,0.0131,0.004,0.0131,wind
VA,Clarke,CLARKE,0.0003,0.0011,0.0149,0.0909,0.0909,winter
VA,Colonial Heights,COLONIAL HEIGHTS,0.0,0.0004,0.0,0.0013,0.0013,winter
VA,Covington,COVINGTON,0.0001,0.0001,0.0002,0.0014,0.0014,winter
VA,Craig,CRAIG,0.0062,0.0022,0.0193,0.0081,0.0193,wind
VA,Culpeper,CULPEPER,0.0006,0.0028,0.0181,0.0879,0.0879,winter
VA,Cumberland,CUMBERLAND,0.0005,0.0021,0.0074,0.0083,0.0083,winter
VA,Danville,DANVILLE,0.0001,0.0003,0.0001,0.0003,0.0003,flood
VA,Dickenson,DICKENSON,0.012,0.0035,0.0073,0.024,0.024,winter
VA,Dinwiddie,DINWIDDIE,0.0009,0.0039,0.0102,0.0034,0.0102,wind
VA,Emporia,EMPORIA,0.0001,0.0022,0.0027,0.0008,0.0027,wind
VA,Essex,ESSEX,0.0008,0.0034,0.0107,0.0022,0.0107,wind
VA,Fairfax,FAIRFAX,0.0005,0.0022,0.0391,0.0737,0.0737,winter
VA,Fairfax City,FAIRFAX CITY,0.0001,0.0005,0.0,0.0,0.0005,flood
VA,Falls Church,FALLS CHURCH,0.0,0.0002,0.0,0.0031,0.0031,winter
VA,Fauquier,FAUQUIER,0.0005,0.0022,0.0318,0.1212,0.1212,winter
VA,Floyd,FLOYD,0.0002,0.006,0.0282,0.0099,0.0282,wind
VA,Fluvanna,FLUVANNA,0.0003,0.0023,0.0105,0.0096,0.0105,wind
VA,Franklin,FRANKLIN,0.0011,0.0086,0.0464,0.0032,0.0464,wind
VA,Franklin City,FRANKLIN CITY,0.0001,0.0031,0.0,0.0,0.0031,flood
VA,Frederick,FREDERICK,0.0006,0.0011,0.0239,0.1194,0.1194,winter
VA,Fredericksburg,FREDERICKSBURG,0.0,0.0002,0.0,0.0018,0.0018,winter
VA,Galax,GALAX,0.0001,0.0004,0.0002,0.0006,0.0006,winter
VA,Giles,GILES,0.0077,0.0051,0.0318,0.0096,0.0318,wind
VA,Gloucester,GLOUCESTER,0.0003,0.0164,0.0116,0.0016,0.0164,flood
VA,Goochland,GOOCHLAND,0.0001,0.0031,0.008,0.0055,0.008,wind
VA,Grayson,GRAYSON,0.0007,0.0043,0.0481,0.0199,0.0481,wind
VA,Greene,GREENE,0.0006,0.0017,0.015,0.1149,0.1149,winter
VA,Greensville,GREENSVILLE,0.0005,0.0036,0.01,0.0027,0.01,wind
VA,Halifax,HALIFAX,0.0009,0.0105,0.0321,0.0017,0.0321,wind
VA,Hampton,HAMPTON,0.0001,0.01,0.0026,0.0007,0.01,flood
VA,Hanover,HANOVER,0.0001,0.0023,0.0113,0.0041,0.0113,wind
VA,Harrisonburg,HARRISONBURG,0.0,0.0001,0.0001,0.0029,0.0029,winter
VA,Henrico,HENRICO,0.0003,0.0035,0.0178,0.0029,0.0178,wind
VA,Henry,HENRY,0.0006,0.0096,0.0423,0.0021,0.0423,wind
VA,Highland,HIGHLAND,0.0009,0.0008,0.0127,0.1583,0.1583,winter
VA,Hopewell,HOPEWELL,0.0001,0.0003,0.0,0.0011,0.0011,winter
VA,Isle Of Wight,ISLE OF WIGHT,0.0004,0.0095,0.0112,0.0022,0.0112,wind
VA,James City,JAMES CITY,0.0002,0.0129,0.0148,0.0013,0.0148,wind
VA,King And Queen,KING AND QUEEN,0.0006,0.0022,0.01,0.0023,0.01,wind
VA,King George,KING GEORGE,0.0001,0.0019,0.0186,0.0378,0.0378,winter
VA,King William,KING WILLIAM,0.0007,0.003,0.0103,0.0024,0.0103,wind
VA,Lancaster,LANCASTER,0.0001,0.0119,0.0141,0.0028,0.0141,wind
VA,Lee,LEE,0.0072,0.0014,0.0142,0.0001,0.0142,wind
VA,Lexington,LEXINGTON,0.0001,0.0001,0.0002,0.0004,0.0004,winter
VA,Loudoun,LOUDOUN,0.0002,0.0017,0.0344,0.0971,0.0971,winter
VA,Louisa,LOUISA,0.0001,0.0012,0.0126,0.0099,0.0126,wind
VA,Lunenburg,LUNENBURG,0.0014,0.0027,0.007,0.006,0.007,wind
VA,Lynchburg,LYNCHBURG,0.0001,0.0001,0.0001,0.0006,0.0006,winter
VA,Madison,MADISON,0.0011,0.0021,0.0134,0.1109,0.1109,winter
VA,Manassas,MANASSAS,0.0,0.0002,0.0002,0.0048,0.0048,winter
VA,Manassas Park,MANASSAS PARK,0.0,0.0002,0.0,0.0,0.0002,flood
VA,Martinsville,MARTINSVILLE,0.0001,0.0004,0.0,0.0003,0.0004,flood
VA,Mathews,MATHEWS,0.0001,0.014,0.0134,0.002,0.014,flood
VA,Mecklenburg,MECKLENBURG,0.0008,0.0026,0.0169,0.0021,0.0169,wind
VA,Middlesex,MIDDLESEX,0.0003,0.012,0.0116,0.0016,0.012,flood
VA,Montgomery,MONTGOMERY,0.0016,0.0056,0.0333,0.0098,0.0333,wind
VA,Nelson,NELSON,0.0023,0.0027,0.0226,0.0992,0.0992,winter
VA,New Kent,NEW KENT,0.0002,0.0032,0.0132,0.0017,0.0132,wind
VA,Newport News,NEWPORT NEWS,0.0001,0.0093,0.0033,0.0026,0.0093,flood
VA,Norfolk,NORFOLK,0.0001,0.0126,0.0082,0.0018,0.0126,flood
VA,Northampton,NORTHAMPTON,0.0005,0.014,0.0156,0.0012,0.0156,wind
VA,Northumberland,NORTHUMBERLAND,0.0002,0.0122,0.0138,0.0023,0.0138,wind
VA,Norton,NORTON,0.0001,0.0002,0.0001,0.0051,0.0051,winter
VA,Nottoway,NOTTOWAY,0.0008,0.0023,0.0081,0.0059,0.0081,wind
VA,Orange,ORANGE,0.0004,0.0031,0.0187,0.0877,0.0877,winter
VA,Page,PAGE,0.0052,0.0006,0.0139,0.1217,0.1217,winter
VA,Patrick,PATRICK,0.0011,0.006,0.0308,0.0066,0.0308,wind
VA,Petersburg,PETERSBURG,0.0,0.0004,0.0,0.0008,0.0008,winter
VA,Pittsylvania,PITTSYLVANIA,0.0011,0.0109,0.0359,0.0022,0.0359,wind
VA,Poquoson,POQUOSON,0.0,0.0087,0.0051,0.0005,0.0087,flood
VA,Portsmouth,PORTSMOUTH,0.0001,0.0094,0.0,0.0016,0.0094,flood
VA,Powhatan,POWHATAN,0.0002,0.0016,0.0057,0.0089,0.0089,winter
VA,Prince Edward,PRINCE EDWARD,0.0008,0.0028,0.0072,0.0073,0.0073,winter
VA,Prince George,PRINCE GEORGE,0.0003,0.0053,0.0112,0.0024,0.0112,wind
VA,Prince William,PRINCE WILLIAM,0.001,0.0021,0.026,0.084,0.084,winter
VA,Pulaski,PULASKI,0.0016,0.0045,0.0306,0.0103,0.0306,wind
VA,Radford,RADFORD,0.0001,0.0002,0.001,0.0007,0.001,wind
VA,Rappahannock,RAPPAHANNOCK,0.0014,0.0013,0.0149,0.1088,0.1088,winter
VA,Richmond,RICHMOND,0.0003,0.0064,0.0128,0.0022,0.0128,wind
VA,Richmond City,RICHMOND CITY,0.0001,0.001,0.0,0.0,0.001,flood
VA,Roanoke,ROANOKE,0.0013,0.008,0.0277,0.0058,0.0277,wind
VA,Roanoke City,ROANOKE CITY,0.0005,0.0026,0.0,0.0,0.0026,flood
VA,Rockbridge,ROCKBRIDGE,0.0068,0.0047,0.0291,0.0092,0.0291,wind
VA,Rockingham,ROCKINGHAM,0.0037,0.0012,0.0182,0.1593,0.1593,winter
VA,Russell,RUSSELL,0.0034,0.0013,0.0127,0.0103,0.0127,wind
VA,Salem,SALEM,0.0001,0.0001,0.0007,0.0008,0.0008,winter
VA,Scott,SCOTT,0.0079,0.0019,0.01,0.0046,0.01,wind
VA,Shenandoah,SHENANDOAH,0.0035,0.0011,0.0209,0.1539,0.1539,winter
VA,Smyth,SMYTH,0.0036,0.002,0.0294,0.0187,0.0294,wind
VA,Southampton,SOUTHAMPTON,0.0005,0.0046,0.0098,0.0022,0.0098,wind
VA,Spotsylvania,SPOTSYLVANIA,0.0001,0.0019,0.0258,0.072,0.072,winter
VA,Stafford,STAFFORD,0.0001,0.0025,0.017,0.0585,0.0585,winter
VA,Staunton,STAUNTON,0.0001,0.0001,0.0001,0.0039,0.0039,winter
VA,Suffolk,SUFFOLK,0.0001,0.0088,0.0019,0.0036,0.0088,flood
VA,Surry,SURRY,0.0005,0.0076,0.01,0.0021,0.01,wind
VA,Sussex,SUSSEX,0.0011,0.0036,0.0117,0.0022,0.0117,wind
VA,Tazewell,TAZEWELL,0.0039,0.003,0.0323,0.0195,0.0323,wind
VA,Virginia Beach,VIRGINIA BEACH,0.0001,0.0151,0.0067,0.0025,0.0151,flood
VA,Warren,WARREN,0.0006,0.0022,0.0222,0.114,0.114,winter
VA,Washington,WASHINGTON,0.0031,0.0015,0.0182,0.0088,0.0182,wind
VA,Waynesboro,WAYNESBORO,0.0001,0.0002,0.0,0.0,0.0002,flood
VA,Westmoreland,WESTMORELAND,0.0002,0.0047,0.0099,0.0031,0.0099,wind
VA,Williamsburg,WILLIAMSBURG,0.0,0.0036,0.0,0.0008,0.0036,flood
VA,Winchester,WINCHESTER,0.0,0.0001,0.0,0.0019,0.0019,winter
VA,Wise,WISE,0.0088,0.0021,0.0099,0.0118,0.0118,winter
VA,Wythe,WYTHE,0.0015,0.0035,0.0265,0.0121,0.0265,wind
VA,York,YORK,0.0009,0.0172,0.0157,0.001,0.0172,flood
VT,Addison,ADDISON,0.003,0.0089,0.0363,0.0712,0.0712,winter
VT,Bennington,BENNINGTON,0.0061,0.0054,0.0592,0.0824,0.0824,winter
VT,Caledonia,CALEDONIA,0.0011,0.0096,0.0231,0.0758,0.0758,winter
VT,Chittenden,CHITTENDEN,0.0009,0.0139,0.036,0.0705,0.0705,winter
VT,Essex,ESSEX,0.0014,0.0095,0.02,0.0787,0.0787,winter
VT,Franklin,FRANKLIN,0.0012,0.0089,0.0246,0.0734,0.0734,winter
VT,Grand Isle,GRAND ISLE,0.0004,0.0023,0.0115,0.0501,0.0501,winter
VT,Lamoille,LAMOILLE,0.001,0.0089,0.0197,0.0783,0.0783,winter
VT,Orange,ORANGE,0.0006,0.007,0.0157,0.0695,0.0695,winter
VT,Orleans,ORLEANS,0.0009,0.0097,0.0227,0.0765,0.0765,winter
VT,Rutland,RUTLAND,0.0028,0.0105,0.0375,0.058,0.058,winter
VT,Washington,WASHINGTON,0.0013,0.0093,0.0236,0.0726,0.0726,winter
VT,Windham,WINDHAM,0.0024,0.0073,0.0435,0.0694,0.0694,winter
VT,Windsor,WINDSOR,0.0018,0.0185,0.0221,0.0576,0.0576,winter
WA,Adams,ADAMS,0.0091,0.0001,0.0056,0.0037,0.0091,fire
WA,Asotin,ASOTIN,0.0342,0.0007,0.019,0.0165,0.0342,fire
WA,Benton,BENTON,0.028,0.0006,0.0177,0.0047,0.028,fire
WA,Chelan,CHELAN,0.0436,0.0022,0.0092,0.0087,0.0436,fire
WA,Clallam,CLALLAM,0.011,0.0008,0.0047,0.0037,0.011,fire
WA,Clark,CLARK,0.0031,0.0013,0.0158,0.0037,0.0158,wind
WA,Columbia,COLUMBIA,0.0435,0.0001,0.0765,0.0369,0.0765,wind
WA,Cowlitz,COWLITZ,0.0098,0.0012,0.004,0.0052,0.0098,fire
WA,Douglas,DOUGLAS,0.0424,0.0008,0.0086,0.0108,0.0424,fire
WA,Ferry,FERRY,0.0394,0.0007,0.0052,0.0135,0.0394,fire
WA,Franklin,FRANKLIN,0.0174,0.0003,0.0203,0.0049,0.0203,wind
WA,Garfield,GARFIELD,0.0157,0.0001,0.0221,0.014,0.0221,wind
WA,Grant,GRANT,0.0335,0.0003,0.0132,0.0084,0.0335,fire
WA,Grays Harbor,GRAYS HARBOR,0.0078,0.0011,0.0071,0.0022,0.0078,fire
WA,Island,ISLAND,0.0002,0.0007,0.0036,0.0019,0.0036,wind
WA,Jefferson,JEFFERSON,0.0062,0.0014,0.0046,0.003,0.0062,fire
WA,King,KING,0.0061,0.0021,0.008,0.0628,0.0628,winter
WA,Kitsap,KITSAP,0.0006,0.0008,0.0062,0.0042,0.0062,wind
WA,Kittitas,KITTITAS,0.0689,0.0004,0.0095,0.021,0.0689,fire
WA,Klickitat,KLICKITAT,0.0492,0.0002,0.0138,0.0063,0.0492,fire
WA,Lewis,LEWIS,0.0221,0.0015,0.0081,0.0734,0.0734,winter
WA,Lincoln,LINCOLN,0.0246,0.0005,0.0084,0.0091,0.0246,fire
WA,Mason,MASON,0.0059,0.0007,0.0066,0.0092,0.0092,winter
WA,Okanogan,OKANOGAN,0.082,0.0016,0.0251,0.0768,0.082,fire
WA,Pacific,PACIFIC,0.0051,0.0007,0.0097,0.0041,0.0097,wind
WA,Pend Oreille,PEND OREILLE,0.0227,0.0013,0.0083,0.0154,0.0227,fire
WA,Pierce,PIERCE,0.0158,0.0013,0.0111,0.0764,0.0764,winter
WA,San Juan,SAN JUAN,0.0002,0.0002,0.0184,0.0105,0.0184,wind
WA,Skagit,SKAGIT,0.0084,0.0024,0.0126,0.0714,0.0714,winter
WA,Skamania,SKAMANIA,0.0232,0.0004,0.0047,0.005,0.0232,fire
WA,Snohomish,SNOHOMISH,0.0086,0.0024,0.0078,0.0493,0.0493,winter
WA,Spokane,SPOKANE,0.0422,0.0011,0.0405,0.0482,0.0482,winter
WA,Stevens,STEVENS,0.0423,0.001,0.0069,0.0148,0.0423,fire
WA,Thurston,THURSTON,0.0039,0.001,0.0103,0.0028,0.0103,wind
WA,Wahkiakum,WAHKIAKUM,0.0048,0.0008,0.0014,0.0013,0.0048,fire
WA,Walla Walla,WALLA WALLA,0.0126,0.0002,0.0199,0.0095,0.0199,wind
WA,Whatcom,WHATCOM,0.0121,0.0013,0.0452,0.0697,0.0697,winter
WA,Whitman,WHITMAN,0.0062,0.0003,0.0101,0.0079,0.0101,wind
WA,Yakima,YAKIMA,0.0615,0.0002,0.0229,0.0143,0.0615,fire
WI,Adams,ADAMS,0.0053,0.0013,0.01,0.007,0.01,wind
WI,Ashland,ASHLAND,0.0059,0.003,0.0078,0.0398,0.0398,winter
WI,Barron,BARRON,0.0009,0.0018,0.0127,0.0149,0.0149,winter
WI,Bayfield,BAYFIELD,0.0071,0.003,0.0083,0.0409,0.0409,winter
WI,Brown,BROWN,0.0004,0.0039,0.0165,0.0077,0.0165,wind
WI,Buffalo,BUFFALO,0.0028,0.0011,0.0075,0.0093,0.0093,winter
WI,Burnett,BURNETT,0.006,0.0014,0.0055,0.0154,0.0154,winter
WI,Calumet,CALUMET,0.0006,0.002,0.0123,0.0038,0.0123,wind
WI,Chippewa,CHIPPEWA,0.001,0.0011,0.0104,0.0099,0.0104,wind
WI,Clark,CLARK,0.0011,0.0021,0.016,0.0076,0.016,wind
WI,Columbia,COLUMBIA,0.0004,0.0081,0.0255,0.0215,0.0255,wind
WI,Crawford,CRAWFORD,0.0036,0.0036,0.0114,0.0048,0.0114,wind
WI,Dane,DANE,0.0007,0.006,0.0328,0.0232,0.0328,wind
WI,Dodge,DODGE,0.0022,0.0041,0.034,0.016,0.034,wind
WI,Door,DOOR,0.0006,0.0057,0.0307,0.0109,0.0307,wind
WI,Douglas,DOUGLAS,0.0089,0.0032,0.0051,0.0316,0.0316,winter
WI,Dunn,DUNN,0.0014,0.0012,0.0118,0.0111,0.0118,wind
WI,Eau Claire,EAU CLAIRE,0.0017,0.0021,0.0091,0.0067,0.0091,wind
WI,Florence,FLORENCE,0.0041,0.0013,0.01,0.0227,0.0227,winter
WI,Fond Du Lac,FOND DU LAC,0.0008,0.0027,0.018,0.0166,0.018,wind
WI,Forest,FOREST,0.003,0.001,0.0097,0.0256,0.0256,winter
WI,Grant,GRANT,0.0011,0.0079,0.0213,0.0044,0.0213,wind
WI,Green,GREEN,0.0005,0.0045,0.0309,0.0243,0.0309,wind
WI,Green Lake,GREEN LAKE,0.0015,0.0025,0.0111,0.0123,0.0123,winter
WI,Iowa,IOWA,0.0009,0.003,0.0218,0.0192,0.0218,wind
WI,Iron,IRON,0.0038,0.0015,0.0089,0.0589,0.0589,winter
WI,Jackson,JACKSON,0.0054,0.0035,0.014,0.0057,0.014,wind
WI,Jefferson,JEFFERSON,0.0007,0.0045,0.034,0.0209,0.034,wind
WI,Juneau,JUNEAU,0.0068,0.0017,0.0112,0.0063,0.0112,wind
WI,Kenosha,KENOSHA,0.0004,0.0064,0.0385,0.0161,0.0385,wind
WI,Kewaunee,KEWAUNEE,0.0002,0.0026,0.0136,0.0078,0.0136,wind
WI,La Crosse,LA CROSSE,0.0035,0.0033,0.0127,0.0059,0.0127,wind
WI,Lafayette,LAFAYETTE,0.0003,0.0045,0.0266,0.0258,0.0266,wind
WI,Langlade,LANGLADE,0.0022,0.0011,0.0192,0.0176,0.0192,wind
WI,Lincoln,LINCOLN,0.0038,0.0012,0.0215,0.0134,0.0215,wind
WI,Manitowoc,MANITOWOC,0.0006,0.0062,0.0148,0.006,0.0148,wind
WI,Marathon,MARATHON,0.001,0.002,0.0262,0.0087,0.0262,wind
WI,Marinette,MARINETTE,0.0035,0.002,0.0139,0.0179,0.0179,winter
WI,Marquette,MARQUETTE,0.0023,0.0015,0.0157,0.0119,0.0157,wind
WI,Menominee,MENOMINEE,0.0057,0.0011,0.0006,0.0096,0.0096,winter
WI,Milwaukee,MILWAUKEE,0.0004,0.0081,0.0334,0.0168,0.0334,wind
WI,Monroe,MONROE,0.0036,0.0022,0.0125,0.0064,0.0125,wind
WI,Oconto,OCONTO,0.0038,0.0018,0.014,0.0071,0.014,wind
WI,Oneida,ONEIDA,0.0049,0.0011,0.024,0.0266,0.0266,winter
WI,Outagamie,OUTAGAMIE,0.0005,0.0022,0.0127,0.0038,0.0127,wind
WI,Ozaukee,OZAUKEE,0.0005,0.006,0.0134,0.0132,0.0134,wind
WI,Pepin,PEPIN,0.0016,0.0021,0.0035,0.0088,0.0088,winter
WI,Pierce,PIERCE,0.0008,0.0017,0.0157,0.0108,0.0157,wind
WI,Polk,POLK,0.0033,0.0024,0.015,0.0161,0.0161,winter
WI,Portage,PORTAGE,0.0013,0.0014,0.0151,0.0052,0.0151,wind
WI,Price,PRICE,0.0052,0.0013,0.0105,0.0175,0.0175,winter
WI,Racine,RACINE,0.0007,0.0061,0.0344,0.0175,0.0344,wind
WI,Richland,RICHLAND,0.0008,0.0043,0.008,0.0035,0.008,wind
WI,Rock,ROCK,0.0007,0.0028,0.0349,0.0192,0.0349,wind
WI,Rusk,RUSK,0.0041,0.0019,0.005,0.0137,0.0137,winter
WI,Sauk,SAUK,0.0011,0.0066,0.0181,0.0167,0.0181,wind
WI,Sawyer,SAWYER,0.0055,0.0013,0.0041,0.0184,0.0184,winter
WI,Shawano,SHAWANO,0.0011,0.0015,0.0138,0.0085,0.0138,wind
WI,Sheboygan,SHEBOYGAN,0.0004,0.0053,0.0188,0.0154,0.0188,wind
WI,St. Croix,ST. CROIX,0.0008,0.001,0.0149,0.0129,0.0149,wind
WI,Taylor,TAYLOR,0.002,0.0012,0.0179,0.0094,0.0179,wind
WI,Trempealeau,TREMPEALEAU,0.0019,0.0017,0.0134,0.0068,0.0134,wind
WI,Vernon,VERNON,0.0018,0.0022,0.0112,0.0071,0.0112,wind
WI,Vilas,VILAS,0.0025,0.0008,0.0119,0.0342,0.0342,winter
WI,Walworth,WALWORTH,0.0006,0.0027,0.0383,0.0153,0.0383,wind
WI,Washburn,WASHBURN,0.0035,0.0011,0.0038,0.0126,0.0126,winter
WI,Washington,WASHINGTON,0.0007,0.0036,0.0312,0.0173,0.0312,wind
WI,Waukesha,WAUKESHA,0.0004,0.0058,0.0397,0.015,0.0397,wind
WI,Waupaca,WAUPACA,0.0009,0.0017,0.0104,0.0067,0.0104,wind
WI,Waushara,WAUSHARA,0.0014,0.0018,0.0096,0.0043,0.0096,wind
WI,Winnebago,WINNEBAGO,0.0014,0.0041,0.0151,0.0039,0.0151,wind
WI,Wood,WOOD,0.0016,0.003,0.0119,0.0041,0.0119,wind
WV,Barbour,BARBOUR,0.0018,0.0035,0.0103,0.0557,0.0557,winter
WV,Berkeley,BERKELEY,0.0004,0.0016,0.0227,0.1301,0.1301,winter
WV,Boone,BOONE,0.0147,0.0029,0.0162,0.0482,0.0482,winter
WV,Braxton,BRAXTON,0.0017,0.0025,0.0085,0.0573,0.0573,winter
WV,Brooke,BROOKE,0.0004,0.0021,0.0179,0.0023,0.0179,wind
WV,Cabell,CABELL,0.0018,0.0058,0.0135,0.0438,0.0438,winter
WV,Calhoun,CALHOUN,0.001,0.0026,0.0047,0.048,0.048,winter
WV,Clay,CLAY,0.0022,0.0034,0.0047,0.049,0.049,winter
WV,Doddridge,DODDRIDGE,0.0021,0.0026,0.0113,0.0495,0.0495,winter
WV,Fayette,FAYETTE,0.0078,0.0067,0.0098,0.0604,0.0604,winter
WV,Gilmer,GILMER,0.0024,0.0026,0.0047,0.0546,0.0546,winter
WV,Grant,GRANT,0.0039,0.0007,0.0258,0.2281,0.2281,winter
WV,Greenbrier,GREENBRIER,0.0026,0.0036,0.0239,0.0239,0.0239,wind
WV,Hampshire,HAMPSHIRE,0.0007,0.0014,0.0198,0.1535,0.1535,winter
WV,Hancock,HANCOCK,0.0003,0.0018,0.0136,0.0016,0.0136,wind
WV,Hardy,HARDY,0.0021,0.001,0.0195,0.1571,0.1571,winter
WV,Harrison,HARRISON,0.0016,0.0045,0.0145,0.0524,0.0524,winter
WV,Jackson,JACKSON,0.0027,0.0035,0.0116,0.0532,0.0532,winter
WV,Jefferson,JEFFERSON,0.0005,0.0022,0.0233,0.1181,0.1181,winter
WV,Kanawha,KANAWHA,0.0087,0.011,0.0289,0.0516,0.0516,winter
WV,Lewis,LEWIS,0.0024,0.0026,0.0059,0.0571,0.0571,winter
WV,Lincoln,LINCOLN,0.0035,0.0044,0.0144,0.0433,0.0433,winter
WV,Logan,LOGAN,0.013,0.0041,0.0082,0.0432,0.0432,winter
WV,Marion,MARION,0.0008,0.0042,0.0127,0.0038,0.0127,wind
WV,Marshall,MARSHALL,0.0014,0.003,0.0192,0.0036,0.0192,wind
WV,Mason,MASON,0.0025,0.0034,0.0126,0.0497,0.0497,winter
WV,Mcdowell,MCDOWELL,0.0239,0.0023,0.0077,0.0337,0.0337,winter
WV,Mercer,MERCER,0.0019,0.0039,0.0161,0.0416,0.0416,winter
WV,Mineral,MINERAL,0.0029,0.0012,0.021,0.1705,0.1705,winter
WV,Mingo,MINGO,0.0213,0.003,0.0144,0.0437,0.0437,winter
WV,Monongalia,MONONGALIA,0.0009,0.0044,0.0253,0.0127,0.0253,wind
WV,Monroe,MONROE,0.0012,0.0036,0.0283,0.0104,0.0283,wind
WV,Morgan,MORGAN,0.0005,0.0011,0.0225,0.1341,0.1341,winter
WV,Nicholas,NICHOLAS,0.0027,0.0045,0.007,0.0717,0.0717,winter
WV,Ohio,OHIO,0.0004,0.0026,0.0218,0.0021,0.0218,wind
WV,Pendleton,PENDLETON,0.0056,0.0005,0.0184,0.1942,0.1942,winter
WV,Pleasants,PLEASANTS,0.0021,0.0023,0.0054,0.0426,0.0426,winter
WV,Pocahontas,POCAHONTAS,0.0031,0.0027,0.0116,0.0959,0.0959,winter
WV,Preston,PRESTON,0.0019,0.0027,0.0213,0.0542,0.0542,winter
WV,Putnam,PUTNAM,0.0054,0.0038,0.0172,0.0538,0.0538,winter
WV,Raleigh,RALEIGH,0.0085,0.0039,0.0102,0.056,0.056,winter
WV,Randolph,RANDOLPH,0.0033,0.0028,0.0103,0.1047,0.1047,winter
WV,Ritchie,RITCHIE,0.0023,0.0028,0.0106,0.0507,0.0507,winter
WV,Roane,ROANE,0.0028,0.004,0.0105,0.0512,0.0512,winter
WV,Summers,SUMMERS,0.0028,0.0028,0.02,0.0181,0.02,wind
WV,Taylor,TAYLOR,0.0025,0.0035,0.0102,0.0326,0.0326,winter
WV,Tucker,TUCKER,0.0058,0.002,0.0143,0.0829,0.0829,winter
WV,Tyler,TYLER,0.0026,0.0037,0.0111,0.0415,0.0415,winter
WV,Upshur,UPSHUR,0.0017,0.0026,0.0067,0.0679,0.0679,winter
WV,Wayne,WAYNE,0.0066,0.0034,0.0073,0.0464,0.0464,winter
WV,Webster,WEBSTER,0.0027,0.0034,0.0115,0.0814,0.0814,winter
WV,Wetzel,WETZEL,0.003,0.0025,0.0138,0.0029,0.0138,wind
WV,Wirt,WIRT,0.0032,0.0019,0.005,0.0431,0.0431,winter
WV,Wood,WOOD,0.0025,0.0049,0.0125,0.0479,0.0479,winter
WV,Wyoming,WYOMING,0.0161,0.0022,0.0062,0.0424,0.0424,winter
WY,Albany,ALBANY,0.049,0.0002,0.0341,0.0109,0.049,fire
WY,Big Horn,BIG HORN,0.0433,0.0004,0.0424,0.0715,0.0715,winter
WY,Campbell,CAMPBELL,0.0418,0.0002,0.0676,0.1168,0.1168,winter
WY,Carbon,CARBON,0.0273,0.0002,0.1285,0.1062,0.1285,wind
WY,Converse,CONVERSE,0.0448,0.0002,0.0612,0.1111,0.1111,winter
WY,Crook,CROOK,0.0339,0.0002,0.0523,0.0904,0.0904,winter
WY,Fremont,FREMONT,0.0453,0.0006,0.0227,0.0155,0.0453,fire
WY,Goshen,GOSHEN,0.0139,0.0002,0.0434,0.0945,0.0945,winter
WY,Hot Springs,HOT SPRINGS,0.0191,0.0002,0.0057,0.0026,0.0191,fire
WY,Johnson,JOHNSON,0.0443,0.0002,0.0854,0.0855,0.0855,winter
WY,Laramie,LARAMIE,0.0292,0.0003,0.404,0.2014,0.404,wind
WY,Lincoln,LINCOLN,0.0283,0.0004,0.0283,0.0394,0.0394,winter
WY,Natrona,NATRONA,0.0478,0.0009,0.1621,0.1009,0.1621,wind
WY,Niobrara,NIOBRARA,0.0135,0.0001,0.0248,0.0876,0.0876,winter
WY,Park,PARK,0.0363,0.0002,0.0167,0.0819,0.0819,winter
WY,Platte,PLATTE,0.0221,0.0001,0.2974,0.1503,0.2974,wind
WY,Sheridan,SHERIDAN,0.0351,0.0002,0.0889,0.1332,0.1332,winter
WY,Sublette,SUBLETTE,0.0319,0.0002,0.0115,0.0152,0.0319,fire
WY,Sweetwater,SWEETWATER,0.0321,0.0003,0.0822,0.0566,0.0822,wind
WY,Teton,TETON,0.0373,0.0005,0.0123,0.0915,0.0915,winter
WY,Uinta,UINTA,0.0217,0.0002,0.0278,0.0336,0.0336,winter
WY,Washakie,WASHAKIE,0.0297,0.0003,0.0068,0.0042,0.0297,fire
WY,Weston,WESTON,0.0279,0.0002,0.0472,0.0938,0.0938,winter
