state,county,county_id,fire_p,flood_p,wind_p,winter_p,max_p,max_hazard
AL,Autauga,AUTAUGA,0.002,0.006,0.0856,0.0001,0.0856,wind
AL,Baldwin,BALDWIN,0.008,0.0109,0.116,0.0,0.116,wind
AL,Barbour,BARBOUR,0.002,0.0029,0.0561,0.0,0.0561,wind
AL,Bibb,BIBB,0.0101,0.0022,0.0591,0.0001,0.0591,wind
AL,Blount,BLOUNT,0.002,0.0038,0.1386,0.0007,0.1386,wind
AL,Bullock,BULLOCK,0.0028,0.0018,0.0509,0.0001,0.0509,wind
AL,Butler,BUTLER,0.0033,0.0018,0.0503,0.0001,0.0503,wind
AL,Calhoun,CALHOUN,0.0044,0.0055,0.1027,0.0006,0.1027,wind
AL,Chambers,CHAMBERS,0.0025,0.0042,0.0485,0.0002,0.0485,wind
AL,Cherokee,CHEROKEE,0.0063,0.0031,0.1034,0.0004,0.1034,wind
AL,Chilton,CHILTON,0.0053,0.0039,0.0697,0.0001,0.0697,wind
AL,Choctaw,CHOCTAW,0.0065,0.0041,0.0804,0.0,0.0804,wind
AL,Clarke,CLARKE,0.0025,0.0032,0.0663,0.0002,0.0663,wind
AL,Clay,CLAY,0.014,0.0023,0.0705,0.0001,0.0705,wind
AL,Cleburne,CLEBURNE,0.0116,0.0021,0.0446,0.0001,0.0446,wind
AL,Coffee,COFFEE,0.0023,0.0049,0.1074,0.0001,0.1074,wind
AL,Colbert,COLBERT,0.0036,0.0054,0.1872,0.0004,0.1872,wind
AL,Conecuh,CONECUH,0.0047,0.002,0.0407,0.0,0.0407,wind
AL,Coosa,COOSA,0.0028,0.0018,0.0642,0.0,0.0642,wind
AL,Covington,COVINGTON,0.0096,0.0037,0.0666,0.0,0.0666,wind
AL,Crenshaw,CRENSHAW,0.0021,0.0026,0.0573,0.0001,0.0573,wind
AL,Cullman,CULLMAN,0.0016,0.0044,0.1651,0.0023,0.1651,wind
AL,Dale,DALE,0.0017,0.0058,0.1395,0.0,0.1395,wind
AL,Dallas,DALLAS,0.0016,0.0042,0.0666,0.0001,0.0666,wind
AL,Dekalb,DEKALB,0.0024,0.003,0.1687,0.0014,0.1687,wind
AL,Elmore,ELMORE,0.0004,0.0091,0.1135,0.0002,0.1135,wind
AL,Escambia,ESCAMBIA,0.0105,0.0038,0.0548,0.0,0.0548,wind
AL,Etowah,ETOWAH,0.0005,0.0034,0.1262,0.0009,0.1262,wind
AL,Fayette,FAYETTE,0.0037,0.0031,0.0811,0.0,0.0811,wind
AL,Franklin,FRANKLIN,0.0028,0.0037,0.0987,0.0005,0.0987,wind
AL,Geneva,GENEVA,0.0017,0.004,0.0733,0.0,0.0733,wind
AL,Greene,GREENE,0.0023,0.0049,0.0307,0.0,0.0307,wind
AL,Hale,HALE,0.0056,0.0033,0.0639,0.0,0.0639,wind
AL,Henry,HENRY,0.0014,0.0029,0.0941,0.0,0.0941,wind
AL,Houston,HOUSTON,0.0013,0.0061,0.1239,0.0,0.1239,wind
AL,Jackson,JACKSON,0.0018,0.0033,0.1464,0.0014,0.1464,wind
AL,Jefferson,JEFFERSON,0.0028,0.0288,0.1995,0.0096,0.1995,wind
AL,Lamar,LAMAR,0.0028,0.003,0.0949,0.0001,0.0949,wind
AL,Lauderdale,LAUDERDALE,0.0016,0.0071,0.1796,0.0007,0.1796,wind
AL,Lawrence,LAWRENCE,0.0037,0.0033,0.1249,0.0004,0.1249,wind
AL,Lee,LEE,0.0028,0.0079,0.0859,0.0001,0.0859,wind
AL,Limestone,LIMESTONE,0.001,0.0039,0.1477,0.0003,0.1477,wind
AL,Lowndes,LOWNDES,0.0013,0.0024,0.0378,0.0001,0.0378,wind
AL,Macon,MACON,0.0032,0.0034,0.0538,0.0003,0.0538,wind
AL,Madison,MADISON,0.0011,0.0077,0.2164,0.0051,0.2164,wind
AL,Marengo,MARENGO,0.0028,0.0037,0.0622,0.0001,0.0622,wind
AL,Marion,MARION,0.0036,0.0051,0.0986,0.0002,0.0986,wind
AL,Marshall,MARSHALL,0.0016,0.004,0.1611,0.0015,0.1611,wind
AL,Mobile,MOBILE,0.0194,0.0187,0.1759,0.0,0.1759,wind
AL,Monroe,MONROE,0.0036,0.0029,0.0546,0.0,0.0546,wind
AL,Montgomery,MONTGOMERY,0.0015,0.0074,0.0819,0.0099,0.0819,wind
AL,Morgan,MORGAN,0.001,0.0057,0.1752,0.0012,0.1752,wind
AL,Perry,PERRY,0.0034,0.0017,0.0421,0.0,0.0421,wind
AL,Pickens,PICKENS,0.0058,0.0046,0.068,0.0001,0.068,wind
AL,Pike,PIKE,0.0024,0.003,0.0577,0.0001,0.0577,wind
AL,Randolph,RANDOLPH,0.0023,0.006,0.0744,0.0001,0.0744,wind
AL,Russell,RUSSELL,0.0026,0.0055,0.0505,0.0003,0.0505,wind
AL,Shelby,SHELBY,0.0031,0.0098,0.1653,0.0005,0.1653,wind
AL,St. Clair,ST. CLAIR,0.0011,0.0048,0.1053,0.0007,0.1053,wind
AL,Sumter,SUMTER,0.004,0.0033,0.0683,0.0,0.0683,wind
AL,Talladega,TALLADEGA,0.0122,0.0054,0.0912,0.0003,0.0912,wind
AL,Tallapoosa,TALLAPOOSA,0.0037,0.0055,0.1002,0.0002,0.1002,wind
AL,Tuscaloosa,TUSCALOOSA,0.0137,0.0185,0.1658,0.0008,0.1658,wind
AL,Walker,WALKER,0.003,0.0052,0.1029,0.0001,0.1029,wind
AL,Washington,WASHINGTON,0.0102,0.0033,0.0729,0.0001,0.0729,wind
AL,Wilcox,WILCOX,0.0087,0.0014,0.0236,0.0001,0.0236,wind
AL,Winston,WINSTON,0.006,0.0039,0.0826,0.0001,0.0826,wind
AR,Arkansas,ARKANSAS,0.0016,0.0037,0.063,0.0,0.063,wind
AR,Ashley,ASHLEY,0.0064,0.0102,0.0906,0.0,0.0906,wind
AR,Baxter,BAXTER,0.0084,0.0092,0.1127,0.0001,0.1127,wind
AR,Benton,BENTON,0.0066,0.0134,0.1414,0.0,0.1414,wind
AR,Boone,BOONE,0.0035,0.0046,0.0868,0.0001,0.0868,wind
AR,Bradley,BRADLEY,0.0145,0.0036,0.0531,0.0,0.0531,wind
AR,Calhoun,CALHOUN,0.0107,0.0026,0.0586,0.0001,0.0586,wind
AR,Carroll,CARROLL,0.0037,0.004,0.0728,0.0,0.0728,wind
AR,Chicot,CHICOT,0.0009,0.0158,0.0616,0.0,0.0616,wind
AR,Clark,CLARK,0.0134,0.0046,0.1006,0.0001,0.1006,wind
AR,Clay,CLAY,0.0002,0.0043,0.0533,0.0,0.0533,wind
AR,Cleburne,CLEBURNE,0.0048,0.0063,0.0732,0.0001,0.0732,wind
AR,Cleveland,CLEVELAND,0.008,0.0023,0.0571,0.0001,0.0571,wind
AR,Columbia,COLUMBIA,0.0117,0.0025,0.0758,0.0001,0.0758,wind
AR,Conway,CONWAY,0.0099,0.0052,0.1088,0.0001,0.1088,wind
AR,Craighead,CRAIGHEAD,0.0004,0.0086,0.1015,0.0,0.1015,wind
AR,Crawford,CRAWFORD,0.0078,0.0092,0.1464,0.0,0.1464,wind
AR,Crittenden,CRITTENDEN,0.0002,0.002,0.0302,0.0,0.0302,wind
AR,Cross,CROSS,0.0003,0.0036,0.0415,0.0,0.0415,wind
AR,Dallas,DALLAS,0.0132,0.0038,0.0748,0.0001,0.0748,wind
AR,Desha,DESHA,0.0008,0.0032,0.0504,0.0,0.0504,wind
AR,Drew,DREW,0.0072,0.0043,0.0838,0.0,0.0838,wind
AR,Faulkner,FAULKNER,0.0073,0.0068,0.1295,0.0001,0.1295,wind
AR,Franklin,FRANKLIN,0.0062,0.0055,0.146,0.0001,0.146,wind
AR,Fulton,FULTON,0.0036,0.0054,0.0937,0.0001,0.0937,wind
AR,Garland,GARLAND,0.0234,0.0114,0.1335,0.0001,0.1335,wind
AR,Grant,GRANT,0.0165,0.003,0.077,0.0002,0.077,wind
AR,Greene,GREENE,0.0007,0.0057,0.068,0.0,0.068,wind
AR,Hempstead,HEMPSTEAD,0.0071,0.0034,0.0757,0.0001,0.0757,wind
AR,Hot Spring,HOT SPRING,0.0125,0.0088,0.1209,0.0001,0.1209,wind
AR,Howard,HOWARD,0.0098,0.0041,0.0707,0.0001,0.0707,wind
AR,Independence,INDEPENDENCE,0.0037,0.0087,0.114,0.0001,0.114,wind
AR,Izard,IZARD,0.0031,0.0062,0.0824,0.0001,0.0824,wind
AR,Jackson,JACKSON,0.0004,0.0052,0.0716,0.0,0.0716,wind
AR,Jefferson,JEFFERSON,0.0039,0.0122,0.0985,0.0001,0.0985,wind
AR,Johnson,JOHNSON,0.0114,0.0047,0.1072,0.0001,0.1072,wind
AR,Lafayette,LAFAYETTE,0.0152,0.0029,0.0567,0.0001,0.0567,wind
AR,Lawrence,LAWRENCE,0.001,0.0069,0.066,0.0,0.066,wind
AR,Lee,LEE,0.0004,0.0015,0.0188,0.0,0.0188,wind
AR,Lincoln,LINCOLN,0.002,0.0054,0.0534,0.0,0.0534,wind
AR,Little River,LITTLE RIVER,0.0115,0.0043,0.0616,0.0001,0.0616,wind
AR,Logan,LOGAN,0.0153,0.0049,0.1136,0.0001,0.1136,wind
AR,Lonoke,LONOKE,0.0015,0.0084,0.1465,0.0001,0.1465,wind
AR,Madison,MADISON,0.0029,0.0046,0.0736,0.0001,0.0736,wind
AR,Marion,MARION,0.005,0.0041,0.0911,0.0001,0.0911,wind
AR,Miller,MILLER,0.0153,0.0063,0.0716,0.0,0.0716,wind
AR,Mississippi,MISSISSIPPI,0.0001,0.0026,0.0744,0.0,0.0744,wind
AR,Monroe,MONROE,0.0013,0.0048,0.0592,0.0001,0.0592,wind
AR,Montgomery,MONTGOMERY,0.0343,0.0064,0.1029,0.0001,0.1029,wind
AR,Nevada,NEVADA,0.0091,0.0031,0.0474,0.0001,0.0474,wind
AR,Newton,NEWTON,0.0073,0.0045,0.0671,0.0001,0.0671,wind
AR,Ouachita,OUACHITA,0.0111,0.0056,0.066,0.0002,0.066,wind
AR,Perry,PERRY,0.028,0.004,0.0962,0.0,0.0962,wind
AR,Phillips,PHILLIPS,0.0008,0.0044,0.0329,0.0,0.0329,wind
AR,Pike,PIKE,0.0143,0.0043,0.0747,0.0001,0.0747,wind
AR,Poinsett,POINSETT,0.0003,0.0044,0.0631,0.0,0.0631,wind
AR,Polk,POLK,0.0224,0.006,0.0919,0.0001,0.0919,wind
AR,Pope,POPE,0.0088,0.0067,0.1241,0.0001,0.1241,wind
AR,Prairie,PRAIRIE,0.0007,0.0061,0.0709,0.0,0.0709,wind
AR,Pulaski,PULASKI,0.0085,0.0249,0.1965,0.0003,0.1965,wind
AR,Randolph,RANDOLPH,0.0014,0.0066,0.0484,0.0,0.0484,wind
AR,Saline,SALINE,0.0135,0.009,0.1294,0.0001,0.1294,wind
AR,Scott,SCOTT,0.0468,0.0035,0.0801,0.0001,0.0801,wind
AR,Searcy,SEARCY,0.007,0.0033,0.0723,0.0001,0.0723,wind
AR,Sebastian,SEBASTIAN,0.0096,0.0155,0.1329,0.0,0.1329,wind
AR,Sevier,SEVIER,0.0104,0.0044,0.0697,0.0001,0.0697,wind
AR,Sharp,SHARP,0.0051,0.0049,0.0755,0.0001,0.0755,wind
AR,St. Francis,ST. FRANCIS,0.0004,0.0036,0.0329,0.0,0.0329,wind
AR,Stone,STONE,0.0059,0.0034,0.0514,0.0001,0.0514,wind
AR,Union,UNION,0.0099,0.0031,0.0806,0.0,0.0806,wind
AR,Van Buren,VAN BUREN,0.0072,0.0061,0.0879,0.0001,0.0879,wind
AR,Washington,WASHINGTON,0.0035,0.0085,0.1664,0.0,0.1664,wind
AR,White,WHITE,0.0048,0.0081,0.1529,0.0001,0.1529,wind
AR,Woodruff,WOODRUFF,0.0009,0.0055,0.0566,0.0,0.0566,wind
AR,Yell,YELL,0.0157,0.0042,0.1069,0.0001,0.1069,wind
AZ,Apache,APACHE,0.1186,0.0385,0.0535,0.0002,0.1186,fire
AZ,Cochise,COCHISE,0.1448,0.1672,0.3021,0.0005,0.3021,wind
AZ,Coconino,COCONINO,0.2403,0.0594,0.0964,0.0004,0.2403,fire
AZ,Gila,GILA,0.1855,0.0752,0.1668,0.0004,0.1855,fire
AZ,Graham,GRAHAM,0.1228,0.05,0.1908,0.0002,0.1908,wind
AZ,Greenlee,GREENLEE,0.079,0.04,0.0308,0.0009,0.079,fire
AZ,La Paz,LA PAZ,0.0402,0.0584,0.1984,0.0,0.1984,wind
AZ,Maricopa,MARICOPA,0.2195,0.1856,0.6242,0.0,0.6242,wind
AZ,Mohave,MOHAVE,0.1996,0.1367,0.2796,0.0002,0.2796,wind
AZ,Navajo,NAVAJO,0.1172,0.0398,0.0778,0.0002,0.1172,fire
AZ,Pima,PIMA,0.1531,0.2032,0.6064,0.0001,0.6064,wind
AZ,Pinal,PINAL,0.0967,0.1201,0.4079,0.0001,0.4079,wind
AZ,Santa Cruz,SANTA CRUZ,0.0951,0.0941,0.1653,0.0003,0.1653,wind
AZ,Yavapai,YAVAPAI,0.2066,0.0235,0.2796,0.0002,0.2796,wind
AZ,Yuma,YUMA,0.0521,0.0176,0.2329,0.0,0.2329,wind
CA,Alameda,ALAMEDA,0.0191,0.0002,0.0055,0.0039,0.0191,fire
CA,Alpine,ALPINE,0.0576,0.0001,0.0037,0.0026,0.0576,fire
CA,Amador,AMADOR,0.0211,0.0002,0.0006,0.0154,0.0211,fire
CA,Butte,BUTTE,0.0834,0.0004,0.0025,0.0014,0.0834,fire
CA,Calaveras,CALAVERAS,0.028,0.0002,0.0001,0.0146,0.028,fire
CA,Colusa,COLUSA,0.0281,0.0001,0.0017,0.0017,0.0281,fire
CA,Contra Costa,CONTRA COSTA,0.0119,0.0001,0.0047,0.0041,0.0119,fire
CA,Del Norte,DEL NORTE,0.0629,0.0,0.0027,0.0025,0.0629,fire
CA,El Dorado,EL DORADO,0.0367,0.0003,0.0039,0.0035,0.0367,fire
CA,Fresno,FRESNO,0.1354,0.0074,0.0217,0.0011,0.1354,fire
CA,Glenn,GLENN,0.0318,0.0001,0.0013,0.0009,0.0318,fire
CA,Humboldt,HUMBOLDT,0.0916,0.0001,0.004,0.0022,0.0916,fire
CA,Imperial,IMPERIAL,0.0478,0.0256,0.1118,0.0002,0.1118,wind
CA,Inyo,INYO,0.0557,0.069,0.0369,0.0036,0.069,flood
CA,Kern,KERN,0.2442,0.0342,0.1156,0.0078,0.2442,fire
CA,Kings,KINGS,0.0391,0.0003,0.0034,0.0035,0.0391,fire
CA,Lake,LAKE,0.1036,0.0002,0.0398,0.0125,0.1036,fire
CA,Lassen,LASSEN,0.1246,0.0002,0.0155,0.0034,0.1246,fire
CA,Los Angeles,LOS ANGELES,0.1643,0.0043,0.0325,0.0026,0.1643,fire
CA,Madera,MADERA,0.1012,0.0004,0.0066,0.0029,0.1012,fire
CA,Marin,MARIN,0.0094,0.0004,0.0055,0.0013,0.0094,fire
CA,Mariposa,MARIPOSA,0.1524,0.0016,0.0078,0.0015,0.1524,fire
CA,Mendocino,MENDOCINO,0.0784,0.0,0.0024,0.0061,0.0784,fire
CA,Merced,MERCED,0.0292,0.0002,0.0026,0.0019,0.0292,fire
CA,Modoc,MODOC,0.161,0.0002,0.0089,0.09,0.161,fire
CA,Mono,MONO,0.0879,0.0142,0.0153,0.012,0.0879,fire
CA,Monterey,MONTEREY,0.0975,0.0005,0.0085,0.0052,0.0975,fire
CA,Napa,NAPA,0.0442,0.0003,0.0055,0.0022,0.0442,fire
CA,Nevada,NEVADA,0.0741,0.0001,0.0038,0.0127,0.0741,fire
CA,Orange,ORANGE,0.0464,0.0148,0.0129,0.0005,0.0464,fire
CA,Placer,PLACER,0.0332,0.0003,0.002,0.008,0.0332,fire
CA,Plumas,PLUMAS,0.1226,0.0005,0.008,0.0169,0.1226,fire
CA,Riverside,RIVERSIDE,0.3236,0.1346,0.2343,0.0024,0.3236,fire
CA,Sacramento,SACRAMENTO,0.0942,0.0003,0.0085,0.0345,0.0942,fire
CA,San Benito,SAN BENITO,0.0363,0.0003,0.0032,0.0037,0.0363,fire
CA,San Bernardino,SAN BERNARDINO,0.3919,0.2157,0.226,0.0048,0.3919,fire
CA,San Diego,SAN DIEGO,0.2308,0.083,0.1087,0.0015,0.2308,fire
CA,San Francisco,SAN FRANCISCO,0.0029,0.0005,0.0072,0.002,0.0072,wind
CA,San Joaquin,SAN JOAQUIN,0.034,0.0001,0.0026,0.0202,0.034,fire
CA,San Luis Obispo,SAN LUIS OBISPO,0.0977,0.0004,0.0045,0.0002,0.0977,fire
CA,San Mateo,SAN MATEO,0.0061,0.0002,0.0045,0.0009,0.0061,fire
CA,Santa Barbara,SANTA BARBARA,0.1183,0.0005,0.0076,0.0011,0.1183,fire
CA,Santa Clara,SANTA CLARA,0.0353,0.0004,0.0078,0.0047,0.0353,fire
CA,Santa Cruz,SANTA CRUZ,0.0199,0.0003,0.0083,0.0029,0.0199,fire
CA,Shasta,SHASTA,0.1404,0.0004,0.0033,0.0185,0.1404,fire
CA,Sierra,SIERRA,0.2454,0.0003,0.0163,0.0177,0.2454,fire
CA,Siskiyou,SISKIYOU,0.2608,0.0001,0.0171,0.0893,0.2608,fire
CA,Solano,SOLANO,0.0128,0.0002,0.0004,0.011,0.0128,fire
CA,Sonoma,SONOMA,0.022,0.0001,0.006,0.0009,0.022,fire
CA,Stanislaus,STANISLAUS,0.0302,0.0003,0.002,0.0091,0.0302,fire
CA,Sutter,SUTTER,0.0044,0.0,0.0013,0.0085,0.0085,winter
CA,Tehama,TEHAMA,0.0885,0.0003,0.001,0.0053,0.0885,fire
CA,Trinity,TRINITY,0.1247,0.0,0.0035,0.0046,0.1247,fire
CA,Tulare,TULARE,0.2651,0.0079,0.0221,0.0075,0.2651,fire
CA,Tuolumne,TUOLUMNE,0.1023,0.0002,0.002,0.0125,0.1023,fire
CA,Ventura,VENTURA,0.086,0.0021,0.0119,0.002,0.086,fire
CA,Yolo,YOLO,0.022,0.0001,0.0018,0.0104,0.022,fire
CA,Yuba,YUBA,0.0292,0.0001,0.0021,0.0011,0.0292,fire
CO,Adams,ADAMS,0.0117,0.008,0.1183,0.0035,0.1183,wind
CO,Alamosa,ALAMOSA,0.0204,0.0075,0.0169,0.0017,0.0204,fire
CO,Arapahoe,ARAPAHOE,0.006,0.0209,0.0973,0.0037,0.0973,wind
CO,Archuleta,ARCHULETA,0.0576,0.0097,0.0076,0.0003,0.0576,fire
CO,Baca,BACA,0.0233,0.0028,0.0978,0.0001,0.0978,wind
CO,Bent,BENT,0.0191,0.0044,0.0598,0.0002,0.0598,wind
CO,Boulder,BOULDER,0.0326,0.0217,0.0244,0.0081,0.0326,fire
CO,Broomfield,BROOMFIELD,0.0048,0.005,0.0342,0.0024,0.0342,wind
CO,Chaffee,CHAFFEE,0.0224,0.0064,0.0088,0.0083,0.0224,fire
CO,Cheyenne,CHEYENNE,0.0046,0.0033,0.1344,0.0005,0.1344,wind
CO,Clear Creek,CLEAR CREEK,0.0105,0.002,0.0136,0.0064,0.0136,wind
CO,Conejos,CONEJOS,0.0221,0.0039,0.0027,0.0004,0.0221,fire
CO,Costilla,COSTILLA,0.0095,0.0069,0.0083,0.0004,0.0095,fire
CO,Crowley,CROWLEY,0.0159,0.0072,0.0332,0.0004,0.0332,wind
CO,Custer,CUSTER,0.0166,0.0065,0.0139,0.0015,0.0166,fire
CO,Delta,DELTA,0.0288,0.0153,0.0146,0.0007,0.0288,fire
CO,Denver,DENVER,0.0025,0.0125,0.0478,0.0025,0.0478,wind
CO,Dolores,DOLORES,0.0721,0.0051,0.0116,0.015,0.0721,fire
CO,Douglas,DOUGLAS,0.026,0.0266,0.0798,0.0038,0.0798,wind
CO,Eagle,EAGLE,0.0308,0.0063,0.0196,0.0004,0.0308,fire
CO,El Paso,EL PASO,0.0315,0.049,0.1126,0.0026,0.1126,wind
CO,Elbert,ELBERT,0.0194,0.018,0.1077,0.0036,0.1077,wind
CO,Fremont,FREMONT,0.036,0.0268,0.019,0.0045,0.036,fire
CO,Garfield,GARFIELD,0.1034,0.022,0.0347,0.0003,0.1034,fire
CO,Gilpin,GILPIN,0.0075,0.0032,0.0112,0.0065,0.0112,wind
CO,Grand,GRAND,0.0579,0.0035,0.0192,0.0165,0.0579,fire
CO,Gunnison,GUNNISON,0.0412,0.0046,0.0064,0.0208,0.0412,fire
CO,Hinsdale,HINSDALE,0.0116,0.0006,0.0042,0.0004,0.0116,fire
CO,Huerfano,HUERFANO,0.0252,0.0028,0.0229,0.0036,0.0252,fire
CO,Jackson,JACKSON,0.0483,0.0017,0.0092,0.0055,0.0483,fire
CO,Jefferson,JEFFERSON,0.0319,0.0251,0.035,0.0028,0.035,wind
CO,Kiowa,KIOWA,0.006,0.003,0.065,0.0001,0.065,wind
CO,Kit Carson,KIT CARSON,0.002,0.0066,0.1795,0.0009,0.1795,wind
CO,La Plata,LA PLATA,0.0454,0.0411,0.0167,0.001,0.0454,fire
CO,Lake,LAKE,0.0198,0.0015,0.005,0.0087,0.0198,fire
CO,Larimer,LARIMER,0.0772,0.0212,0.0495,0.007,0.0772,fire
CO,Las Animas,LAS ANIMAS,0.0531,0.0112,0.0513,0.0017,0.0531,fire
CO,Lincoln,LINCOLN,0.009,0.0116,0.111,0.0007,0.111,wind
CO,Logan,LOGAN,0.0113,0.0097,0.088,0.0007,0.088,wind
CO,Mesa,MESA,0.1225,0.0434,0.0723,0.0003,0.1225,fire
CO,Mineral,MINERAL,0.0135,0.0009,0.004,0.0004,0.0135,fire
CO,Moffat,MOFFAT,0.2104,0.0061,0.0309,0.0002,0.2104,fire
CO,Montezuma,MONTEZUMA,0.0937,0.0214,0.0151,0.0004,0.0937,fire
CO,Montrose,MONTROSE,0.0606,0.0075,0.0232,0.0003,0.0606,fire
CO,Morgan,MORGAN,0.0299,0.021,0.1061,0.0011,0.1061,wind
CO,Otero,OTERO,0.0354,0.0093,0.0584,0.0004,0.0584,wind
CO,Ouray,OURAY,0.0139,0.0117,0.0057,0.0004,0.0139,fire
CO,Park,PARK,0.0376,0.0052,0.0249,0.0231,0.0376,fire
CO,Phillips,PHILLIPS,0.0028,0.0062,0.0804,0.0002,0.0804,wind
CO,Pitkin,PITKIN,0.0183,0.0033,0.0096,0.0003,0.0183,fire
CO,Prowers,PROWERS,0.0117,0.0054,0.1232,0.0001,0.1232,wind
CO,Pueblo,PUEBLO,0.0504,0.0272,0.0656,0.0013,0.0656,wind
CO,Rio Blanco,RIO BLANCO,0.1777,0.0063,0.0317,0.0002,0.1777,fire
CO,Rio Grande,RIO GRANDE,0.0242,0.0043,0.0053,0.0031,0.0242,fire
CO,Routt,ROUTT,0.1017,0.0059,0.0222,0.0008,0.1017,fire
CO,Saguache,SAGUACHE,0.0216,0.0021,0.0063,0.0023,0.0216,fire
CO,San Juan,SAN JUAN,0.0613,0.001,0.0096,0.0277,0.0613,fire
CO,San Miguel,SAN MIGUEL,0.0343,0.0173,0.007,0.0002,0.0343,fire
CO,Sedgwick,SEDGWICK,0.0036,0.0044,0.0519,0.0001,0.0519,wind
CO,Summit,SUMMIT,0.0202,0.002,0.0092,0.0064,0.0202,fire
CO,Teller,TELLER,0.0158,0.0107,0.021,0.0031,0.021,wind
CO,Washington,WASHINGTON,0.0044,0.0141,0.1407,0.0007,0.1407,wind
CO,Weld,WELD,0.0696,0.0316,0.1388,0.0029,0.1388,wind
CO,Yuma,YUMA,0.0106,0.0044,0.179,0.0006,0.179,wind
CT,Capitol,CAPITOL,0.0001,0.0468,0.0066,0.0008,0.0468,flood
CT,Greater Bridgeport,GREATER BRIDGEPORT,0.0002,0.0433,0.0094,0.0001,0.0433,flood
CT,Lower Connecticut River Valley,LOWER CONNECTICUT RIVER VALLEY,0.0001,0.0319,0.0042,0.0002,0.0319,flood
CT,Naugatuck Valley,NAUGATUCK VALLEY,0.0001,0.0478,0.009,0.0002,0.0478,flood
CT,Northeastern Connecticut,NORTHEASTERN CONNECTICUT,0.0001,0.0175,0.0054,0.0002,0.0175,flood
CT,Northwest Hills,NORTHWEST HILLS,0.0002,0.0395,0.0094,0.0017,0.0395,flood
CT,South Central Connecticut,SOUTH CENTRAL CONNECTICUT,0.0001,0.0379,0.006,0.0003,0.0379,flood
CT,Southeastern Connecticut,SOUTHEASTERN CONNECTICUT,0.0001,0.0279,0.005,0.0002,0.0279,flood
CT,Western Connecticut,WESTERN CONNECTICUT,0.0002,0.0559,0.0154,0.0017,0.0559,flood
DC,District Of Columbia,DISTRICT OF COLUMBIA,0.0001,0.0018,0.0035,0.0014,0.0035,wind
DE,Kent,KENT,0.0039,0.0041,0.1581,0.0064,0.1581,wind
DE,New Castle,NEW CASTLE,0.0014,0.0086,0.2227,0.007,0.2227,wind
DE,Sussex,SUSSEX,0.0032,0.0097,0.2126,0.0065,0.2126,wind
FL,Alachua,ALACHUA,0.0116,0.0074,0.1797,0.0,0.1797,wind
FL,Baker,BAKER,0.0293,0.0027,0.0571,0.0,0.0571,wind
FL,Bay,BAY,0.04,0.0135,0.08,0.0,0.08,wind
FL,Bradford,BRADFORD,0.0047,0.0048,0.0584,0.0,0.0584,wind
FL,Brevard,BREVARD,0.062,0.0108,0.1657,0.0,0.1657,wind
FL,Broward,BROWARD,0.044,0.0144,0.1806,0.0,0.1806,wind
FL,Calhoun,CALHOUN,0.0085,0.0066,0.0446,0.0,0.0446,wind
FL,Charlotte,CHARLOTTE,0.0141,0.0088,0.0475,0.0,0.0475,wind
FL,Citrus,CITRUS,0.0093,0.014,0.0354,0.0001,0.0354,wind
FL,Clay,CLAY,0.0189,0.0065,0.0901,0.0,0.0901,wind
FL,Collier,COLLIER,0.0388,0.0118,0.0659,0.0,0.0659,wind
FL,Columbia,COLUMBIA,0.018,0.0042,0.0939,0.0,0.0939,wind
FL,Desoto,DESOTO,0.0037,0.0058,0.0001,0.0,0.0058,flood
FL,Dixie,DIXIE,0.0083,0.0092,0.0277,0.0,0.0277,wind
FL,Duval,DUVAL,0.0107,0.0144,0.2421,0.0,0.2421,wind
FL,Escambia,ESCAMBIA,0.0048,0.0138,0.1132,0.0,0.1132,wind
FL,Flagler,FLAGLER,0.0088,0.0038,0.1162,0.0,0.1162,wind
FL,Franklin,FRANKLIN,0.043,0.0038,0.0319,0.0,0.043,fire
FL,Gadsden,GADSDEN,0.0027,0.0065,0.0733,0.0,0.0733,wind
FL,Gilchrist,GILCHRIST,0.0017,0.0059,0.0313,0.0,0.0313,wind
FL,Glades,GLADES,0.0107,0.0054,0.0378,0.0,0.0378,wind
FL,Gulf,GULF,0.0071,0.0059,0.0257,0.0,0.0257,wind
FL,Hamilton,HAMILTON,0.0024,0.0031,0.0687,0.0,0.0687,wind
FL,Hardee,HARDEE,0.0047,0.0061,0.0304,0.0,0.0304,wind
FL,Hendry,HENDRY,0.0097,0.0061,0.0439,0.0001,0.0439,wind
FL,Hernando,HERNANDO,0.0112,0.0093,0.0276,0.0,0.0276,wind
FL,Highlands,HIGHLANDS,0.0176,0.0063,0.0259,0.0,0.0259,wind
FL,Hillsborough,HILLSBOROUGH,0.0061,0.0379,0.1131,0.0,0.1131,wind
FL,Holmes,HOLMES,0.0022,0.0061,0.0853,0.0,0.0853,wind
FL,Indian River,INDIAN RIVER,0.0123,0.017,0.0442,0.0,0.0442,wind
FL,Jackson,JACKSON,0.0039,0.0045,0.0858,0.0,0.0858,wind
FL,Jefferson,JEFFERSON,0.0022,0.0044,0.1048,0.0,0.1048,wind
FL,Lafayette,LAFAYETTE,0.0038,0.006,0.0459,0.0,0.0459,wind
FL,Lake,LAKE,0.0335,0.0035,0.0614,0.0,0.0614,wind
FL,Lee,LEE,0.006,0.0261,0.086,0.0,0.086,wind
FL,Leon,LEON,0.0324,0.0192,0.1739,0.0,0.1739,wind
FL,Levy,LEVY,0.0188,0.0085,0.0446,0.0001,0.0446,wind
FL,Liberty,LIBERTY,0.0464,0.0045,0.0368,0.0,0.0464,fire
FL,Madison,MADISON,0.0033,0.0038,0.0991,0.0,0.0991,wind
FL,Manatee,MANATEE,0.0072,0.0201,0.0748,0.0,0.0748,wind
FL,Marion,MARION,0.0724,0.0067,0.1769,0.0,0.1769,wind
FL,Martin,MARTIN,0.0132,0.0121,0.0363,0.0,0.0363,wind
FL,Miami-Dade,MIAMI-DADE,0.1106,0.0181,0.1458,0.0,0.1458,wind
FL,Monroe,MONROE,0.0398,0.0059,0.0678,0.0,0.0678,wind
FL,Nassau,NASSAU,0.0097,0.0026,0.1197,0.0,0.1197,wind
FL,Okaloosa,OKALOOSA,0.0161,0.0161,0.0745,0.0,0.0745,wind
FL,Okeechobee,OKEECHOBEE,0.0174,0.006,0.0315,0.0,0.0315,wind
FL,Orange,ORANGE,0.0131,0.0081,0.162,0.0,0.162,wind
FL,Osceola,OSCEOLA,0.0204,0.0123,0.0697,0.0,0.0697,wind
FL,Palm Beach,PALM BEACH,0.0542,0.0152,0.1861,0.0,0.1861,wind
FL,Pasco,PASCO,0.0045,0.025,0.0611,0.0,0.0611,wind
FL,Pinellas,PINELLAS,0.006,0.0253,0.0922,0.0,0.0922,wind
FL,Polk,POLK,0.0422,0.0161,0.0911,0.0,0.0911,wind
FL,Putnam,PUTNAM,0.0302,0.0046,0.1332,0.0,0.1332,wind
FL,Santa Rosa,SANTA ROSA,0.0177,0.013,0.0762,0.0,0.0762,wind
FL,Sarasota,SARASOTA,0.0049,0.0228,0.039,0.0,0.039,wind
FL,Seminole,SEMINOLE,0.0046,0.0125,0.0797,0.0,0.0797,wind
FL,St. Johns,ST. JOHNS,0.007,0.0046,0.1562,0.0,0.1562,wind
FL,St. Lucie,ST. LUCIE,0.0079,0.0118,0.0512,0.0,0.0512,wind
FL,Sumter,SUMTER,0.0068,0.0046,0.0307,0.0,0.0307,wind
FL,Suwannee,SUWANNEE,0.0009,0.0055,0.1122,0.0,0.1122,wind
FL,Taylor,TAYLOR,0.0116,0.0114,0.0718,0.0,0.0718,wind
FL,Union,UNION,0.0063,0.0033,0.045,0.0,0.045,wind
FL,Volusia,VOLUSIA,0.0349,0.0058,0.1166,0.0,0.1166,wind
FL,Wakulla,WAKULLA,0.0489,0.0104,0.0921,0.0,0.0921,wind
FL,Walton,WALTON,0.0109,0.0136,0.1041,0.0,0.1041,wind
FL,Washington,WASHINGTON,0.0049,0.0062,0.068,0.0,0.068,wind
GA,Appling,APPLING,0.0019,0.0026,0.0547,0.0,0.0547,wind
GA,Atkinson,ATKINSON,0.0021,0.0019,0.0693,0.0,0.0693,wind
GA,Bacon,BACON,0.0028,0.003,0.0565,0.0,0.0565,wind
GA,Baker,BAKER,0.0011,0.004,0.0432,0.0,0.0432,wind
GA,Baldwin,BALDWIN,0.0011,0.0078,0.0542,0.0015,0.0542,wind
GA,Banks,BANKS,0.0002,0.0056,0.0596,0.0011,0.0596,wind
GA,Barrow,BARROW,0.0007,0.0082,0.0652,0.0015,0.0652,wind
GA,Bartow,BARTOW,0.0009,0.0057,0.1186,0.0023,0.1186,wind
GA,Ben Hill,BEN HILL,0.0014,0.002,0.0408,0.0003,0.0408,wind
GA,Berrien,BERRIEN,0.0012,0.0026,0.0614,0.0,0.0614,wind
GA,Bibb,BIBB,0.0005,0.0122,0.1265,0.0014,0.1265,wind
GA,Bleckley,BLECKLEY,0.0009,0.0027,0.0366,0.0012,0.0366,wind
GA,Brantley,BRANTLEY,0.0065,0.0031,0.0815,0.0,0.0815,wind
GA,Brooks,BROOKS,0.0017,0.0039,0.0746,0.0,0.0746,wind
GA,Bryan,BRYAN,0.0017,0.0055,0.1093,0.0,0.1093,wind
GA,Bulloch,BULLOCH,0.0011,0.0087,0.1844,0.0,0.1844,wind
GA,Burke,BURKE,0.0016,0.0042,0.1187,0.0,0.1187,wind
GA,Butts,BUTTS,0.0011,0.0045,0.0569,0.003,0.0569,wind
GA,Calhoun,CALHOUN,0.0006,0.0023,0.0284,0.0001,0.0284,wind
GA,Camden,CAMDEN,0.0076,0.0033,0.1456,0.0,0.1456,wind
GA,Candler,CANDLER,0.0013,0.0032,0.0611,0.0003,0.0611,wind
GA,Carroll,CARROLL,0.0005,0.0054,0.055,0.002,0.055,wind
GA,Catoosa,CATOOSA,0.0006,0.0048,0.0486,0.0022,0.0486,wind
GA,Charlton,CHARLTON,0.0083,0.0014,0.0554,0.0,0.0554,wind
GA,Chatham,CHATHAM,0.0017,0.0302,0.2445,0.0,0.2445,wind
GA,Chattahoochee,CHATTAHOOCHEE,0.0019,0.0019,0.0123,0.0019,0.0123,wind
GA,Chattooga,CHATTOOGA,0.0078,0.0038,0.0768,0.0021,0.0768,wind
GA,Cherokee,CHEROKEE,0.0001,0.0105,0.1588,0.0012,0.1588,wind
GA,Clarke,CLARKE,0.0002,0.0066,0.0771,0.0016,0.0771,wind
GA,Clay,CLAY,0.0009,0.0028,0.0265,0.0,0.0265,wind
GA,Clayton,CLAYTON,0.0009,0.0131,0.0724,0.0017,0.0724,wind
GA,Clinch,CLINCH,0.0069,0.0012,0.083,0.0001,0.083,wind
GA,Cobb,COBB,0.0004,0.008,0.1027,0.0026,0.1027,wind
GA,Coffee,COFFEE,0.0021,0.0028,0.1154,0.0001,0.1154,wind
GA,Colquitt,COLQUITT,0.0016,0.0064,0.0608,0.0,0.0608,wind
GA,Columbia,COLUMBIA,0.0004,0.0166,0.1513,0.0,0.1513,wind
GA,Cook,COOK,0.0015,0.0038,0.0297,0.0001,0.0297,wind
GA,Coweta,COWETA,0.0003,0.0047,0.0959,0.0025,0.0959,wind
GA,Crawford,CRAWFORD,0.001,0.0031,0.0632,0.0015,0.0632,wind
GA,Crisp,CRISP,0.0004,0.0036,0.0548,0.001,0.0548,wind
GA,Dade,DADE,0.0026,0.0037,0.0577,0.0012,0.0577,wind
GA,Dawson,DAWSON,0.0003,0.0068,0.0647,0.0018,0.0647,wind
GA,Decatur,DECATUR,0.0022,0.0052,0.0751,0.0,0.0751,wind
GA,Dekalb,DEKALB,0.0003,0.004,0.0,0.0,0.004,flood
GA,Dodge,DODGE,0.0023,0.0018,0.042,0.0011,0.042,wind
GA,Dooly,DOOLY,0.0004,0.0023,0.0333,0.0016,0.0333,wind
GA,Dougherty,DOUGHERTY,0.0011,0.0063,0.072,0.0,0.072,wind
GA,Douglas,DOUGLAS,0.0002,0.0083,0.0716,0.0012,0.0716,wind
GA,Early,EARLY,0.0011,0.0046,0.0589,0.0,0.0589,wind
GA,Echols,ECHOLS,0.0041,0.0016,0.0337,0.0,0.0337,wind
GA,Effingham,EFFINGHAM,0.0007,0.008,0.1907,0.0,0.1907,wind
GA,Elbert,ELBERT,0.0026,0.0043,0.102,0.0001,0.102,wind
GA,Emanuel,EMANUEL,0.0034,0.0029,0.0459,0.0016,0.0459,wind
GA,Evans,EVANS,0.0018,0.0043,0.0838,0.0,0.0838,wind
GA,Fannin,FANNIN,0.0048,0.0101,0.0582,0.0021,0.0582,wind
GA,Fayette,FAYETTE,0.0002,0.0104,0.0774,0.0028,0.0774,wind
GA,Floyd,FLOYD,0.0051,0.0085,0.1077,0.002,0.1077,wind
GA,Forsyth,FORSYTH,0.0004,0.0078,0.0799,0.0014,0.0799,wind
GA,Franklin,FRANKLIN,0.0005,0.0029,0.1087,0.0002,0.1087,wind
GA,Fulton,FULTON,0.0005,0.02,0.1727,0.0025,0.1727,wind
GA,Gilmer,GILMER,0.0024,0.0105,0.0627,0.0018,0.0627,wind
GA,Glascock,GLASCOCK,0.002,0.0023,0.0226,0.0019,0.0226,wind
GA,Glynn,GLYNN,0.0031,0.0067,0.0798,0.0,0.0798,wind
GA,Gordon,GORDON,0.0028,0.004,0.0673,0.002,0.0673,wind
GA,Grady,GRADY,0.0026,0.0049,0.0785,0.0,0.0785,wind
GA,Greene,GREENE,0.0019,0.0038,0.0457,0.0017,0.0457,wind
GA,Gwinnett,GWINNETT,0.0002,0.0109,0.1468,0.0009,0.1468,wind
GA,Habersham,HABERSHAM,0.0005,0.0102,0.1118,0.0002,0.1118,wind
GA,Hall,HALL,0.0002,0.0085,0.0821,0.0014,0.0821,wind
GA,Hancock,HANCOCK,0.0019,0.0019,0.0222,0.0018,0.0222,wind
GA,Haralson,HARALSON,0.0007,0.0034,0.0528,0.0018,0.0528,wind
GA,Harris,HARRIS,0.0014,0.0039,0.0608,0.0008,0.0608,wind
GA,Hart,HART,0.0008,0.0042,0.1078,0.0002,0.1078,wind
GA,Heard,HEARD,0.002,0.0033,0.0384,0.0008,0.0384,wind
GA,Henry,HENRY,0.0002,0.0039,0.0747,0.0028,0.0747,wind
GA,Houston,HOUSTON,0.0012,0.0075,0.0851,0.0014,0.0851,wind
GA,Irwin,IRWIN,0.0006,0.0024,0.0325,0.0002,0.0325,wind
GA,Jackson,JACKSON,0.0003,0.0054,0.1135,0.0018,0.1135,wind
GA,Jasper,JASPER,0.0035,0.0022,0.0385,0.0016,0.0385,wind
GA,Jeff Davis,JEFF DAVIS,0.0015,0.0037,0.0507,0.0005,0.0507,wind
GA,Jefferson,JEFFERSON,0.0015,0.0025,0.0516,0.0013,0.0516,wind
GA,Jenkins,JENKINS,0.001,0.0026,0.0776,0.0,0.0776,wind
GA,Johnson,JOHNSON,0.001,0.0022,0.0621,0.0014,0.0621,wind
GA,Jones,JONES,0.003,0.0029,0.0587,0.002,0.0587,wind
GA,Lamar,LAMAR,0.0009,0.0041,0.0355,0.0024,0.0355,wind
GA,Lanier,LANIER,0.0039,0.0024,0.0474,0.0,0.0474,wind
GA,Laurens,LAURENS,0.0023,0.004,0.0846,0.0014,0.0846,wind
GA,Lee,LEE,0.0008,0.0041,0.0543,0.0,0.0543,wind
GA,Liberty,LIBERTY,0.0021,0.004,0.1816,0.0,0.1816,wind
GA,Lincoln,LINCOLN,0.0012,0.0016,0.0693,0.0,0.0693,wind
GA,Long,LONG,0.0021,0.0015,0.0857,0.0,0.0857,wind
GA,Lowndes,LOWNDES,0.0066,0.0065,0.1624,0.0001,0.1624,wind
GA,Lumpkin,LUMPKIN,0.0011,0.0096,0.043,0.0016,0.043,wind
GA,Macon,MACON,0.0012,0.0031,0.032,0.0014,0.032,wind
GA,Madison,MADISON,0.0004,0.0028,0.0545,0.0009,0.0545,wind
GA,Marion,MARION,0.0022,0.0021,0.0328,0.0016,0.0328,wind
GA,Mcduffie,MCDUFFIE,0.0027,0.0046,0.0504,0.0003,0.0504,wind
GA,Mcintosh,MCINTOSH,0.004,0.0034,0.0775,0.0,0.0775,wind
GA,Meriwether,MERIWETHER,0.0016,0.003,0.0632,0.0014,0.0632,wind
GA,Miller,MILLER,0.0007,0.003,0.0536,0.0,0.0536,wind
GA,Mitchell,MITCHELL,0.0005,0.0046,0.0786,0.0,0.0786,wind
GA,Monroe,MONROE,0.0017,0.004,0.0733,0.0017,0.0733,wind
GA,Montgomery,MONTGOMERY,0.002,0.0027,0.0296,0.0014,0.0296,wind
GA,Morgan,MORGAN,0.0019,0.0032,0.086,0.0017,0.086,wind
GA,Murray,MURRAY,0.0092,0.0045,0.0645,0.0035,0.0645,wind
GA,Muscogee,MUSCOGEE,0.0013,0.0134,0.0785,0.001,0.0785,wind
GA,Newton,NEWTON,0.0003,0.0051,0.069,0.0019,0.069,wind
GA,Oconee,OCONEE,0.0002,0.0042,0.0576,0.0014,0.0576,wind
GA,Oglethorpe,OGLETHORPE,0.0019,0.0025,0.0495,0.001,0.0495,wind
GA,Paulding,PAULDING,0.0001,0.0038,0.0931,0.0016,0.0931,wind
GA,Peach,PEACH,0.0011,0.008,0.0379,0.0013,0.0379,wind
GA,Pickens,PICKENS,0.0002,0.005,0.0645,0.002,0.0645,wind
GA,Pierce,PIERCE,0.0024,0.0031,0.0435,0.0,0.0435,wind
GA,Pike,PIKE,0.0003,0.0043,0.0291,0.0016,0.0291,wind
GA,Polk,POLK,0.0016,0.0031,0.0672,0.0012,0.0672,wind
GA,Pulaski,PULASKI,0.0007,0.0023,0.0304,0.0022,0.0304,wind
GA,Putnam,PUTNAM,0.0035,0.0038,0.0484,0.0013,0.0484,wind
GA,Quitman,QUITMAN,0.002,0.0023,0.0213,0.0,0.0213,wind
GA,Rabun,RABUN,0.0004,0.0076,0.0928,0.0001,0.0928,wind
GA,Randolph,RANDOLPH,0.0015,0.0018,0.0391,0.0001,0.0391,wind
GA,Richmond,RICHMOND,0.0015,0.0171,0.1221,0.0,0.1221,wind
GA,Rockdale,ROCKDALE,0.0001,0.0084,0.0462,0.0018,0.0462,wind
GA,Schley,SCHLEY,0.0011,0.0015,0.0164,0.0015,0.0164,wind
GA,Screven,SCREVEN,0.001,0.0045,0.1635,0.0,0.1635,wind
GA,Seminole,SEMINOLE,0.0009,0.0056,0.0433,0.0,0.0433,wind
GA,Spalding,SPALDING,0.0006,0.006,0.0603,0.0022,0.0603,wind
GA,Stephens,STEPHENS,0.0007,0.0053,0.1187,0.0003,0.1187,wind
GA,Stewart,STEWART,0.002,0.0014,0.0186,0.0023,0.0186,wind
GA,Sumter,SUMTER,0.0006,0.0035,0.0389,0.0009,0.0389,wind
GA,Talbot,TALBOT,0.0014,0.0015,0.0361,0.001,0.0361,wind
GA,Taliaferro,TALIAFERRO,0.0022,0.0012,0.0113,0.0029,0.0113,wind
GA,Tattnall,TATTNALL,0.0022,0.0035,0.1268,0.0,0.1268,wind
GA,Taylor,TAYLOR,0.003,0.0028,0.0533,0.001,0.0533,wind
GA,Telfair,TELFAIR,0.0019,0.0023,0.0291,0.0011,0.0291,wind
GA,Terrell,TERRELL,0.0006,0.0028,0.0376,0.0002,0.0376,wind
GA,Thomas,THOMAS,0.0025,0.0075,0.0908,0.0,0.0908,wind
GA,Tift,TIFT,0.001,0.0048,0.0513,0.0001,0.0513,wind
GA,Toombs,TOOMBS,0.0015,0.0046,0.0438,0.0015,0.0438,wind
GA,Towns,TOWNS,0.0026,0.0071,0.01,0.0017,0.01,wind
GA,Treutlen,TREUTLEN,0.0015,0.0023,0.0109,0.0014,0.0109,wind
GA,Troup,TROUP,0.002,0.0097,0.062,0.0016,0.062,wind
GA,Turner,TURNER,0.0003,0.0025,0.0422,0.0003,0.0422,wind
GA,Twiggs,TWIGGS,0.0025,0.0015,0.077,0.0019,0.077,wind
GA,Union,UNION,0.0017,0.007,0.0337,0.0012,0.0337,wind
GA,Upson,UPSON,0.0021,0.0049,0.0626,0.0009,0.0626,wind
GA,Walker,WALKER,0.0065,0.0053,0.0615,0.0023,0.0615,wind
GA,Walton,WALTON,0.0001,0.0034,0.0876,0.0012,0.0876,wind
GA,Ware,WARE,0.0099,0.0021,0.0887,0.0,0.0887,wind
GA,Warren,WARREN,0.0017,0.0023,0.0137,0.0021,0.0137,wind
GA,Washington,WASHINGTON,0.0029,0.0026,0.0745,0.0015,0.0745,wind
GA,Wayne,WAYNE,0.0031,0.0042,0.1072,0.0,0.1072,wind
GA,Webster,WEBSTER,0.0012,0.002,0.0193,0.0018,0.0193,wind
GA,Wheeler,WHEELER,0.0023,0.0018,0.0293,0.0011,0.0293,wind
GA,White,WHITE,0.0004,0.009,0.0611,0.0017,0.0611,wind
GA,Whitfield,WHITFIELD,0.0008,0.0076,0.0834,0.0023,0.0834,wind
GA,Wilcox,WILCOX,0.0008,0.0022,0.0333,0.0018,0.0333,wind
GA,Wilkes,WILKES,0.0023,0.0024,0.0425,0.0009,0.0425,wind
GA,Wilkinson,WILKINSON,0.0019,0.0016,0.0499,0.002,0.0499,wind
GA,Worth,WORTH,0.0006,0.0038,0.0819,0.0001,0.0819,wind
IA,Adair,ADAIR,0.0003,0.0149,0.0943,0.0001,0.0943,wind
IA,Adams,ADAMS,0.0003,0.0135,0.0676,0.0001,0.0676,wind
IA,Allamakee,ALLAMAKEE,0.0007,0.0211,0.0813,0.0,0.0813,wind
IA,Appanoose,APPANOOSE,0.0005,0.0205,0.0643,0.0001,0.0643,wind
IA,Audubon,AUDUBON,0.0002,0.0107,0.0748,0.0,0.0748,wind
IA,Benton,BENTON,0.0002,0.0116,0.1163,0.0001,0.1163,wind
IA,Black Hawk,BLACK HAWK,0.0003,0.0573,0.1122,0.0001,0.1122,wind
IA,Boone,BOONE,0.0002,0.0323,0.1014,0.0001,0.1014,wind
IA,Bremer,BREMER,0.0028,0.0205,0.0805,0.0003,0.0805,wind
IA,Buchanan,BUCHANAN,0.0002,0.012,0.1181,0.0,0.1181,wind
IA,Buena Vista,BUENA VISTA,0.0005,0.0083,0.101,0.0,0.101,wind
IA,Butler,BUTLER,0.0002,0.0307,0.0843,0.0005,0.0843,wind
IA,Calhoun,CALHOUN,0.0005,0.0265,0.1013,0.0003,0.1013,wind
IA,Carroll,CARROLL,0.0002,0.0115,0.0969,0.0003,0.0969,wind
IA,Cass,CASS,0.0002,0.0095,0.1045,0.0,0.1045,wind
IA,Cedar,CEDAR,0.0002,0.0069,0.0833,0.0,0.0833,wind
IA,Cerro Gordo,CERRO GORDO,0.0003,0.0206,0.094,0.0013,0.094,wind
IA,Cherokee,CHEROKEE,0.0005,0.0057,0.0792,0.0,0.0792,wind
IA,Chickasaw,CHICKASAW,0.0003,0.0179,0.0737,0.0,0.0737,wind
IA,Clarke,CLARKE,0.0005,0.0223,0.0661,0.0001,0.0661,wind
IA,Clay,CLAY,0.0018,0.0041,0.0948,0.0,0.0948,wind
IA,Clayton,CLAYTON,0.0003,0.0231,0.0842,0.0,0.0842,wind
IA,Clinton,CLINTON,0.0002,0.0183,0.1249,0.0,0.1249,wind
IA,Crawford,CRAWFORD,0.0003,0.0073,0.08,0.0001,0.08,wind
IA,Dallas,DALLAS,0.0002,0.0398,0.1355,0.0001,0.1355,wind
IA,Davis,DAVIS,0.0003,0.0179,0.0825,0.0,0.0825,wind
IA,Decatur,DECATUR,0.0003,0.0247,0.0696,0.0002,0.0696,wind
IA,Delaware,DELAWARE,0.0002,0.0109,0.1173,0.0,0.1173,wind
IA,Des Moines,DES MOINES,0.0002,0.015,0.1241,0.0001,0.1241,wind
IA,Dickinson,DICKINSON,0.0004,0.0057,0.0934,0.0001,0.0934,wind
IA,Dubuque,DUBUQUE,0.0002,0.0125,0.1218,0.0,0.1218,wind
IA,Emmet,EMMET,0.0002,0.0238,0.0812,0.0004,0.0812,wind
IA,Fayette,FAYETTE,0.0005,0.0149,0.0815,0.0,0.0815,wind
IA,Floyd,FLOYD,0.002,0.0171,0.0651,0.0001,0.0651,wind
IA,Franklin,FRANKLIN,0.0002,0.0204,0.0963,0.0004,0.0963,wind
IA,Fremont,FREMONT,0.0004,0.0131,0.0736,0.0,0.0736,wind
IA,Greene,GREENE,0.0002,0.0246,0.0677,0.0001,0.0677,wind
IA,Grundy,GRUNDY,0.0005,0.0196,0.0747,0.0005,0.0747,wind
IA,Guthrie,GUTHRIE,0.0003,0.0156,0.0952,0.0,0.0952,wind
IA,Hamilton,HAMILTON,0.0002,0.0291,0.1113,0.0001,0.1113,wind
IA,Hancock,HANCOCK,0.0002,0.0104,0.0708,0.0003,0.0708,wind
IA,Hardin,HARDIN,0.0003,0.0158,0.0998,0.0,0.0998,wind
IA,Harrison,HARRISON,0.0006,0.0103,0.0974,0.0,0.0974,wind
IA,Henry,HENRY,0.0003,0.0101,0.0774,0.0001,0.0774,wind
IA,Howard,HOWARD,0.0004,0.0102,0.0644,0.0,0.0644,wind
IA,Humboldt,HUMBOLDT,0.0004,0.0268,0.0802,0.0001,0.0802,wind
IA,Ida,IDA,0.0002,0.0035,0.061,0.0,0.061,wind
IA,Iowa,IOWA,0.0001,0.0193,0.0951,0.0,0.0951,wind
IA,Jackson,JACKSON,0.0002,0.0163,0.1194,0.0001,0.1194,wind
IA,Jasper,JASPER,0.0001,0.0242,0.0787,0.0,0.0787,wind
IA,Jefferson,JEFFERSON,0.0002,0.0125,0.0755,0.0,0.0755,wind
IA,Johnson,JOHNSON,0.0003,0.0239,0.1141,0.0,0.1141,wind
IA,Jones,JONES,0.0001,0.0144,0.1447,0.0002,0.1447,wind
IA,Keokuk,KEOKUK,0.0001,0.0175,0.0841,0.0,0.0841,wind
IA,Kossuth,KOSSUTH,0.0003,0.0244,0.0821,0.0002,0.0821,wind
IA,Lee,LEE,0.0004,0.0127,0.0769,0.0,0.0769,wind
IA,Linn,LINN,0.0002,0.0151,0.1743,0.0,0.1743,wind
IA,Louisa,LOUISA,0.0002,0.02,0.0733,0.0,0.0733,wind
IA,Lucas,LUCAS,0.0005,0.0319,0.0727,0.0001,0.0727,wind
IA,Lyon,LYON,0.0004,0.0035,0.0898,0.0001,0.0898,wind
IA,Madison,MADISON,0.0004,0.0174,0.065,0.0002,0.065,wind
IA,Mahaska,MAHASKA,0.0002,0.0483,0.0952,0.0,0.0952,wind
IA,Marion,MARION,0.0002,0.0386,0.1153,0.0001,0.1153,wind
IA,Marshall,MARSHALL,0.0002,0.0246,0.1083,0.0001,0.1083,wind
IA,Mills,MILLS,0.0004,0.0098,0.0986,0.0,0.0986,wind
IA,Mitchell,MITCHELL,0.0006,0.0116,0.0512,0.0,0.0512,wind
IA,Monona,MONONA,0.0006,0.0091,0.0812,0.0,0.0812,wind
IA,Monroe,MONROE,0.0005,0.0268,0.0586,0.0001,0.0586,wind
IA,Montgomery,MONTGOMERY,0.0002,0.005,0.0646,0.0,0.0646,wind
IA,Muscatine,MUSCATINE,0.0002,0.0166,0.0933,0.0,0.0933,wind
IA,O'Brien,O'BRIEN,0.0007,0.0037,0.0948,0.0,0.0948,wind
IA,Osceola,OSCEOLA,0.0005,0.0029,0.0707,0.0002,0.0707,wind
IA,Page,PAGE,0.0002,0.0074,0.0871,0.0,0.0871,wind
IA,Palo Alto,PALO ALTO,0.0003,0.0201,0.0776,0.0001,0.0776,wind
IA,Plymouth,PLYMOUTH,0.0007,0.005,0.0941,0.0,0.0941,wind
IA,Pocahontas,POCAHONTAS,0.0003,0.0168,0.0906,0.0001,0.0906,wind
IA,Polk,POLK,0.0003,0.06,0.1638,0.0001,0.1638,wind
IA,Pottawattamie,POTTAWATTAMIE,0.0004,0.0119,0.1099,0.0,0.1099,wind
IA,Poweshiek,POWESHIEK,0.0002,0.0114,0.0851,0.0,0.0851,wind
IA,Ringgold,RINGGOLD,0.0003,0.0147,0.0632,0.0003,0.0632,wind
IA,Sac,SAC,0.0003,0.0109,0.0842,0.0,0.0842,wind
IA,Scott,SCOTT,0.0003,0.0143,0.1556,0.0,0.1556,wind
IA,Shelby,SHELBY,0.0002,0.0035,0.0722,0.0,0.0722,wind
IA,Sioux,SIOUX,0.0004,0.0053,0.1074,0.0,0.1074,wind
IA,Story,STORY,0.0001,0.0362,0.1473,0.0001,0.1473,wind
IA,Tama,TAMA,0.0002,0.0163,0.0854,0.0,0.0854,wind
IA,Taylor,TAYLOR,0.0002,0.0121,0.0989,0.0002,0.0989,wind
IA,Union,UNION,0.0003,0.0182,0.0915,0.0001,0.0915,wind
IA,Van Buren,VAN BUREN,0.0003,0.0188,0.0799,0.0,0.0799,wind
IA,Wapello,WAPELLO,0.0004,0.0479,0.0945,0.0001,0.0945,wind
IA,Warren,WARREN,0.0003,0.0307,0.088,0.0001,0.088,wind
IA,Washington,WASHINGTON,0.0001,0.0233,0.0956,0.0001,0.0956,wind
IA,Wayne,WAYNE,0.0001,0.0312,0.077,0.0001,0.077,wind
IA,Webster,WEBSTER,0.0003,0.0435,0.1212,0.0001,0.1212,wind
IA,Winnebago,WINNEBAGO,0.0002,0.0147,0.0679,0.0002,0.0679,wind
IA,Winneshiek,WINNESHIEK,0.0002,0.019,0.0904,0.0001,0.0904,wind
IA,Woodbury,WOODBURY,0.0003,0.0091,0.145,0.0,0.145,wind
IA,Worth,WORTH,0.0004,0.0176,0.06,0.0004,0.06,wind
IA,Wright,WRIGHT,0.0003,0.0185,0.08,0.0001,0.08,wind
ID,Ada,ADA,0.2113,0.0033,0.0761,0.0001,0.2113,fire
ID,Adams,ADAMS,0.1225,0.0008,0.0103,0.0,0.1225,fire
ID,Bannock,BANNOCK,0.1251,0.007,0.0854,0.0001,0.1251,fire
ID,Bear Lake,BEAR LAKE,0.057,0.0027,0.047,0.0004,0.057,fire
ID,Benewah,BENEWAH,0.1013,0.0011,0.0182,0.0004,0.1013,fire
ID,Bingham,BINGHAM,0.1365,0.0028,0.116,0.0001,0.1365,fire
ID,Blaine,BLAINE,0.1357,0.0032,0.0506,0.0002,0.1357,fire
ID,Boise,BOISE,0.1656,0.0018,0.0345,0.0013,0.1656,fire
ID,Bonner,BONNER,0.1021,0.0024,0.0408,0.0007,0.1021,fire
ID,Bonneville,BONNEVILLE,0.0883,0.0029,0.0832,0.0001,0.0883,fire
ID,Boundary,BOUNDARY,0.0802,0.0012,0.0221,0.0007,0.0802,fire
ID,Butte,BUTTE,0.1073,0.0016,0.1272,0.0,0.1272,wind
ID,Camas,CAMAS,0.0876,0.0005,0.0068,0.0008,0.0876,fire
ID,Canyon,CANYON,0.035,0.0009,0.0444,0.0027,0.0444,wind
ID,Caribou,CARIBOU,0.155,0.0014,0.0277,0.0059,0.155,fire
ID,Cassia,CASSIA,0.154,0.0011,0.0742,0.0002,0.154,fire
ID,Clark,CLARK,0.0931,0.001,0.0563,0.0001,0.0931,fire
ID,Clearwater,CLEARWATER,0.1215,0.0007,0.0377,0.0045,0.1215,fire
ID,Custer,CUSTER,0.1092,0.0027,0.0338,0.0001,0.1092,fire
ID,Elmore,ELMORE,0.219,0.0021,0.0526,0.0,0.219,fire
ID,Franklin,FRANKLIN,0.0632,0.0027,0.026,0.0003,0.0632,fire
ID,Fremont,FREMONT,0.06,0.0017,0.0538,0.0,0.06,fire
ID,Gem,GEM,0.1175,0.001,0.0112,0.0,0.1175,fire
ID,Gooding,GOODING,0.1179,0.0018,0.0145,0.0,0.1179,fire
ID,Idaho,IDAHO,0.3585,0.0017,0.0477,0.0006,0.3585,fire
ID,Jefferson,JEFFERSON,0.0823,0.002,0.105,0.0001,0.105,wind
ID,Jerome,JEROME,0.0939,0.0015,0.0433,0.0,0.0939,fire
ID,Kootenai,KOOTENAI,0.1275,0.0017,0.0391,0.0007,0.1275,fire
ID,Latah,LATAH,0.0795,0.001,0.0192,0.0004,0.0795,fire
ID,Lemhi,LEMHI,0.1551,0.0023,0.0868,0.0122,0.1551,fire
ID,Lewis,LEWIS,0.1228,0.0005,0.0241,0.0009,0.1228,fire
ID,Lincoln,LINCOLN,0.1337,0.0011,0.039,0.0002,0.1337,fire
ID,Madison,MADISON,0.0272,0.0034,0.0487,0.0,0.0487,wind
ID,Minidoka,MINIDOKA,0.0533,0.0004,0.0453,0.0,0.0533,fire
ID,Nez Perce,NEZ PERCE,0.1415,0.0007,0.0373,0.0013,0.1415,fire
ID,Oneida,ONEIDA,0.0956,0.0015,0.0262,0.0006,0.0956,fire
ID,Owyhee,OWYHEE,0.2051,0.0013,0.0458,0.0003,0.2051,fire
ID,Payette,PAYETTE,0.0587,0.0012,0.0159,0.0,0.0587,fire
ID,Power,POWER,0.0982,0.0011,0.0752,0.0,0.0982,fire
ID,Shoshone,SHOSHONE,0.135,0.0031,0.0173,0.0019,0.135,fire
ID,Teton,TETON,0.0366,0.0031,0.0221,0.0004,0.0366,fire
ID,Twin Falls,TWIN FALLS,0.1606,0.0018,0.0593,0.0015,0.1606,fire
ID,Valley,VALLEY,0.1945,0.0009,0.051,0.0043,0.1945,fire
ID,Washington,WASHINGTON,0.1009,0.0012,0.0149,0.0,0.1009,fire
IL,Adams,ADAMS,0.0003,0.002,0.118,0.0001,0.118,wind
IL,Alexander,ALEXANDER,0.0009,0.0108,0.0451,0.0004,0.0451,wind
IL,Bond,BOND,0.0001,0.0025,0.0675,0.0001,0.0675,wind
IL,Boone,BOONE,0.0001,0.0096,0.1142,0.0,0.1142,wind
IL,Brown,BROWN,0.0006,0.001,0.057,0.0001,0.057,wind
IL,Bureau,BUREAU,0.0001,0.0042,0.0831,0.0001,0.0831,wind
IL,Calhoun,CALHOUN,0.001,0.0028,0.0485,0.0001,0.0485,wind
IL,Carroll,CARROLL,0.0001,0.0077,0.1249,0.0001,0.1249,wind
IL,Cass,CASS,0.0002,0.0029,0.0832,0.0,0.0832,wind
IL,Champaign,CHAMPAIGN,0.0002,0.0037,0.1951,0.0,0.1951,wind
IL,Christian,CHRISTIAN,0.0001,0.0018,0.1192,0.0,0.1192,wind
IL,Clark,CLARK,0.0002,0.0017,0.0631,0.0,0.0631,wind
IL,Clay,CLAY,0.0002,0.0027,0.1035,0.0,0.1035,wind
IL,Clinton,CLINTON,0.0002,0.0023,0.1077,0.0,0.1077,wind
IL,Coles,COLES,0.0002,0.0009,0.1344,0.0,0.1344,wind
IL,Cook,COOK,0.001,0.0576,0.2825,0.0012,0.2825,wind
IL,Crawford,CRAWFORD,0.0002,0.0021,0.0745,0.0,0.0745,wind
IL,Cumberland,CUMBERLAND,0.0001,0.0011,0.0759,0.0,0.0759,wind
IL,De Witt,DE WITT,0.0001,0.0024,0.1195,0.0,0.1195,wind
IL,Dekalb,DEKALB,0.0002,0.0031,0.0,0.0,0.0031,flood
IL,Douglas,DOUGLAS,0.0002,0.0008,0.0706,0.0,0.0706,wind
IL,Dupage,DUPAGE,0.0003,0.0044,0.0001,0.0,0.0044,flood
IL,Edgar,EDGAR,0.0002,0.0012,0.0771,0.0,0.0771,wind
IL,Edwards,EDWARDS,0.0002,0.0035,0.0452,0.0003,0.0452,wind
IL,Effingham,EFFINGHAM,0.0002,0.0028,0.0929,0.0,0.0929,wind
IL,Fayette,FAYETTE,0.0003,0.0026,0.0787,0.0,0.0787,wind
IL,Ford,FORD,0.0001,0.0014,0.0808,0.0,0.0808,wind
IL,Franklin,FRANKLIN,0.0006,0.0052,0.068,0.0005,0.068,wind
IL,Fulton,FULTON,0.0003,0.0032,0.1365,0.0,0.1365,wind
IL,Gallatin,GALLATIN,0.0004,0.0032,0.0329,0.0003,0.0329,wind
IL,Greene,GREENE,0.0002,0.0018,0.0654,0.0,0.0654,wind
IL,Grundy,GRUNDY,0.0003,0.0079,0.1376,0.0001,0.1376,wind
IL,Hamilton,HAMILTON,0.0003,0.0018,0.0394,0.0002,0.0394,wind
IL,Hancock,HANCOCK,0.0001,0.0091,0.1003,0.0003,0.1003,wind
IL,Hardin,HARDIN,0.0016,0.0042,0.0398,0.0004,0.0398,wind
IL,Henderson,HENDERSON,0.0002,0.0056,0.0611,0.0001,0.0611,wind
IL,Henry,HENRY,0.0002,0.0074,0.1306,0.0001,0.1306,wind
IL,Iroquois,IROQUOIS,0.0003,0.0018,0.1283,0.0,0.1283,wind
IL,Jackson,JACKSON,0.0016,0.0066,0.0831,0.0007,0.0831,wind
IL,Jasper,JASPER,0.0023,0.002,0.0661,0.0,0.0661,wind
IL,Jefferson,JEFFERSON,0.0005,0.0054,0.0725,0.0006,0.0725,wind
IL,Jersey,JERSEY,0.0002,0.0043,0.076,0.0001,0.076,wind
IL,Jo Daviess,JO DAVIESS,0.0003,0.0155,0.1266,0.0005,0.1266,wind
IL,Johnson,JOHNSON,0.0022,0.0053,0.0502,0.0004,0.0502,wind
IL,Kane,KANE,0.0002,0.0102,0.2134,0.0002,0.2134,wind
IL,Kankakee,KANKAKEE,0.0006,0.0064,0.1341,0.0,0.1341,wind
IL,Kendall,KENDALL,0.0002,0.0056,0.12,0.0003,0.12,wind
IL,Knox,KNOX,0.0002,0.0044,0.138,0.0,0.138,wind
IL,Lake,LAKE,0.0006,0.0189,0.1406,0.0002,0.1406,wind
IL,Lasalle,LASALLE,0.0002,0.0065,0.0,0.0,0.0065,flood
IL,Lawrence,LAWRENCE,0.0002,0.0038,0.0659,0.0,0.0659,wind
IL,Lee,LEE,0.0001,0.0055,0.1201,0.0,0.1201,wind
IL,Livingston,LIVINGSTON,0.0002,0.003,0.1055,0.0,0.1055,wind
IL,Logan,LOGAN,0.0001,0.0013,0.1445,0.0001,0.1445,wind
IL,Macon,MACON,0.0003,0.0035,0.1362,0.0,0.1362,wind
IL,Macoupin,MACOUPIN,0.0002,0.002,0.0924,0.0001,0.0924,wind
IL,Madison,MADISON,0.0002,0.0025,0.1622,0.0001,0.1622,wind
IL,Marion,MARION,0.0003,0.0028,0.0801,0.0,0.0801,wind
IL,Marshall,MARSHALL,0.0001,0.0062,0.0944,0.0,0.0944,wind
IL,Mason,MASON,0.0002,0.0034,0.1039,0.0,0.1039,wind
IL,Massac,MASSAC,0.0004,0.0083,0.0441,0.0005,0.0441,wind
IL,Mcdonough,MCDONOUGH,0.0003,0.0057,0.1023,0.0003,0.1023,wind
IL,Mchenry,MCHENRY,0.0002,0.0112,0.159,0.0002,0.159,wind
IL,Mclean,MCLEAN,0.0001,0.0021,0.1353,0.0,0.1353,wind
IL,Menard,MENARD,0.0002,0.0024,0.0675,0.0,0.0675,wind
IL,Mercer,MERCER,0.0002,0.0065,0.0737,0.0001,0.0737,wind
IL,Monroe,MONROE,0.0003,0.0037,0.0783,0.0,0.0783,wind
IL,Montgomery,MONTGOMERY,0.0002,0.0012,0.1192,0.0,0.1192,wind
IL,Morgan,MORGAN,0.0001,0.0017,0.1104,0.0,0.1104,wind
IL,Moultrie,MOULTRIE,0.0002,0.0007,0.0656,0.0,0.0656,wind
IL,Ogle,OGLE,0.0002,0.0095,0.1503,0.0002,0.1503,wind
IL,Peoria,PEORIA,0.0003,0.0096,0.1602,0.0,0.1602,wind
IL,Perry,PERRY,0.0005,0.0037,0.0712,0.0005,0.0712,wind
IL,Piatt,PIATT,0.0001,0.0009,0.1004,0.0,0.1004,wind
IL,Pike,PIKE,0.0003,0.0016,0.0872,0.0,0.0872,wind
IL,Pope,POPE,0.0029,0.0025,0.0332,0.0004,0.0332,wind
IL,Pulaski,PULASKI,0.0004,0.0066,0.0374,0.0006,0.0374,wind
IL,Putnam,PUTNAM,0.0002,0.0061,0.0724,0.0004,0.0724,wind
IL,Randolph,RANDOLPH,0.0003,0.0023,0.0867,0.0,0.0867,wind
IL,Richland,RICHLAND,0.0002,0.0027,0.053,0.0,0.053,wind
IL,Rock Island,ROCK ISLAND,0.0002,0.0201,0.1178,0.0,0.1178,wind
IL,Saline,SALINE,0.0008,0.0043,0.0666,0.0008,0.0666,wind
IL,Sangamon,SANGAMON,0.0002,0.0042,0.1842,0.0003,0.1842,wind
IL,Schuyler,SCHUYLER,0.0003,0.0037,0.0817,0.0,0.0817,wind
IL,Scott,SCOTT,0.0002,0.0032,0.0562,0.0,0.0562,wind
IL,Shelby,SHELBY,0.0001,0.0023,0.0975,0.0,0.0975,wind
IL,St. Clair,ST. CLAIR,0.0001,0.0034,0.1651,0.0001,0.1651,wind
IL,Stark,STARK,0.0001,0.0021,0.0579,0.0,0.0579,wind
IL,Stephenson,STEPHENSON,0.0001,0.01,0.1345,0.0003,0.1345,wind
IL,Tazewell,TAZEWELL,0.0002,0.0033,0.1795,0.0,0.1795,wind
IL,Union,UNION,0.0016,0.0065,0.0542,0.0003,0.0542,wind
IL,Vermilion,VERMILION,0.0002,0.0026,0.1348,0.0,0.1348,wind
IL,Wabash,WABASH,0.0002,0.0043,0.0498,0.0002,0.0498,wind
IL,Warren,WARREN,0.0001,0.0022,0.0843,0.0002,0.0843,wind
IL,Washington,WASHINGTON,0.0004,0.0018,0.0733,0.0001,0.0733,wind
IL,Wayne,WAYNE,0.0006,0.0036,0.065,0.0005,0.065,wind
IL,White,WHITE,0.0002,0.0045,0.0633,0.0003,0.0633,wind
IL,Whiteside,WHITESIDE,0.0002,0.0155,0.1412,0.0001,0.1412,wind
IL,Will,WILL,0.0003,0.0097,0.2687,0.0001,0.2687,wind
IL,Williamson,WILLIAMSON,0.0027,0.0065,0.0517,0.0006,0.0517,wind
IL,Winnebago,WINNEBAGO,0.0002,0.0165,0.1797,0.0001,0.1797,wind
IL,Woodford,WOODFORD,0.0003,0.0026,0.1096,0.0,0.1096,wind
IN,Adams,ADAMS,0.0001,0.003,0.0655,0.0,0.0655,wind
IN,Allen,ALLEN,0.0001,0.0085,0.1441,0.0,0.1441,wind
IN,Bartholomew,BARTHOLOMEW,0.0005,0.0055,0.0576,0.0,0.0576,wind
IN,Benton,BENTON,0.0001,0.0015,0.0502,0.0,0.0502,wind
IN,Blackford,BLACKFORD,0.0001,0.0025,0.0663,0.0,0.0663,wind
IN,Boone,BOONE,0.0001,0.0016,0.0913,0.0,0.0913,wind
IN,Brown,BROWN,0.0014,0.0049,0.0718,0.0,0.0718,wind
IN,Carroll,CARROLL,0.0001,0.0027,0.1107,0.0,0.1107,wind
IN,Cass,CASS,0.0001,0.0037,0.108,0.0,0.108,wind
IN,Clark,CLARK,0.0004,0.0063,0.1124,0.0,0.1124,wind
IN,Clay,CLAY,0.0003,0.0031,0.06,0.0,0.06,wind
IN,Clinton,CLINTON,0.0001,0.0015,0.0719,0.0,0.0719,wind
IN,Crawford,CRAWFORD,0.0007,0.0036,0.1111,0.0,0.1111,wind
IN,Daviess,DAVIESS,0.0001,0.0031,0.0761,0.0,0.0761,wind
IN,Dearborn,DEARBORN,0.0001,0.0051,0.0916,0.0,0.0916,wind
IN,Decatur,DECATUR,0.0001,0.0027,0.0666,0.0,0.0666,wind
IN,Dekalb,DEKALB,0.0001,0.0024,0.0,0.0,0.0024,flood
IN,Delaware,DELAWARE,0.0001,0.0046,0.11,0.0,0.11,wind
IN,Dubois,DUBOIS,0.0003,0.0049,0.0833,0.0,0.0833,wind
IN,Elkhart,ELKHART,0.0001,0.0059,0.1526,0.0,0.1526,wind
IN,Fayette,FAYETTE,0.0002,0.0024,0.0695,0.0,0.0695,wind
IN,Floyd,FLOYD,0.0002,0.0059,0.0873,0.0,0.0873,wind
IN,Fountain,FOUNTAIN,0.0002,0.0043,0.082,0.0,0.082,wind
IN,Franklin,FRANKLIN,0.0005,0.0042,0.0699,0.0,0.0699,wind
IN,Fulton,FULTON,0.0001,0.0027,0.0817,0.0,0.0817,wind
IN,Gibson,GIBSON,0.0004,0.0045,0.0764,0.0001,0.0764,wind
IN,Grant,GRANT,0.0001,0.0031,0.0809,0.0,0.0809,wind
IN,Greene,GREENE,0.0002,0.0061,0.0789,0.0,0.0789,wind
IN,Hamilton,HAMILTON,0.0001,0.0036,0.1396,0.0,0.1396,wind
IN,Hancock,HANCOCK,0.0001,0.0026,0.1192,0.0,0.1192,wind
IN,Harrison,HARRISON,0.0002,0.0041,0.1124,0.0,0.1124,wind
IN,Hendricks,HENDRICKS,0.0001,0.0024,0.1368,0.0,0.1368,wind
IN,Henry,HENRY,0.0001,0.0028,0.0959,0.0,0.0959,wind
IN,Howard,HOWARD,0.0001,0.0037,0.0901,0.0,0.0901,wind
IN,Huntington,HUNTINGTON,0.0001,0.0043,0.1393,0.0,0.1393,wind
IN,Jackson,JACKSON,0.0006,0.0054,0.0817,0.0,0.0817,wind
IN,Jasper,JASPER,0.0001,0.0032,0.1096,0.0,0.1096,wind
IN,Jay,JAY,0.0001,0.0023,0.0648,0.0,0.0648,wind
IN,Jefferson,JEFFERSON,0.0004,0.0066,0.0795,0.0,0.0795,wind
IN,Jennings,JENNINGS,0.0003,0.0068,0.0482,0.0,0.0482,wind
IN,Johnson,JOHNSON,0.0001,0.0031,0.1044,0.0,0.1044,wind
IN,Knox,KNOX,0.0001,0.0041,0.096,0.0,0.096,wind
IN,Kosciusko,KOSCIUSKO,0.0001,0.0044,0.1465,0.0,0.1465,wind
IN,Lagrange,LAGRANGE,0.0001,0.0036,0.0907,0.0,0.0907,wind
IN,Lake,LAKE,0.0011,0.0117,0.1738,0.0001,0.1738,wind
IN,Laporte,LAPORTE,0.0002,0.0078,0.0,0.0,0.0078,flood
IN,Lawrence,LAWRENCE,0.0009,0.006,0.0697,0.0,0.0697,wind
IN,Madison,MADISON,0.0001,0.0031,0.1294,0.0,0.1294,wind
IN,Marion,MARION,0.0001,0.0086,0.1933,0.0,0.1933,wind
IN,Marshall,MARSHALL,0.0001,0.0034,0.1221,0.0,0.1221,wind
IN,Martin,MARTIN,0.0005,0.0044,0.0432,0.0,0.0432,wind
IN,Miami,MIAMI,0.0001,0.0028,0.1209,0.0,0.1209,wind
IN,Monroe,MONROE,0.0011,0.0086,0.0851,0.0,0.0851,wind
IN,Montgomery,MONTGOMERY,0.0002,0.0026,0.0871,0.0,0.0871,wind
IN,Morgan,MORGAN,0.0004,0.007,0.0944,0.0,0.0944,wind
IN,Newton,NEWTON,0.0002,0.0036,0.0834,0.0,0.0834,wind
IN,Noble,NOBLE,0.0001,0.0028,0.0929,0.0,0.0929,wind
IN,Ohio,OHIO,0.0003,0.0038,0.0382,0.0,0.0382,wind
IN,Orange,ORANGE,0.0006,0.0038,0.0677,0.0,0.0677,wind
IN,Owen,OWEN,0.0003,0.0057,0.0853,0.0,0.0853,wind
IN,Parke,PARKE,0.0005,0.0025,0.0845,0.0,0.0845,wind
IN,Perry,PERRY,0.0009,0.0024,0.0635,0.0,0.0635,wind
IN,Pike,PIKE,0.0007,0.0067,0.0527,0.0001,0.0527,wind
IN,Porter,PORTER,0.0005,0.0096,0.1646,0.0,0.1646,wind
IN,Posey,POSEY,0.0003,0.006,0.0492,0.0,0.0492,wind
IN,Pulaski,PULASKI,0.0001,0.0033,0.0626,0.0,0.0626,wind
IN,Putnam,PUTNAM,0.0004,0.0024,0.1028,0.0,0.1028,wind
IN,Randolph,RANDOLPH,0.0001,0.0019,0.0913,0.0,0.0913,wind
IN,Ripley,RIPLEY,0.0003,0.0069,0.1013,0.0,0.1013,wind
IN,Rush,RUSH,0.0001,0.0013,0.0894,0.0,0.0894,wind
IN,Scott,SCOTT,0.0004,0.0059,0.0634,0.0,0.0634,wind
IN,Shelby,SHELBY,0.0001,0.003,0.1102,0.0,0.1102,wind
IN,Spencer,SPENCER,0.0002,0.0034,0.071,0.0001,0.071,wind
IN,St. Joseph,ST. JOSEPH,0.0001,0.0066,0.1503,0.0,0.1503,wind
IN,Starke,STARKE,0.0002,0.0053,0.0899,0.0,0.0899,wind
IN,Steuben,STEUBEN,0.0002,0.0029,0.1108,0.0,0.1108,wind
IN,Sullivan,SULLIVAN,0.0002,0.0046,0.0672,0.0,0.0672,wind
IN,Switzerland,SWITZERLAND,0.0002,0.005,0.0592,0.0,0.0592,wind
IN,Tippecanoe,TIPPECANOE,0.0002,0.0094,0.169,0.0,0.169,wind
IN,Tipton,TIPTON,0.0001,0.0011,0.0707,0.0,0.0707,wind
IN,Union,UNION,0.0001,0.0021,0.0597,0.0,0.0597,wind
IN,Vanderburgh,VANDERBURGH,0.0003,0.0213,0.0924,0.0001,0.0924,wind
IN,Vermillion,VERMILLION,0.0005,0.0034,0.0882,0.0,0.0882,wind
IN,Vigo,VIGO,0.0007,0.0075,0.1015,0.0,0.1015,wind
IN,Wabash,WABASH,0.0002,0.0044,0.0976,0.0,0.0976,wind
IN,Warren,WARREN,0.0002,0.0026,0.0594,0.0,0.0594,wind
IN,Warrick,WARRICK,0.0005,0.0087,0.0791,0.0001,0.0791,wind
IN,Washington,WASHINGTON,0.0002,0.0034,0.0721,0.0,0.0721,wind
IN,Wayne,WAYNE,0.0001,0.0014,0.1203,0.0,0.1203,wind
IN,Wells,WELLS,0.0001,0.0017,0.0716,0.0,0.0716,wind
IN,White,WHITE,0.0001,0.0029,0.0816,0.0,0.0816,wind
IN,Whitley,WHITLEY,0.0001,0.0036,0.1016,0.0,0.1016,wind
KS,Allen,ALLEN,0.0005,0.0061,0.0955,0.0,0.0955,wind
KS,Anderson,ANDERSON,0.0005,0.0059,0.0874,0.0,0.0874,wind
KS,Atchison,ATCHISON,0.0005,0.0028,0.0616,0.0,0.0616,wind
KS,Barber,BARBER,0.0126,0.0026,0.1686,0.0,0.1686,wind
KS,Barton,BARTON,0.0018,0.0046,0.2187,0.0,0.2187,wind
KS,Bourbon,BOURBON,0.0013,0.003,0.0892,0.0,0.0892,wind
KS,Brown,BROWN,0.0006,0.0018,0.1023,0.0,0.1023,wind
KS,Butler,BUTLER,0.0083,0.0101,0.2229,0.0,0.2229,wind
KS,Chase,CHASE,0.0108,0.0045,0.0902,0.0,0.0902,wind
KS,Chautauqua,CHAUTAUQUA,0.005,0.0024,0.0882,0.0,0.0882,wind
KS,Cherokee,CHEROKEE,0.0021,0.0049,0.1411,0.0,0.1411,wind
KS,Cheyenne,CHEYENNE,0.0029,0.0064,0.243,0.0004,0.243,wind
KS,Clark,CLARK,0.0077,0.0015,0.0941,0.0,0.0941,wind
KS,Clay,CLAY,0.0008,0.0051,0.1264,0.0,0.1264,wind
KS,Cloud,CLOUD,0.0013,0.0043,0.1363,0.0,0.1363,wind
KS,Coffey,COFFEY,0.0034,0.006,0.1186,0.0,0.1186,wind
KS,Comanche,COMANCHE,0.0097,0.0023,0.0754,0.0001,0.0754,wind
KS,Cowley,COWLEY,0.0058,0.0078,0.1805,0.0,0.1805,wind
KS,Crawford,CRAWFORD,0.001,0.0029,0.116,0.0,0.116,wind
KS,Decatur,DECATUR,0.002,0.0029,0.1304,0.0001,0.1304,wind
KS,Dickinson,DICKINSON,0.0019,0.0057,0.1379,0.0,0.1379,wind
KS,Doniphan,DONIPHAN,0.0005,0.0016,0.0639,0.0001,0.0639,wind
KS,Douglas,DOUGLAS,0.0007,0.0054,0.1677,0.0,0.1677,wind
KS,Edwards,EDWARDS,0.0009,0.0017,0.0806,0.0001,0.0806,wind
KS,Elk,ELK,0.0038,0.0022,0.0492,0.0,0.0492,wind
KS,Ellis,ELLIS,0.0056,0.0041,0.2093,0.0,0.2093,wind
KS,Ellsworth,ELLSWORTH,0.0084,0.0045,0.1482,0.0,0.1482,wind
KS,Finney,FINNEY,0.0037,0.0019,0.2412,0.0002,0.2412,wind
KS,Ford,FORD,0.0022,0.0026,0.2615,0.0003,0.2615,wind
KS,Franklin,FRANKLIN,0.0008,0.0053,0.1203,0.0,0.1203,wind
KS,Geary,GEARY,0.0038,0.0082,0.1195,0.0,0.1195,wind
KS,Gove,GOVE,0.0018,0.0032,0.1726,0.0001,0.1726,wind
KS,Graham,GRAHAM,0.0042,0.0044,0.1709,0.0,0.1709,wind
KS,Grant,GRANT,0.0015,0.0019,0.1237,0.0002,0.1237,wind
KS,Gray,GRAY,0.001,0.0013,0.1388,0.0001,0.1388,wind
KS,Greeley,GREELEY,0.0007,0.0021,0.1326,0.0002,0.1326,wind
KS,Greenwood,GREENWOOD,0.0071,0.0043,0.1093,0.0,0.1093,wind
KS,Hamilton,HAMILTON,0.0045,0.0027,0.1286,0.0002,0.1286,wind
KS,Harper,HARPER,0.006,0.0035,0.1275,0.0,0.1275,wind
KS,Harvey,HARVEY,0.001,0.0046,0.1271,0.0,0.1271,wind
KS,Haskell,HASKELL,0.0011,0.001,0.0932,0.0001,0.0932,wind
KS,Hodgeman,HODGEMAN,0.0038,0.0019,0.1631,0.0001,0.1631,wind
KS,Jackson,JACKSON,0.0025,0.0034,0.0974,0.0,0.0974,wind
KS,Jefferson,JEFFERSON,0.0011,0.0083,0.1429,0.0,0.1429,wind
KS,Jewell,JEWELL,0.0026,0.0079,0.1155,0.0001,0.1155,wind
KS,Johnson,JOHNSON,0.0005,0.0054,0.1594,0.0002,0.1594,wind
KS,Kearny,KEARNY,0.0019,0.0013,0.109,0.0004,0.109,wind
KS,Kingman,KINGMAN,0.0083,0.0032,0.14,0.0,0.14,wind
KS,Kiowa,KIOWA,0.0054,0.0021,0.1033,0.0001,0.1033,wind
KS,Labette,LABETTE,0.0004,0.0048,0.1061,0.0,0.1061,wind
KS,Lane,LANE,0.0017,0.0012,0.1047,0.0002,0.1047,wind
KS,Leavenworth,LEAVENWORTH,0.0013,0.0035,0.1453,0.0,0.1453,wind
KS,Lincoln,LINCOLN,0.0039,0.0056,0.1697,0.0,0.1697,wind
KS,Linn,LINN,0.0049,0.0027,0.071,0.0,0.071,wind
KS,Logan,LOGAN,0.0023,0.0027,0.1966,0.0004,0.1966,wind
KS,Lyon,LYON,0.004,0.0056,0.1691,0.0,0.1691,wind
KS,Marion,MARION,0.003,0.0053,0.1326,0.0,0.1326,wind
KS,Marshall,MARSHALL,0.0009,0.0042,0.107,0.0,0.107,wind
KS,Mcpherson,MCPHERSON,0.0025,0.0037,0.1861,0.0001,0.1861,wind
KS,Meade,MEADE,0.0042,0.0011,0.1064,0.0001,0.1064,wind
KS,Miami,MIAMI,0.0006,0.0018,0.0881,0.0,0.0881,wind
KS,Mitchell,MITCHELL,0.0011,0.011,0.1287,0.0001,0.1287,wind
KS,Montgomery,MONTGOMERY,0.0027,0.0068,0.159,0.0,0.159,wind
KS,Morris,MORRIS,0.0037,0.0042,0.0892,0.0,0.0892,wind
KS,Morton,MORTON,0.0121,0.0017,0.1247,0.0002,0.1247,wind
KS,Nemaha,NEMAHA,0.0009,0.003,0.1066,0.0,0.1066,wind
KS,Neosho,NEOSHO,0.001,0.0038,0.1167,0.0,0.1167,wind
KS,Ness,NESS,0.0025,0.0014,0.1297,0.0001,0.1297,wind
KS,Norton,NORTON,0.0035,0.0044,0.1351,0.0001,0.1351,wind
KS,Osage,OSAGE,0.0016,0.0039,0.158,0.0,0.158,wind
KS,Osborne,OSBORNE,0.0025,0.0092,0.1262,0.0,0.1262,wind
KS,Ottawa,OTTAWA,0.0028,0.0034,0.1285,0.0,0.1285,wind
KS,Pawnee,PAWNEE,0.0008,0.0017,0.1244,0.0001,0.1244,wind
KS,Phillips,PHILLIPS,0.0088,0.0105,0.1102,0.0001,0.1102,wind
KS,Pottawatomie,POTTAWATOMIE,0.0034,0.0072,0.1397,0.0,0.1397,wind
KS,Pratt,PRATT,0.0026,0.0028,0.1367,0.0001,0.1367,wind
KS,Rawlins,RAWLINS,0.005,0.0031,0.1869,0.0003,0.1869,wind
KS,Reno,RENO,0.0129,0.0101,0.2,0.0001,0.2,wind
KS,Republic,REPUBLIC,0.0005,0.0083,0.1199,0.0,0.1199,wind
KS,Rice,RICE,0.0019,0.0073,0.1327,0.0001,0.1327,wind
KS,Riley,RILEY,0.0058,0.0079,0.1563,0.0,0.1563,wind
KS,Rooks,ROOKS,0.0043,0.0117,0.1389,0.0,0.1389,wind
KS,Rush,RUSH,0.0013,0.0028,0.1269,0.0,0.1269,wind
KS,Russell,RUSSELL,0.008,0.0068,0.2297,0.0,0.2297,wind
KS,Saline,SALINE,0.0054,0.0075,0.1559,0.0,0.1559,wind
KS,Scott,SCOTT,0.0008,0.0015,0.1325,0.0003,0.1325,wind
KS,Sedgwick,SEDGWICK,0.0019,0.023,0.2458,0.0,0.2458,wind
KS,Seward,SEWARD,0.0047,0.0017,0.112,0.0001,0.112,wind
KS,Shawnee,SHAWNEE,0.001,0.0082,0.1773,0.0,0.1773,wind
KS,Sheridan,SHERIDAN,0.0015,0.0029,0.1188,0.0001,0.1188,wind
KS,Sherman,SHERMAN,0.0034,0.0041,0.2799,0.0008,0.2799,wind
KS,Smith,SMITH,0.0019,0.0099,0.1033,0.0,0.1033,wind
KS,Stafford,STAFFORD,0.0024,0.0018,0.1085,0.0,0.1085,wind
KS,Stanton,STANTON,0.0018,0.0025,0.1182,0.0002,0.1182,wind
KS,Stevens,STEVENS,0.0019,0.0021,0.0828,0.0001,0.0828,wind
KS,Sumner,SUMNER,0.0017,0.0048,0.1549,0.0,0.1549,wind
KS,Thomas,THOMAS,0.0005,0.0042,0.2173,0.0005,0.2173,wind
KS,Trego,TREGO,0.0028,0.0021,0.133,0.0,0.133,wind
KS,Wabaunsee,WABAUNSEE,0.0023,0.0047,0.1413,0.0,0.1413,wind
KS,Wallace,WALLACE,0.0024,0.0026,0.1666,0.0003,0.1666,wind
KS,Washington,WASHINGTON,0.0008,0.0056,0.1011,0.0001,0.1011,wind
KS,Wichita,WICHITA,0.001,0.0014,0.0825,0.0002,0.0825,wind
KS,Wilson,WILSON,0.0016,0.0067,0.0868,0.0,0.0868,wind
KS,Woodson,WOODSON,0.002,0.0035,0.0563,0.0,0.0563,wind
KS,Wyandotte,WYANDOTTE,0.0005,0.0092,0.0794,0.0001,0.0794,wind
KY,Adair,ADAIR,0.0004,0.0034,0.0588,0.0,0.0588,wind
KY,Allen,ALLEN,0.0003,0.0042,0.0616,0.0,0.0616,wind
KY,Anderson,ANDERSON,0.0003,0.0035,0.0648,0.0,0.0648,wind
KY,Ballard,BALLARD,0.0006,0.0051,0.0681,0.0001,0.0681,wind
KY,Barren,BARREN,0.0003,0.0041,0.076,0.0,0.076,wind
KY,Bath,BATH,0.0004,0.0094,0.0582,0.0001,0.0582,wind
KY,Bell,BELL,0.0016,0.0082,0.0707,0.0006,0.0707,wind
KY,Boone,BOONE,0.0002,0.008,0.1128,0.0,0.1128,wind
KY,Bourbon,BOURBON,0.0001,0.0026,0.0782,0.0,0.0782,wind
KY,Boyd,BOYD,0.0004,0.0373,0.0439,0.0006,0.0439,wind
KY,Boyle,BOYLE,0.0005,0.0047,0.0503,0.0,0.0503,wind
KY,Bracken,BRACKEN,0.0002,0.0041,0.0634,0.0,0.0634,wind
KY,Breathitt,BREATHITT,0.0008,0.0078,0.1057,0.0002,0.1057,wind
KY,Breckinridge,BRECKINRIDGE,0.0014,0.0031,0.0871,0.0,0.0871,wind
KY,Bullitt,BULLITT,0.0005,0.0042,0.0806,0.0,0.0806,wind
KY,Butler,BUTLER,0.0005,0.003,0.0597,0.0,0.0597,wind
KY,Caldwell,CALDWELL,0.0009,0.0034,0.0392,0.0004,0.0392,wind
KY,Calloway,CALLOWAY,0.001,0.0085,0.0779,0.0002,0.0779,wind
KY,Campbell,CAMPBELL,0.0001,0.0092,0.0743,0.0,0.0743,wind
KY,Carlisle,CARLISLE,0.0005,0.0042,0.0365,0.0001,0.0365,wind
KY,Carroll,CARROLL,0.0002,0.0043,0.0558,0.0,0.0558,wind
KY,Carter,CARTER,0.0006,0.0179,0.0326,0.0009,0.0326,wind
KY,Casey,CASEY,0.0002,0.0042,0.0698,0.0,0.0698,wind
KY,Christian,CHRISTIAN,0.0021,0.0053,0.1056,0.0003,0.1056,wind
KY,Clark,CLARK,0.0001,0.0021,0.0527,0.0,0.0527,wind
KY,Clay,CLAY,0.0022,0.0083,0.0731,0.0001,0.0731,wind
KY,Clinton,CLINTON,0.0003,0.0034,0.0518,0.0,0.0518,wind
KY,Crittenden,CRITTENDEN,0.0008,0.0024,0.0433,0.0003,0.0433,wind
KY,Cumberland,CUMBERLAND,0.0007,0.0031,0.0359,0.0,0.0359,wind
KY,Daviess,DAVIESS,0.0003,0.011,0.0792,0.0002,0.0792,wind
KY,Edmonson,EDMONSON,0.0004,0.0039,0.0405,0.0,0.0405,wind
KY,Elliott,ELLIOTT,0.0004,0.0057,0.0421,0.0001,0.0421,wind
KY,Estill,ESTILL,0.0011,0.0092,0.1017,0.0001,0.1017,wind
KY,Fayette,FAYETTE,0.0001,0.0068,0.1461,0.0,0.1461,wind
KY,Fleming,FLEMING,0.0004,0.0053,0.068,0.0,0.068,wind
KY,Floyd,FLOYD,0.0003,0.017,0.0569,0.0002,0.0569,wind
KY,Franklin,FRANKLIN,0.0006,0.0092,0.08,0.0,0.08,wind
KY,Fulton,FULTON,0.0003,0.003,0.041,0.0001,0.041,wind
KY,Gallatin,GALLATIN,0.0004,0.0054,0.0471,0.0,0.0471,wind
KY,Garrard,GARRARD,0.0002,0.0052,0.0533,0.0,0.0533,wind
KY,Grant,GRANT,0.0002,0.0042,0.0798,0.0,0.0798,wind
KY,Graves,GRAVES,0.0006,0.0048,0.0814,0.0001,0.0814,wind
KY,Grayson,GRAYSON,0.0004,0.0047,0.0664,0.0,0.0664,wind
KY,Green,GREEN,0.0002,0.0014,0.0441,0.0,0.0441,wind
KY,Greenup,GREENUP,0.0012,0.0301,0.046,0.0011,0.046,wind
KY,Hancock,HANCOCK,0.0002,0.0021,0.0428,0.0,0.0428,wind
KY,Hardin,HARDIN,0.0004,0.0078,0.0964,0.0,0.0964,wind
KY,Harlan,HARLAN,0.0007,0.0119,0.0687,0.0007,0.0687,wind
KY,Harrison,HARRISON,0.0002,0.0037,0.0786,0.0,0.0786,wind
KY,Hart,HART,0.0008,0.0044,0.0754,0.0,0.0754,wind
KY,Henderson,HENDERSON,0.0005,0.0023,0.0714,0.0001,0.0714,wind
KY,Henry,HENRY,0.0003,0.0037,0.0617,0.0,0.0617,wind
KY,Hickman,HICKMAN,0.0005,0.0022,0.0497,0.0002,0.0497,wind
KY,Hopkins,HOPKINS,0.0021,0.0064,0.0667,0.0003,0.0667,wind
KY,Jackson,JACKSON,0.0004,0.0061,0.063,0.0001,0.063,wind
KY,Jefferson,JEFFERSON,0.0003,0.0308,0.2057,0.0,0.2057,wind
KY,Jessamine,JESSAMINE,0.0003,0.0044,0.0663,0.0,0.0663,wind
KY,Johnson,JOHNSON,0.0003,0.011,0.0497,0.0,0.0497,wind
KY,Kenton,KENTON,0.0001,0.0084,0.0652,0.0,0.0652,wind
KY,Knott,KNOTT,0.0005,0.0092,0.0424,0.0001,0.0424,wind
KY,Knox,KNOX,0.0009,0.0071,0.0642,0.0002,0.0642,wind
KY,Larue,LARUE,0.0002,0.0026,0.0363,0.0,0.0363,wind
KY,Laurel,LAUREL,0.0011,0.0072,0.0744,0.0001,0.0744,wind
KY,Lawrence,LAWRENCE,0.0011,0.014,0.0324,0.0004,0.0324,wind
KY,Lee,LEE,0.0007,0.0057,0.0597,0.0,0.0597,wind
KY,Leslie,LESLIE,0.0013,0.0105,0.0528,0.0004,0.0528,wind
KY,Letcher,LETCHER,0.0005,0.0197,0.0526,0.0003,0.0526,wind
KY,Lewis,LEWIS,0.0007,0.0052,0.0557,0.0,0.0557,wind
KY,Lincoln,LINCOLN,0.0002,0.0047,0.0637,0.0,0.0637,wind
KY,Livingston,LIVINGSTON,0.0004,0.0051,0.0389,0.0003,0.0389,wind
KY,Logan,LOGAN,0.0005,0.0052,0.1011,0.0,0.1011,wind
KY,Lyon,LYON,0.0023,0.0056,0.0375,0.0005,0.0375,wind
KY,Madison,MADISON,0.0007,0.0083,0.1003,0.0,0.1003,wind
KY,Magoffin,MAGOFFIN,0.0014,0.0077,0.056,0.0,0.056,wind
KY,Marion,MARION,0.0003,0.0035,0.0521,0.0,0.0521,wind
KY,Marshall,MARSHALL,0.0009,0.0065,0.0523,0.0002,0.0523,wind
KY,Martin,MARTIN,0.0006,0.009,0.0437,0.0002,0.0437,wind
KY,Mason,MASON,0.0001,0.0089,0.0603,0.0,0.0603,wind
KY,Mccracken,MCCRACKEN,0.0009,0.0095,0.0912,0.0001,0.0912,wind
KY,Mccreary,MCCREARY,0.0017,0.0046,0.0619,0.0002,0.0619,wind
KY,Mclean,MCLEAN,0.001,0.0025,0.0335,0.0003,0.0335,wind
KY,Meade,MEADE,0.0004,0.0043,0.0639,0.0,0.0639,wind
KY,Menifee,MENIFEE,0.0003,0.0079,0.0571,0.0,0.0571,wind
KY,Mercer,MERCER,0.0002,0.0024,0.0623,0.0,0.0623,wind
KY,Metcalfe,METCALFE,0.0004,0.0037,0.0482,0.0,0.0482,wind
KY,Monroe,MONROE,0.0003,0.003,0.0357,0.0,0.0357,wind
KY,Montgomery,MONTGOMERY,0.0003,0.0081,0.0615,0.0,0.0615,wind
KY,Morgan,MORGAN,0.0007,0.0069,0.0655,0.0001,0.0655,wind
KY,Muhlenberg,MUHLENBERG,0.0014,0.0053,0.0551,0.0006,0.0551,wind
KY,Nelson,NELSON,0.0006,0.0037,0.0958,0.0,0.0958,wind
KY,Nicholas,NICHOLAS,0.0002,0.004,0.0457,0.0,0.0457,wind
KY,Ohio,OHIO,0.0005,0.0038,0.07,0.0,0.07,wind
KY,Oldham,OLDHAM,0.0004,0.0054,0.0934,0.0,0.0934,wind
KY,Owen,OWEN,0.0003,0.0033,0.0731,0.0,0.0731,wind
KY,Owsley,OWSLEY,0.001,0.0057,0.0335,0.0001,0.0335,wind
KY,Pendleton,PENDLETON,0.0001,0.0052,0.0884,0.0,0.0884,wind
KY,Perry,PERRY,0.0007,0.0117,0.0698,0.0002,0.0698,wind
KY,Pike,PIKE,0.0004,0.0263,0.0872,0.0008,0.0872,wind
KY,Powell,POWELL,0.0008,0.0096,0.0741,0.0,0.0741,wind
KY,Pulaski,PULASKI,0.0014,0.0062,0.1046,0.0001,0.1046,wind
KY,Robertson,ROBERTSON,0.0005,0.0029,0.0292,0.0,0.0292,wind
KY,Rockcastle,ROCKCASTLE,0.0012,0.0058,0.0691,0.0001,0.0691,wind
KY,Rowan,ROWAN,0.0012,0.0146,0.0512,0.0002,0.0512,wind
KY,Russell,RUSSELL,0.0005,0.005,0.065,0.0,0.065,wind
KY,Scott,SCOTT,0.0002,0.0046,0.1094,0.0,0.1094,wind
KY,Shelby,SHELBY,0.0002,0.0026,0.0949,0.0,0.0949,wind
KY,Simpson,SIMPSON,0.0002,0.0018,0.0466,0.0,0.0466,wind
KY,Spencer,SPENCER,0.0002,0.0026,0.0508,0.0,0.0508,wind
KY,Taylor,TAYLOR,0.0003,0.0044,0.0716,0.0,0.0716,wind
KY,Todd,TODD,0.0004,0.0047,0.0607,0.0003,0.0607,wind
KY,Trigg,TRIGG,0.0015,0.0053,0.0659,0.0004,0.0659,wind
KY,Trimble,TRIMBLE,0.0001,0.0047,0.0584,0.0,0.0584,wind
KY,Union,UNION,0.0002,0.0031,0.0301,0.0002,0.0301,wind
KY,Warren,WARREN,0.0008,0.0054,0.097,0.0,0.097,wind
KY,Washington,WASHINGTON,0.0003,0.0015,0.052,0.0,0.052,wind
KY,Wayne,WAYNE,0.001,0.003,0.0674,0.0001,0.0674,wind
KY,Webster,WEBSTER,0.0005,0.0029,0.0286,0.0002,0.0286,wind
KY,Whitley,WHITLEY,0.0008,0.006,0.0901,0.0002,0.0901,wind
KY,Wolfe,WOLFE,0.0004,0.0051,0.0581,0.0001,0.0581,wind
KY,Woodford,WOODFORD,0.0001,0.003,0.0745,0.0,0.0745,wind
LA,Acadia,ACADIA,0.0012,0.0127,0.0495,0.0001,0.0495,wind
LA,Allen,ALLEN,0.0135,0.0055,0.0467,0.0,0.0467,wind
LA,Ascension,ASCENSION,0.0019,0.0124,0.0355,0.0,0.0355,wind
LA,Assumption,ASSUMPTION,0.0028,0.0077,0.0178,0.0,0.0178,wind
LA,Avoyelles,AVOYELLES,0.0007,0.0078,0.0414,0.0001,0.0414,wind
LA,Beauregard,BEAUREGARD,0.0106,0.0088,0.088,0.0002,0.088,wind
LA,Bienville,BIENVILLE,0.0091,0.0019,0.0939,0.0,0.0939,wind
LA,Bossier,BOSSIER,0.0144,0.0071,0.133,0.0,0.133,wind
LA,Caddo,CADDO,0.0184,0.0142,0.1891,0.0001,0.1891,wind
LA,Calcasieu,CALCASIEU,0.0046,0.0424,0.1099,0.0001,0.1099,wind
LA,Caldwell,CALDWELL,0.006,0.0033,0.0334,0.0,0.0334,wind
LA,Cameron,CAMERON,0.0786,0.0097,0.0561,0.0,0.0786,fire
LA,Catahoula,CATAHOULA,0.0024,0.0052,0.0507,0.0,0.0507,wind
LA,Claiborne,CLAIBORNE,0.0064,0.0018,0.0875,0.0,0.0875,wind
LA,Concordia,CONCORDIA,0.0026,0.0105,0.0442,0.0,0.0442,wind
LA,De Soto,DE SOTO,0.013,0.0032,0.0838,0.0001,0.0838,wind
LA,East Baton Rouge,EAST BATON ROUGE,0.001,0.0118,0.0566,0.0001,0.0566,wind
LA,East Carroll,EAST CARROLL,0.0005,0.0082,0.0504,0.0,0.0504,wind
LA,East Feliciana,EAST FELICIANA,0.0032,0.0065,0.0148,0.0,0.0148,wind
LA,Evangeline,EVANGELINE,0.0026,0.0079,0.0379,0.0,0.0379,wind
LA,Franklin,FRANKLIN,0.0014,0.0062,0.0589,0.0,0.0589,wind
LA,Grant,GRANT,0.0227,0.0032,0.0584,0.0,0.0584,wind
LA,Iberia,IBERIA,0.0016,0.0138,0.0259,0.0,0.0259,wind
LA,Iberville,IBERVILLE,0.0034,0.006,0.0156,0.0,0.0156,wind
LA,Jackson,JACKSON,0.0044,0.0022,0.0598,0.0,0.0598,wind
LA,Jefferson,JEFFERSON,0.0006,0.0185,0.0503,0.0002,0.0503,wind
LA,Jefferson Davis,JEFFERSON DAVIS,0.0011,0.0127,0.0566,0.0001,0.0566,wind
LA,Lafayette,LAFAYETTE,0.0006,0.0159,0.0473,0.0,0.0473,wind
LA,Lafourche,LAFOURCHE,0.002,0.0101,0.0251,0.0001,0.0251,wind
LA,Lasalle,LASALLE,0.0094,0.0025,0.0,0.0,0.0094,fire
LA,Lincoln,LINCOLN,0.0049,0.0067,0.0826,0.0,0.0826,wind
LA,Livingston,LIVINGSTON,0.0012,0.0094,0.0445,0.0,0.0445,wind
LA,Madison,MADISON,0.0022,0.0068,0.0485,0.0,0.0485,wind
LA,Morehouse,MOREHOUSE,0.002,0.0076,0.0663,0.0,0.0663,wind
LA,Natchitoches,NATCHITOCHES,0.0375,0.0042,0.0945,0.0001,0.0945,wind
LA,Orleans,ORLEANS,0.0112,0.0145,0.0471,0.0001,0.0471,wind
LA,Ouachita,OUACHITA,0.0041,0.0139,0.0941,0.0,0.0941,wind
LA,Plaquemines,PLAQUEMINES,0.0031,0.0094,0.016,0.0,0.016,wind
LA,Pointe Coupee,POINTE COUPEE,0.0011,0.0054,0.0004,0.0001,0.0054,flood
LA,Rapides,RAPIDES,0.0352,0.0085,0.0895,0.0001,0.0895,wind
LA,Red River,RED RIVER,0.0129,0.0033,0.0421,0.0,0.0421,wind
LA,Richland,RICHLAND,0.0011,0.0078,0.0544,0.0,0.0544,wind
LA,Sabine,SABINE,0.0114,0.0028,0.0685,0.0001,0.0685,wind
LA,St. Bernard,ST. BERNARD,0.0042,0.0061,0.0143,0.0001,0.0143,wind
LA,St. Charles,ST. CHARLES,0.004,0.013,0.0284,0.0,0.0284,wind
LA,St. Helena,ST. HELENA,0.0036,0.0071,0.0133,0.0,0.0133,wind
LA,St. James,ST. JAMES,0.0022,0.0089,0.0122,0.0,0.0122,wind
LA,St. John The Baptist,ST. JOHN THE BAPTIST,0.0027,0.0071,0.017,0.0,0.017,wind
LA,St. Landry,ST. LANDRY,0.0012,0.0077,0.0546,0.0,0.0546,wind
LA,St. Martin,ST. MARTIN,0.0043,0.0087,0.0206,0.0,0.0206,wind
LA,St. Mary,ST. MARY,0.002,0.0113,0.0214,0.0,0.0214,wind
LA,St. Tammany,ST. TAMMANY,0.0045,0.0149,0.0965,0.0,0.0965,wind
LA,Tangipahoa,TANGIPAHOA,0.003,0.0105,0.0488,0.0,0.0488,wind
LA,Tensas,TENSAS,0.0019,0.0062,0.0405,0.0,0.0405,wind
LA,Terrebonne,TERREBONNE,0.0051,0.0132,0.037,0.0,0.037,wind
LA,Union,UNION,0.0061,0.0035,0.1125,0.0,0.1125,wind
LA,Vermilion,VERMILION,0.0044,0.0115,0.0388,0.0,0.0388,wind
LA,Vernon,VERNON,0.0848,0.0048,0.0628,0.0001,0.0848,fire
LA,Washington,WASHINGTON,0.0048,0.0132,0.034,0.0,0.034,wind
LA,Webster,WEBSTER,0.0096,0.0041,0.1101,0.0001,0.1101,wind
LA,West Baton Rouge,WEST BATON ROUGE,0.0005,0.0073,0.0138,0.0001,0.0138,wind
LA,West Carroll,WEST CARROLL,0.0009,0.0061,0.0473,0.0,0.0473,wind
LA,West Feliciana,WEST FELICIANA,0.0021,0.0054,0.0121,0.0002,0.0121,wind
LA,Winn,WINN,0.0105,0.0021,0.0768,0.0,0.0768,wind
MA,Barnstable,BARNSTABLE,0.0012,0.0186,0.0652,0.0004,0.0652,wind
MA,Berkshire,BERKSHIRE,0.0005,0.0245,0.2193,0.0015,0.2193,wind
MA,Bristol,BRISTOL,0.0002,0.05,0.1427,0.0002,0.1427,wind
MA,Dukes,DUKES,0.0001,0.0056,0.0234,0.0001,0.0234,wind
MA,Essex,ESSEX,0.0001,0.034,0.1386,0.0004,0.1386,wind
MA,Franklin,FRANKLIN,0.0011,0.0425,0.2087,0.0003,0.2087,wind
MA,Hampden,HAMPDEN,0.0012,0.0579,0.2599,0.0004,0.2599,wind
MA,Hampshire,HAMPSHIRE,0.0003,0.0331,0.2122,0.0003,0.2122,wind
MA,Middlesex,MIDDLESEX,0.0003,0.0608,0.2511,0.0004,0.2511,wind
MA,Nantucket,NANTUCKET,0.0005,0.0039,0.0274,0.0003,0.0274,wind
MA,Norfolk,NORFOLK,0.0006,0.0391,0.1773,0.0009,0.1773,wind
MA,Plymouth,PLYMOUTH,0.0003,0.0306,0.1764,0.0002,0.1764,wind
MA,Suffolk,SUFFOLK,0.0003,0.0276,0.0965,0.0009,0.0965,wind
MA,Worcester,WORCESTER,0.0003,0.0584,0.2935,0.0005,0.2935,wind
MD,Allegany,ALLEGANY,0.001,0.0121,0.1439,0.0025,0.1439,wind
MD,Anne Arundel,ANNE ARUNDEL,0.0002,0.0124,0.2533,0.0016,0.2533,wind
MD,Baltimore,BALTIMORE,0.0005,0.0305,0.2982,0.0021,0.2982,wind
MD,Baltimore City,BALTIMORE CITY,0.0002,0.0004,0.0,0.0,0.0004,flood
MD,Calvert,CALVERT,0.0001,0.003,0.1567,0.0008,0.1567,wind
MD,Caroline,CAROLINE,0.0006,0.0074,0.1216,0.0073,0.1216,wind
MD,Carroll,CARROLL,0.0003,0.0057,0.1945,0.0011,0.1945,wind
MD,Cecil,CECIL,0.0038,0.0126,0.2005,0.0031,0.2005,wind
MD,Charles,CHARLES,0.0001,0.0058,0.2157,0.0005,0.2157,wind
MD,Dorchester,DORCHESTER,0.0017,0.0018,0.1072,0.0004,0.1072,wind
MD,Frederick,FREDERICK,0.0003,0.0092,0.2725,0.0012,0.2725,wind
MD,Garrett,GARRETT,0.0006,0.0152,0.0687,0.0007,0.0687,wind
MD,Harford,HARFORD,0.0004,0.0127,0.2428,0.004,0.2428,wind
MD,Howard,HOWARD,0.0003,0.0126,0.1766,0.0022,0.1766,wind
MD,Kent,KENT,0.0005,0.0047,0.1815,0.0051,0.1815,wind
MD,Montgomery,MONTGOMERY,0.0003,0.0153,0.2681,0.0019,0.2681,wind
MD,Prince George'S,PRINCE GEORGE'S,0.0003,0.0138,0.2413,0.0,0.2413,wind
MD,Queen Anne'S,QUEEN ANNE'S,0.0002,0.0066,0.1612,0.0002,0.1612,wind
MD,Somerset,SOMERSET,0.002,0.0041,0.067,0.0007,0.067,wind
MD,St. Mary'S,ST. MARY'S,0.0001,0.0093,0.1771,0.0011,0.1771,wind
MD,Talbot,TALBOT,0.0004,0.0054,0.1672,0.0036,0.1672,wind
MD,Washington,WASHINGTON,0.0005,0.0059,0.1898,0.0016,0.1898,wind
MD,Wicomico,WICOMICO,0.0014,0.0046,0.0934,0.002,0.0934,wind
MD,Worcester,WORCESTER,0.0005,0.004,0.0792,0.0012,0.0792,wind
ME,Androscoggin,ANDROSCOGGIN,0.0002,0.0208,0.1209,0.0,0.1209,wind
ME,Aroostook,AROOSTOOK,0.0104,0.01,0.1877,0.0005,0.1877,wind
ME,Cumberland,CUMBERLAND,0.0002,0.0164,0.1439,0.0,0.1439,wind
ME,Franklin,FRANKLIN,0.0011,0.0113,0.1029,0.0001,0.1029,wind
ME,Hancock,HANCOCK,0.0012,0.0042,0.0752,0.0001,0.0752,wind
ME,Kennebec,KENNEBEC,0.0002,0.0136,0.1043,0.0,0.1043,wind
ME,Knox,KNOX,0.0002,0.0066,0.0367,0.0001,0.0367,wind
ME,Lincoln,LINCOLN,0.0002,0.0082,0.0592,0.0,0.0592,wind
ME,Oxford,OXFORD,0.0018,0.0231,0.1892,0.0001,0.1892,wind
ME,Penobscot,PENOBSCOT,0.0058,0.0061,0.1506,0.0002,0.1506,wind
ME,Piscataquis,PISCATAQUIS,0.0027,0.0038,0.1262,0.0002,0.1262,wind
ME,Sagadahoc,SAGADAHOC,0.0002,0.0089,0.0539,0.0,0.0539,wind
ME,Somerset,SOMERSET,0.0029,0.015,0.1801,0.0002,0.1801,wind
ME,Waldo,WALDO,0.0008,0.0079,0.0523,0.0001,0.0523,wind
ME,Washington,WASHINGTON,0.0048,0.0034,0.0715,0.0002,0.0715,wind
ME,York,YORK,0.0003,0.0179,0.2057,0.0002,0.2057,wind
MI,Alcona,ALCONA,0.0129,0.0041,0.0639,0.0,0.0639,wind
MI,Alger,ALGER,0.0043,0.0019,0.0657,0.0045,0.0657,wind
MI,Allegan,ALLEGAN,0.0011,0.0097,0.135,0.0003,0.135,wind
MI,Alpena,ALPENA,0.0039,0.0026,0.0622,0.0001,0.0622,wind
MI,Antrim,ANTRIM,0.001,0.0018,0.0713,0.0,0.0713,wind
MI,Arenac,ARENAC,0.001,0.0052,0.0763,0.0001,0.0763,wind
MI,Baraga,BARAGA,0.0027,0.0019,0.0595,0.0059,0.0595,wind
MI,Barry,BARRY,0.0006,0.0055,0.1016,0.0001,0.1016,wind
MI,Bay,BAY,0.0011,0.0087,0.1124,0.0,0.1124,wind
MI,Benzie,BENZIE,0.0037,0.0034,0.0534,0.0001,0.0534,wind
MI,Berrien,BERRIEN,0.0007,0.01,0.1519,0.0001,0.1519,wind
MI,Branch,BRANCH,0.0002,0.0024,0.0918,0.0001,0.0918,wind
MI,Calhoun,CALHOUN,0.0004,0.01,0.1546,0.0,0.1546,wind
MI,Cass,CASS,0.0004,0.0056,0.1282,0.0,0.1282,wind
MI,Charlevoix,CHARLEVOIX,0.002,0.0017,0.0542,0.0,0.0542,wind
MI,Cheboygan,CHEBOYGAN,0.0014,0.0017,0.0532,0.0,0.0532,wind
MI,Chippewa,CHIPPEWA,0.0155,0.0029,0.0579,0.0002,0.0579,wind
MI,Clare,CLARE,0.0015,0.0038,0.06,0.0,0.06,wind
MI,Clinton,CLINTON,0.0002,0.0048,0.0965,0.0001,0.0965,wind
MI,Crawford,CRAWFORD,0.0136,0.0011,0.0585,0.0,0.0585,wind
MI,Delta,DELTA,0.0052,0.0023,0.0915,0.0022,0.0915,wind
MI,Dickinson,DICKINSON,0.0027,0.0025,0.0981,0.0041,0.0981,wind
MI,Eaton,EATON,0.0003,0.0051,0.0982,0.0001,0.0982,wind
MI,Emmet,EMMET,0.0007,0.0028,0.0631,0.0001,0.0631,wind
MI,Genesee,GENESEE,0.0013,0.017,0.2407,0.0003,0.2407,wind
MI,Gladwin,GLADWIN,0.0019,0.0042,0.0711,0.0001,0.0711,wind
MI,Gogebic,GOGEBIC,0.0013,0.003,0.1046,0.006,0.1046,wind
MI,Grand Traverse,GRAND TRAVERSE,0.0044,0.0076,0.0705,0.0001,0.0705,wind
MI,Gratiot,GRATIOT,0.0002,0.0031,0.0768,0.0003,0.0768,wind
MI,Hillsdale,HILLSDALE,0.0002,0.0036,0.1138,0.0,0.1138,wind
MI,Houghton,HOUGHTON,0.0017,0.0056,0.1119,0.0052,0.1119,wind
MI,Huron,HURON,0.0002,0.0071,0.1193,0.0006,0.1193,wind
MI,Ingham,INGHAM,0.0002,0.0054,0.1244,0.0001,0.1244,wind
MI,Ionia,IONIA,0.0004,0.0065,0.1273,0.0001,0.1273,wind
MI,Iosco,IOSCO,0.0248,0.0098,0.0568,0.0001,0.0568,wind
MI,Iron,IRON,0.0013,0.0024,0.0853,0.0047,0.0853,wind
MI,Isabella,ISABELLA,0.0012,0.0044,0.0882,0.0001,0.0882,wind
MI,Jackson,JACKSON,0.0007,0.0082,0.1526,0.0002,0.1526,wind
MI,Kalamazoo,KALAMAZOO,0.0004,0.0146,0.1558,0.0001,0.1558,wind
MI,Kalkaska,KALKASKA,0.0035,0.0019,0.0606,0.0,0.0606,wind
MI,Kent,KENT,0.0011,0.0107,0.1544,0.0002,0.1544,wind
MI,Keweenaw,KEWEENAW,0.0032,0.0021,0.0544,0.0035,0.0544,wind
MI,Lake,LAKE,0.0056,0.0047,0.0679,0.0001,0.0679,wind
MI,Lapeer,LAPEER,0.0005,0.0103,0.1883,0.0004,0.1883,wind
MI,Leelanau,LEELANAU,0.0011,0.0028,0.0703,0.0001,0.0703,wind
MI,Lenawee,LENAWEE,0.0002,0.0037,0.1562,0.0004,0.1562,wind
MI,Livingston,LIVINGSTON,0.0008,0.0076,0.178,0.0013,0.178,wind
MI,Luce,LUCE,0.0088,0.0017,0.0546,0.0035,0.0546,wind
MI,Mackinac,MACKINAC,0.0053,0.0023,0.042,0.0,0.042,wind
MI,Macomb,MACOMB,0.0004,0.0196,0.226,0.001,0.226,wind
MI,Manistee,MANISTEE,0.009,0.005,0.0696,0.0001,0.0696,wind
MI,Marquette,MARQUETTE,0.0044,0.0034,0.1474,0.0069,0.1474,wind
MI,Mason,MASON,0.0103,0.0057,0.0897,0.0001,0.0897,wind
MI,Mecosta,MECOSTA,0.0007,0.0062,0.0708,0.0003,0.0708,wind
MI,Menominee,MENOMINEE,0.0023,0.0023,0.1022,0.0025,0.1022,wind
MI,Midland,MIDLAND,0.0013,0.0075,0.1197,0.0004,0.1197,wind
MI,Missaukee,MISSAUKEE,0.0014,0.0026,0.0362,0.0001,0.0362,wind
MI,Monroe,MONROE,0.0001,0.006,0.1537,0.0004,0.1537,wind
MI,Montcalm,MONTCALM,0.0009,0.0044,0.0891,0.0001,0.0891,wind
MI,Montmorency,MONTMORENCY,0.0028,0.0009,0.0532,0.0001,0.0532,wind
MI,Muskegon,MUSKEGON,0.0033,0.0059,0.1003,0.0002,0.1003,wind
MI,Newaygo,NEWAYGO,0.007,0.0077,0.0847,0.0003,0.0847,wind
MI,Oakland,OAKLAND,0.001,0.0148,0.2522,0.0007,0.2522,wind
MI,Oceana,OCEANA,0.0083,0.0052,0.0825,0.0001,0.0825,wind
MI,Ogemaw,OGEMAW,0.0025,0.0037,0.0827,0.0,0.0827,wind
MI,Ontonagon,ONTONAGON,0.008,0.0025,0.0656,0.0068,0.0656,wind
MI,Osceola,OSCEOLA,0.0017,0.0034,0.0697,0.0001,0.0697,wind
MI,Oscoda,OSCODA,0.0104,0.0025,0.05,0.0,0.05,wind
MI,Otsego,OTSEGO,0.0033,0.0013,0.0782,0.0001,0.0782,wind
MI,Ottawa,OTTAWA,0.0012,0.0136,0.1145,0.0003,0.1145,wind
MI,Presque Isle,PRESQUE ISLE,0.0036,0.002,0.0459,0.0,0.0459,wind
MI,Roscommon,ROSCOMMON,0.0036,0.0033,0.0679,0.0,0.0679,wind
MI,Saginaw,SAGINAW,0.0005,0.0104,0.1826,0.0007,0.1826,wind
MI,Sanilac,SANILAC,0.0002,0.0072,0.1194,0.0006,0.1194,wind
MI,Schoolcraft,SCHOOLCRAFT,0.0079,0.0014,0.0479,0.0028,0.0479,wind
MI,Shiawassee,SHIAWASSEE,0.0002,0.0046,0.1444,0.0003,0.1444,wind
MI,St. Clair,ST. CLAIR,0.0005,0.0108,0.201,0.0015,0.201,wind
MI,St. Joseph,ST. JOSEPH,0.0002,0.0047,0.1294,0.0,0.1294,wind
MI,Tuscola,TUSCOLA,0.0007,0.0067,0.1504,0.0004,0.1504,wind
MI,Van Buren,VAN BUREN,0.0008,0.0086,0.1082,0.0,0.1082,wind
MI,Washtenaw,WASHTENAW,0.0008,0.0109,0.2234,0.001,0.2234,wind
MI,Wayne,WAYNE,0.0002,0.0222,0.2458,0.0008,0.2458,wind
MI,Wexford,WEXFORD,0.0051,0.0054,0.0725,0.0,0.0725,wind
MN,Aitkin,AITKIN,0.0024,0.0028,0.104,0.0019,0.104,wind
MN,Anoka,ANOKA,0.001,0.0077,0.1401,0.0015,0.1401,wind
MN,Becker,BECKER,0.0045,0.0041,0.1535,0.008,0.1535,wind
MN,Beltrami,BELTRAMI,0.0256,0.0035,0.161,0.0093,0.161,wind
MN,Benton,BENTON,0.0004,0.0053,0.0635,0.0051,0.0635,wind
MN,Big Stone,BIG STONE,0.0005,0.0023,0.0825,0.0008,0.0825,wind
MN,Blue Earth,BLUE EARTH,0.0004,0.0062,0.1284,0.0004,0.1284,wind
MN,Brown,BROWN,0.0005,0.0036,0.0874,0.0013,0.0874,wind
MN,Carlton,CARLTON,0.0019,0.0035,0.1089,0.003,0.1089,wind
MN,Carver,CARVER,0.0002,0.0051,0.1357,0.0009,0.1357,wind
MN,Cass,CASS,0.0079,0.0012,0.1333,0.0021,0.1333,wind
MN,Chippewa,CHIPPEWA,0.0005,0.0028,0.0784,0.0057,0.0784,wind
MN,Chisago,CHISAGO,0.0007,0.004,0.1148,0.0013,0.1148,wind
MN,Clay,CLAY,0.0012,0.0068,0.1352,0.009,0.1352,wind
MN,Clearwater,CLEARWATER,0.0069,0.0024,0.1034,0.0086,0.1034,wind
MN,Cook,COOK,0.0232,0.0021,0.0394,0.0013,0.0394,wind
MN,Cottonwood,COTTONWOOD,0.0005,0.003,0.0972,0.0018,0.0972,wind
MN,Crow Wing,CROW WING,0.002,0.0029,0.1349,0.0014,0.1349,wind
MN,Dakota,DAKOTA,0.0003,0.009,0.1543,0.0014,0.1543,wind
MN,Dodge,DODGE,0.0002,0.0116,0.1033,0.0007,0.1033,wind
MN,Douglas,DOUGLAS,0.0005,0.0033,0.1153,0.0029,0.1153,wind
MN,Faribault,FARIBAULT,0.0002,0.0033,0.0762,0.0012,0.0762,wind
MN,Fillmore,FILLMORE,0.0004,0.0156,0.1089,0.0001,0.1089,wind
MN,Freeborn,FREEBORN,0.0002,0.0126,0.1021,0.0002,0.1021,wind
MN,Goodhue,GOODHUE,0.0002,0.0089,0.1165,0.0008,0.1165,wind
MN,Grant,GRANT,0.0004,0.0016,0.0882,0.0059,0.0882,wind
MN,Hennepin,HENNEPIN,0.0003,0.005,0.1866,0.0008,0.1866,wind
MN,Houston,HOUSTON,0.0008,0.0188,0.059,0.0001,0.059,wind
MN,Hubbard,HUBBARD,0.0046,0.0016,0.1033,0.0062,0.1033,wind
MN,Isanti,ISANTI,0.0007,0.003,0.0888,0.002,0.0888,wind
MN,Itasca,ITASCA,0.0064,0.0023,0.1122,0.0027,0.1122,wind
MN,Jackson,JACKSON,0.0004,0.0036,0.0812,0.0006,0.0812,wind
MN,Kanabec,KANABEC,0.001,0.0046,0.0932,0.0017,0.0932,wind
MN,Kandiyohi,KANDIYOHI,0.0008,0.0029,0.1105,0.0029,0.1105,wind
MN,Kittson,KITTSON,0.0055,0.0056,0.1522,0.0071,0.1522,wind
MN,Koochiching,KOOCHICHING,0.0055,0.0037,0.0531,0.0032,0.0531,wind
MN,Lac Qui Parle,LAC QUI PARLE,0.0004,0.0021,0.0775,0.0013,0.0775,wind
MN,Lake,LAKE,0.0291,0.0024,0.0665,0.0035,0.0665,wind
MN,Lake Of The Woods,LAKE OF THE WOODS,0.0067,0.0042,0.0646,0.0075,0.0646,wind
MN,Le Sueur,LE SUEUR,0.0002,0.0046,0.0936,0.0018,0.0936,wind
MN,Lincoln,LINCOLN,0.0004,0.0025,0.0946,0.0004,0.0946,wind
MN,Lyon,LYON,0.0007,0.0026,0.1029,0.0027,0.1029,wind
MN,Mahnomen,MAHNOMEN,0.0039,0.0029,0.1053,0.0075,0.1053,wind
MN,Marshall,MARSHALL,0.0043,0.0054,0.1674,0.008,0.1674,wind
MN,Martin,MARTIN,0.0002,0.004,0.0842,0.0005,0.0842,wind
MN,Mcleod,MCLEOD,0.0001,0.004,0.1513,0.0018,0.1513,wind
MN,Meeker,MEEKER,0.0005,0.0038,0.087,0.001,0.087,wind
MN,Mille Lacs,MILLE LACS,0.0008,0.0042,0.1004,0.0031,0.1004,wind
MN,Morrison,MORRISON,0.0015,0.0053,0.1099,0.005,0.1099,wind
MN,Mower,MOWER,0.0005,0.0085,0.0908,0.0004,0.0908,wind
MN,Murray,MURRAY,0.0005,0.0031,0.0909,0.001,0.0909,wind
MN,Nicollet,NICOLLET,0.0003,0.0045,0.0892,0.001,0.0892,wind
MN,Nobles,NOBLES,0.0004,0.0023,0.0859,0.0004,0.0859,wind
MN,Norman,NORMAN,0.0006,0.0031,0.1113,0.0079,0.1113,wind
MN,Olmsted,OLMSTED,0.0008,0.0145,0.11,0.0002,0.11,wind
MN,Otter Tail,OTTER TAIL,0.0023,0.0053,0.2035,0.0065,0.2035,wind
MN,Pennington,PENNINGTON,0.0053,0.005,0.0931,0.0054,0.0931,wind
MN,Pine,PINE,0.0016,0.0039,0.1017,0.0015,0.1017,wind
MN,Pipestone,PIPESTONE,0.0006,0.003,0.0818,0.0001,0.0818,wind
MN,Polk,POLK,0.0024,0.0049,0.2241,0.0071,0.2241,wind
MN,Pope,POPE,0.0006,0.0032,0.087,0.0026,0.087,wind
MN,Ramsey,RAMSEY,0.0005,0.0067,0.1196,0.0007,0.1196,wind
MN,Red Lake,RED LAKE,0.0015,0.0036,0.0751,0.0076,0.0751,wind
MN,Redwood,REDWOOD,0.0003,0.0041,0.1061,0.0008,0.1061,wind
MN,Renville,RENVILLE,0.0005,0.0051,0.1121,0.002,0.1121,wind
MN,Rice,RICE,0.0002,0.0065,0.1144,0.0007,0.1144,wind
MN,Rock,ROCK,0.0002,0.0022,0.0731,0.0002,0.0731,wind
MN,Roseau,ROSEAU,0.0129,0.0048,0.1173,0.0079,0.1173,wind
MN,Scott,SCOTT,0.0002,0.0071,0.117,0.0013,0.117,wind
MN,Sherburne,SHERBURNE,0.001,0.0033,0.1094,0.0016,0.1094,wind
MN,Sibley,SIBLEY,0.0002,0.0031,0.0789,0.0016,0.0789,wind
MN,St. Louis,ST. LOUIS,0.0206,0.0036,0.2049,0.0032,0.2049,wind
MN,Stearns,STEARNS,0.0006,0.0034,0.143,0.0039,0.143,wind
MN,Steele,STEELE,0.0002,0.007,0.0992,0.0006,0.0992,wind
MN,Stevens,STEVENS,0.0003,0.0015,0.0721,0.0046,0.0721,wind
MN,Swift,SWIFT,0.0004,0.0018,0.0993,0.0042,0.0993,wind
MN,Todd,TODD,0.0014,0.0026,0.0875,0.0037,0.0875,wind
MN,Traverse,TRAVERSE,0.0004,0.0015,0.0807,0.0014,0.0807,wind
MN,Wabasha,WABASHA,0.0003,0.0102,0.0836,0.0003,0.0836,wind
MN,Wadena,WADENA,0.0037,0.0032,0.0937,0.0057,0.0937,wind
MN,Waseca,WASECA,0.0002,0.0041,0.094,0.0009,0.094,wind
MN,Washington,WASHINGTON,0.0004,0.0039,0.1481,0.0008,0.1481,wind
MN,Watonwan,WATONWAN,0.0005,0.0039,0.0732,0.0006,0.0732,wind
MN,Wilkin,WILKIN,0.0004,0.0059,0.1338,0.0055,0.1338,wind
MN,Winona,WINONA,0.0005,0.0251,0.0983,0.0003,0.0983,wind
MN,Wright,WRIGHT,0.0004,0.0035,0.1487,0.0013,0.1487,wind
MN,Yellow Medicine,YELLOW MEDICINE,0.0004,0.0021,0.076,0.0017,0.076,wind
MO,Adair,ADAIR,0.0004,0.0087,0.0732,0.0001,0.0732,wind
MO,Andrew,ANDREW,0.0005,0.003,0.0831,0.0001,0.0831,wind
MO,Atchison,ATCHISON,0.0003,0.0025,0.0841,0.0,0.0841,wind
MO,Audrain,AUDRAIN,0.0005,0.0023,0.0916,0.0,0.0916,wind
MO,Barry,BARRY,0.0044,0.0043,0.1289,0.0,0.1289,wind
MO,Barton,BARTON,0.0012,0.0029,0.1052,0.0,0.1052,wind
MO,Bates,BATES,0.0005,0.0013,0.0706,0.0001,0.0706,wind
MO,Benton,BENTON,0.0015,0.005,0.085,0.0001,0.085,wind
MO,Bollinger,BOLLINGER,0.0012,0.0054,0.0499,0.0011,0.0499,wind
MO,Boone,BOONE,0.0013,0.0095,0.1514,0.0001,0.1514,wind
MO,Buchanan,BUCHANAN,0.0003,0.0032,0.1218,0.0,0.1218,wind
MO,Butler,BUTLER,0.0012,0.01,0.0925,0.0003,0.0925,wind
MO,Caldwell,CALDWELL,0.0003,0.0018,0.0745,0.0002,0.0745,wind
MO,Callaway,CALLAWAY,0.0007,0.0056,0.0953,0.0,0.0953,wind
MO,Camden,CAMDEN,0.0026,0.011,0.1116,0.0,0.1116,wind
MO,Cape Girardeau,CAPE GIRARDEAU,0.0008,0.0258,0.0905,0.0006,0.0905,wind
MO,Carroll,CARROLL,0.0001,0.0018,0.0643,0.0003,0.0643,wind
MO,Carter,CARTER,0.0056,0.0049,0.0568,0.0005,0.0568,wind
MO,Cass,CASS,0.0003,0.0018,0.1333,0.0004,0.1333,wind
MO,Cedar,CEDAR,0.0031,0.0067,0.0947,0.0001,0.0947,wind
MO,Chariton,CHARITON,0.0003,0.0018,0.0738,0.0003,0.0738,wind
MO,Christian,CHRISTIAN,0.004,0.0071,0.1757,0.0,0.1757,wind
MO,Clark,CLARK,0.0004,0.0114,0.0833,0.0002,0.0833,wind
MO,Clay,CLAY,0.0003,0.0031,0.141,0.0001,0.141,wind
MO,Clinton,CLINTON,0.0003,0.0017,0.0933,0.0002,0.0933,wind
MO,Cole,COLE,0.0006,0.0041,0.0796,0.0,0.0796,wind
MO,Cooper,COOPER,0.0003,0.0018,0.0746,0.0001,0.0746,wind
MO,Crawford,CRAWFORD,0.0024,0.0046,0.0877,0.0,0.0877,wind
MO,Dade,DADE,0.0015,0.006,0.0961,0.0,0.0961,wind
MO,Dallas,DALLAS,0.0023,0.0089,0.1068,0.0001,0.1068,wind
MO,Daviess,DAVIESS,0.0003,0.0024,0.0936,0.0003,0.0936,wind
MO,Dekalb,DEKALB,0.0004,0.0019,0.0,0.0,0.0019,flood
MO,Dent,DENT,0.0022,0.0049,0.0667,0.0,0.0667,wind
MO,Douglas,DOUGLAS,0.0022,0.006,0.1387,0.0,0.1387,wind
MO,Dunklin,DUNKLIN,0.0002,0.0028,0.0593,0.0,0.0593,wind
MO,Franklin,FRANKLIN,0.001,0.0055,0.1364,0.0001,0.1364,wind
MO,Gasconade,GASCONADE,0.0009,0.0028,0.0721,0.0,0.0721,wind
MO,Gentry,GENTRY,0.0002,0.0024,0.0491,0.0001,0.0491,wind
MO,Greene,GREENE,0.0044,0.0105,0.2935,0.0001,0.2935,wind
MO,Grundy,GRUNDY,0.0003,0.0036,0.1156,0.0001,0.1156,wind
MO,Harrison,HARRISON,0.0002,0.0017,0.0841,0.0001,0.0841,wind
MO,Henry,HENRY,0.0009,0.0041,0.0862,0.0005,0.0862,wind
MO,Hickory,HICKORY,0.0036,0.0044,0.0775,0.0001,0.0775,wind
MO,Holt,HOLT,0.0002,0.0028,0.063,0.0,0.063,wind
MO,Howard,HOWARD,0.0003,0.0027,0.051,0.0002,0.051,wind
MO,Howell,HOWELL,0.0046,0.0077,0.1569,0.0,0.1569,wind
MO,Iron,IRON,0.0017,0.0027,0.072,0.0,0.072,wind
MO,Jackson,JACKSON,0.0003,0.0089,0.2247,0.0001,0.2247,wind
MO,Jasper,JASPER,0.0013,0.0057,0.1393,0.0001,0.1393,wind
MO,Jefferson,JEFFERSON,0.0002,0.0074,0.1297,0.0,0.1297,wind
MO,Johnson,JOHNSON,0.0003,0.0039,0.1248,0.0002,0.1248,wind
MO,Knox,KNOX,0.0002,0.0018,0.0448,0.0,0.0448,wind
MO,Laclede,LACLEDE,0.0047,0.0098,0.1215,0.0,0.1215,wind
MO,Lafayette,LAFAYETTE,0.0002,0.0017,0.1229,0.0001,0.1229,wind
MO,Lawrence,LAWRENCE,0.004,0.0045,0.1253,0.0,0.1253,wind
MO,Lewis,LEWIS,0.0003,0.003,0.0781,0.0,0.0781,wind
MO,Lincoln,LINCOLN,0.0007,0.0058,0.1073,0.0,0.1073,wind
MO,Linn,LINN,0.0003,0.0021,0.0737,0.0002,0.0737,wind
MO,Livingston,LIVINGSTON,0.0003,0.0027,0.0728,0.0005,0.0728,wind
MO,Macon,MACON,0.0005,0.0022,0.0876,0.0001,0.0876,wind
MO,Madison,MADISON,0.0014,0.0056,0.0648,0.0,0.0648,wind
MO,Maries,MARIES,0.0012,0.0045,0.0739,0.0001,0.0739,wind
MO,Marion,MARION,0.0004,0.0025,0.0867,0.0,0.0867,wind
MO,Mcdonald,MCDONALD,0.0037,0.0073,0.0784,0.0,0.0784,wind
MO,Mercer,MERCER,0.0005,0.0044,0.0448,0.0001,0.0448,wind
MO,Miller,MILLER,0.0011,0.0071,0.105,0.0,0.105,wind
MO,Mississippi,MISSISSIPPI,0.0002,0.003,0.0372,0.0002,0.0372,wind
MO,Moniteau,MONITEAU,0.0005,0.0013,0.0684,0.0,0.0684,wind
MO,Monroe,MONROE,0.0003,0.0021,0.0611,0.0001,0.0611,wind
MO,Montgomery,MONTGOMERY,0.0004,0.0027,0.0874,0.0,0.0874,wind
MO,Morgan,MORGAN,0.0017,0.0065,0.0956,0.0,0.0956,wind
MO,New Madrid,NEW MADRID,0.0001,0.0022,0.052,0.0006,0.052,wind
MO,Newton,NEWTON,0.0032,0.0074,0.1202,0.0,0.1202,wind
MO,Nodaway,NODAWAY,0.0002,0.0031,0.0958,0.0,0.0958,wind
MO,Oregon,OREGON,0.0037,0.0037,0.0756,0.0,0.0756,wind
MO,Osage,OSAGE,0.0004,0.0025,0.0615,0.0001,0.0615,wind
MO,Ozark,OZARK,0.005,0.005,0.1338,0.0,0.1338,wind
MO,Pemiscot,PEMISCOT,0.0001,0.001,0.0552,0.0,0.0552,wind
MO,Perry,PERRY,0.0008,0.0026,0.0658,0.0004,0.0658,wind
MO,Pettis,PETTIS,0.0003,0.0022,0.1051,0.0001,0.1051,wind
MO,Phelps,PHELPS,0.0029,0.0073,0.1111,0.0,0.1111,wind
MO,Pike,PIKE,0.0005,0.0034,0.095,0.0,0.095,wind
MO,Platte,PLATTE,0.0005,0.0053,0.1311,0.0001,0.1311,wind
MO,Polk,POLK,0.0045,0.0073,0.1318,0.0001,0.1318,wind
MO,Pulaski,PULASKI,0.0034,0.0115,0.1114,0.0,0.1114,wind
MO,Putnam,PUTNAM,0.0003,0.0037,0.0476,0.0001,0.0476,wind
MO,Ralls,RALLS,0.0004,0.0045,0.069,0.0002,0.069,wind
MO,Randolph,RANDOLPH,0.0005,0.004,0.0892,0.0001,0.0892,wind
MO,Ray,RAY,0.0003,0.0022,0.0672,0.0,0.0672,wind
MO,Reynolds,REYNOLDS,0.0045,0.0023,0.0372,0.0,0.0372,wind
MO,Ripley,RIPLEY,0.0027,0.0071,0.047,0.0006,0.047,wind
MO,Saline,SALINE,0.0002,0.0021,0.0626,0.0003,0.0626,wind
MO,Schuyler,SCHUYLER,0.0002,0.004,0.0432,0.0,0.0432,wind
MO,Scotland,SCOTLAND,0.0002,0.0047,0.0915,0.0001,0.0915,wind
MO,Scott,SCOTT,0.0003,0.0073,0.0648,0.0003,0.0648,wind
MO,Shannon,SHANNON,0.0064,0.0039,0.0831,0.0,0.0831,wind
MO,Shelby,SHELBY,0.0002,0.0017,0.0616,0.0001,0.0616,wind
MO,St. Charles,ST. CHARLES,0.0006,0.0117,0.1863,0.0001,0.1863,wind
MO,St. Clair,ST. CLAIR,0.0019,0.0043,0.0888,0.0001,0.0888,wind
MO,St. Francois,ST. FRANCOIS,0.0018,0.0061,0.0866,0.0,0.0866,wind
MO,St. Louis,ST. LOUIS,0.0003,0.0083,0.232,0.0003,0.232,wind
MO,St. Louis City,ST. LOUIS CITY,0.0001,0.0008,0.0,0.0,0.0008,flood
MO,Ste. Genevieve,STE. GENEVIEVE,0.0011,0.003,0.0657,0.0,0.0657,wind
MO,Stoddard,STODDARD,0.0003,0.0039,0.0645,0.0003,0.0645,wind
MO,Stone,STONE,0.0044,0.0084,0.1255,0.0,0.1255,wind
MO,Sullivan,SULLIVAN,0.0004,0.0055,0.0689,0.0001,0.0689,wind
MO,Taney,TANEY,0.0068,0.0084,0.1413,0.0,0.1413,wind
MO,Texas,TEXAS,0.0029,0.0099,0.1405,0.0,0.1405,wind
MO,Vernon,VERNON,0.0011,0.0035,0.1086,0.0001,0.1086,wind
MO,Warren,WARREN,0.0008,0.0059,0.0784,0.0,0.0784,wind
MO,Washington,WASHINGTON,0.0047,0.003,0.0802,0.0,0.0802,wind
MO,Wayne,WAYNE,0.003,0.0038,0.0535,0.0004,0.0535,wind
MO,Webster,WEBSTER,0.0031,0.0093,0.1486,0.0001,0.1486,wind
MO,Worth,WORTH,0.0004,0.0031,0.0329,0.0002,0.0329,wind
MO,Wright,WRIGHT,0.0021,0.0083,0.1363,0.0,0.1363,wind
MS,Adams,ADAMS,0.0042,0.0124,0.0789,0.0,0.0789,wind
MS,Alcorn,ALCORN,0.0026,0.0068,0.0532,0.0,0.0532,wind
MS,Amite,AMITE,0.0223,0.0044,0.0163,0.0,0.0223,fire
MS,Attala,ATTALA,0.0083,0.0082,0.0981,0.0,0.0981,wind
MS,Benton,BENTON,0.0044,0.0029,0.0157,0.0001,0.0157,wind
MS,Bolivar,BOLIVAR,0.0002,0.0101,0.0911,0.0,0.0911,wind
MS,Calhoun,CALHOUN,0.0047,0.0044,0.0362,0.0,0.0362,wind
MS,Carroll,CARROLL,0.0041,0.0037,0.0627,0.0,0.0627,wind
MS,Chickasaw,CHICKASAW,0.0033,0.0052,0.0535,0.0,0.0535,wind
MS,Choctaw,CHOCTAW,0.0079,0.0065,0.0785,0.0,0.0785,wind
MS,Claiborne,CLAIBORNE,0.0069,0.0065,0.0819,0.0,0.0819,wind
MS,Clarke,CLARKE,0.0065,0.0072,0.1147,0.0,0.1147,wind
MS,Clay,CLAY,0.0057,0.0075,0.0596,0.0,0.0596,wind
MS,Coahoma,COAHOMA,0.0003,0.0029,0.0329,0.0,0.0329,wind
MS,Copiah,COPIAH,0.0045,0.0103,0.1321,0.0,0.1321,wind
MS,Covington,COVINGTON,0.0029,0.0162,0.1306,0.0001,0.1306,wind
MS,Desoto,DESOTO,0.0021,0.0034,0.0,0.0,0.0034,flood
MS,Forrest,FORREST,0.0163,0.037,0.1305,0.0001,0.1305,wind
MS,Franklin,FRANKLIN,0.0209,0.0046,0.0372,0.0,0.0372,wind
MS,George,GEORGE,0.0065,0.0071,0.0178,0.0,0.0178,wind
MS,Greene,GREENE,0.0147,0.0039,0.0319,0.0,0.0319,wind
MS,Grenada,GRENADA,0.0048,0.0128,0.101,0.0,0.101,wind
MS,Hancock,HANCOCK,0.0181,0.0126,0.0365,0.0,0.0365,wind
MS,Harrison,HARRISON,0.0241,0.0205,0.0697,0.0,0.0697,wind
MS,Hinds,HINDS,0.0023,0.075,0.1859,0.0001,0.1859,wind
MS,Holmes,HOLMES,0.0035,0.0078,0.0594,0.0,0.0594,wind
MS,Humphreys,HUMPHREYS,0.0005,0.0051,0.0308,0.0,0.0308,wind
MS,Issaquena,ISSAQUENA,0.0015,0.0036,0.0228,0.0,0.0228,wind
MS,Itawamba,ITAWAMBA,0.0045,0.0041,0.0444,0.0,0.0444,wind
MS,Jackson,JACKSON,0.0382,0.0174,0.0531,0.0,0.0531,wind
MS,Jasper,JASPER,0.0168,0.0079,0.1102,0.0,0.1102,wind
MS,Jefferson,JEFFERSON,0.006,0.0043,0.0439,0.0,0.0439,wind
MS,Jefferson Davis,JEFFERSON DAVIS,0.0055,0.0119,0.1139,0.0,0.1139,wind
MS,Jones,JONES,0.0049,0.0242,0.1564,0.0001,0.1564,wind
MS,Kemper,KEMPER,0.0048,0.0039,0.0596,0.0,0.0596,wind
MS,Lafayette,LAFAYETTE,0.0068,0.0079,0.0475,0.0,0.0475,wind
MS,Lamar,LAMAR,0.0097,0.0317,0.1153,0.0,0.1153,wind
MS,Lauderdale,LAUDERDALE,0.0041,0.0219,0.1467,0.0,0.1467,wind
MS,Lawrence,LAWRENCE,0.0049,0.0149,0.0955,0.0,0.0955,wind
MS,Leake,LEAKE,0.0043,0.0139,0.1199,0.0,0.1199,wind
MS,Lee,LEE,0.0016,0.0105,0.0763,0.0,0.0763,wind
MS,Leflore,LEFLORE,0.0007,0.0062,0.0591,0.0,0.0591,wind
MS,Lincoln,LINCOLN,0.0025,0.0164,0.0649,0.0,0.0649,wind
MS,Lowndes,LOWNDES,0.0033,0.0179,0.12,0.0001,0.12,wind
MS,Madison,MADISON,0.002,0.0303,0.1497,0.0001,0.1497,wind
MS,Marion,MARION,0.0076,0.0227,0.0928,0.0,0.0928,wind
MS,Marshall,MARSHALL,0.0072,0.0045,0.0474,0.0,0.0474,wind
MS,Monroe,MONROE,0.0043,0.0061,0.0587,0.0001,0.0587,wind
MS,Montgomery,MONTGOMERY,0.0045,0.0071,0.0492,0.0,0.0492,wind
MS,Neshoba,NESHOBA,0.0068,0.0116,0.1105,0.0,0.1105,wind
MS,Newton,NEWTON,0.0055,0.0115,0.1037,0.0,0.1037,wind
MS,Noxubee,NOXUBEE,0.003,0.0055,0.0657,0.0,0.0657,wind
MS,Oktibbeha,OKTIBBEHA,0.0044,0.0102,0.0895,0.0,0.0895,wind
MS,Panola,PANOLA,0.0039,0.0051,0.0554,0.0,0.0554,wind
MS,Pearl River,PEARL RIVER,0.0141,0.0094,0.0697,0.0,0.0697,wind
MS,Perry,PERRY,0.0618,0.0058,0.039,0.0,0.0618,fire
MS,Pike,PIKE,0.0025,0.0119,0.0271,0.0,0.0271,wind
MS,Pontotoc,PONTOTOC,0.0038,0.0057,0.067,0.0,0.067,wind
MS,Prentiss,PRENTISS,0.0017,0.0062,0.0437,0.0,0.0437,wind
MS,Quitman,QUITMAN,0.0009,0.0015,0.0172,0.0,0.0172,wind
MS,Rankin,RANKIN,0.0058,0.0503,0.2023,0.0001,0.2023,wind
MS,Scott,SCOTT,0.0277,0.0169,0.1223,0.0,0.1223,wind
MS,Sharkey,SHARKEY,0.0007,0.0059,0.0465,0.0,0.0465,wind
MS,Simpson,SIMPSON,0.0051,0.0138,0.1232,0.0,0.1232,wind
MS,Smith,SMITH,0.023,0.0096,0.1328,0.0,0.1328,wind
MS,Stone,STONE,0.0235,0.0069,0.0419,0.0,0.0419,wind
MS,Sunflower,SUNFLOWER,0.0002,0.0112,0.0735,0.0,0.0735,wind
MS,Tallahatchie,TALLAHATCHIE,0.0013,0.0034,0.025,0.0,0.025,wind
MS,Tate,TATE,0.0033,0.005,0.0362,0.0,0.0362,wind
MS,Tippah,TIPPAH,0.0052,0.0054,0.0352,0.0001,0.0352,wind
MS,Tishomingo,TISHOMINGO,0.0037,0.0054,0.0535,0.0,0.0535,wind
MS,Tunica,TUNICA,0.0004,0.0026,0.0341,0.0,0.0341,wind
MS,Union,UNION,0.0059,0.0062,0.0453,0.0001,0.0453,wind
MS,Walthall,WALTHALL,0.0023,0.0071,0.0315,0.0,0.0315,wind
MS,Warren,WARREN,0.0023,0.0272,0.0998,0.0,0.0998,wind
MS,Washington,WASHINGTON,0.0004,0.0142,0.0728,0.0,0.0728,wind
MS,Wayne,WAYNE,0.0197,0.0042,0.0445,0.0,0.0445,wind
MS,Webster,WEBSTER,0.0051,0.0065,0.0784,0.0,0.0784,wind
MS,Wilkinson,WILKINSON,0.0052,0.0042,0.0172,0.0,0.0172,wind
MS,Winston,WINSTON,0.0069,0.0086,0.0747,0.0,0.0747,wind
MS,Yalobusha,YALOBUSHA,0.0048,0.0031,0.0264,0.0,0.0264,wind
MS,Yazoo,YAZOO,0.0014,0.011,0.1055,0.0,0.1055,wind
MT,Beaverhead,BEAVERHEAD,0.128,0.001,0.1155,0.0076,0.128,fire
MT,Big Horn,BIG HORN,0.2018,0.001,0.138,0.0029,0.2018,fire
MT,Blaine,BLAINE,0.0822,0.0016,0.1727,0.0051,0.1727,wind
MT,Broadwater,BROADWATER,0.0936,0.001,0.0901,0.0026,0.0936,fire
MT,Carbon,CARBON,0.1152,0.0021,0.0634,0.0044,0.1152,fire
MT,Carter,CARTER,0.1205,0.0014,0.1481,0.0009,0.1481,wind
MT,Cascade,CASCADE,0.1023,0.0026,0.2084,0.0061,0.2084,wind
MT,Chouteau,CHOUTEAU,0.1414,0.0012,0.1774,0.0029,0.1774,wind
MT,Custer,CUSTER,0.1894,0.0014,0.1473,0.0009,0.1894,fire
MT,Daniels,DANIELS,0.0317,0.0007,0.0755,0.0011,0.0755,wind
MT,Dawson,DAWSON,0.0869,0.0028,0.2227,0.0015,0.2227,wind
MT,Deer Lodge,DEER LODGE,0.0589,0.0021,0.0108,0.0001,0.0589,fire
MT,Fallon,FALLON,0.0293,0.001,0.1005,0.0008,0.1005,wind
MT,Fergus,FERGUS,0.1261,0.0015,0.1892,0.0049,0.1892,wind
MT,Flathead,FLATHEAD,0.1347,0.002,0.0623,0.0077,0.1347,fire
MT,Gallatin,GALLATIN,0.0778,0.0015,0.0967,0.0099,0.0967,wind
MT,Garfield,GARFIELD,0.1467,0.0017,0.2319,0.0031,0.2319,wind
MT,Glacier,GLACIER,0.0943,0.001,0.1203,0.0154,0.1203,wind
MT,Golden Valley,GOLDEN VALLEY,0.0645,0.0008,0.0254,0.0023,0.0645,fire
MT,Granite,GRANITE,0.0796,0.0008,0.0146,0.0,0.0796,fire
MT,Hill,HILL,0.0559,0.0016,0.1582,0.004,0.1582,wind
MT,Jefferson,JEFFERSON,0.1019,0.0011,0.0381,0.0127,0.1019,fire
MT,Judith Basin,JUDITH BASIN,0.0724,0.0007,0.0796,0.0053,0.0796,wind
MT,Lake,LAKE,0.1325,0.001,0.0682,0.0091,0.1325,fire
MT,Lewis And Clark,LEWIS AND CLARK,0.1719,0.0026,0.1432,0.0059,0.1719,fire
MT,Liberty,LIBERTY,0.0117,0.0006,0.0713,0.0013,0.0713,wind
MT,Lincoln,LINCOLN,0.1183,0.0004,0.0255,0.0,0.1183,fire
MT,Madison,MADISON,0.1073,0.001,0.0906,0.0089,0.1073,fire
MT,Mccone,MCCONE,0.0728,0.0033,0.1762,0.0014,0.1762,wind
MT,Meagher,MEAGHER,0.0755,0.0006,0.0465,0.0043,0.0755,fire
MT,Mineral,MINERAL,0.136,0.0006,0.0339,0.0,0.136,fire
MT,Missoula,MISSOULA,0.1592,0.0018,0.1205,0.0125,0.1592,fire
MT,Musselshell,MUSSELSHELL,0.1411,0.0018,0.057,0.0022,0.1411,fire
MT,Park,PARK,0.0726,0.0011,0.1194,0.0031,0.1194,wind
MT,Petroleum,PETROLEUM,0.1576,0.0026,0.078,0.0019,0.1576,fire
MT,Phillips,PHILLIPS,0.1167,0.0018,0.1779,0.004,0.1779,wind
MT,Pondera,PONDERA,0.0372,0.0007,0.0653,0.0022,0.0653,wind
MT,Powder River,POWDER RIVER,0.2384,0.0006,0.1142,0.0022,0.2384,fire
MT,Powell,POWELL,0.1415,0.0009,0.0247,0.0001,0.1415,fire
MT,Prairie,PRAIRIE,0.1202,0.0022,0.1225,0.0013,0.1225,wind
MT,Ravalli,RAVALLI,0.1394,0.0014,0.0464,0.0001,0.1394,fire
MT,Richland,RICHLAND,0.0605,0.0028,0.1508,0.0017,0.1508,wind
MT,Roosevelt,ROOSEVELT,0.1047,0.0027,0.1934,0.0011,0.1934,wind
MT,Rosebud,ROSEBUD,0.2564,0.0011,0.1826,0.0017,0.2564,fire
MT,Sanders,SANDERS,0.1629,0.0019,0.0254,0.0001,0.1629,fire
MT,Sheridan,SHERIDAN,0.0091,0.0008,0.1094,0.0022,0.1094,wind
MT,Silver Bow,SILVER BOW,0.0421,0.0021,0.0226,0.0,0.0421,fire
MT,Stillwater,STILLWATER,0.125,0.0016,0.0883,0.004,0.125,fire
MT,Sweet Grass,SWEET GRASS,0.1042,0.0009,0.0552,0.0045,0.1042,fire
MT,Teton,TETON,0.059,0.0007,0.0875,0.0036,0.0875,wind
MT,Toole,TOOLE,0.0298,0.0006,0.0776,0.0032,0.0776,wind
MT,Treasure,TREASURE,0.0881,0.0003,0.0398,0.0007,0.0881,fire
MT,Valley,VALLEY,0.1212,0.0037,0.3141,0.0054,0.3141,wind
MT,Wheatland,WHEATLAND,0.0517,0.0006,0.0558,0.0018,0.0558,wind
MT,Wibaux,WIBAUX,0.0685,0.0018,0.1014,0.0011,0.1014,wind
MT,Yellowstone,YELLOWSTONE,0.1955,0.0016,0.225,0.0012,0.225,wind
NC,Alamance,ALAMANCE,0.0003,0.0093,0.1523,0.0,0.1523,wind
NC,Alexander,ALEXANDER,0.0003,0.0074,0.136,0.0001,0.136,wind
NC,Alleghany,ALLEGHANY,0.0001,0.0095,0.0569,0.0001,0.0569,wind
NC,Anson,ANSON,0.002,0.0031,0.1144,0.0,0.1144,wind
NC,Ashe,ASHE,0.0001,0.0099,0.0743,0.0002,0.0743,wind
NC,Avery,AVERY,0.0002,0.0121,0.0523,0.0004,0.0523,wind
NC,Beaufort,BEAUFORT,0.0008,0.002,0.1055,0.0,0.1055,wind
NC,Bertie,BERTIE,0.0003,0.0011,0.0565,0.0001,0.0565,wind
NC,Bladen,BLADEN,0.0025,0.0047,0.1216,0.0,0.1216,wind
NC,Brunswick,BRUNSWICK,0.0066,0.0088,0.093,0.0,0.093,wind
NC,Buncombe,BUNCOMBE,0.0002,0.0211,0.1433,0.0005,0.1433,wind
NC,Burke,BURKE,0.0023,0.0172,0.1718,0.0001,0.1718,wind
NC,Cabarrus,CABARRUS,0.0002,0.0207,0.191,0.0001,0.191,wind
NC,Caldwell,CALDWELL,0.0013,0.0178,0.1138,0.0002,0.1138,wind
NC,Camden,CAMDEN,0.0003,0.0012,0.0472,0.0,0.0472,wind
NC,Carteret,CARTERET,0.0083,0.0051,0.1259,0.0,0.1259,wind
NC,Caswell,CASWELL,0.0002,0.004,0.1446,0.0,0.1446,wind
NC,Catawba,CATAWBA,0.0004,0.0183,0.186,0.0001,0.186,wind
NC,Chatham,CHATHAM,0.0006,0.0099,0.1607,0.0,0.1607,wind
NC,Cherokee,CHEROKEE,0.0011,0.0059,0.0825,0.0,0.0825,wind
NC,Chowan,CHOWAN,0.0002,0.0018,0.0488,0.0,0.0488,wind
NC,Clay,CLAY,0.0005,0.0051,0.0579,0.0,0.0579,wind
NC,Cleveland,CLEVELAND,0.0005,0.0085,0.2213,0.0,0.2213,wind
NC,Columbus,COLUMBUS,0.0009,0.0088,0.1489,0.0,0.1489,wind
NC,Craven,CRAVEN,0.0031,0.0057,0.1152,0.0,0.1152,wind
NC,Cumberland,CUMBERLAND,0.0014,0.0129,0.1497,0.0,0.1497,wind
NC,Currituck,CURRITUCK,0.0004,0.0021,0.0652,0.0,0.0652,wind
NC,Dare,DARE,0.003,0.0047,0.0731,0.0,0.0731,wind
NC,Davidson,DAVIDSON,0.0001,0.0092,0.1525,0.0,0.1525,wind
NC,Davie,DAVIE,0.0001,0.0108,0.1348,0.0001,0.1348,wind
NC,Duplin,DUPLIN,0.0003,0.0044,0.1147,0.0,0.1147,wind
NC,Durham,DURHAM,0.0005,0.0217,0.1378,0.0,0.1378,wind
NC,Edgecombe,EDGECOMBE,0.0003,0.003,0.0918,0.0,0.0918,wind
NC,Forsyth,FORSYTH,0.0002,0.0252,0.1847,0.0001,0.1847,wind
NC,Franklin,FRANKLIN,0.0001,0.0027,0.1345,0.0,0.1345,wind
NC,Gaston,GASTON,0.0002,0.0146,0.2037,0.0001,0.2037,wind
NC,Gates,GATES,0.0003,0.0019,0.0517,0.0,0.0517,wind
NC,Graham,GRAHAM,0.0015,0.0052,0.0692,0.0003,0.0692,wind
NC,Granville,GRANVILLE,0.0004,0.0045,0.1073,0.0,0.1073,wind
NC,Greene,GREENE,0.0005,0.0034,0.0537,0.0,0.0537,wind
NC,Guilford,GUILFORD,0.0005,0.0351,0.2272,0.0,0.2272,wind
NC,Halifax,HALIFAX,0.0004,0.0025,0.1253,0.0,0.1253,wind
NC,Harnett,HARNETT,0.0003,0.0054,0.1416,0.0,0.1416,wind
NC,Haywood,HAYWOOD,0.0004,0.01,0.052,0.0002,0.052,wind
NC,Henderson,HENDERSON,0.0004,0.0236,0.1546,0.0003,0.1546,wind
NC,Hertford,HERTFORD,0.0004,0.0026,0.0565,0.0,0.0565,wind
NC,Hoke,HOKE,0.0022,0.0055,0.0919,0.0,0.0919,wind
NC,Hyde,HYDE,0.0006,0.0009,0.054,0.0,0.054,wind
NC,Iredell,IREDELL,0.0003,0.0141,0.232,0.0001,0.232,wind
NC,Jackson,JACKSON,0.0002,0.0101,0.0753,0.0002,0.0753,wind
NC,Johnston,JOHNSTON,0.0003,0.0078,0.2024,0.0,0.2024,wind
NC,Jones,JONES,0.0014,0.0019,0.0641,0.0,0.0641,wind
NC,Lee,LEE,0.0004,0.0076,0.1075,0.0,0.1075,wind
NC,Lenoir,LENOIR,0.0005,0.0045,0.0951,0.0001,0.0951,wind
NC,Lincoln,LINCOLN,0.0003,0.0143,0.1788,0.0001,0.1788,wind
NC,Macon,MACON,0.0009,0.0084,0.0658,0.0001,0.0658,wind
NC,Madison,MADISON,0.0004,0.016,0.0841,0.0002,0.0841,wind
NC,Martin,MARTIN,0.0004,0.0022,0.0714,0.0,0.0714,wind
NC,Mcdowell,MCDOWELL,0.0027,0.0187,0.1666,0.0,0.1666,wind
NC,Mecklenburg,MECKLENBURG,0.0007,0.0624,0.2963,0.0003,0.2963,wind
NC,Mitchell,MITCHELL,0.0001,0.0081,0.0433,0.0005,0.0433,wind
NC,Montgomery,MONTGOMERY,0.013,0.0048,0.1058,0.0,0.1058,wind
NC,Moore,MOORE,0.0014,0.0061,0.1707,0.0,0.1707,wind
NC,Nash,NASH,0.0002,0.0034,0.1439,0.0,0.1439,wind
NC,New Hanover,NEW HANOVER,0.001,0.0104,0.0782,0.0,0.0782,wind
NC,Northampton,NORTHAMPTON,0.0002,0.0017,0.0502,0.0,0.0502,wind
NC,Onslow,ONSLOW,0.0013,0.0079,0.1006,0.0,0.1006,wind
NC,Orange,ORANGE,0.0002,0.0096,0.1593,0.0,0.1593,wind
NC,Pamlico,PAMLICO,0.0005,0.0021,0.0422,0.0,0.0422,wind
NC,Pasquotank,PASQUOTANK,0.0002,0.0018,0.0465,0.0,0.0465,wind
NC,Pender,PENDER,0.005,0.0093,0.1038,0.0,0.1038,wind
NC,Perquimans,PERQUIMANS,0.0002,0.0013,0.0542,0.0,0.0542,wind
NC,Person,PERSON,0.0002,0.0032,0.1294,0.0,0.1294,wind
NC,Pitt,PITT,0.0006,0.005,0.1015,0.0,0.1015,wind
NC,Polk,POLK,0.0002,0.0074,0.1134,0.0002,0.1134,wind
NC,Randolph,RANDOLPH,0.0003,0.0088,0.1707,0.0,0.1707,wind
NC,Richmond,RICHMOND,0.0047,0.0093,0.1063,0.0,0.1063,wind
NC,Robeson,ROBESON,0.004,0.0043,0.1507,0.0,0.1507,wind
NC,Rockingham,ROCKINGHAM,0.0002,0.0103,0.1944,0.0,0.1944,wind
NC,Rowan,ROWAN,0.0002,0.0152,0.2242,0.0001,0.2242,wind
NC,Rutherford,RUTHERFORD,0.0005,0.0086,0.1923,0.0,0.1923,wind
NC,Sampson,SAMPSON,0.0011,0.0052,0.1786,0.0,0.1786,wind
NC,Scotland,SCOTLAND,0.0041,0.0043,0.0834,0.0001,0.0834,wind
NC,Stanly,STANLY,0.0002,0.0134,0.134,0.0,0.134,wind
NC,Stokes,STOKES,0.0001,0.0088,0.1596,0.0,0.1596,wind
NC,Surry,SURRY,0.0001,0.0206,0.2305,0.0001,0.2305,wind
NC,Swain,SWAIN,0.0006,0.0062,0.052,0.0005,0.052,wind
NC,Transylvania,TRANSYLVANIA,0.0003,0.0126,0.0913,0.0001,0.0913,wind
NC,Tyrrell,TYRRELL,0.0002,0.001,0.0349,0.0,0.0349,wind
NC,Union,UNION,0.001,0.0177,0.1752,0.0,0.1752,wind
NC,Vance,VANCE,0.0002,0.0037,0.082,0.0,0.082,wind
NC,Wake,WAKE,0.0009,0.0444,0.3317,0.0001,0.3317,wind
NC,Warren,WARREN,0.0002,0.002,0.0864,0.0,0.0864,wind
NC,Washington,WASHINGTON,0.0002,0.0016,0.0409,0.0,0.0409,wind
NC,Watauga,WATAUGA,0.0001,0.0201,0.0495,0.0002,0.0495,wind
NC,Wayne,WAYNE,0.0003,0.005,0.1524,0.0,0.1524,wind
NC,Wilkes,WILKES,0.0007,0.0129,0.177,0.0,0.177,wind
NC,Wilson,WILSON,0.0004,0.0035,0.1278,0.0,0.1278,wind
NC,Yadkin,YADKIN,0.0001,0.0108,0.1379,0.0,0.1379,wind
NC,Yancey,YANCEY,0.0001,0.0115,0.0385,0.0002,0.0385,wind
ND,Adams,ADAMS,0.0035,0.002,0.1241,0.0005,0.1241,wind
ND,Barnes,BARNES,0.0012,0.0056,0.1126,0.0072,0.1126,wind
ND,Benson,BENSON,0.0023,0.0084,0.1265,0.0107,0.1265,wind
ND,Billings,BILLINGS,0.0403,0.0041,0.0574,0.0008,0.0574,wind
ND,Bottineau,BOTTINEAU,0.003,0.0036,0.0675,0.0023,0.0675,wind
ND,Bowman,BOWMAN,0.0141,0.0025,0.1131,0.0014,0.1131,wind
ND,Burke,BURKE,0.0055,0.0026,0.0666,0.0021,0.0666,wind
ND,Burleigh,BURLEIGH,0.0169,0.0155,0.1631,0.001,0.1631,wind
ND,Cass,CASS,0.0008,0.0082,0.1993,0.011,0.1993,wind
ND,Cavalier,CAVALIER,0.0019,0.0027,0.1228,0.013,0.1228,wind
ND,Dickey,DICKEY,0.0039,0.0077,0.1072,0.001,0.1072,wind
ND,Divide,DIVIDE,0.0023,0.0017,0.0714,0.0026,0.0714,wind
ND,Dunn,DUNN,0.0129,0.0039,0.1176,0.0011,0.1176,wind
ND,Eddy,EDDY,0.001,0.0038,0.0935,0.0062,0.0935,wind
ND,Emmons,EMMONS,0.0045,0.0033,0.0981,0.0005,0.0981,wind
ND,Foster,FOSTER,0.0004,0.005,0.078,0.0036,0.078,wind
ND,Golden Valley,GOLDEN VALLEY,0.0219,0.0022,0.0821,0.0018,0.0821,wind
ND,Grand Forks,GRAND FORKS,0.001,0.0096,0.2156,0.0103,0.2156,wind
ND,Grant,GRANT,0.0113,0.0021,0.0886,0.0011,0.0886,wind
ND,Griggs,GRIGGS,0.0014,0.0049,0.0978,0.0066,0.0978,wind
ND,Hettinger,HETTINGER,0.0023,0.0039,0.1238,0.0013,0.1238,wind
ND,Kidder,KIDDER,0.0033,0.004,0.0781,0.0007,0.0781,wind
ND,Lamoure,LAMOURE,0.0007,0.0034,0.0001,0.0,0.0034,flood
ND,Logan,LOGAN,0.0014,0.0036,0.0624,0.0004,0.0624,wind
ND,Mchenry,MCHENRY,0.004,0.008,0.0954,0.0014,0.0954,wind
ND,Mcintosh,MCINTOSH,0.002,0.0018,0.0876,0.0003,0.0876,wind
ND,Mckenzie,MCKENZIE,0.0331,0.0051,0.1174,0.0016,0.1174,wind
ND,Mclean,MCLEAN,0.0042,0.0046,0.1824,0.0011,0.1824,wind
ND,Mercer,MERCER,0.0225,0.0077,0.1009,0.0007,0.1009,wind
ND,Morton,MORTON,0.0127,0.005,0.1812,0.0013,0.1812,wind
ND,Mountrail,MOUNTRAIL,0.0091,0.0066,0.116,0.0021,0.116,wind
ND,Nelson,NELSON,0.0009,0.0093,0.1357,0.009,0.1357,wind
ND,Oliver,OLIVER,0.007,0.0035,0.0796,0.0006,0.0796,wind
ND,Pembina,PEMBINA,0.0006,0.0071,0.1152,0.0107,0.1152,wind
ND,Pierce,PIERCE,0.0045,0.0024,0.0905,0.0036,0.0905,wind
ND,Ramsey,RAMSEY,0.0013,0.0081,0.1179,0.0128,0.1179,wind
ND,Ransom,RANSOM,0.0006,0.0062,0.1018,0.0081,0.1018,wind
ND,Renville,RENVILLE,0.0015,0.004,0.078,0.0023,0.078,wind
ND,Richland,RICHLAND,0.0007,0.0062,0.1628,0.005,0.1628,wind
ND,Rolette,ROLETTE,0.0129,0.0073,0.103,0.0032,0.103,wind
ND,Sargent,SARGENT,0.0005,0.0031,0.1051,0.0043,0.1051,wind
ND,Sheridan,SHERIDAN,0.0024,0.0022,0.0699,0.0007,0.0699,wind
ND,Sioux,SIOUX,0.0386,0.0024,0.0962,0.0005,0.0962,wind
ND,Slope,SLOPE,0.0154,0.0021,0.0573,0.0012,0.0573,wind
ND,Stark,STARK,0.0071,0.0056,0.1242,0.0012,0.1242,wind
ND,Steele,STEELE,0.0002,0.004,0.1084,0.0073,0.1084,wind
ND,Stutsman,STUTSMAN,0.0012,0.0099,0.126,0.0025,0.126,wind
ND,Towner,TOWNER,0.0013,0.0033,0.0824,0.0112,0.0824,wind
ND,Traill,TRAILL,0.0003,0.0025,0.1254,0.006,0.1254,wind
ND,Walsh,WALSH,0.0008,0.0051,0.1243,0.0115,0.1243,wind
ND,Ward,WARD,0.0029,0.007,0.1355,0.0021,0.1355,wind
ND,Wells,WELLS,0.0009,0.006,0.0971,0.0016,0.0971,wind
ND,Williams,WILLIAMS,0.0096,0.0037,0.0934,0.0027,0.0934,wind
NE,Adams,ADAMS,0.0004,0.0263,0.1366,0.0,0.1366,wind
NE,Antelope,ANTELOPE,0.0006,0.01,0.0921,0.0,0.0921,wind
NE,Arthur,ARTHUR,0.0071,0.0004,0.0814,0.0001,0.0814,wind
NE,Banner,BANNER,0.0112,0.0016,0.049,0.0006,0.049,wind
NE,Blaine,BLAINE,0.0067,0.0009,0.0735,0.0,0.0735,wind
NE,Boone,BOONE,0.0004,0.0046,0.0781,0.0,0.0781,wind
NE,Box Butte,BOX BUTTE,0.0034,0.0017,0.1058,0.0002,0.1058,wind
NE,Boyd,BOYD,0.0024,0.0057,0.0932,0.0,0.0932,wind
NE,Brown,BROWN,0.0119,0.0031,0.1255,0.0001,0.1255,wind
NE,Buffalo,BUFFALO,0.0014,0.0175,0.1214,0.0,0.1214,wind
NE,Burt,BURT,0.0002,0.0065,0.0826,0.0,0.0826,wind
NE,Butler,BUTLER,0.0002,0.0076,0.0633,0.0,0.0633,wind
NE,Cass,CASS,0.0003,0.0142,0.0964,0.0,0.0964,wind
NE,Cedar,CEDAR,0.0003,0.0047,0.0679,0.0001,0.0679,wind
NE,Chase,CHASE,0.0011,0.0044,0.1297,0.0001,0.1297,wind
NE,Cherry,CHERRY,0.0297,0.0022,0.253,0.0002,0.253,wind
NE,Cheyenne,CHEYENNE,0.0039,0.0038,0.1209,0.0004,0.1209,wind
NE,Clay,CLAY,0.0004,0.0157,0.0981,0.0,0.0981,wind
NE,Colfax,COLFAX,0.0002,0.0049,0.0588,0.0,0.0588,wind
NE,Cuming,CUMING,0.0002,0.0093,0.0698,0.0,0.0698,wind
NE,Custer,CUSTER,0.0029,0.0081,0.1955,0.0,0.1955,wind
NE,Dakota,DAKOTA,0.0004,0.0045,0.0634,0.0,0.0634,wind
NE,Dawes,DAWES,0.0768,0.0031,0.1796,0.0004,0.1796,wind
NE,Dawson,DAWSON,0.001,0.0123,0.121,0.0001,0.121,wind
NE,Deuel,DEUEL,0.0014,0.0035,0.0739,0.0001,0.0739,wind
NE,Dixon,DIXON,0.0004,0.0042,0.0821,0.0,0.0821,wind
NE,Dodge,DODGE,0.0002,0.0075,0.0845,0.0,0.0845,wind
NE,Douglas,DOUGLAS,0.0005,0.0239,0.1394,0.0,0.1394,wind
NE,Dundy,DUNDY,0.0047,0.004,0.1573,0.0001,0.1573,wind
NE,Fillmore,FILLMORE,0.0003,0.0134,0.073,0.0,0.073,wind
NE,Franklin,FRANKLIN,0.0019,0.0081,0.0539,0.0,0.0539,wind
NE,Frontier,FRONTIER,0.0024,0.0101,0.1224,0.0,0.1224,wind
NE,Furnas,FURNAS,0.0013,0.0109,0.1378,0.0001,0.1378,wind
NE,Gage,GAGE,0.0009,0.0036,0.0955,0.0,0.0955,wind
NE,Garden,GARDEN,0.0076,0.0043,0.1457,0.0001,0.1457,wind
NE,Garfield,GARFIELD,0.0037,0.0045,0.0668,0.0,0.0668,wind
NE,Gosper,GOSPER,0.0017,0.0104,0.0748,0.0001,0.0748,wind
NE,Grant,GRANT,0.0073,0.0044,0.0624,0.0001,0.0624,wind
NE,Greeley,GREELEY,0.001,0.008,0.0546,0.0,0.0546,wind
NE,Hall,HALL,0.0004,0.0204,0.1106,0.0,0.1106,wind
NE,Hamilton,HAMILTON,0.0001,0.0131,0.0755,0.0,0.0755,wind
NE,Harlan,HARLAN,0.0011,0.0081,0.0639,0.0001,0.0639,wind
NE,Hayes,HAYES,0.0023,0.007,0.0758,0.0,0.0758,wind
NE,Hitchcock,HITCHCOCK,0.0033,0.0045,0.1157,0.0001,0.1157,wind
NE,Holt,HOLT,0.0027,0.0066,0.1636,0.0001,0.1636,wind
NE,Hooker,HOOKER,0.0039,0.0007,0.0788,0.0001,0.0788,wind
NE,Howard,HOWARD,0.0014,0.0136,0.0923,0.0,0.0923,wind
NE,Jefferson,JEFFERSON,0.0005,0.0056,0.0749,0.0,0.0749,wind
NE,Johnson,JOHNSON,0.0005,0.0026,0.0654,0.0,0.0654,wind
NE,Kearney,KEARNEY,0.0003,0.0086,0.0679,0.0,0.0679,wind
NE,Keith,KEITH,0.0092,0.0045,0.1593,0.0001,0.1593,wind
NE,Keya Paha,KEYA PAHA,0.0063,0.0038,0.0903,0.0,0.0903,wind
NE,Kimball,KIMBALL,0.0028,0.0014,0.0765,0.0003,0.0765,wind
NE,Knox,KNOX,0.0028,0.0121,0.0831,0.0,0.0831,wind
NE,Lancaster,LANCASTER,0.0021,0.0122,0.1326,0.0,0.1326,wind
NE,Lincoln,LINCOLN,0.0045,0.0114,0.2276,0.0001,0.2276,wind
NE,Logan,LOGAN,0.0045,0.0024,0.0708,0.0,0.0708,wind
NE,Loup,LOUP,0.0031,0.0017,0.0569,0.0,0.0569,wind
NE,Madison,MADISON,0.0002,0.0101,0.0764,0.0,0.0764,wind
NE,Mcpherson,MCPHERSON,0.0071,0.001,0.0583,0.0001,0.0583,wind
NE,Merrick,MERRICK,0.0004,0.0087,0.0576,0.0,0.0576,wind
NE,Morrill,MORRILL,0.0143,0.0023,0.0692,0.0001,0.0692,wind
NE,Nance,NANCE,0.0005,0.0076,0.0529,0.0001,0.0529,wind
NE,Nemaha,NEMAHA,0.0004,0.0065,0.0842,0.0,0.0842,wind
NE,Nuckolls,NUCKOLLS,0.0007,0.0093,0.0874,0.0001,0.0874,wind
NE,Otoe,OTOE,0.0003,0.0078,0.0868,0.0,0.0868,wind
NE,Pawnee,PAWNEE,0.0008,0.0025,0.0508,0.0,0.0508,wind
NE,Perkins,PERKINS,0.0012,0.0054,0.0862,0.0,0.0862,wind
NE,Phelps,PHELPS,0.0007,0.0111,0.0709,0.0,0.0709,wind
NE,Pierce,PIERCE,0.0004,0.0081,0.054,0.0,0.054,wind
NE,Platte,PLATTE,0.0002,0.0115,0.0821,0.0,0.0821,wind
NE,Polk,POLK,0.0005,0.0158,0.07,0.0,0.07,wind
NE,Red Willow,RED WILLOW,0.0025,0.005,0.1835,0.0001,0.1835,wind
NE,Richardson,RICHARDSON,0.0004,0.0099,0.0786,0.0,0.0786,wind
NE,Rock,ROCK,0.0036,0.0041,0.0807,0.0001,0.0807,wind
NE,Saline,SALINE,0.0003,0.0093,0.0941,0.0,0.0941,wind
NE,Sarpy,SARPY,0.0004,0.0141,0.1181,0.0,0.1181,wind
NE,Saunders,SAUNDERS,0.0004,0.0135,0.1037,0.0001,0.1037,wind
NE,Scotts Bluff,SCOTTS BLUFF,0.0116,0.0068,0.1314,0.0005,0.1314,wind
NE,Seward,SEWARD,0.0003,0.0072,0.0761,0.0,0.0761,wind
NE,Sheridan,SHERIDAN,0.0151,0.0017,0.1531,0.0002,0.1531,wind
NE,Sherman,SHERMAN,0.0018,0.0092,0.0766,0.0,0.0766,wind
NE,Sioux,SIOUX,0.0664,0.0007,0.0669,0.0011,0.0669,wind
NE,Stanton,STANTON,0.0006,0.0095,0.0669,0.0,0.0669,wind
NE,Thayer,THAYER,0.0004,0.0096,0.0921,0.0,0.0921,wind
NE,Thomas,THOMAS,0.0106,0.0014,0.0886,0.0,0.0886,wind
NE,Thurston,THURSTON,0.0007,0.0033,0.0645,0.0,0.0645,wind
NE,Valley,VALLEY,0.0009,0.0086,0.1119,0.0,0.1119,wind
NE,Washington,WASHINGTON,0.0005,0.0121,0.0731,0.0,0.0731,wind
NE,Wayne,WAYNE,0.0002,0.0063,0.0498,0.0001,0.0498,wind
NE,Webster,WEBSTER,0.001,0.0103,0.0913,0.0001,0.0913,wind
NE,Wheeler,WHEELER,0.0042,0.0046,0.0613,0.0,0.0613,wind
NE,York,YORK,0.0002,0.0157,0.0733,0.0,0.0733,wind
NH,Belknap,BELKNAP,0.0002,0.0184,0.1411,0.0,0.1411,wind
NH,Carroll,CARROLL,0.0043,0.0385,0.1611,0.0001,0.1611,wind
NH,Cheshire,CHESHIRE,0.0014,0.0391,0.2135,0.0004,0.2135,wind
NH,Coos,COOS,0.0008,0.0262,0.1109,0.0006,0.1109,wind
NH,Grafton,GRAFTON,0.0023,0.0495,0.1852,0.0004,0.1852,wind
NH,Hillsborough,HILLSBOROUGH,0.0002,0.0394,0.1528,0.0007,0.1528,wind
NH,Merrimack,MERRIMACK,0.0005,0.0323,0.1536,0.0003,0.1536,wind
NH,Rockingham,ROCKINGHAM,0.0001,0.0275,0.1636,0.0004,0.1636,wind
NH,Strafford,STRAFFORD,0.0002,0.0143,0.108,0.0001,0.108,wind
NH,Sullivan,SULLIVAN,0.0008,0.0179,0.1227,0.0005,0.1227,wind
NJ,Atlantic,ATLANTIC,0.0042,0.0109,0.1075,0.008,0.1075,wind
NJ,Bergen,BERGEN,0.0005,0.007,0.1728,0.0003,0.1728,wind
NJ,Burlington,BURLINGTON,0.0198,0.0125,0.241,0.0105,0.241,wind
NJ,Camden,CAMDEN,0.0049,0.0193,0.1607,0.0098,0.1607,wind
NJ,Cape May,CAPE MAY,0.002,0.0103,0.1065,0.007,0.1065,wind
NJ,Cumberland,CUMBERLAND,0.0035,0.0113,0.1523,0.0091,0.1523,wind
NJ,Essex,ESSEX,0.0009,0.0027,0.0691,0.0004,0.0691,wind
NJ,Gloucester,GLOUCESTER,0.0036,0.0177,0.1681,0.0097,0.1681,wind
NJ,Hudson,HUDSON,0.0005,0.0012,0.0588,0.0003,0.0588,wind
NJ,Hunterdon,HUNTERDON,0.0015,0.0252,0.1596,0.0096,0.1596,wind
NJ,Mercer,MERCER,0.002,0.0174,0.178,0.0079,0.178,wind
NJ,Middlesex,MIDDLESEX,0.0034,0.0157,0.1626,0.0085,0.1626,wind
NJ,Monmouth,MONMOUTH,0.0044,0.0173,0.1845,0.0058,0.1845,wind
NJ,Morris,MORRIS,0.0009,0.0202,0.1621,0.0072,0.1621,wind
NJ,Ocean,OCEAN,0.0162,0.0146,0.1924,0.0097,0.1924,wind
NJ,Passaic,PASSAIC,0.0007,0.0107,0.116,0.0004,0.116,wind
NJ,Salem,SALEM,0.0025,0.0132,0.1191,0.0079,0.1191,wind
NJ,Somerset,SOMERSET,0.0016,0.0249,0.1707,0.0112,0.1707,wind
NJ,Sussex,SUSSEX,0.0041,0.0205,0.1543,0.0102,0.1543,wind
NJ,Union,UNION,0.0007,0.0048,0.1038,0.0007,0.1038,wind
NJ,Warren,WARREN,0.0055,0.018,0.1765,0.0094,0.1765,wind
NM,Bernalillo,BERNALILLO,0.0404,0.0601,0.0945,0.0001,0.0945,wind
NM,Catron,CATRON,0.1065,0.0262,0.0104,0.0002,0.1065,fire
NM,Chaves,CHAVES,0.0787,0.0209,0.0887,0.0001,0.0887,wind
NM,Cibola,CIBOLA,0.0663,0.0383,0.0268,0.0002,0.0663,fire
NM,Colfax,COLFAX,0.0475,0.0186,0.0617,0.0004,0.0617,wind
NM,Curry,CURRY,0.0155,0.0058,0.1117,0.0,0.1117,wind
NM,De Baca,DE BACA,0.0198,0.007,0.0664,0.0001,0.0664,wind
NM,Doña Ana,DOÑA ANA,0.0253,0.0231,0.0018,0.0,0.0253,fire
NM,Eddy,EDDY,0.0564,0.0341,0.1247,0.0002,0.1247,wind
NM,Grant,GRANT,0.0568,0.0375,0.036,0.0001,0.0568,fire
NM,Guadalupe,GUADALUPE,0.0427,0.0072,0.0589,0.0004,0.0589,wind
NM,Harding,HARDING,0.0192,0.002,0.0408,0.0001,0.0408,wind
NM,Hidalgo,HIDALGO,0.0228,0.007,0.0439,0.0,0.0439,wind
NM,Lea,LEA,0.0556,0.0224,0.1005,0.0,0.1005,wind
NM,Lincoln,LINCOLN,0.0788,0.0423,0.0477,0.0002,0.0788,fire
NM,Los Alamos,LOS ALAMOS,0.0193,0.045,0.0042,0.0006,0.045,flood
NM,Luna,LUNA,0.0172,0.0274,0.0369,0.0,0.0369,wind
NM,Mckinley,MCKINLEY,0.0449,0.046,0.0305,0.0001,0.046,flood
NM,Mora,MORA,0.0194,0.0068,0.0176,0.0003,0.0194,fire
NM,Otero,OTERO,0.0481,0.0386,0.0726,0.0,0.0726,wind
NM,Quay,QUAY,0.0213,0.0079,0.1019,0.0001,0.1019,wind
NM,Rio Arriba,RIO ARRIBA,0.0855,0.0348,0.0188,0.0008,0.0855,fire
NM,Roosevelt,ROOSEVELT,0.0187,0.005,0.077,0.0,0.077,wind
NM,San Juan,SAN JUAN,0.0768,0.0285,0.0276,0.0008,0.0768,fire
NM,San Miguel,SAN MIGUEL,0.0528,0.0202,0.0277,0.0003,0.0528,fire
NM,Sandoval,SANDOVAL,0.0819,0.0904,0.0379,0.0,0.0904,flood
NM,Santa Fe,SANTA FE,0.0325,0.0715,0.0504,0.0012,0.0715,flood
NM,Sierra,SIERRA,0.0433,0.0506,0.0388,0.0002,0.0506,flood
NM,Socorro,SOCORRO,0.0733,0.04,0.0484,0.0001,0.0733,fire
NM,Taos,TAOS,0.0399,0.0092,0.0151,0.0003,0.0399,fire
NM,Torrance,TORRANCE,0.044,0.0094,0.0362,0.0001,0.044,fire
NM,Union,UNION,0.0473,0.0145,0.1406,0.0003,0.1406,wind
NM,Valencia,VALENCIA,0.0205,0.042,0.0341,0.0001,0.042,flood
NV,Carson City,CARSON CITY,0.0575,0.0037,0.0251,0.0026,0.0575,fire
NV,Churchill,CHURCHILL,0.0693,0.0029,0.0437,0.0002,0.0693,fire
NV,Clark,CLARK,0.0812,0.1495,0.2633,0.0004,0.2633,wind
NV,Douglas,DOUGLAS,0.0608,0.0097,0.0257,0.0006,0.0608,fire
NV,Elko,ELKO,0.216,0.0077,0.1809,0.0112,0.216,fire
NV,Esmeralda,ESMERALDA,0.0084,0.0116,0.0234,0.0007,0.0234,wind
NV,Eureka,EUREKA,0.1152,0.0054,0.048,0.008,0.1152,fire
NV,Humboldt,HUMBOLDT,0.2013,0.0019,0.0946,0.0125,0.2013,fire
NV,Lander,LANDER,0.1284,0.0043,0.0571,0.0065,0.1284,fire
NV,Lincoln,LINCOLN,0.0769,0.0408,0.08,0.0005,0.08,wind
NV,Lyon,LYON,0.0614,0.0072,0.0268,0.0009,0.0614,fire
NV,Mineral,MINERAL,0.0181,0.0029,0.022,0.0009,0.022,wind
NV,Nye,NYE,0.0683,0.0095,0.083,0.0,0.083,wind
NV,Pershing,PERSHING,0.1261,0.002,0.0358,0.0002,0.1261,fire
NV,Storey,STOREY,0.0448,0.0038,0.0138,0.0005,0.0448,fire
NV,Washoe,WASHOE,0.2361,0.0114,0.0681,0.0009,0.2361,fire
NV,White Pine,WHITE PINE,0.1218,0.0029,0.06,0.0057,0.1218,fire
NY,Albany,ALBANY,0.0005,0.0243,0.1795,0.0041,0.1795,wind
NY,Allegany,ALLEGANY,0.0005,0.0295,0.1392,0.001,0.1392,wind
NY,Bronx,BRONX,0.0001,0.0014,0.0712,0.0002,0.0712,wind
NY,Broome,BROOME,0.0003,0.0763,0.2028,0.0085,0.2028,wind
NY,Cattaraugus,CATTARAUGUS,0.0004,0.0475,0.1915,0.0013,0.1915,wind
NY,Cayuga,CAYUGA,0.0004,0.0337,0.1752,0.0034,0.1752,wind
NY,Chautauqua,CHAUTAUQUA,0.001,0.0408,0.213,0.0016,0.213,wind
NY,Chemung,CHEMUNG,0.0003,0.0396,0.1172,0.0046,0.1172,wind
NY,Chenango,CHENANGO,0.0004,0.0406,0.1517,0.0053,0.1517,wind
NY,Clinton,CLINTON,0.0017,0.0216,0.087,0.0032,0.087,wind
NY,Columbia,COLUMBIA,0.0002,0.0254,0.1761,0.0032,0.1761,wind
NY,Cortland,CORTLAND,0.0003,0.027,0.1267,0.0052,0.1267,wind
NY,Delaware,DELAWARE,0.0003,0.0387,0.1353,0.0059,0.1353,wind
NY,Dutchess,DUTCHESS,0.0003,0.0225,0.2195,0.0049,0.2195,wind
NY,Erie,ERIE,0.0004,0.0774,0.1923,0.0017,0.1923,wind
NY,Essex,ESSEX,0.0011,0.0226,0.1252,0.0024,0.1252,wind
NY,Franklin,FRANKLIN,0.0013,0.0174,0.102,0.0027,0.102,wind
NY,Fulton,FULTON,0.0009,0.0207,0.1044,0.0034,0.1044,wind
NY,Genesee,GENESEE,0.0009,0.023,0.0842,0.0006,0.0842,wind
NY,Greene,GREENE,0.0012,0.0145,0.1177,0.0057,0.1177,wind
NY,Hamilton,HAMILTON,0.0014,0.0024,0.0551,0.0052,0.0551,wind
NY,Herkimer,HERKIMER,0.0006,0.0281,0.1743,0.0037,0.1743,wind
NY,Jefferson,JEFFERSON,0.0027,0.0391,0.1621,0.0025,0.1621,wind
NY,Kings,KINGS,0.0002,0.0008,0.0678,0.0003,0.0678,wind
NY,Lewis,LEWIS,0.0007,0.0243,0.1553,0.0038,0.1553,wind
NY,Livingston,LIVINGSTON,0.0004,0.0332,0.1319,0.0009,0.1319,wind
NY,Madison,MADISON,0.0004,0.029,0.1211,0.0061,0.1211,wind
NY,Monroe,MONROE,0.0009,0.0501,0.1404,0.0011,0.1404,wind
NY,Montgomery,MONTGOMERY,0.0006,0.03,0.1092,0.0045,0.1092,wind
NY,Nassau,NASSAU,0.0003,0.0077,0.1648,0.0002,0.1648,wind
NY,New York,NEW YORK,0.0001,0.0013,0.0408,0.0001,0.0408,wind
NY,Niagara,NIAGARA,0.0008,0.0333,0.1284,0.0004,0.1284,wind
NY,Oneida,ONEIDA,0.0015,0.0481,0.2013,0.0047,0.2013,wind
NY,Onondaga,ONONDAGA,0.0006,0.0481,0.1543,0.0041,0.1543,wind
NY,Ontario,ONTARIO,0.0003,0.0334,0.1544,0.0008,0.1544,wind
NY,Orange,ORANGE,0.0004,0.0154,0.181,0.0009,0.181,wind
NY,Orleans,ORLEANS,0.0012,0.0173,0.0778,0.0005,0.0778,wind
NY,Oswego,OSWEGO,0.0001,0.0363,0.1954,0.0033,0.1954,wind
NY,Otsego,OTSEGO,0.0003,0.0355,0.1548,0.0043,0.1548,wind
NY,Putnam,PUTNAM,0.0001,0.0046,0.1022,0.0002,0.1022,wind
NY,Queens,QUEENS,0.0004,0.003,0.0954,0.0001,0.0954,wind
NY,Rensselaer,RENSSELAER,0.0002,0.0309,0.174,0.0037,0.174,wind
NY,Richmond,RICHMOND,0.0004,0.0035,0.0546,0.0006,0.0546,wind
NY,Rockland,ROCKLAND,0.0008,0.0041,0.1093,0.0004,0.1093,wind
NY,Saratoga,SARATOGA,0.0005,0.025,0.1981,0.0037,0.1981,wind
NY,Schenectady,SCHENECTADY,0.0003,0.0259,0.1158,0.0038,0.1158,wind
NY,Schoharie,SCHOHARIE,0.0006,0.0171,0.1215,0.0051,0.1215,wind
NY,Schuyler,SCHUYLER,0.0008,0.0214,0.0931,0.0033,0.0931,wind
NY,Seneca,SENECA,0.0024,0.0192,0.0649,0.0025,0.0649,wind
NY,St. Lawrence,ST. LAWRENCE,0.002,0.0228,0.1321,0.0019,0.1321,wind
NY,Steuben,STEUBEN,0.0004,0.0423,0.1682,0.0029,0.1682,wind
NY,Suffolk,SUFFOLK,0.0009,0.0099,0.1474,0.0003,0.1474,wind
NY,Sullivan,SULLIVAN,0.0009,0.0431,0.1524,0.0035,0.1524,wind
NY,Tioga,TIOGA,0.0002,0.0412,0.1437,0.0059,0.1437,wind
NY,Tompkins,TOMPKINS,0.0003,0.0302,0.1277,0.0052,0.1277,wind
NY,Ulster,ULSTER,0.0009,0.0214,0.1872,0.0075,0.1872,wind
NY,Warren,WARREN,0.0015,0.0202,0.129,0.0047,0.129,wind
NY,Washington,WASHINGTON,0.0011,0.0298,0.1687,0.0034,0.1687,wind
NY,Wayne,WAYNE,0.0005,0.0317,0.1503,0.0012,0.1503,wind
NY,Westchester,WESTCHESTER,0.0002,0.0103,0.2034,0.0001,0.2034,wind
NY,Wyoming,WYOMING,0.0002,0.0305,0.0972,0.0006,0.0972,wind
NY,Yates,YATES,0.0003,0.0233,0.069,0.0023,0.069,wind
OH,Adams,ADAMS,0.0005,0.0101,0.0993,0.0,0.0993,wind
OH,Allen,ALLEN,0.0001,0.0042,0.0891,0.0,0.0891,wind
OH,Ashland,ASHLAND,0.0001,0.0164,0.129,0.0004,0.129,wind
OH,Ashtabula,ASHTABULA,0.0004,0.0399,0.1318,0.0015,0.1318,wind
OH,Athens,ATHENS,0.0009,0.019,0.0728,0.001,0.0728,wind
OH,Auglaize,AUGLAIZE,0.0001,0.0027,0.1021,0.0,0.1021,wind
OH,Belmont,BELMONT,0.0005,0.0237,0.099,0.0004,0.099,wind
OH,Brown,BROWN,0.0002,0.0073,0.124,0.0,0.124,wind
OH,Butler,BUTLER,0.0003,0.0045,0.117,0.0,0.117,wind
OH,Carroll,CARROLL,0.0003,0.0209,0.1282,0.0002,0.1282,wind
OH,Champaign,CHAMPAIGN,0.0001,0.0028,0.1009,0.0,0.1009,wind
OH,Clark,CLARK,0.0002,0.0062,0.1509,0.0,0.1509,wind
OH,Clermont,CLERMONT,0.0004,0.0107,0.1593,0.0,0.1593,wind
OH,Clinton,CLINTON,0.0001,0.0027,0.1121,0.0,0.1121,wind
OH,Columbiana,COLUMBIANA,0.0003,0.0267,0.1515,0.0003,0.1515,wind
OH,Coshocton,COSHOCTON,0.0005,0.02,0.1205,0.0002,0.1205,wind
OH,Crawford,CRAWFORD,0.0001,0.009,0.1065,0.0002,0.1065,wind
OH,Cuyahoga,CUYAHOGA,0.0005,0.064,0.2192,0.0018,0.2192,wind
OH,Darke,DARKE,0.0001,0.0027,0.123,0.0,0.123,wind
OH,Defiance,DEFIANCE,0.0001,0.0051,0.0989,0.0,0.0989,wind
OH,Delaware,DELAWARE,0.0001,0.005,0.1168,0.0,0.1168,wind
OH,Erie,ERIE,0.0002,0.0201,0.119,0.0002,0.119,wind
OH,Fairfield,FAIRFIELD,0.0002,0.0081,0.1318,0.0,0.1318,wind
OH,Fayette,FAYETTE,0.0001,0.0013,0.0888,0.0,0.0888,wind
OH,Franklin,FRANKLIN,0.0002,0.0112,0.1927,0.0,0.1927,wind
OH,Fulton,FULTON,0.0001,0.0023,0.0924,0.0,0.0924,wind
OH,Gallia,GALLIA,0.0009,0.0124,0.062,0.002,0.062,wind
OH,Geauga,GEAUGA,0.0001,0.0271,0.1467,0.0009,0.1467,wind
OH,Greene,GREENE,0.0001,0.0026,0.1459,0.0,0.1459,wind
OH,Guernsey,GUERNSEY,0.0005,0.0183,0.099,0.0001,0.099,wind
OH,Hamilton,HAMILTON,0.0004,0.0252,0.1834,0.0,0.1834,wind
OH,Hancock,HANCOCK,0.0001,0.0085,0.1267,0.0,0.1267,wind
OH,Hardin,HARDIN,0.0001,0.005,0.0684,0.0,0.0684,wind
OH,Harrison,HARRISON,0.0004,0.0146,0.1104,0.0,0.1104,wind
OH,Henry,HENRY,0.0001,0.0038,0.105,0.0,0.105,wind
OH,Highland,HIGHLAND,0.0001,0.0057,0.1194,0.0,0.1194,wind
OH,Hocking,HOCKING,0.0011,0.0146,0.0858,0.0,0.0858,wind
OH,Holmes,HOLMES,0.0004,0.0171,0.1131,0.0001,0.1131,wind
OH,Huron,HURON,0.0001,0.0129,0.1187,0.0001,0.1187,wind
OH,Jackson,JACKSON,0.0009,0.0136,0.0454,0.0012,0.0454,wind
OH,Jefferson,JEFFERSON,0.0004,0.026,0.1287,0.0001,0.1287,wind
OH,Knox,KNOX,0.0001,0.0098,0.1275,0.0001,0.1275,wind
OH,Lake,LAKE,0.0003,0.0288,0.1146,0.0014,0.1146,wind
OH,Lawrence,LAWRENCE,0.0018,0.0234,0.0658,0.0006,0.0658,wind
OH,Licking,LICKING,0.0001,0.0091,0.1412,0.0,0.1412,wind
OH,Logan,LOGAN,0.0001,0.004,0.1175,0.0,0.1175,wind
OH,Lorain,LORAIN,0.0003,0.03,0.1767,0.0008,0.1767,wind
OH,Lucas,LUCAS,0.0004,0.0164,0.1441,0.0001,0.1441,wind
OH,Madison,MADISON,0.0002,0.0017,0.0992,0.0,0.0992,wind
OH,Mahoning,MAHONING,0.0003,0.0243,0.1312,0.0002,0.1312,wind
OH,Marion,MARION,0.0001,0.0092,0.1272,0.0,0.1272,wind
OH,Medina,MEDINA,0.0002,0.0248,0.162,0.0004,0.162,wind
OH,Meigs,MEIGS,0.0007,0.016,0.0457,0.0011,0.0457,wind
OH,Mercer,MERCER,0.0001,0.0021,0.132,0.0,0.132,wind
OH,Miami,MIAMI,0.0001,0.0026,0.1236,0.0,0.1236,wind
OH,Monroe,MONROE,0.0003,0.0127,0.0491,0.0,0.0491,wind
OH,Montgomery,MONTGOMERY,0.0002,0.0056,0.1486,0.0,0.1486,wind
OH,Morgan,MORGAN,0.0005,0.0148,0.0612,0.0019,0.0612,wind
OH,Morrow,MORROW,0.0001,0.0068,0.0986,0.0001,0.0986,wind
OH,Muskingum,MUSKINGUM,0.0014,0.0173,0.101,0.0001,0.101,wind
OH,Noble,NOBLE,0.0008,0.0115,0.0588,0.0001,0.0588,wind
OH,Ottawa,OTTAWA,0.0001,0.0115,0.1263,0.0001,0.1263,wind
OH,Paulding,PAULDING,0.0001,0.0031,0.0816,0.0,0.0816,wind
OH,Perry,PERRY,0.0004,0.0183,0.0813,0.0007,0.0813,wind
OH,Pickaway,PICKAWAY,0.0001,0.0019,0.0991,0.0,0.0991,wind
OH,Pike,PIKE,0.0007,0.0081,0.0604,0.0,0.0604,wind
OH,Portage,PORTAGE,0.0003,0.0264,0.1529,0.0004,0.1529,wind
OH,Preble,PREBLE,0.0001,0.0013,0.0795,0.0,0.0795,wind
OH,Putnam,PUTNAM,0.0001,0.0034,0.0681,0.0,0.0681,wind
OH,Richland,RICHLAND,0.0004,0.0212,0.1338,0.0004,0.1338,wind
OH,Ross,ROSS,0.0003,0.0102,0.1098,0.0,0.1098,wind
OH,Sandusky,SANDUSKY,0.0001,0.0089,0.0925,0.0002,0.0925,wind
OH,Scioto,SCIOTO,0.0007,0.013,0.1145,0.0,0.1145,wind
OH,Seneca,SENECA,0.0001,0.0086,0.1305,0.0,0.1305,wind
OH,Shelby,SHELBY,0.0001,0.0026,0.1201,0.0,0.1201,wind
OH,Stark,STARK,0.0006,0.0319,0.1413,0.0009,0.1413,wind
OH,Summit,SUMMIT,0.0004,0.0324,0.1651,0.0006,0.1651,wind
OH,Trumbull,TRUMBULL,0.0002,0.0318,0.1613,0.001,0.1613,wind
OH,Tuscarawas,TUSCARAWAS,0.0005,0.0262,0.1493,0.0003,0.1493,wind
OH,Union,UNION,0.0001,0.0028,0.0872,0.0,0.0872,wind
OH,Van Wert,VAN WERT,0.0001,0.0039,0.1146,0.0,0.1146,wind
OH,Vinton,VINTON,0.0007,0.011,0.0523,0.0005,0.0523,wind
OH,Warren,WARREN,0.0004,0.0057,0.1557,0.0,0.1557,wind
OH,Washington,WASHINGTON,0.0022,0.0217,0.0791,0.0008,0.0791,wind
OH,Wayne,WAYNE,0.0001,0.0133,0.1373,0.0003,0.1373,wind
OH,Williams,WILLIAMS,0.0001,0.0028,0.0833,0.0,0.0833,wind
OH,Wood,WOOD,0.0001,0.0126,0.1161,0.0002,0.1161,wind
OH,Wyandot,WYANDOT,0.0001,0.0066,0.0893,0.0,0.0893,wind
OK,Adair,ADAIR,0.0173,0.0043,0.0771,0.0,0.0771,wind
OK,Alfalfa,ALFALFA,0.0077,0.0025,0.1331,0.0,0.1331,wind
OK,Atoka,ATOKA,0.051,0.0016,0.0522,0.0,0.0522,wind
OK,Beaver,BEAVER,0.0119,0.0016,0.1951,0.0001,0.1951,wind
OK,Beckham,BECKHAM,0.0351,0.0038,0.0868,0.0,0.0868,wind
OK,Blaine,BLAINE,0.0249,0.0046,0.0888,0.0,0.0888,wind
OK,Bryan,BRYAN,0.0163,0.0033,0.075,0.0,0.075,wind
OK,Caddo,CADDO,0.0685,0.0081,0.1685,0.0,0.1685,wind
OK,Canadian,CANADIAN,0.0165,0.0176,0.1469,0.0,0.1469,wind
OK,Carter,CARTER,0.016,0.0022,0.0773,0.0,0.0773,wind
OK,Cherokee,CHEROKEE,0.0188,0.0055,0.1343,0.0,0.1343,wind
OK,Choctaw,CHOCTAW,0.0168,0.0027,0.0508,0.0,0.0508,wind
OK,Cimarron,CIMARRON,0.0154,0.0039,0.1609,0.0011,0.1609,wind
OK,Cleveland,CLEVELAND,0.0091,0.0141,0.1476,0.0,0.1476,wind
OK,Coal,COAL,0.0141,0.0018,0.0342,0.0,0.0342,wind
OK,Comanche,COMANCHE,0.0776,0.0075,0.1708,0.0001,0.1708,wind
OK,Cotton,COTTON,0.0231,0.0036,0.0511,0.0001,0.0511,wind
OK,Craig,CRAIG,0.0017,0.0014,0.0902,0.0,0.0902,wind
OK,Creek,CREEK,0.0297,0.0049,0.1102,0.0,0.1102,wind
OK,Custer,CUSTER,0.0352,0.0062,0.1342,0.0,0.1342,wind
OK,Delaware,DELAWARE,0.0104,0.0034,0.102,0.0,0.102,wind
OK,Dewey,DEWEY,0.0113,0.0017,0.1086,0.0,0.1086,wind
OK,Ellis,ELLIS,0.0119,0.0012,0.1062,0.0,0.1062,wind
OK,Garfield,GARFIELD,0.0032,0.0025,0.1517,0.0001,0.1517,wind
OK,Garvin,GARVIN,0.015,0.0042,0.06,0.0,0.06,wind
OK,Grady,GRADY,0.0222,0.0074,0.1401,0.0,0.1401,wind
OK,Grant,GRANT,0.0026,0.002,0.0955,0.0,0.0955,wind
OK,Greer,GREER,0.0218,0.002,0.0659,0.0,0.0659,wind
OK,Harmon,HARMON,0.0133,0.001,0.0918,0.0,0.0918,wind
OK,Harper,HARPER,0.0141,0.0022,0.099,0.0,0.099,wind
OK,Haskell,HASKELL,0.0137,0.0045,0.0718,0.0,0.0718,wind
OK,Hughes,HUGHES,0.0175,0.003,0.0466,0.0,0.0466,wind
OK,Jackson,JACKSON,0.0113,0.0029,0.1116,0.0001,0.1116,wind
OK,Jefferson,JEFFERSON,0.0132,0.0028,0.0518,0.0,0.0518,wind
OK,Johnston,JOHNSTON,0.0316,0.0022,0.0608,0.0,0.0608,wind
OK,Kay,KAY,0.0065,0.0076,0.1713,0.0,0.1713,wind
OK,Kingfisher,KINGFISHER,0.0061,0.0049,0.1276,0.0,0.1276,wind
OK,Kiowa,KIOWA,0.0191,0.0032,0.0926,0.0,0.0926,wind
OK,Latimer,LATIMER,0.0341,0.0018,0.0591,0.0,0.0591,wind
OK,Le Flore,LE FLORE,0.0449,0.0055,0.1434,0.0,0.1434,wind
OK,Lincoln,LINCOLN,0.0117,0.0043,0.0863,0.0,0.0863,wind
OK,Logan,LOGAN,0.0124,0.0057,0.1216,0.0,0.1216,wind
OK,Love,LOVE,0.0141,0.0017,0.061,0.0,0.061,wind
OK,Major,MAJOR,0.0119,0.002,0.0897,0.0,0.0897,wind
OK,Marshall,MARSHALL,0.0182,0.002,0.0446,0.0,0.0446,wind
OK,Mayes,MAYES,0.0122,0.0081,0.1322,0.0,0.1322,wind
OK,Mcclain,MCCLAIN,0.011,0.0066,0.0783,0.0,0.0783,wind
OK,Mccurtain,MCCURTAIN,0.0636,0.0028,0.0792,0.0001,0.0792,wind
OK,Mcintosh,MCINTOSH,0.0218,0.0046,0.0895,0.0,0.0895,wind
OK,Murray,MURRAY,0.0212,0.0041,0.0524,0.0,0.0524,wind
OK,Muskogee,MUSKOGEE,0.0082,0.0089,0.118,0.0,0.118,wind
OK,Noble,NOBLE,0.0139,0.0036,0.0827,0.0,0.0827,wind
OK,Nowata,NOWATA,0.0041,0.0046,0.0708,0.0,0.0708,wind
OK,Okfuskee,OKFUSKEE,0.019,0.0027,0.0769,0.0,0.0769,wind
OK,Oklahoma,OKLAHOMA,0.0073,0.0292,0.2119,0.0,0.2119,wind
OK,Okmulgee,OKMULGEE,0.0159,0.0081,0.0919,0.0,0.0919,wind
OK,Osage,OSAGE,0.0722,0.003,0.1897,0.0,0.1897,wind
OK,Ottawa,OTTAWA,0.0155,0.0072,0.0856,0.0,0.0856,wind
OK,Pawnee,PAWNEE,0.0123,0.0054,0.0817,0.0001,0.0817,wind
OK,Payne,PAYNE,0.0134,0.0083,0.113,0.0,0.113,wind
OK,Pittsburg,PITTSBURG,0.0369,0.0052,0.0887,0.0,0.0887,wind
OK,Pontotoc,PONTOTOC,0.0141,0.0031,0.0603,0.0,0.0603,wind
OK,Pottawatomie,POTTAWATOMIE,0.0175,0.0058,0.0926,0.0,0.0926,wind
OK,Pushmataha,PUSHMATAHA,0.0655,0.0014,0.0653,0.0001,0.0655,fire
OK,Roger Mills,ROGER MILLS,0.0263,0.0016,0.0889,0.0,0.0889,wind
OK,Rogers,ROGERS,0.0085,0.0072,0.1512,0.0,0.1512,wind
OK,Seminole,SEMINOLE,0.0307,0.003,0.041,0.0,0.041,wind
OK,Sequoyah,SEQUOYAH,0.015,0.0068,0.1226,0.0,0.1226,wind
OK,Stephens,STEPHENS,0.0203,0.005,0.0893,0.0,0.0893,wind
OK,Texas,TEXAS,0.0188,0.0023,0.238,0.0002,0.238,wind
OK,Tillman,TILLMAN,0.0067,0.0021,0.1093,0.0,0.1093,wind
OK,Tulsa,TULSA,0.0069,0.0207,0.2139,0.0,0.2139,wind
OK,Wagoner,WAGONER,0.0051,0.0087,0.108,0.0,0.108,wind
OK,Washington,WASHINGTON,0.0068,0.007,0.1164,0.0,0.1164,wind
OK,Washita,WASHITA,0.0095,0.0034,0.1291,0.0,0.1291,wind
OK,Woods,WOODS,0.0098,0.0026,0.1508,0.0,0.1508,wind
OK,Woodward,WOODWARD,0.0286,0.0031,0.1703,0.0,0.1703,wind
OR,Baker,BAKER,0.1928,0.0011,0.0168,0.0035,0.1928,fire
OR,Benton,BENTON,0.0229,0.0,0.0015,0.0,0.0229,fire
OR,Clackamas,CLACKAMAS,0.0599,0.0001,0.0136,0.0001,0.0599,fire
OR,Clatsop,CLATSOP,0.0062,0.0001,0.0009,0.0001,0.0062,fire
OR,Columbia,COLUMBIA,0.0567,0.0001,0.0101,0.0025,0.0567,fire
OR,Coos,COOS,0.0587,0.0001,0.0016,0.0003,0.0587,fire
OR,Crook,CROOK,0.1621,0.0024,0.0153,0.0,0.1621,fire
OR,Curry,CURRY,0.1663,0.0,0.0125,0.0171,0.1663,fire
OR,Deschutes,DESCHUTES,0.167,0.0007,0.0389,0.0003,0.167,fire
OR,Douglas,DOUGLAS,0.2019,0.0001,0.0094,0.0104,0.2019,fire
OR,Gilliam,GILLIAM,0.1128,0.0001,0.0138,0.0015,0.1128,fire
OR,Grant,GRANT,0.2127,0.0005,0.0246,0.0002,0.2127,fire
OR,Harney,HARNEY,0.2128,0.0008,0.034,0.0048,0.2128,fire
OR,Hood River,HOOD RIVER,0.0466,0.0,0.0044,0.0008,0.0466,fire
OR,Jackson,JACKSON,0.1935,0.0003,0.0254,0.0193,0.1935,fire
OR,Jefferson,JEFFERSON,0.1902,0.0001,0.0263,0.0002,0.1902,fire
OR,Josephine,JOSEPHINE,0.1686,0.0001,0.01,0.0166,0.1686,fire
OR,Klamath,KLAMATH,0.2277,0.0002,0.0223,0.0992,0.2277,fire
OR,Lake,LAKE,0.2207,0.0003,0.0271,0.0986,0.2207,fire
OR,Lane,LANE,0.1674,0.0002,0.0083,0.0019,0.1674,fire
OR,Lincoln,LINCOLN,0.0144,0.0001,0.0035,0.0,0.0144,fire
OR,Linn,LINN,0.0737,0.0001,0.0112,0.0001,0.0737,fire
OR,Malheur,MALHEUR,0.2373,0.0007,0.043,0.0006,0.2373,fire
OR,Marion,MARION,0.0504,0.0001,0.0053,0.0001,0.0504,fire
OR,Morrow,MORROW,0.1266,0.0005,0.0146,0.0,0.1266,fire
OR,Multnomah,MULTNOMAH,0.0231,0.0003,0.0064,0.0,0.0231,fire
OR,Polk,POLK,0.0151,0.0,0.0025,0.0001,0.0151,fire
OR,Sherman,SHERMAN,0.0884,0.0001,0.0136,0.0,0.0884,fire
OR,Tillamook,TILLAMOOK,0.017,0.0001,0.0017,0.0,0.017,fire
OR,Umatilla,UMATILLA,0.2132,0.0008,0.06,0.0001,0.2132,fire
OR,Union,UNION,0.1393,0.0012,0.021,0.0001,0.1393,fire
OR,Wallowa,WALLOWA,0.1982,0.0018,0.0246,0.0007,0.1982,fire
OR,Wasco,WASCO,0.1724,0.0001,0.027,0.0,0.1724,fire
OR,Washington,WASHINGTON,0.0285,0.0,0.0041,0.0,0.0285,fire
OR,Wheeler,WHEELER,0.1605,0.0002,0.0181,0.0008,0.1605,fire
OR,Yamhill,YAMHILL,0.0156,0.0,0.0018,0.0,0.0156,fire
PA,Adams,ADAMS,0.0003,0.0054,0.2025,0.0001,0.2025,wind
PA,Allegheny,ALLEGHENY,0.0006,0.1204,0.2601,0.0007,0.2601,wind
PA,Armstrong,ARMSTRONG,0.0005,0.0341,0.1559,0.0,0.1559,wind
PA,Beaver,BEAVER,0.0003,0.0495,0.1761,0.0004,0.1761,wind
PA,Bedford,BEDFORD,0.0007,0.0033,0.0935,0.0005,0.0935,wind
PA,Berks,BERKS,0.0057,0.0186,0.3031,0.0066,0.3031,wind
PA,Blair,BLAIR,0.001,0.0096,0.139,0.0001,0.139,wind
PA,Bradford,BRADFORD,0.0002,0.0563,0.1614,0.0017,0.1614,wind
PA,Bucks,BUCKS,0.0013,0.025,0.219,0.0099,0.219,wind
PA,Butler,BUTLER,0.0002,0.028,0.1883,0.0002,0.1883,wind
PA,Cambria,CAMBRIA,0.0006,0.0146,0.1502,0.0002,0.1502,wind
PA,Cameron,CAMERON,0.0005,0.0057,0.0489,0.0,0.0489,wind
PA,Carbon,CARBON,0.0017,0.0099,0.1317,0.0072,0.1317,wind
PA,Centre,CENTRE,0.0016,0.0061,0.1676,0.0001,0.1676,wind
PA,Chester,CHESTER,0.0017,0.0165,0.3015,0.0064,0.3015,wind
PA,Clarion,CLARION,0.0006,0.0311,0.1416,0.0003,0.1416,wind
PA,Clearfield,CLEARFIELD,0.0006,0.0127,0.1742,0.0,0.1742,wind
PA,Clinton,CLINTON,0.0009,0.0085,0.144,0.0,0.144,wind
PA,Columbia,COLUMBIA,0.0002,0.0097,0.1188,0.0,0.1188,wind
PA,Crawford,CRAWFORD,0.0003,0.0353,0.2029,0.0007,0.2029,wind
PA,Cumberland,CUMBERLAND,0.0003,0.0051,0.1871,0.0001,0.1871,wind
PA,Dauphin,DAUPHIN,0.0003,0.0088,0.2158,0.0001,0.2158,wind
PA,Delaware,DELAWARE,0.0014,0.0157,0.1687,0.0067,0.1687,wind
PA,Elk,ELK,0.001,0.0056,0.0993,0.0,0.0993,wind
PA,Erie,ERIE,0.001,0.0472,0.1734,0.0009,0.1734,wind
PA,Fayette,FAYETTE,0.0005,0.0486,0.201,0.0014,0.201,wind
PA,Forest,FOREST,0.0008,0.0103,0.081,0.0001,0.081,wind
PA,Franklin,FRANKLIN,0.0005,0.0042,0.186,0.0001,0.186,wind
PA,Fulton,FULTON,0.0002,0.0027,0.0496,0.0001,0.0496,wind
PA,Greene,GREENE,0.0005,0.0178,0.1156,0.0002,0.1156,wind
PA,Huntingdon,HUNTINGDON,0.0004,0.0044,0.1245,0.0,0.1245,wind
PA,Indiana,INDIANA,0.0003,0.0344,0.1685,0.0002,0.1685,wind
PA,Jefferson,JEFFERSON,0.0004,0.0189,0.1653,0.0,0.1653,wind
PA,Juniata,JUNIATA,0.0003,0.004,0.1002,0.0001,0.1002,wind
PA,Lackawanna,LACKAWANNA,0.0018,0.035,0.1249,0.0033,0.1249,wind
PA,Lancaster,LANCASTER,0.0002,0.0117,0.283,0.0002,0.283,wind
PA,Lawrence,LAWRENCE,0.0002,0.0335,0.1577,0.0003,0.1577,wind
PA,Lebanon,LEBANON,0.0001,0.0065,0.1894,0.0001,0.1894,wind
PA,Lehigh,LEHIGH,0.0029,0.0239,0.2226,0.007,0.2226,wind
PA,Luzerne,LUZERNE,0.0012,0.0458,0.1483,0.0014,0.1483,wind
PA,Lycoming,LYCOMING,0.0001,0.0123,0.1859,0.0002,0.1859,wind
PA,Mckean,MCKEAN,0.0006,0.0108,0.1265,0.0001,0.1265,wind
PA,Mercer,MERCER,0.0002,0.03,0.1762,0.0005,0.1762,wind
PA,Mifflin,MIFFLIN,0.0004,0.0028,0.1279,0.0,0.1279,wind
PA,Monroe,MONROE,0.0011,0.0099,0.1726,0.005,0.1726,wind
PA,Montgomery,MONTGOMERY,0.0018,0.0224,0.2431,0.0075,0.2431,wind
PA,Montour,MONTOUR,0.0002,0.0126,0.0581,0.0001,0.0581,wind
PA,Northampton,NORTHAMPTON,0.0047,0.0242,0.1846,0.0077,0.1846,wind
PA,Northumberland,NORTHUMBERLAND,0.0003,0.0089,0.1253,0.0,0.1253,wind
PA,Perry,PERRY,0.0003,0.005,0.1715,0.0001,0.1715,wind
PA,Philadelphia,PHILADELPHIA,0.0013,0.0203,0.1791,0.0071,0.1791,wind
PA,Pike,PIKE,0.0009,0.0207,0.0921,0.0012,0.0921,wind
PA,Potter,POTTER,0.0005,0.0066,0.1111,0.0,0.1111,wind
PA,Schuylkill,SCHUYLKILL,0.001,0.0102,0.1422,0.0,0.1422,wind
PA,Snyder,SNYDER,0.0003,0.0026,0.0929,0.0001,0.0929,wind
PA,Somerset,SOMERSET,0.0005,0.0119,0.1385,0.0009,0.1385,wind
PA,Sullivan,SULLIVAN,0.0004,0.0074,0.0692,0.0003,0.0692,wind
PA,Susquehanna,SUSQUEHANNA,0.0003,0.034,0.1484,0.0052,0.1484,wind
PA,Tioga,TIOGA,0.0005,0.0096,0.1036,0.0004,0.1036,wind
PA,Union,UNION,0.0003,0.0072,0.0869,0.0,0.0869,wind
PA,Venango,VENANGO,0.0004,0.0302,0.1504,0.0005,0.1504,wind
PA,Warren,WARREN,0.0016,0.017,0.1354,0.0001,0.1354,wind
PA,Washington,WASHINGTON,0.0002,0.0431,0.2195,0.0003,0.2195,wind
PA,Wayne,WAYNE,0.0004,0.0299,0.1032,0.0027,0.1032,wind
PA,Westmoreland,WESTMORELAND,0.0009,0.052,0.2634,0.0019,0.2634,wind
PA,Wyoming,WYOMING,0.0002,0.0298,0.0864,0.002,0.0864,wind
PA,York,YORK,0.0003,0.0158,0.2912,0.0001,0.2912,wind
RI,Bristol,BRISTOL,0.0004,0.0032,0.0279,0.0001,0.0279,wind
RI,Kent,KENT,0.0009,0.028,0.059,0.0006,0.059,wind
RI,Newport,NEWPORT,0.0003,0.0097,0.0293,0.0001,0.0293,wind
RI,Providence,PROVIDENCE,0.0002,0.0391,0.1413,0.0003,0.1413,wind
RI,Washington,WASHINGTON,0.0002,0.0148,0.0407,0.0001,0.0407,wind
SC,Abbeville,ABBEVILLE,0.0035,0.0027,0.1493,0.0,0.1493,wind
SC,Aiken,AIKEN,0.0169,0.0087,0.2283,0.0,0.2283,wind
SC,Allendale,ALLENDALE,0.0007,0.0028,0.1362,0.0,0.1362,wind
SC,Anderson,ANDERSON,0.0013,0.0147,0.284,0.0001,0.284,wind
SC,Bamberg,BAMBERG,0.0012,0.0043,0.1164,0.0,0.1164,wind
SC,Barnwell,BARNWELL,0.0105,0.0034,0.1457,0.0,0.1457,wind
SC,Beaufort,BEAUFORT,0.001,0.0185,0.2285,0.0,0.2285,wind
SC,Berkeley,BERKELEY,0.0114,0.017,0.2269,0.0,0.2269,wind
SC,Calhoun,CALHOUN,0.0008,0.0067,0.1493,0.0,0.1493,wind
SC,Charleston,CHARLESTON,0.0104,0.0418,0.2591,0.0,0.2591,wind
SC,Cherokee,CHEROKEE,0.0008,0.0063,0.1646,0.0,0.1646,wind
SC,Chester,CHESTER,0.0033,0.0039,0.1473,0.0,0.1473,wind
SC,Chesterfield,CHESTERFIELD,0.0041,0.0042,0.1489,0.0,0.1489,wind
SC,Clarendon,CLARENDON,0.0009,0.0034,0.1403,0.0,0.1403,wind
SC,Colleton,COLLETON,0.0015,0.0038,0.3274,0.0,0.3274,wind
SC,Darlington,DARLINGTON,0.0015,0.0064,0.1079,0.0,0.1079,wind
SC,Dillon,DILLON,0.001,0.0055,0.1013,0.0,0.1013,wind
SC,Dorchester,DORCHESTER,0.0013,0.01,0.2418,0.0,0.2418,wind
SC,Edgefield,EDGEFIELD,0.0091,0.0031,0.1395,0.0,0.1395,wind
SC,Fairfield,FAIRFIELD,0.0037,0.0032,0.1896,0.0,0.1896,wind
SC,Florence,FLORENCE,0.0012,0.0087,0.1494,0.0,0.1494,wind
SC,Georgetown,GEORGETOWN,0.0015,0.009,0.0896,0.0,0.0896,wind
SC,Greenville,GREENVILLE,0.0003,0.032,0.3298,0.0002,0.3298,wind
SC,Greenwood,GREENWOOD,0.0022,0.0059,0.1451,0.0,0.1451,wind
SC,Hampton,HAMPTON,0.001,0.0035,0.1505,0.0,0.1505,wind
SC,Horry,HORRY,0.0011,0.019,0.1933,0.0,0.1933,wind
SC,Jasper,JASPER,0.0014,0.0028,0.2328,0.0,0.2328,wind
SC,Kershaw,KERSHAW,0.0013,0.0081,0.1915,0.0,0.1915,wind
SC,Lancaster,LANCASTER,0.0014,0.0208,0.1602,0.0,0.1602,wind
SC,Laurens,LAURENS,0.0018,0.0037,0.2543,0.0,0.2543,wind
SC,Lee,LEE,0.0012,0.0035,0.086,0.0,0.086,wind
SC,Lexington,LEXINGTON,0.0003,0.0143,0.3289,0.0,0.3289,wind
SC,Marion,MARION,0.0013,0.0057,0.097,0.0,0.097,wind
SC,Marlboro,MARLBORO,0.0016,0.0066,0.1061,0.0,0.1061,wind
SC,Mccormick,MCCORMICK,0.0128,0.0022,0.1019,0.0,0.1019,wind
SC,Newberry,NEWBERRY,0.0075,0.004,0.2424,0.0,0.2424,wind
SC,Oconee,OCONEE,0.0023,0.009,0.2297,0.0001,0.2297,wind
SC,Orangeburg,ORANGEBURG,0.0014,0.0074,0.2643,0.0,0.2643,wind
SC,Pickens,PICKENS,0.0004,0.0185,0.2001,0.0002,0.2001,wind
SC,Richland,RICHLAND,0.0022,0.0608,0.3271,0.0,0.3271,wind
SC,Saluda,SALUDA,0.0041,0.0037,0.1519,0.0,0.1519,wind
SC,Spartanburg,SPARTANBURG,0.0006,0.0256,0.3375,0.0001,0.3375,wind
SC,Sumter,SUMTER,0.0015,0.0054,0.1791,0.0,0.1791,wind
SC,Union,UNION,0.0045,0.0046,0.1782,0.0,0.1782,wind
SC,Williamsburg,WILLIAMSBURG,0.0008,0.0048,0.0945,0.0,0.0945,wind
SC,York,YORK,0.0007,0.0176,0.2313,0.0001,0.2313,wind
SD,Aurora,AURORA,0.0004,0.0027,0.1066,0.0001,0.1066,wind
SD,Beadle,BEADLE,0.0007,0.0103,0.1905,0.0,0.1905,wind
SD,Bennett,BENNETT,0.0211,0.0032,0.2042,0.0002,0.2042,wind
SD,Bon Homme,BON HOMME,0.0003,0.0061,0.1035,0.0,0.1035,wind
SD,Brookings,BROOKINGS,0.0004,0.0038,0.112,0.0,0.112,wind
SD,Brown,BROWN,0.0017,0.0071,0.2384,0.0001,0.2384,wind
SD,Brule,BRULE,0.0009,0.0045,0.133,0.0001,0.133,wind
SD,Buffalo,BUFFALO,0.0071,0.0036,0.1057,0.0,0.1057,wind
SD,Butte,BUTTE,0.0467,0.0045,0.2683,0.001,0.2683,wind
SD,Campbell,CAMPBELL,0.0047,0.0021,0.0936,0.0001,0.0936,wind
SD,Charles Mix,CHARLES MIX,0.0012,0.0096,0.1613,0.0,0.1613,wind
SD,Clark,CLARK,0.0003,0.0026,0.1328,0.0,0.1328,wind
SD,Clay,CLAY,0.0003,0.0038,0.06,0.0,0.06,wind
SD,Codington,CODINGTON,0.0007,0.0027,0.0925,0.0,0.0925,wind
SD,Corson,CORSON,0.0345,0.0024,0.2399,0.0005,0.2399,wind
SD,Custer,CUSTER,0.1036,0.0078,0.2718,0.0006,0.2718,wind
SD,Davison,DAVISON,0.0008,0.007,0.1542,0.0,0.1542,wind
SD,Day,DAY,0.0006,0.0027,0.1227,0.0,0.1227,wind
SD,Deuel,DEUEL,0.0006,0.0027,0.1056,0.0,0.1056,wind
SD,Dewey,DEWEY,0.041,0.0012,0.237,0.0002,0.237,wind
SD,Douglas,DOUGLAS,0.0002,0.0025,0.0877,0.0001,0.0877,wind
SD,Edmunds,EDMUNDS,0.0006,0.0019,0.1316,0.0,0.1316,wind
SD,Fall River,FALL RIVER,0.1185,0.0094,0.2399,0.0009,0.2399,wind
SD,Faulk,FAULK,0.0008,0.0019,0.0997,0.0,0.0997,wind
SD,Grant,GRANT,0.0005,0.0032,0.1051,0.0001,0.1051,wind
SD,Gregory,GREGORY,0.0048,0.0078,0.1373,0.0,0.1373,wind
SD,Haakon,HAAKON,0.0158,0.0023,0.2663,0.0002,0.2663,wind
SD,Hamlin,HAMLIN,0.0002,0.0023,0.0902,0.0,0.0902,wind
SD,Hand,HAND,0.0011,0.0033,0.1554,0.0,0.1554,wind
SD,Hanson,HANSON,0.0004,0.0064,0.1032,0.0,0.1032,wind
SD,Harding,HARDING,0.0826,0.0036,0.35,0.0013,0.35,wind
SD,Hughes,HUGHES,0.0087,0.0036,0.156,0.0,0.156,wind
SD,Hutchinson,HUTCHINSON,0.0004,0.0107,0.1233,0.0001,0.1233,wind
SD,Hyde,HYDE,0.0027,0.0022,0.1345,0.0,0.1345,wind
SD,Jackson,JACKSON,0.0486,0.005,0.311,0.0005,0.311,wind
SD,Jerauld,JERAULD,0.0008,0.004,0.0899,0.0,0.0899,wind
SD,Jones,JONES,0.0165,0.0014,0.165,0.0002,0.165,wind
SD,Kingsbury,KINGSBURY,0.0002,0.0038,0.108,0.0,0.108,wind
SD,Lake,LAKE,0.0002,0.0037,0.1031,0.0,0.1031,wind
SD,Lawrence,LAWRENCE,0.0367,0.0131,0.135,0.0002,0.135,wind
SD,Lincoln,LINCOLN,0.0003,0.0054,0.0961,0.0,0.0961,wind
SD,Lyman,LYMAN,0.017,0.0038,0.2534,0.0,0.2534,wind
SD,Marshall,MARSHALL,0.001,0.0024,0.1194,0.0003,0.1194,wind
SD,Mccook,MCCOOK,0.0002,0.0026,0.0968,0.0,0.0968,wind
SD,Mcpherson,MCPHERSON,0.0029,0.0029,0.1492,0.0001,0.1492,wind
SD,Meade,MEADE,0.0685,0.0085,0.3996,0.0009,0.3996,wind
SD,Mellette,MELLETTE,0.0344,0.0024,0.1677,0.0002,0.1677,wind
SD,Miner,MINER,0.0003,0.0038,0.0981,0.0,0.0981,wind
SD,Minnehaha,MINNEHAHA,0.0005,0.0134,0.1447,0.0,0.1447,wind
SD,Moody,MOODY,0.0004,0.0021,0.084,0.0,0.084,wind
SD,Oglala Lakota,OGLALA LAKOTA,0.0645,0.0043,0.3251,0.0004,0.3251,wind
SD,Pennington,PENNINGTON,0.0892,0.0169,0.4268,0.0011,0.4268,wind
SD,Perkins,PERKINS,0.0108,0.0073,0.2668,0.0009,0.2668,wind
SD,Potter,POTTER,0.0033,0.0015,0.1076,0.0,0.1076,wind
SD,Roberts,ROBERTS,0.0009,0.0025,0.1561,0.0008,0.1561,wind
SD,Sanborn,SANBORN,0.0011,0.0093,0.1085,0.0,0.1085,wind
SD,Spink,SPINK,0.0007,0.0027,0.132,0.0001,0.132,wind
SD,Stanley,STANLEY,0.0319,0.0022,0.2346,0.0001,0.2346,wind
SD,Sully,SULLY,0.001,0.0012,0.1225,0.0001,0.1225,wind
SD,Todd,TODD,0.0203,0.0047,0.2644,0.0002,0.2644,wind
SD,Tripp,TRIPP,0.007,0.0047,0.264,0.0002,0.264,wind
SD,Turner,TURNER,0.0003,0.0033,0.0882,0.0,0.0882,wind
SD,Union,UNION,0.0003,0.0063,0.0965,0.0,0.0965,wind
SD,Walworth,WALWORTH,0.002,0.0021,0.1368,0.0,0.1368,wind
SD,Yankton,YANKTON,0.0009,0.01,0.1014,0.0,0.1014,wind
SD,Ziebach,ZIEBACH,0.0306,0.0017,0.2716,0.0006,0.2716,wind
TN,Anderson,ANDERSON,0.0007,0.0057,0.1361,0.0001,0.1361,wind
TN,Bedford,BEDFORD,0.0004,0.0029,0.0837,0.0,0.0837,wind
TN,Benton,BENTON,0.0019,0.0041,0.0839,0.0,0.0839,wind
TN,Bledsoe,BLEDSOE,0.0003,0.0042,0.078,0.0001,0.078,wind
TN,Blount,BLOUNT,0.0026,0.0055,0.1515,0.0003,0.1515,wind
TN,Bradley,BRADLEY,0.0005,0.0045,0.1248,0.0006,0.1248,wind
TN,Campbell,CAMPBELL,0.0008,0.0084,0.1083,0.0005,0.1083,wind
TN,Cannon,CANNON,0.0005,0.003,0.0616,0.0,0.0616,wind
TN,Carroll,CARROLL,0.0013,0.0051,0.0499,0.0001,0.0499,wind
TN,Carter,CARTER,0.0008,0.0136,0.0656,0.0001,0.0656,wind
TN,Cheatham,CHEATHAM,0.0002,0.0059,0.0727,0.0,0.0727,wind
TN,Chester,CHESTER,0.0017,0.0048,0.0329,0.0001,0.0329,wind
TN,Claiborne,CLAIBORNE,0.0004,0.0049,0.1049,0.0006,0.1049,wind
TN,Clay,CLAY,0.0003,0.0047,0.0469,0.0,0.0469,wind
TN,Cocke,COCKE,0.0013,0.0054,0.0897,0.0002,0.0897,wind
TN,Coffee,COFFEE,0.0006,0.0058,0.1078,0.0,0.1078,wind
TN,Crockett,CROCKETT,0.0002,0.003,0.0427,0.0,0.0427,wind
TN,Cumberland,CUMBERLAND,0.0011,0.0051,0.0744,0.0004,0.0744,wind
TN,Davidson,DAVIDSON,0.0008,0.0283,0.2672,0.0,0.2672,wind
TN,Decatur,DECATUR,0.0017,0.0049,0.0362,0.0,0.0362,wind
TN,Dekalb,DEKALB,0.0005,0.0042,0.0734,0.0,0.0734,wind
TN,Dickson,DICKSON,0.0004,0.0065,0.1061,0.0,0.1061,wind
TN,Dyer,DYER,0.0004,0.0032,0.0504,0.0,0.0504,wind
TN,Fayette,FAYETTE,0.001,0.0046,0.0369,0.0,0.0369,wind
TN,Fentress,FENTRESS,0.0007,0.0048,0.071,0.0001,0.071,wind
TN,Franklin,FRANKLIN,0.0007,0.0032,0.0826,0.0004,0.0826,wind
TN,Gibson,GIBSON,0.0003,0.0047,0.0518,0.0001,0.0518,wind
TN,Giles,GILES,0.0005,0.0049,0.0723,0.0,0.0723,wind
TN,Grainger,GRAINGER,0.0003,0.0058,0.107,0.0007,0.107,wind
TN,Greene,GREENE,0.0021,0.0074,0.1366,0.0004,0.1366,wind
TN,Grundy,GRUNDY,0.001,0.0038,0.0546,0.0,0.0546,wind
TN,Hamblen,HAMBLEN,0.0006,0.009,0.0846,0.0005,0.0846,wind
TN,Hamilton,HAMILTON,0.0007,0.0096,0.1983,0.0001,0.1983,wind
TN,Hancock,HANCOCK,0.0003,0.0047,0.0712,0.0003,0.0712,wind
TN,Hardeman,HARDEMAN,0.0018,0.0037,0.0461,0.0001,0.0461,wind
TN,Hardin,HARDIN,0.0021,0.0077,0.0495,0.0,0.0495,wind
TN,Hawkins,HAWKINS,0.0004,0.0048,0.102,0.0,0.102,wind
TN,Haywood,HAYWOOD,0.0006,0.0017,0.0175,0.0001,0.0175,wind
TN,Henderson,HENDERSON,0.0017,0.0053,0.0456,0.0,0.0456,wind
TN,Henry,HENRY,0.0009,0.0051,0.0474,0.0,0.0474,wind
TN,Hickman,HICKMAN,0.0015,0.0066,0.0853,0.0,0.0853,wind
TN,Houston,HOUSTON,0.001,0.0047,0.0556,0.0,0.0556,wind
TN,Humphreys,HUMPHREYS,0.0012,0.0052,0.0757,0.0,0.0757,wind
TN,Jackson,JACKSON,0.0004,0.005,0.0678,0.0,0.0678,wind
TN,Jefferson,JEFFERSON,0.0002,0.0048,0.1096,0.0004,0.1096,wind
TN,Johnson,JOHNSON,0.0002,0.0103,0.0527,0.0005,0.0527,wind
TN,Knox,KNOX,0.0007,0.009,0.2293,0.0004,0.2293,wind
TN,Lake,LAKE,0.0002,0.0027,0.0257,0.0,0.0257,wind
TN,Lauderdale,LAUDERDALE,0.0009,0.0051,0.0539,0.0,0.0539,wind
TN,Lawrence,LAWRENCE,0.0011,0.0055,0.0948,0.0,0.0948,wind
TN,Lewis,LEWIS,0.001,0.005,0.0531,0.0,0.0531,wind
TN,Lincoln,LINCOLN,0.0005,0.0023,0.0877,0.0003,0.0877,wind
TN,Loudon,LOUDON,0.0007,0.0038,0.1141,0.0005,0.1141,wind
TN,Macon,MACON,0.0003,0.0068,0.0584,0.0,0.0584,wind
TN,Madison,MADISON,0.002,0.0112,0.048,0.0001,0.048,wind
TN,Marion,MARION,0.0015,0.0037,0.0972,0.0001,0.0972,wind
TN,Marshall,MARSHALL,0.0006,0.0048,0.0446,0.0,0.0446,wind
TN,Maury,MAURY,0.0004,0.0072,0.1236,0.0,0.1236,wind
TN,Mcminn,MCMINN,0.0004,0.003,0.1395,0.0003,0.1395,wind
TN,Mcnairy,MCNAIRY,0.0025,0.0044,0.0432,0.0001,0.0432,wind
TN,Meigs,MEIGS,0.0005,0.0029,0.0783,0.0002,0.0783,wind
TN,Monroe,MONROE,0.0027,0.0039,0.1661,0.0003,0.1661,wind
TN,Montgomery,MONTGOMERY,0.0006,0.0081,0.1248,0.0,0.1248,wind
TN,Moore,MOORE,0.0005,0.0026,0.0418,0.0004,0.0418,wind
TN,Morgan,MORGAN,0.0017,0.0033,0.0954,0.0001,0.0954,wind
TN,Obion,OBION,0.0004,0.0044,0.0423,0.0,0.0423,wind
TN,Overton,OVERTON,0.0002,0.0051,0.0652,0.0,0.0652,wind
TN,Perry,PERRY,0.002,0.0039,0.0647,0.0,0.0647,wind
TN,Pickett,PICKETT,0.0003,0.005,0.0275,0.0,0.0275,wind
TN,Polk,POLK,0.0083,0.003,0.0958,0.0001,0.0958,wind
TN,Putnam,PUTNAM,0.0007,0.0097,0.0984,0.0,0.0984,wind
TN,Rhea,RHEA,0.0009,0.0056,0.1196,0.0004,0.1196,wind
TN,Roane,ROANE,0.0006,0.0057,0.1439,0.0003,0.1439,wind
TN,Robertson,ROBERTSON,0.0004,0.0059,0.12,0.0,0.12,wind
TN,Rutherford,RUTHERFORD,0.0012,0.0044,0.1472,0.0,0.1472,wind
TN,Scott,SCOTT,0.0014,0.006,0.1054,0.0002,0.1054,wind
TN,Sequatchie,SEQUATCHIE,0.0005,0.004,0.0693,0.0,0.0693,wind
TN,Sevier,SEVIER,0.0014,0.0091,0.1348,0.0007,0.1348,wind
TN,Shelby,SHELBY,0.001,0.0253,0.1232,0.0001,0.1232,wind
TN,Smith,SMITH,0.0002,0.0066,0.0675,0.0,0.0675,wind
TN,Stewart,STEWART,0.0015,0.005,0.0579,0.0,0.0579,wind
TN,Sullivan,SULLIVAN,0.0013,0.0093,0.1186,0.0001,0.1186,wind
TN,Sumner,SUMNER,0.0004,0.0107,0.155,0.0,0.155,wind
TN,Tipton,TIPTON,0.0008,0.006,0.0525,0.0,0.0525,wind
TN,Trousdale,TROUSDALE,0.0002,0.0068,0.0366,0.0,0.0366,wind
TN,Unicoi,UNICOI,0.0013,0.0132,0.0382,0.0001,0.0382,wind
TN,Union,UNION,0.0002,0.0038,0.0955,0.0005,0.0955,wind
TN,Van Buren,VAN BUREN,0.0005,0.003,0.0187,0.0,0.0187,wind
TN,Warren,WARREN,0.0004,0.0034,0.0579,0.0,0.0579,wind
TN,Washington,WASHINGTON,0.0005,0.0085,0.1115,0.0001,0.1115,wind
TN,Wayne,WAYNE,0.0013,0.0044,0.0709,0.0,0.0709,wind
TN,Weakley,WEAKLEY,0.0007,0.0046,0.0486,0.0,0.0486,wind
TN,White,WHITE,0.0005,0.004,0.0732,0.0001,0.0732,wind
TN,Williamson,WILLIAMSON,0.0006,0.008,0.1445,0.0,0.1445,wind
TN,Wilson,WILSON,0.0008,0.0081,0.166,0.0,0.166,wind
TX,Anderson,ANDERSON,0.0715,0.0042,0.0431,0.0002,0.0715,fire
TX,Andrews,ANDREWS,0.0157,0.0099,0.0431,0.0002,0.0431,wind
TX,Angelina,ANGELINA,0.0615,0.0059,0.0732,0.0002,0.0732,wind
TX,Aransas,ARANSAS,0.0226,0.0034,0.0207,0.0002,0.0226,fire
TX,Archer,ARCHER,0.0805,0.002,0.0407,0.0003,0.0805,fire
TX,Armstrong,ARMSTRONG,0.0468,0.0019,0.1073,0.0003,0.1073,wind
TX,Atascosa,ATASCOSA,0.0277,0.0082,0.0139,0.0005,0.0277,fire
TX,Austin,AUSTIN,0.0107,0.0042,0.0295,0.0002,0.0295,wind
TX,Bailey,BAILEY,0.0162,0.0033,0.0592,0.0001,0.0592,wind
TX,Bandera,BANDERA,0.008,0.0102,0.0087,0.0004,0.0102,flood
TX,Bastrop,BASTROP,0.0835,0.0102,0.0617,0.0004,0.0835,fire
TX,Baylor,BAYLOR,0.0221,0.0027,0.0437,0.0001,0.0437,wind
TX,Bee,BEE,0.0121,0.0046,0.0285,0.0004,0.0285,wind
TX,Bell,BELL,0.0667,0.0125,0.0592,0.0006,0.0667,fire
TX,Bexar,BEXAR,0.0134,0.0238,0.074,0.0004,0.074,wind
TX,Blanco,BLANCO,0.0634,0.0067,0.0083,0.0009,0.0634,fire
TX,Borden,BORDEN,0.0121,0.0016,0.0345,0.0001,0.0345,wind
TX,Bosque,BOSQUE,0.0473,0.0037,0.0478,0.0004,0.0478,wind
TX,Bowie,BOWIE,0.0428,0.0039,0.0684,0.0,0.0684,wind
TX,Brazoria,BRAZORIA,0.0336,0.0205,0.0426,0.0001,0.0426,wind
TX,Brazos,BRAZOS,0.0192,0.0088,0.0643,0.0002,0.0643,wind
TX,Brewster,BREWSTER,0.0475,0.0092,0.0526,0.0001,0.0526,wind
TX,Briscoe,BRISCOE,0.0405,0.0017,0.07,0.0002,0.07,wind
TX,Brooks,BROOKS,0.0461,0.0019,0.0133,0.0002,0.0461,fire
TX,Brown,BROWN,0.0699,0.0069,0.0365,0.0013,0.0699,fire
TX,Burleson,BURLESON,0.0207,0.0046,0.038,0.0002,0.038,wind
TX,Burnet,BURNET,0.0825,0.0044,0.0375,0.0004,0.0825,fire
TX,Caldwell,CALDWELL,0.0532,0.0062,0.0391,0.001,0.0532,fire
TX,Calhoun,CALHOUN,0.0033,0.0042,0.0224,0.0002,0.0224,wind
TX,Callahan,CALLAHAN,0.0851,0.0043,0.0408,0.0005,0.0851,fire
TX,Cameron,CAMERON,0.0058,0.0124,0.046,0.0001,0.046,wind
TX,Camp,CAMP,0.0453,0.0025,0.0308,0.0001,0.0453,fire
TX,Carson,CARSON,0.0224,0.0028,0.105,0.0002,0.105,wind
TX,Cass,CASS,0.0585,0.0021,0.0594,0.0,0.0594,wind
TX,Castro,CASTRO,0.0049,0.0028,0.1,0.0004,0.1,wind
TX,Chambers,CHAMBERS,0.015,0.0157,0.026,0.0001,0.026,wind
TX,Cherokee,CHEROKEE,0.067,0.0019,0.0737,0.0002,0.0737,wind
TX,Childress,CHILDRESS,0.0403,0.0021,0.0974,0.0001,0.0974,wind
TX,Clay,CLAY,0.0729,0.0018,0.0551,0.0001,0.0729,fire
TX,Cochran,COCHRAN,0.012,0.0039,0.0622,0.0,0.0622,wind
TX,Coke,COKE,0.0459,0.0024,0.021,0.0012,0.0459,fire
TX,Coleman,COLEMAN,0.0593,0.0018,0.0352,0.0002,0.0593,fire
TX,Collin,COLLIN,0.0196,0.0076,0.1092,0.0002,0.1092,wind
TX,Collingsworth,COLLINGSWORTH,0.0192,0.0009,0.0615,0.0002,0.0615,wind
TX,Colorado,COLORADO,0.0168,0.004,0.0264,0.0002,0.0264,wind
TX,Comal,COMAL,0.0103,0.015,0.0339,0.0004,0.0339,wind
TX,Comanche,COMANCHE,0.0442,0.0045,0.0284,0.0003,0.0442,fire
TX,Concho,CONCHO,0.0352,0.0019,0.0117,0.0006,0.0352,fire
TX,Cooke,COOKE,0.0206,0.0042,0.0771,0.0001,0.0771,wind
TX,Coryell,CORYELL,0.0561,0.0076,0.0446,0.0008,0.0561,fire
TX,Cottle,COTTLE,0.042,0.0011,0.0743,0.0001,0.0743,wind
TX,Crane,CRANE,0.0089,0.001,0.0209,0.0002,0.0209,wind
TX,Crockett,CROCKETT,0.1069,0.002,0.0303,0.0002,0.1069,fire
TX,Crosby,CROSBY,0.0138,0.0019,0.0665,0.0003,0.0665,wind
TX,Culberson,CULBERSON,0.0103,0.0026,0.0733,0.0002,0.0733,wind
TX,Dallam,DALLAM,0.0201,0.0024,0.0781,0.0007,0.0781,wind
TX,Dallas,DALLAS,0.013,0.0253,0.1458,0.0004,0.1458,wind
TX,Dawson,DAWSON,0.0021,0.01,0.0364,0.0001,0.0364,wind
TX,Deaf Smith,DEAF SMITH,0.0179,0.004,0.1139,0.0004,0.1139,wind
TX,Delta,DELTA,0.0178,0.0018,0.0192,0.0001,0.0192,wind
TX,Denton,DENTON,0.0161,0.0164,0.1084,0.0001,0.1084,wind
TX,Dewitt,DEWITT,0.0275,0.0012,0.0004,0.0,0.0275,fire
TX,Dickens,DICKENS,0.0328,0.0011,0.0424,0.0002,0.0424,wind
TX,Dimmit,DIMMIT,0.0144,0.001,0.0081,0.0001,0.0144,fire
TX,Donley,DONLEY,0.0315,0.001,0.0876,0.0001,0.0876,wind
TX,Duval,DUVAL,0.0143,0.0019,0.015,0.0001,0.015,wind
TX,Eastland,EASTLAND,0.0808,0.0054,0.0325,0.0003,0.0808,fire
TX,Ector,ECTOR,0.0116,0.0469,0.1131,0.0002,0.1131,wind
TX,Edwards,EDWARDS,0.0398,0.0044,0.0159,0.0004,0.0398,fire
TX,El Paso,EL PASO,0.0038,0.0875,0.0998,0.0001,0.0998,wind
TX,Ellis,ELLIS,0.0477,0.0084,0.073,0.0002,0.073,wind
TX,Erath,ERATH,0.0427,0.0032,0.0336,0.0005,0.0427,fire
TX,Falls,FALLS,0.0098,0.0052,0.0389,0.0002,0.0389,wind
TX,Fannin,FANNIN,0.0492,0.004,0.047,0.0001,0.0492,fire
TX,Fayette,FAYETTE,0.0173,0.0045,0.0368,0.0006,0.0368,wind
TX,Fisher,FISHER,0.0291,0.0025,0.0381,0.0005,0.0381,wind
TX,Floyd,FLOYD,0.0049,0.0018,0.0722,0.0002,0.0722,wind
TX,Foard,FOARD,0.024,0.0009,0.0232,0.0001,0.024,fire
TX,Fort Bend,FORT BEND,0.0034,0.0122,0.0633,0.0002,0.0633,wind
TX,Franklin,FRANKLIN,0.0421,0.0024,0.0345,0.0002,0.0421,fire
TX,Freestone,FREESTONE,0.0402,0.0023,0.0221,0.0003,0.0402,fire
TX,Frio,FRIO,0.0204,0.004,0.0054,0.0001,0.0204,fire
TX,Gaines,GAINES,0.0072,0.0083,0.0461,0.0,0.0461,wind
TX,Galveston,GALVESTON,0.0045,0.0283,0.0495,0.0001,0.0495,wind
TX,Garza,GARZA,0.0295,0.0034,0.0867,0.0002,0.0867,wind
TX,Gillespie,GILLESPIE,0.057,0.0077,0.0158,0.001,0.057,fire
TX,Glasscock,GLASSCOCK,0.0098,0.0015,0.0336,0.0002,0.0336,wind
TX,Goliad,GOLIAD,0.0197,0.0031,0.0142,0.0003,0.0197,fire
TX,Gonzales,GONZALES,0.0425,0.0059,0.0338,0.0003,0.0425,fire
TX,Gray,GRAY,0.0269,0.0029,0.1591,0.0003,0.1591,wind
TX,Grayson,GRAYSON,0.0315,0.0104,0.1002,0.0001,0.1002,wind
TX,Gregg,GREGG,0.0279,0.007,0.0907,0.0004,0.0907,wind
TX,Grimes,GRIMES,0.0791,0.0059,0.0298,0.0002,0.0791,fire
TX,Guadalupe,GUADALUPE,0.0153,0.0111,0.0719,0.001,0.0719,wind
TX,Hale,HALE,0.0047,0.0047,0.1035,0.0001,0.1035,wind
TX,Hall,HALL,0.0241,0.0014,0.1158,0.0001,0.1158,wind
TX,Hamilton,HAMILTON,0.0306,0.0026,0.0364,0.0002,0.0364,wind
TX,Hansford,HANSFORD,0.0112,0.0014,0.0872,0.0004,0.0872,wind
TX,Hardeman,HARDEMAN,0.0238,0.0012,0.0565,0.0001,0.0565,wind
TX,Hardin,HARDIN,0.0327,0.0089,0.0334,0.0006,0.0334,wind
TX,Harris,HARRIS,0.0033,0.0493,0.1525,0.0002,0.1525,wind
TX,Harrison,HARRISON,0.0631,0.0037,0.1178,0.0001,0.1178,wind
TX,Hartley,HARTLEY,0.0265,0.0026,0.1093,0.0002,0.1093,wind
TX,Haskell,HASKELL,0.0262,0.003,0.0472,0.0005,0.0472,wind
TX,Hays,HAYS,0.0183,0.0117,0.0257,0.0004,0.0257,wind
TX,Hemphill,HEMPHILL,0.0251,0.0019,0.0899,0.0001,0.0899,wind
TX,Henderson,HENDERSON,0.0682,0.0056,0.0476,0.0003,0.0682,fire
TX,Hidalgo,HIDALGO,0.0473,0.0173,0.0629,0.0004,0.0629,wind
TX,Hill,HILL,0.0326,0.0046,0.0365,0.0003,0.0365,wind
TX,Hockley,HOCKLEY,0.0108,0.0071,0.0929,0.0001,0.0929,wind
TX,Hood,HOOD,0.0402,0.0038,0.0398,0.0002,0.0402,fire
TX,Hopkins,HOPKINS,0.0334,0.0035,0.0583,0.0004,0.0583,wind
TX,Houston,HOUSTON,0.0726,0.003,0.0396,0.0001,0.0726,fire
TX,Howard,HOWARD,0.022,0.0102,0.0464,0.0004,0.0464,wind
TX,Hudspeth,HUDSPETH,0.0069,0.0074,0.0451,0.0001,0.0451,wind
TX,Hunt,HUNT,0.0714,0.0046,0.0632,0.0001,0.0714,fire
TX,Hutchinson,HUTCHINSON,0.0563,0.006,0.1401,0.0001,0.1401,wind
TX,Irion,IRION,0.0352,0.0007,0.03,0.0009,0.0352,fire
TX,Jack,JACK,0.0882,0.0015,0.0407,0.0003,0.0882,fire
TX,Jackson,JACKSON,0.0068,0.0063,0.0177,0.0,0.0177,wind
TX,Jasper,JASPER,0.0652,0.0059,0.0663,0.0001,0.0663,wind
TX,Jeff Davis,JEFF DAVIS,0.0255,0.0065,0.0253,0.0,0.0255,fire
TX,Jefferson,JEFFERSON,0.0486,0.0275,0.0629,0.0002,0.0629,wind
TX,Jim Hogg,JIM HOGG,0.0135,0.0022,0.0092,0.0004,0.0135,fire
TX,Jim Wells,JIM WELLS,0.0159,0.0065,0.0419,0.0002,0.0419,wind
TX,Johnson,JOHNSON,0.0304,0.0057,0.068,0.0004,0.068,wind
TX,Jones,JONES,0.075,0.0059,0.0404,0.0008,0.075,fire
TX,Karnes,KARNES,0.0125,0.0066,0.0067,0.0001,0.0125,fire
TX,Kaufman,KAUFMAN,0.0624,0.0053,0.0632,0.0008,0.0632,wind
TX,Kendall,KENDALL,0.0215,0.0097,0.0101,0.001,0.0215,fire
TX,Kenedy,KENEDY,0.0243,0.001,0.0093,0.0004,0.0243,fire
TX,Kent,KENT,0.0249,0.001,0.0266,0.0003,0.0266,wind
TX,Kerr,KERR,0.0238,0.0103,0.0091,0.0009,0.0238,fire
TX,Kimble,KIMBLE,0.0604,0.0032,0.0209,0.0007,0.0604,fire
TX,King,KING,0.0352,0.0006,0.032,0.0003,0.0352,fire
TX,Kinney,KINNEY,0.0159,0.0019,0.0119,0.0002,0.0159,fire
TX,Kleberg,KLEBERG,0.0226,0.0036,0.0202,0.0001,0.0226,fire
TX,Knox,KNOX,0.0151,0.0025,0.0291,0.0002,0.0291,wind
TX,La Salle,LA SALLE,0.0165,0.0013,0.014,0.0003,0.0165,fire
TX,Lamar,LAMAR,0.0348,0.0043,0.0688,0.0001,0.0688,wind
TX,Lamb,LAMB,0.0084,0.0047,0.0907,0.0002,0.0907,wind
TX,Lampasas,LAMPASAS,0.0803,0.0042,0.0201,0.0009,0.0803,fire
TX,Lavaca,LAVACA,0.0093,0.0041,0.0386,0.0001,0.0386,wind
TX,Lee,LEE,0.0183,0.003,0.0248,0.0,0.0248,wind
TX,Leon,LEON,0.0268,0.0028,0.0254,0.0001,0.0268,fire
TX,Liberty,LIBERTY,0.0529,0.0094,0.0475,0.0002,0.0529,fire
TX,Limestone,LIMESTONE,0.0379,0.004,0.0411,0.0003,0.0411,wind
TX,Lipscomb,LIPSCOMB,0.0341,0.0014,0.0982,0.0002,0.0982,wind
TX,Live Oak,LIVE OAK,0.0258,0.004,0.0187,0.0004,0.0258,fire
TX,Llano,LLANO,0.0813,0.005,0.0121,0.0006,0.0813,fire
TX,Loving,LOVING,0.0042,0.0006,0.0177,0.0001,0.0177,wind
TX,Lubbock,LUBBOCK,0.0062,0.0241,0.1852,0.0002,0.1852,wind
TX,Lynn,LYNN,0.0023,0.0027,0.0698,0.0002,0.0698,wind
TX,Madison,MADISON,0.0245,0.003,0.0299,0.0003,0.0299,wind
TX,Marion,MARION,0.0475,0.0018,0.0393,0.0001,0.0475,fire
TX,Martin,MARTIN,0.0045,0.0031,0.0224,0.0002,0.0224,wind
TX,Mason,MASON,0.0556,0.0025,0.0121,0.0009,0.0556,fire
TX,Matagorda,MATAGORDA,0.0033,0.0059,0.0205,0.0,0.0205,wind
TX,Maverick,MAVERICK,0.0097,0.0052,0.0109,0.0001,0.0109,wind
TX,Mcculloch,MCCULLOCH,0.0443,0.0019,0.0233,0.0007,0.0443,fire
TX,Mclennan,MCLENNAN,0.0327,0.0104,0.0697,0.0005,0.0697,wind
TX,Mcmullen,MCMULLEN,0.0066,0.0016,0.0094,0.0001,0.0094,wind
TX,Medina,MEDINA,0.0126,0.0095,0.0281,0.0003,0.0281,wind
TX,Menard,MENARD,0.0573,0.0016,0.0135,0.0006,0.0573,fire
TX,Midland,MIDLAND,0.014,0.0483,0.088,0.0002,0.088,wind
TX,Milam,MILAM,0.0512,0.0061,0.0261,0.0009,0.0512,fire
TX,Mills,MILLS,0.0355,0.0026,0.0154,0.0004,0.0355,fire
TX,Mitchell,MITCHELL,0.0217,0.0053,0.0396,0.0001,0.0396,wind
TX,Montague,MONTAGUE,0.0356,0.0033,0.0425,0.0003,0.0425,wind
TX,Montgomery,MONTGOMERY,0.0284,0.0125,0.0686,0.0003,0.0686,wind
TX,Moore,MOORE,0.0226,0.0052,0.1216,0.0004,0.1216,wind
TX,Morris,MORRIS,0.0352,0.0028,0.028,0.0001,0.0352,fire
TX,Motley,MOTLEY,0.0392,0.0007,0.0758,0.0003,0.0758,wind
TX,Nacogdoches,NACOGDOCHES,0.051,0.0041,0.0918,0.0002,0.0918,wind
TX,Navarro,NAVARRO,0.0592,0.0041,0.0388,0.0004,0.0592,fire
TX,Newton,NEWTON,0.0421,0.0045,0.0499,0.0001,0.0499,wind
TX,Nolan,NOLAN,0.0983,0.0045,0.0517,0.0002,0.0983,fire
TX,Nueces,NUECES,0.0082,0.0133,0.0585,0.0001,0.0585,wind
TX,Ochiltree,OCHILTREE,0.014,0.0012,0.1023,0.0002,0.1023,wind
TX,Oldham,OLDHAM,0.0321,0.0028,0.1096,0.0003,0.1096,wind
TX,Orange,ORANGE,0.0045,0.0223,0.0471,0.0001,0.0471,wind
TX,Palo Pinto,PALO PINTO,0.1075,0.0056,0.0424,0.0007,0.1075,fire
TX,Panola,PANOLA,0.0523,0.0026,0.0803,0.0001,0.0803,wind
TX,Parker,PARKER,0.0608,0.0044,0.0661,0.0004,0.0661,wind
TX,Parmer,PARMER,0.0023,0.0027,0.0875,0.0005,0.0875,wind
TX,Pecos,PECOS,0.0439,0.0079,0.0935,0.0005,0.0935,wind
TX,Polk,POLK,0.0748,0.0045,0.0357,0.0002,0.0748,fire
TX,Potter,POTTER,0.0664,0.031,0.1849,0.0003,0.1849,wind
TX,Presidio,PRESIDIO,0.0172,0.002,0.0334,0.0001,0.0334,wind
TX,Rains,RAINS,0.0181,0.003,0.0334,0.0004,0.0334,wind
TX,Randall,RANDALL,0.0549,0.0324,0.1711,0.0004,0.1711,wind
TX,Reagan,REAGAN,0.0221,0.0019,0.037,0.0002,0.037,wind
TX,Real,REAL,0.0079,0.0056,0.0083,0.0006,0.0083,wind
TX,Red River,RED RIVER,0.0707,0.0011,0.045,0.0001,0.0707,fire
TX,Reeves,REEVES,0.0118,0.0072,0.0544,0.0001,0.0544,wind
TX,Refugio,REFUGIO,0.0102,0.0019,0.0167,0.0,0.0167,wind
TX,Roberts,ROBERTS,0.0301,0.0013,0.0749,0.0001,0.0749,wind
TX,Robertson,ROBERTSON,0.0274,0.0034,0.0235,0.0002,0.0274,fire
TX,Rockwall,ROCKWALL,0.0132,0.0083,0.0314,0.0,0.0314,wind
TX,Runnels,RUNNELS,0.0253,0.003,0.0403,0.0005,0.0403,wind
TX,Rusk,RUSK,0.0644,0.0026,0.0955,0.0001,0.0955,wind
TX,Sabine,SABINE,0.0206,0.0044,0.0423,0.0001,0.0423,wind
TX,San Augustine,SAN AUGUSTINE,0.0348,0.0024,0.0338,0.0,0.0348,fire
TX,San Jacinto,SAN JACINTO,0.0515,0.0055,0.0442,0.0002,0.0515,fire
TX,San Patricio,SAN PATRICIO,0.0187,0.0085,0.0426,0.0002,0.0426,wind
TX,San Saba,SAN SABA,0.0638,0.0018,0.0134,0.0007,0.0638,fire
TX,Schleicher,SCHLEICHER,0.0589,0.0014,0.0211,0.0002,0.0589,fire
TX,Scurry,SCURRY,0.0257,0.0073,0.0578,0.0001,0.0578,wind
TX,Shackelford,SHACKELFORD,0.0936,0.0015,0.0278,0.0004,0.0936,fire
TX,Shelby,SHELBY,0.0464,0.0035,0.0856,0.0001,0.0856,wind
TX,Sherman,SHERMAN,0.0115,0.0027,0.0596,0.0002,0.0596,wind
TX,Smith,SMITH,0.0992,0.0046,0.1218,0.004,0.1218,wind
TX,Somervell,SOMERVELL,0.0239,0.0021,0.02,0.0004,0.0239,fire
TX,Starr,STARR,0.0364,0.0102,0.0182,0.0004,0.0364,fire
TX,Stephens,STEPHENS,0.0705,0.0024,0.0244,0.0004,0.0705,fire
TX,Sterling,STERLING,0.0153,0.0009,0.0163,0.0008,0.0163,wind
TX,Stonewall,STONEWALL,0.0328,0.002,0.0368,0.0003,0.0368,wind
TX,Sutton,SUTTON,0.0698,0.0014,0.0117,0.0006,0.0698,fire
TX,Swisher,SWISHER,0.0094,0.0027,0.096,0.0002,0.096,wind
TX,Tarrant,TARRANT,0.0187,0.0293,0.1607,0.0004,0.1607,wind
TX,Taylor,TAYLOR,0.0854,0.0093,0.0754,0.0003,0.0854,fire
TX,Terrell,TERRELL,0.0499,0.0015,0.0212,0.0002,0.0499,fire
TX,Terry,TERRY,0.0037,0.003,0.0498,0.0001,0.0498,wind
TX,Throckmorton,THROCKMORTON,0.0531,0.0012,0.0311,0.0011,0.0531,fire
TX,Titus,TITUS,0.0312,0.0023,0.0245,0.0001,0.0312,fire
TX,Tom Green,TOM GREEN,0.094,0.0099,0.0822,0.0006,0.094,fire
TX,Travis,TRAVIS,0.022,0.0179,0.0605,0.0007,0.0605,wind
TX,Trinity,TRINITY,0.0668,0.0029,0.0371,0.0002,0.0668,fire
TX,Tyler,TYLER,0.0574,0.0044,0.0411,0.0002,0.0574,fire
TX,Upshur,UPSHUR,0.0604,0.0031,0.0626,0.0001,0.0626,wind
TX,Upton,UPTON,0.0145,0.0058,0.0329,0.0001,0.0329,wind
TX,Uvalde,UVALDE,0.024,0.0065,0.011,0.0003,0.024,fire
TX,Val Verde,VAL VERDE,0.0638,0.0106,0.0338,0.0002,0.0638,fire
TX,Van Zandt,VAN ZANDT,0.0555,0.0039,0.0455,0.0009,0.0555,fire
TX,Victoria,VICTORIA,0.0238,0.0049,0.0365,0.0005,0.0365,wind
TX,Walker,WALKER,0.0768,0.0044,0.0401,0.0002,0.0768,fire
TX,Waller,WALLER,0.0181,0.0081,0.023,0.0001,0.023,wind
TX,Ward,WARD,0.0168,0.0055,0.0341,0.0001,0.0341,wind
TX,Washington,WASHINGTON,0.0203,0.0064,0.0529,0.0002,0.0529,wind
TX,Webb,WEBB,0.0194,0.01,0.0266,0.0004,0.0266,wind
TX,Wharton,WHARTON,0.0043,0.0068,0.0366,0.0001,0.0366,wind
TX,Wheeler,WHEELER,0.0354,0.0014,0.0653,0.0002,0.0653,wind
TX,Wichita,WICHITA,0.0915,0.0089,0.1111,0.0001,0.1111,wind
TX,Wilbarger,WILBARGER,0.0222,0.0015,0.0656,0.0002,0.0656,wind
TX,Willacy,WILLACY,0.0108,0.0053,0.0288,0.0001,0.0288,wind
TX,Williamson,WILLIAMSON,0.0481,0.0136,0.0634,0.0004,0.0634,wind
TX,Wilson,WILSON,0.0096,0.0132,0.019,0.0002,0.019,wind
TX,Winkler,WINKLER,0.0104,0.0012,0.0545,0.0001,0.0545,wind
TX,Wise,WISE,0.0448,0.0035,0.0708,0.0003,0.0708,wind
TX,Wood,WOOD,0.0403,0.0038,0.0651,0.0001,0.0651,wind
TX,Yoakum,YOAKUM,0.0137,0.0063,0.0456,0.0001,0.0456,wind
TX,Young,YOUNG,0.086,0.0035,0.0472,0.0003,0.086,fire
TX,Zapata,ZAPATA,0.0163,0.0052,0.018,0.0005,0.018,wind
TX,Zavala,ZAVALA,0.0155,0.0016,0.0084,0.0001,0.0155,fire
UT,Beaver,BEAVER,0.0791,0.0103,0.0529,0.0004,0.0791,fire
UT,Box Elder,BOX ELDER,0.1752,0.0028,0.1617,0.0004,0.1752,fire
UT,Cache,CACHE,0.0776,0.005,0.0476,0.0028,0.0776,fire
UT,Carbon,CARBON,0.0524,0.0212,0.0273,0.0002,0.0524,fire
UT,Daggett,DAGGETT,0.0664,0.009,0.0111,0.0,0.0664,fire
UT,Davis,DAVIS,0.0435,0.0143,0.0976,0.0002,0.0976,wind
UT,Duchesne,DUCHESNE,0.0809,0.0122,0.0311,0.0004,0.0809,fire
UT,Emery,EMERY,0.042,0.0261,0.0215,0.0006,0.042,fire
UT,Garfield,GARFIELD,0.0502,0.0252,0.0256,0.0005,0.0502,fire
UT,Grand,GRAND,0.076,0.0343,0.0796,0.0046,0.0796,wind
UT,Iron,IRON,0.0717,0.045,0.0234,0.0006,0.0717,fire
UT,Juab,JUAB,0.1342,0.0096,0.0576,0.0006,0.1342,fire
UT,Kane,KANE,0.0576,0.0433,0.0291,0.0005,0.0576,fire
UT,Millard,MILLARD,0.1611,0.0103,0.0432,0.0005,0.1611,fire
UT,Morgan,MORGAN,0.0269,0.0079,0.0178,0.0014,0.0269,fire
UT,Piute,PIUTE,0.0266,0.0107,0.009,0.0006,0.0266,fire
UT,Rich,RICH,0.065,0.0033,0.0208,0.0015,0.065,fire
UT,Salt Lake,SALT LAKE,0.0937,0.0387,0.1876,0.0034,0.1876,wind
UT,San Juan,SAN JUAN,0.1158,0.0253,0.0106,0.0001,0.1158,fire
UT,Sanpete,SANPETE,0.0676,0.0141,0.0228,0.0012,0.0676,fire
UT,Sevier,SEVIER,0.0754,0.0147,0.0273,0.0008,0.0754,fire
UT,Summit,SUMMIT,0.0824,0.0054,0.0423,0.0011,0.0824,fire
UT,Tooele,TOOELE,0.2337,0.0122,0.3091,0.0015,0.3091,wind
UT,Uintah,UINTAH,0.1091,0.0157,0.0311,0.0,0.1091,fire
UT,Utah,UTAH,0.1894,0.0384,0.1284,0.004,0.1894,fire
UT,Wasatch,WASATCH,0.0877,0.0055,0.0517,0.0057,0.0877,fire
UT,Washington,WASHINGTON,0.1249,0.094,0.0711,0.0004,0.1249,fire
UT,Wayne,WAYNE,0.0161,0.0383,0.0106,0.0009,0.0383,flood
UT,Weber,WEBER,0.0771,0.0097,0.0809,0.0005,0.0809,wind
VA,Accomack,ACCOMACK,0.0006,0.0057,0.0845,0.0001,0.0845,wind
VA,Albemarle,ALBEMARLE,0.0009,0.0057,0.2342,0.0005,0.2342,wind
VA,Alexandria,ALEXANDRIA,0.0,0.0,0.0,0.0002,0.0002,winter
VA,Alleghany,ALLEGHANY,0.0016,0.0069,0.0538,0.0002,0.0538,wind
VA,Amelia,AMELIA,0.0001,0.002,0.084,0.0001,0.084,wind
VA,Amherst,AMHERST,0.0006,0.0049,0.1491,0.0001,0.1491,wind
VA,Appomattox,APPOMATTOX,0.0004,0.0031,0.0989,0.0003,0.0989,wind
VA,Arlington,ARLINGTON,0.0001,0.0038,0.0996,0.0007,0.0996,wind
VA,Augusta,AUGUSTA,0.0025,0.0043,0.1259,0.0015,0.1259,wind
VA,Bath,BATH,0.0011,0.0059,0.06,0.0003,0.06,wind
VA,Bedford,BEDFORD,0.0006,0.0105,0.2004,0.0011,0.2004,wind
VA,Bland,BLAND,0.0006,0.0051,0.0378,0.0007,0.0378,wind
VA,Botetourt,BOTETOURT,0.001,0.0085,0.1075,0.0003,0.1075,wind
VA,Bristol,BRISTOL,0.0001,0.0002,0.0,0.0008,0.0008,winter
VA,Brunswick,BRUNSWICK,0.001,0.0011,0.0941,0.0,0.0941,wind
VA,Buchanan,BUCHANAN,0.001,0.0304,0.0354,0.001,0.0354,wind
VA,Buckingham,BUCKINGHAM,0.0006,0.0022,0.1675,0.0002,0.1675,wind
VA,Buena Vista,BUENA VISTA,0.0001,0.0,0.0,0.0001,0.0001,fire
VA,Campbell,CAMPBELL,0.0004,0.0064,0.1847,0.0005,0.1847,wind
VA,Caroline,CAROLINE,0.0008,0.0021,0.1021,0.0,0.1021,wind
VA,Carroll,CARROLL,0.0001,0.0117,0.1108,0.0006,0.1108,wind
VA,Charles City,CHARLES CITY,0.0003,0.0011,0.0025,0.0001,0.0025,wind
VA,Charlotte,CHARLOTTE,0.0003,0.0022,0.1175,0.0001,0.1175,wind
VA,Charlottesville,CHARLOTTESVILLE,0.0,0.0,0.0,0.0,0.0,fire
VA,Chesapeake,CHESAPEAKE,0.0001,0.0003,0.004,0.0007,0.004,wind
VA,Chesterfield,CHESTERFIELD,0.0002,0.0056,0.1323,0.0002,0.1323,wind
VA,Clarke,CLARKE,0.0002,0.0019,0.106,0.0009,0.106,wind
VA,Colonial Heights,COLONIAL HEIGHTS,0.0,0.0001,0.0,0.0002,0.0002,winter
VA,Covington,COVINGTON,0.0,0.0001,0.0,0.0001,0.0001,flood
VA,Craig,CRAIG,0.0022,0.004,0.0502,0.0002,0.0502,wind
VA,Culpeper,CULPEPER,0.0003,0.0036,0.1873,0.0004,0.1873,wind
VA,Cumberland,CUMBERLAND,0.0002,0.0016,0.0732,0.0005,0.0732,wind
VA,Danville,DANVILLE,0.0001,0.0001,0.0,0.0001,0.0001,fire
VA,Dickenson,DICKENSON,0.0005,0.0221,0.0378,0.0014,0.0378,wind
VA,Dinwiddie,DINWIDDIE,0.0002,0.0026,0.09,0.0001,0.09,wind
VA,Emporia,EMPORIA,0.0,0.0003,0.0106,0.0,0.0106,wind
VA,Essex,ESSEX,0.0003,0.002,0.0669,0.0001,0.0669,wind
VA,Fairfax,FAIRFAX,0.0004,0.0095,0.2762,0.0009,0.2762,wind
VA,Fairfax City,FAIRFAX CITY,0.0001,0.0009,0.0,0.0,0.0009,flood
VA,Falls Church,FALLS CHURCH,0.0,0.0001,0.0,0.0006,0.0006,winter
VA,Fauquier,FAUQUIER,0.0003,0.003,0.2497,0.0011,0.2497,wind
VA,Floyd,FLOYD,0.0001,0.0091,0.0886,0.0002,0.0886,wind
VA,Fluvanna,FLUVANNA,0.0002,0.0014,0.0726,0.0002,0.0726,wind
VA,Franklin,FRANKLIN,0.0004,0.0136,0.2111,0.0003,0.2111,wind
VA,Franklin City,FRANKLIN CITY,0.0001,0.0018,0.0,0.0,0.0018,flood
VA,Frederick,FREDERICK,0.0003,0.0033,0.1372,0.0007,0.1372,wind
VA,Fredericksburg,FREDERICKSBURG,0.0,0.0001,0.0,0.0002,0.0002,winter
VA,Galax,GALAX,0.0001,0.0003,0.0,0.0002,0.0003,flood
VA,Giles,GILES,0.002,0.0122,0.0883,0.0003,0.0883,wind
VA,Gloucester,GLOUCESTER,0.0001,0.0034,0.0713,0.0,0.0713,wind
VA,Goochland,GOOCHLAND,0.0001,0.002,0.1129,0.0002,0.1129,wind
VA,Grayson,GRAYSON,0.0002,0.009,0.0531,0.0005,0.0531,wind
VA,Greene,GREENE,0.0003,0.0047,0.118,0.0004,0.118,wind
VA,Greensville,GREENSVILLE,0.0003,0.0009,0.0497,0.0,0.0497,wind
VA,Halifax,HALIFAX,0.0005,0.0032,0.1902,0.0001,0.1902,wind
VA,Hampton,HAMPTON,0.0,0.0003,0.0024,0.0001,0.0024,wind
VA,Hanover,HANOVER,0.0001,0.0027,0.1222,0.0002,0.1222,wind
VA,Harrisonburg,HARRISONBURG,0.0,0.0,0.0,0.0003,0.0003,winter
VA,Henrico,HENRICO,0.0002,0.0052,0.11,0.0002,0.11,wind
VA,Henry,HENRY,0.0001,0.0144,0.2199,0.0001,0.2199,wind
VA,Highland,HIGHLAND,0.0002,0.0035,0.0364,0.002,0.0364,wind
VA,Hopewell,HOPEWELL,0.0,0.0001,0.0,0.0003,0.0003,winter
VA,Isle Of Wight,ISLE OF WIGHT,0.0002,0.0035,0.1159,0.0,0.1159,wind
VA,James City,JAMES CITY,0.0002,0.0031,0.0763,0.0,0.0763,wind
VA,King And Queen,KING AND QUEEN,0.0003,0.001,0.06,0.0001,0.06,wind
VA,King George,KING GEORGE,0.0001,0.0021,0.1138,0.0,0.1138,wind
VA,King William,KING WILLIAM,0.0002,0.0018,0.0753,0.0001,0.0753,wind
VA,Lancaster,LANCASTER,0.0001,0.0029,0.0418,0.0002,0.0418,wind
VA,Lee,LEE,0.0006,0.0079,0.0798,0.0,0.0798,wind
VA,Lexington,LEXINGTON,0.0001,0.0,0.0,0.0001,0.0001,fire
VA,Loudoun,LOUDOUN,0.0001,0.004,0.2465,0.0022,0.2465,wind
VA,Louisa,LOUISA,0.0001,0.0009,0.1338,0.0001,0.1338,wind
VA,Lunenburg,LUNENBURG,0.0003,0.001,0.0496,0.0004,0.0496,wind
VA,Lynchburg,LYNCHBURG,0.0001,0.0,0.0,0.0002,0.0002,winter
VA,Madison,MADISON,0.0002,0.0031,0.1238,0.0007,0.1238,wind
VA,Manassas,MANASSAS,0.0,0.0001,0.0002,0.0006,0.0006,winter
VA,Manassas Park,MANASSAS PARK,0.0,0.0001,0.0,0.0,0.0001,flood
VA,Martinsville,MARTINSVILLE,0.0001,0.0001,0.0,0.0,0.0001,fire
VA,Mathews,MATHEWS,0.0001,0.003,0.0507,0.0001,0.0507,wind
VA,Mecklenburg,MECKLENBURG,0.0004,0.0011,0.0896,0.0,0.0896,wind
VA,Middlesex,MIDDLESEX,0.0001,0.0035,0.0648,0.0,0.0648,wind
VA,Montgomery,MONTGOMERY,0.0005,0.0121,0.1256,0.0005,0.1256,wind
VA,Nelson,NELSON,0.0008,0.0034,0.1269,0.0007,0.1269,wind
VA,New Kent,NEW KENT,0.0001,0.0009,0.0805,0.0,0.0805,wind
VA,Newport News,NEWPORT NEWS,0.0,0.0002,0.0041,0.0004,0.0041,wind
VA,Norfolk,NORFOLK,0.0,0.0004,0.0082,0.0002,0.0082,wind
VA,Northampton,NORTHAMPTON,0.0004,0.0022,0.0636,0.0,0.0636,wind
VA,Northumberland,NORTHUMBERLAND,0.0001,0.0026,0.055,0.0,0.055,wind
VA,Norton,NORTON,0.0,0.0002,0.0,0.0005,0.0005,winter
VA,Nottoway,NOTTOWAY,0.0002,0.0015,0.0623,0.0003,0.0623,wind
VA,Orange,ORANGE,0.0002,0.0041,0.1673,0.0003,0.1673,wind
VA,Page,PAGE,0.002,0.0013,0.1115,0.0006,0.1115,wind
VA,Patrick,PATRICK,0.0002,0.0128,0.1434,0.0001,0.1434,wind
VA,Petersburg,PETERSBURG,0.0,0.0001,0.0,0.0001,0.0001,flood
VA,Pittsylvania,PITTSYLVANIA,0.0007,0.0074,0.2266,0.0005,0.2266,wind
VA,Poquoson,POQUOSON,0.0,0.0003,0.0059,0.0001,0.0059,wind
VA,Portsmouth,PORTSMOUTH,0.0,0.0003,0.0,0.0003,0.0003,flood
VA,Powhatan,POWHATAN,0.0001,0.0017,0.0854,0.0002,0.0854,wind
VA,Prince Edward,PRINCE EDWARD,0.0003,0.0025,0.0739,0.0007,0.0739,wind
VA,Prince George,PRINCE GEORGE,0.0002,0.0015,0.1108,0.0001,0.1108,wind
VA,Prince William,PRINCE WILLIAM,0.0007,0.0058,0.1998,0.0009,0.1998,wind
VA,Pulaski,PULASKI,0.0007,0.0096,0.115,0.0005,0.115,wind
VA,Radford,RADFORD,0.0001,0.0002,0.0002,0.0001,0.0002,flood
VA,Rappahannock,RAPPAHANNOCK,0.0003,0.0025,0.1031,0.0005,0.1031,wind
VA,Richmond,RICHMOND,0.0001,0.0029,0.1006,0.0,0.1006,wind
VA,Richmond City,RICHMOND CITY,0.0001,0.0016,0.0,0.0,0.0016,flood
VA,Roanoke,ROANOKE,0.0005,0.0123,0.1251,0.0002,0.1251,wind
VA,Roanoke City,ROANOKE CITY,0.0005,0.0041,0.0,0.0,0.0041,flood
VA,Rockbridge,ROCKBRIDGE,0.0026,0.0072,0.112,0.0004,0.112,wind
VA,Rockingham,ROCKINGHAM,0.0013,0.0039,0.156,0.0009,0.156,wind
VA,Russell,RUSSELL,0.0004,0.0094,0.074,0.0004,0.074,wind
VA,Salem,SALEM,0.0001,0.0001,0.0001,0.0002,0.0002,winter
VA,Scott,SCOTT,0.0007,0.0104,0.0894,0.0001,0.0894,wind
VA,Shenandoah,SHENANDOAH,0.0014,0.0036,0.1497,0.0014,0.1497,wind
VA,Smyth,SMYTH,0.0006,0.0089,0.0674,0.0011,0.0674,wind
VA,Southampton,SOUTHAMPTON,0.0002,0.0015,0.0866,0.0001,0.0866,wind
VA,Spotsylvania,SPOTSYLVANIA,0.0001,0.0038,0.1428,0.0002,0.1428,wind
VA,Stafford,STAFFORD,0.0001,0.0032,0.1362,0.0001,0.1362,wind
VA,Staunton,STAUNTON,0.0,0.0001,0.0,0.0005,0.0005,winter
VA,Suffolk,SUFFOLK,0.0,0.0003,0.0043,0.0003,0.0043,wind
VA,Surry,SURRY,0.0002,0.0017,0.0696,0.0,0.0696,wind
VA,Sussex,SUSSEX,0.0006,0.0014,0.0803,0.0,0.0803,wind
VA,Tazewell,TAZEWELL,0.0006,0.0166,0.0604,0.0011,0.0604,wind
VA,Virginia Beach,VIRGINIA BEACH,0.0,0.0004,0.0107,0.0004,0.0107,wind
VA,Warren,WARREN,0.0003,0.0053,0.1156,0.0009,0.1156,wind
VA,Washington,WASHINGTON,0.0005,0.0088,0.0893,0.0007,0.0893,wind
VA,Waynesboro,WAYNESBORO,0.0,0.0001,0.0,0.0,0.0001,flood
VA,Westmoreland,WESTMORELAND,0.0001,0.0024,0.0794,0.0,0.0794,wind
VA,Williamsburg,WILLIAMSBURG,0.0,0.0001,0.0,0.0001,0.0001,flood
VA,Winchester,WINCHESTER,0.0,0.0,0.0,0.0003,0.0003,winter
VA,Wise,WISE,0.0007,0.0152,0.0526,0.0002,0.0526,wind
VA,Wythe,WYTHE,0.0004,0.0065,0.0629,0.0004,0.0629,wind
VA,York,YORK,0.0007,0.0054,0.0796,0.0,0.0796,wind
VT,Addison,ADDISON,0.0064,0.038,0.1265,0.0017,0.1265,wind
VT,Bennington,BENNINGTON,0.0041,0.0145,0.096,0.0016,0.096,wind
VT,Caledonia,CALEDONIA,0.0005,0.0239,0.0881,0.0015,0.0881,wind
VT,Chittenden,CHITTENDEN,0.0006,0.0331,0.1065,0.0015,0.1065,wind
VT,Essex,ESSEX,0.0007,0.0175,0.0673,0.0017,0.0673,wind
VT,Franklin,FRANKLIN,0.0014,0.03,0.0847,0.0018,0.0847,wind
VT,Grand Isle,GRAND ISLE,0.0006,0.0067,0.0575,0.0011,0.0575,wind
VT,Lamoille,LAMOILLE,0.0005,0.0292,0.0649,0.0017,0.0649,wind
VT,Orange,ORANGE,0.0003,0.0222,0.0669,0.0014,0.0669,wind
VT,Orleans,ORLEANS,0.0005,0.0297,0.0735,0.0014,0.0735,wind
VT,Rutland,RUTLAND,0.0014,0.0331,0.1519,0.0009,0.1519,wind
VT,Washington,WASHINGTON,0.0005,0.0346,0.0884,0.001,0.0884,wind
VT,Windham,WINDHAM,0.0011,0.018,0.094,0.0019,0.094,wind
VT,Windsor,WINDSOR,0.0009,0.0489,0.0828,0.0012,0.0828,wind
WA,Adams,ADAMS,0.0468,0.0004,0.02,0.0,0.0468,fire
WA,Asotin,ASOTIN,0.1127,0.0015,0.0138,0.0004,0.1127,fire
WA,Benton,BENTON,0.1491,0.0009,0.0396,0.0002,0.1491,fire
WA,Chelan,CHELAN,0.1963,0.0128,0.02,0.0004,0.1963,fire
WA,Clallam,CLALLAM,0.0314,0.0001,0.0023,0.0001,0.0314,fire
WA,Clark,CLARK,0.0146,0.0002,0.0049,0.0004,0.0146,fire
WA,Columbia,COLUMBIA,0.221,0.0003,0.0199,0.0029,0.221,fire
WA,Cowlitz,COWLITZ,0.0305,0.0006,0.0014,0.0005,0.0305,fire
WA,Douglas,DOUGLAS,0.1842,0.0025,0.0226,0.0003,0.1842,fire
WA,Ferry,FERRY,0.1259,0.0018,0.0225,0.0005,0.1259,fire
WA,Franklin,FRANKLIN,0.1179,0.0006,0.0349,0.0001,0.1179,fire
WA,Garfield,GARFIELD,0.1003,0.0004,0.0152,0.0011,0.1003,fire
WA,Grant,GRANT,0.1641,0.0018,0.0269,0.0003,0.1641,fire
WA,Grays Harbor,GRAYS HARBOR,0.0194,0.0001,0.0026,0.0001,0.0194,fire
WA,Island,ISLAND,0.0008,0.0004,0.0011,0.0,0.0011,wind
WA,Jefferson,JEFFERSON,0.0345,0.0002,0.0016,0.0002,0.0345,fire
WA,King,KING,0.0391,0.0003,0.0026,0.0048,0.0391,fire
WA,Kitsap,KITSAP,0.004,0.0002,0.001,0.0001,0.004,fire
WA,Kittitas,KITTITAS,0.2181,0.0003,0.0096,0.0007,0.2181,fire
WA,Klickitat,KLICKITAT,0.1702,0.0001,0.0112,0.0004,0.1702,fire
WA,Lewis,LEWIS,0.0511,0.0002,0.0046,0.0048,0.0511,fire
WA,Lincoln,LINCOLN,0.164,0.0009,0.0446,0.0002,0.164,fire
WA,Mason,MASON,0.0439,0.0001,0.0022,0.0006,0.0439,fire
WA,Okanogan,OKANOGAN,0.3287,0.0111,0.064,0.0047,0.3287,fire
WA,Pacific,PACIFIC,0.0106,0.0001,0.0007,0.001,0.0106,fire
WA,Pend Oreille,PEND OREILLE,0.096,0.0015,0.0262,0.0003,0.096,fire
WA,Pierce,PIERCE,0.0589,0.0001,0.004,0.0048,0.0589,fire
WA,San Juan,SAN JUAN,0.0009,0.0001,0.0032,0.0003,0.0032,wind
WA,Skagit,SKAGIT,0.0544,0.0023,0.0038,0.0027,0.0544,fire
WA,Skamania,SKAMANIA,0.0866,0.0001,0.0035,0.0004,0.0866,fire
WA,Snohomish,SNOHOMISH,0.0488,0.0003,0.0039,0.001,0.0488,fire
WA,Spokane,SPOKANE,0.237,0.0021,0.0595,0.0029,0.237,fire
WA,Stevens,STEVENS,0.1561,0.0054,0.0422,0.0003,0.1561,fire
WA,Thurston,THURSTON,0.0447,0.0002,0.0035,0.0002,0.0447,fire
WA,Wahkiakum,WAHKIAKUM,0.0067,0.0001,0.0001,0.0003,0.0067,fire
WA,Walla Walla,WALLA WALLA,0.0881,0.0005,0.0264,0.0006,0.0881,fire
WA,Whatcom,WHATCOM,0.0515,0.0003,0.0071,0.0034,0.0515,fire
WA,Whitman,WHITMAN,0.0429,0.0005,0.028,0.0004,0.0429,fire
WA,Yakima,YAKIMA,0.2296,0.0001,0.0157,0.001,0.2296,fire
WI,Adams,ADAMS,0.0033,0.0092,0.1071,0.0,0.1071,wind
WI,Ashland,ASHLAND,0.0029,0.0036,0.0624,0.0003,0.0624,wind
WI,Barron,BARRON,0.0003,0.0061,0.0968,0.0016,0.0968,wind
WI,Bayfield,BAYFIELD,0.0027,0.004,0.0936,0.0009,0.0936,wind
WI,Brown,BROWN,0.0004,0.0106,0.1358,0.0006,0.1358,wind
WI,Buffalo,BUFFALO,0.001,0.012,0.0814,0.0002,0.0814,wind
WI,Burnett,BURNETT,0.0019,0.0034,0.0989,0.0007,0.0989,wind
WI,Calumet,CALUMET,0.0002,0.0076,0.1072,0.0,0.1072,wind
WI,Chippewa,CHIPPEWA,0.0004,0.0063,0.1118,0.0006,0.1118,wind
WI,Clark,CLARK,0.0004,0.0116,0.1381,0.0001,0.1381,wind
WI,Columbia,COLUMBIA,0.0002,0.0365,0.1557,0.0001,0.1557,wind
WI,Crawford,CRAWFORD,0.0006,0.0245,0.0899,0.0,0.0899,wind
WI,Dane,DANE,0.0004,0.0408,0.217,0.0,0.217,wind
WI,Dodge,DODGE,0.0006,0.0136,0.1441,0.0,0.1441,wind
WI,Door,DOOR,0.0005,0.003,0.1053,0.0001,0.1053,wind
WI,Douglas,DOUGLAS,0.0035,0.0052,0.108,0.0018,0.108,wind
WI,Dunn,DUNN,0.0007,0.0071,0.0895,0.0005,0.0895,wind
WI,Eau Claire,EAU CLAIRE,0.0006,0.0115,0.0835,0.0001,0.0835,wind
WI,Florence,FLORENCE,0.0015,0.001,0.0594,0.0005,0.0594,wind
WI,Fond Du Lac,FOND DU LAC,0.0004,0.0056,0.1402,0.0001,0.1402,wind
WI,Forest,FOREST,0.0012,0.0017,0.0826,0.0002,0.0826,wind
WI,Grant,GRANT,0.0004,0.0323,0.1427,0.0,0.1427,wind
WI,Green,GREEN,0.0002,0.0133,0.1445,0.0001,0.1445,wind
WI,Green Lake,GREEN LAKE,0.001,0.0093,0.0971,0.0002,0.0971,wind
WI,Iowa,IOWA,0.0004,0.0127,0.1236,0.0002,0.1236,wind
WI,Iron,IRON,0.0012,0.0035,0.0684,0.0014,0.0684,wind
WI,Jackson,JACKSON,0.0022,0.015,0.1115,0.0001,0.1115,wind
WI,Jefferson,JEFFERSON,0.0003,0.0212,0.1493,0.0,0.1493,wind
WI,Juneau,JUNEAU,0.003,0.0119,0.1072,0.0001,0.1072,wind
WI,Kenosha,KENOSHA,0.0005,0.0168,0.143,0.0001,0.143,wind
WI,Kewaunee,KEWAUNEE,0.0002,0.0034,0.0689,0.0001,0.0689,wind
WI,La Crosse,LA CROSSE,0.0013,0.0254,0.1217,0.0001,0.1217,wind
WI,Lafayette,LAFAYETTE,0.0002,0.0158,0.1313,0.0002,0.1313,wind
WI,Langlade,LANGLADE,0.0008,0.0021,0.1191,0.0003,0.1191,wind
WI,Lincoln,LINCOLN,0.0011,0.0032,0.1185,0.0001,0.1185,wind
WI,Manitowoc,MANITOWOC,0.0005,0.007,0.1014,0.0001,0.1014,wind
WI,Marathon,MARATHON,0.0008,0.0071,0.1599,0.0001,0.1599,wind
WI,Marinette,MARINETTE,0.0018,0.0024,0.1137,0.0001,0.1137,wind
WI,Marquette,MARQUETTE,0.0012,0.0105,0.1125,0.0,0.1125,wind
WI,Menominee,MENOMINEE,0.0026,0.0016,0.002,0.0003,0.0026,fire
WI,Milwaukee,MILWAUKEE,0.0003,0.0402,0.1352,0.0001,0.1352,wind
WI,Monroe,MONROE,0.0017,0.0152,0.1284,0.0001,0.1284,wind
WI,Oconto,OCONTO,0.0027,0.0019,0.082,0.0003,0.082,wind
WI,Oneida,ONEIDA,0.0019,0.002,0.1262,0.0002,0.1262,wind
WI,Outagamie,OUTAGAMIE,0.0003,0.0078,0.1399,0.0001,0.1399,wind
WI,Ozaukee,OZAUKEE,0.0004,0.0146,0.0756,0.0,0.0756,wind
WI,Pepin,PEPIN,0.0006,0.0126,0.0481,0.0002,0.0481,wind
WI,Pierce,PIERCE,0.0003,0.0076,0.1172,0.0003,0.1172,wind
WI,Polk,POLK,0.0012,0.0072,0.1341,0.0011,0.1341,wind
WI,Portage,PORTAGE,0.0007,0.0068,0.1266,0.0,0.1266,wind
WI,Price,PRICE,0.0018,0.0028,0.1131,0.0002,0.1131,wind
WI,Racine,RACINE,0.0007,0.0143,0.1289,0.0001,0.1289,wind
WI,Richland,RICHLAND,0.0003,0.0269,0.0699,0.0,0.0699,wind
WI,Rock,ROCK,0.0002,0.0201,0.1622,0.0,0.1622,wind
WI,Rusk,RUSK,0.001,0.0057,0.0757,0.0009,0.0757,wind
WI,Sauk,SAUK,0.0007,0.0349,0.1564,0.0001,0.1564,wind
WI,Sawyer,SAWYER,0.0017,0.0033,0.0893,0.0002,0.0893,wind
WI,Shawano,SHAWANO,0.0006,0.0036,0.1153,0.0001,0.1153,wind
WI,Sheboygan,SHEBOYGAN,0.0004,0.0098,0.1276,0.0001,0.1276,wind
WI,St. Croix,ST. CROIX,0.0002,0.0053,0.1184,0.0008,0.1184,wind
WI,Taylor,TAYLOR,0.0004,0.0045,0.1069,0.0002,0.1069,wind
WI,Trempealeau,TREMPEALEAU,0.0008,0.0128,0.1038,0.0001,0.1038,wind
WI,Vernon,VERNON,0.0008,0.0219,0.1024,0.0001,0.1024,wind
WI,Vilas,VILAS,0.0008,0.0016,0.1072,0.0005,0.1072,wind
WI,Walworth,WALWORTH,0.0003,0.0123,0.1611,0.0,0.1611,wind
WI,Washburn,WASHBURN,0.0012,0.0028,0.0728,0.0002,0.0728,wind
WI,Washington,WASHINGTON,0.0005,0.0144,0.1399,0.0,0.1399,wind
WI,Waukesha,WAUKESHA,0.0003,0.0255,0.1736,0.0,0.1736,wind
WI,Waupaca,WAUPACA,0.0007,0.0071,0.1187,0.0001,0.1187,wind
WI,Waushara,WAUSHARA,0.0013,0.0083,0.1032,0.0,0.1032,wind
WI,Winnebago,WINNEBAGO,0.0012,0.0135,0.1228,0.0,0.1228,wind
WI,Wood,WOOD,0.0011,0.0121,0.1234,0.0,0.1234,wind
WV,Barbour,BARBOUR,0.0002,0.0221,0.033,0.0003,0.033,wind
WV,Berkeley,BERKELEY,0.0003,0.0054,0.1371,0.0009,0.1371,wind
WV,Boone,BOONE,0.0017,0.0275,0.0413,0.0004,0.0413,wind
WV,Braxton,BRAXTON,0.0003,0.0172,0.0512,0.0004,0.0512,wind
WV,Brooke,BROOKE,0.0001,0.0151,0.1009,0.0001,0.1009,wind
WV,Cabell,CABELL,0.0003,0.0377,0.069,0.0006,0.069,wind
WV,Calhoun,CALHOUN,0.0002,0.0162,0.0414,0.0005,0.0414,wind
WV,Clay,CLAY,0.0004,0.0173,0.041,0.0005,0.041,wind
WV,Doddridge,DODDRIDGE,0.0005,0.0145,0.0384,0.0002,0.0384,wind
WV,Fayette,FAYETTE,0.0007,0.0319,0.0401,0.0005,0.0401,wind
WV,Gilmer,GILMER,0.0005,0.0145,0.0318,0.0005,0.0318,wind
WV,Grant,GRANT,0.0011,0.0025,0.0695,0.002,0.0695,wind
WV,Greenbrier,GREENBRIER,0.0004,0.0098,0.0783,0.0002,0.0783,wind
WV,Hampshire,HAMPSHIRE,0.0004,0.0041,0.0922,0.0007,0.0922,wind
WV,Hancock,HANCOCK,0.0001,0.016,0.0952,0.0002,0.0952,wind
WV,Hardy,HARDY,0.0008,0.003,0.0915,0.0007,0.0915,wind
WV,Harrison,HARRISON,0.0004,0.0375,0.0777,0.0003,0.0777,wind
WV,Jackson,JACKSON,0.0008,0.019,0.0607,0.0005,0.0607,wind
WV,Jefferson,JEFFERSON,0.0002,0.0056,0.1387,0.0012,0.1387,wind
WV,Kanawha,KANAWHA,0.0014,0.0656,0.1385,0.0004,0.1385,wind
WV,Lewis,LEWIS,0.0004,0.0164,0.0321,0.0003,0.0321,wind
WV,Lincoln,LINCOLN,0.0006,0.0287,0.0551,0.0004,0.0551,wind
WV,Logan,LOGAN,0.0013,0.0376,0.0254,0.0005,0.0376,flood
WV,Marion,MARION,0.0002,0.0294,0.0822,0.0001,0.0822,wind
WV,Marshall,MARSHALL,0.0005,0.0225,0.0942,0.0001,0.0942,wind
WV,Mason,MASON,0.0006,0.0189,0.0541,0.0006,0.0541,wind
WV,Mcdowell,MCDOWELL,0.0014,0.0215,0.0382,0.0006,0.0382,wind
WV,Mercer,MERCER,0.0003,0.0258,0.0497,0.0007,0.0497,wind
WV,Mineral,MINERAL,0.001,0.0055,0.095,0.0011,0.095,wind
WV,Mingo,MINGO,0.0014,0.0274,0.0465,0.0004,0.0465,wind
WV,Monongalia,MONONGALIA,0.0003,0.0381,0.0916,0.0002,0.0916,wind
WV,Monroe,MONROE,0.0003,0.0068,0.061,0.0001,0.061,wind
WV,Morgan,MORGAN,0.0001,0.0036,0.1,0.0012,0.1,wind
WV,Nicholas,NICHOLAS,0.0003,0.0244,0.0326,0.0004,0.0326,wind
WV,Ohio,OHIO,0.0001,0.0147,0.0928,0.0001,0.0928,wind
WV,Pendleton,PENDLETON,0.0014,0.0018,0.0551,0.0033,0.0551,wind
WV,Pleasants,PLEASANTS,0.0006,0.0166,0.0374,0.0004,0.0374,wind
WV,Pocahontas,POCAHONTAS,0.0004,0.0085,0.0223,0.0012,0.0223,wind
WV,Preston,PRESTON,0.0004,0.0245,0.091,0.0002,0.091,wind
WV,Putnam,PUTNAM,0.0013,0.0365,0.0946,0.0005,0.0946,wind
WV,Raleigh,RALEIGH,0.0021,0.0283,0.0585,0.0005,0.0585,wind
WV,Randolph,RANDOLPH,0.0005,0.0182,0.0427,0.0004,0.0427,wind
WV,Ritchie,RITCHIE,0.001,0.0154,0.0594,0.0004,0.0594,wind
WV,Roane,ROANE,0.0004,0.0225,0.0618,0.0006,0.0618,wind
WV,Summers,SUMMERS,0.0005,0.0081,0.0515,0.0001,0.0515,wind
WV,Taylor,TAYLOR,0.0005,0.0282,0.05,0.0004,0.05,wind
WV,Tucker,TUCKER,0.0008,0.0111,0.04,0.0003,0.04,wind
WV,Tyler,TYLER,0.0009,0.0181,0.0669,0.0002,0.0669,wind
WV,Upshur,UPSHUR,0.0003,0.0223,0.0486,0.0004,0.0486,wind
WV,Wayne,WAYNE,0.0008,0.0272,0.065,0.0003,0.065,wind
WV,Webster,WEBSTER,0.0004,0.0176,0.0309,0.0004,0.0309,wind
WV,Wetzel,WETZEL,0.0008,0.0123,0.0641,0.0,0.0641,wind
WV,Wirt,WIRT,0.0006,0.0069,0.0276,0.0009,0.0276,wind
WV,Wood,WOOD,0.001,0.0315,0.0515,0.0008,0.0515,wind
WV,Wyoming,WYOMING,0.0014,0.0179,0.0228,0.0004,0.0228,wind
WY,Albany,ALBANY,0.0968,0.0035,0.0577,0.0003,0.0968,fire
WY,Big Horn,BIG HORN,0.1348,0.0041,0.0837,0.0043,0.1348,fire
WY,Campbell,CAMPBELL,0.1781,0.0092,0.2853,0.0064,0.2853,wind
WY,Carbon,CARBON,0.1323,0.0025,0.0807,0.0046,0.1323,fire
WY,Converse,CONVERSE,0.1537,0.0051,0.0897,0.0056,0.1537,fire
WY,Crook,CROOK,0.0912,0.0021,0.2364,0.0018,0.2364,wind
WY,Fremont,FREMONT,0.1561,0.0094,0.1561,0.0012,0.1561,fire
WY,Goshen,GOSHEN,0.0353,0.0046,0.0767,0.0019,0.0767,wind
WY,Hot Springs,HOT SPRINGS,0.1052,0.0029,0.0436,0.0003,0.1052,fire
WY,Johnson,JOHNSON,0.1521,0.0081,0.1094,0.004,0.1521,fire
WY,Laramie,LARAMIE,0.0412,0.0099,0.16,0.0102,0.16,wind
WY,Lincoln,LINCOLN,0.11,0.0046,0.0247,0.0035,0.11,fire
WY,Natrona,NATRONA,0.1746,0.0214,0.1387,0.004,0.1746,fire
WY,Niobrara,NIOBRARA,0.0682,0.0025,0.0735,0.0017,0.0735,wind
WY,Park,PARK,0.1558,0.0027,0.0569,0.0091,0.1558,fire
WY,Platte,PLATTE,0.0668,0.0019,0.0888,0.0053,0.0888,wind
WY,Sheridan,SHERIDAN,0.1149,0.0036,0.0851,0.0113,0.1149,fire
WY,Sublette,SUBLETTE,0.1125,0.0033,0.0455,0.0013,0.1125,fire
WY,Sweetwater,SWEETWATER,0.1274,0.0059,0.1068,0.0038,0.1274,fire
WY,Teton,TETON,0.1284,0.0042,0.0317,0.0174,0.1284,fire
WY,Uinta,UINTA,0.0648,0.0034,0.0633,0.0019,0.0648,fire
WY,Washakie,WASHAKIE,0.1662,0.0043,0.0503,0.0004,0.1662,fire
WY,Weston,WESTON,0.1045,0.009,0.2169,0.0025,0.2169,wind
