state,county,county_id,fire_p,flood_p,wind_p,winter_p,max_p,max_hazard
AL,Autauga,AUTAUGA,0.0055,0.0185,0.1231,0.0056,0.1231,wind
AL,Baldwin,BALDWIN,0.0076,0.0479,0.09,0.0002,0.09,wind
AL,Barbour,BARBOUR,0.0048,0.0056,0.0762,0.0011,0.0762,wind
AL,Bibb,BIBB,0.0066,0.006,0.1192,0.0072,0.1192,wind
AL,Blount,BLOUNT,0.0061,0.0136,0.1653,0.0123,0.1653,wind
AL,Bullock,BULLOCK,0.0066,0.0059,0.0679,0.0033,0.0679,wind
AL,Butler,BUTLER,0.0055,0.0157,0.0979,0.0011,0.0979,wind
AL,Calhoun,CALHOUN,0.0055,0.0069,0.1407,0.014,0.1407,wind
AL,Chambers,CHAMBERS,0.0066,0.007,0.0454,0.0088,0.0454,wind
AL,Cherokee,CHEROKEE,0.0083,0.0054,0.0839,0.0154,0.0839,wind
AL,Chilton,CHILTON,0.0055,0.007,0.111,0.0068,0.111,wind
AL,Choctaw,CHOCTAW,0.0034,0.007,0.1356,0.0072,0.1356,wind
AL,Clarke,CLARKE,0.0032,0.0201,0.2028,0.0113,0.2028,wind
AL,Clay,CLAY,0.0111,0.0128,0.111,0.0179,0.111,wind
AL,Cleburne,CLEBURNE,0.0131,0.0042,0.0762,0.0154,0.0762,wind
AL,Coffee,COFFEE,0.0047,0.0316,0.0979,0.0006,0.0979,wind
AL,Colbert,COLBERT,0.0151,0.0105,0.1356,0.0088,0.1356,wind
AL,Conecuh,CONECUH,0.0047,0.0157,0.11,0.0017,0.11,wind
AL,Coosa,COOSA,0.0032,0.006,0.1079,0.0088,0.1079,wind
AL,Covington,COVINGTON,0.0085,0.0105,0.1356,0.0006,0.1356,wind
AL,Crenshaw,CRENSHAW,0.0047,0.0165,0.0762,0.001,0.0762,wind
AL,Cullman,CULLMAN,0.0091,0.0045,0.139,0.0154,0.139,wind
AL,Dale,DALE,0.0048,0.0105,0.1116,0.0002,0.1116,wind
AL,Dallas,DALLAS,0.0061,0.007,0.1116,0.0033,0.1116,wind
AL,Dekalb,DEKALB,0.0061,0.0046,0.1248,0.0285,0.1248,wind
AL,Elmore,ELMORE,0.0047,0.0069,0.1353,0.0068,0.1353,wind
AL,Escambia,ESCAMBIA,0.0085,0.0123,0.0946,0.001,0.0946,wind
AL,Etowah,ETOWAH,0.0037,0.0056,0.139,0.0154,0.139,wind
AL,Fayette,FAYETTE,0.0076,0.0071,0.1273,0.003,0.1273,wind
AL,Franklin,FRANKLIN,0.0131,0.0105,0.1217,0.0088,0.1217,wind
AL,Geneva,GENEVA,0.0061,0.0039,0.0513,0.0001,0.0513,wind
AL,Greene,GREENE,0.0048,0.0059,0.11,0.0045,0.11,wind
AL,Hale,HALE,0.0055,0.0056,0.1192,0.0072,0.1192,wind
AL,Henry,HENRY,0.0034,0.0042,0.09,0.0002,0.09,wind
AL,Houston,HOUSTON,0.0066,0.0039,0.0762,0.0001,0.0762,wind
AL,Jackson,JACKSON,0.0066,0.007,0.1082,0.0154,0.1082,wind
AL,Jefferson,JEFFERSON,0.0076,0.0165,0.1911,0.0427,0.1911,wind
AL,Lamar,LAMAR,0.0083,0.0128,0.1447,0.0056,0.1447,wind
AL,Lauderdale,LAUDERDALE,0.0111,0.0069,0.1356,0.0113,0.1356,wind
AL,Lawrence,LAWRENCE,0.0085,0.0046,0.111,0.0108,0.111,wind
AL,Lee,LEE,0.0055,0.0123,0.0534,0.0043,0.0534,wind
AL,Limestone,LIMESTONE,0.0055,0.0105,0.1192,0.0113,0.1192,wind
AL,Lowndes,LOWNDES,0.0076,0.0185,0.0829,0.003,0.0829,wind
AL,Macon,MACON,0.0055,0.007,0.0592,0.0026,0.0592,wind
AL,Madison,MADISON,0.0047,0.0059,0.1356,0.0305,0.1356,wind
AL,Marengo,MARENGO,0.0047,0.0071,0.1356,0.0072,0.1356,wind
AL,Marion,MARION,0.0091,0.0123,0.1284,0.0068,0.1284,wind
AL,Marshall,MARSHALL,0.0076,0.0114,0.1479,0.0179,0.1479,wind
AL,Mobile,MOBILE,0.0083,0.0533,0.1255,0.0003,0.1255,wind
AL,Monroe,MONROE,0.0048,0.0658,0.1255,0.0017,0.1255,wind
AL,Montgomery,MONTGOMERY,0.0034,0.0165,0.1015,0.017,0.1015,wind
AL,Morgan,MORGAN,0.0076,0.0069,0.139,0.0113,0.139,wind
AL,Perry,PERRY,0.0066,0.0042,0.1005,0.0056,0.1005,wind
AL,Pickens,PICKENS,0.0083,0.0046,0.1255,0.0072,0.1255,wind
AL,Pike,PIKE,0.0048,0.007,0.0762,0.0017,0.0762,wind
AL,Randolph,RANDOLPH,0.0066,0.0039,0.0534,0.0141,0.0534,wind
AL,Russell,RUSSELL,0.0076,0.0128,0.0579,0.0072,0.0579,wind
AL,Shelby,SHELBY,0.0055,0.0042,0.1828,0.0123,0.1828,wind
AL,St. Clair,ST. CLAIR,0.0055,0.007,0.1449,0.0141,0.1449,wind
AL,Sumter,SUMTER,0.0039,0.0069,0.0979,0.0044,0.0979,wind
AL,Talladega,TALLADEGA,0.0083,0.007,0.1449,0.0141,0.1449,wind
AL,Tallapoosa,TALLAPOOSA,0.0066,0.0056,0.1255,0.0102,0.1255,wind
AL,Tuscaloosa,TUSCALOOSA,0.0076,0.0046,0.2195,0.0123,0.2195,wind
AL,Walker,WALKER,0.0091,0.0123,0.1255,0.0068,0.1255,wind
AL,Washington,WASHINGTON,0.0047,0.0361,0.1192,0.0035,0.1192,wind
AL,Wilcox,WILCOX,0.0083,0.0069,0.0871,0.0033,0.0871,wind
AL,Winston,WINSTON,0.0111,0.0105,0.1479,0.0035,0.1479,wind
AR,Arkansas,ARKANSAS,0.002,0.0039,0.0762,0.0056,0.0762,wind
AR,Ashley,ASHLEY,0.0066,0.0105,0.0481,0.0017,0.0481,wind
AR,Baxter,BAXTER,0.0509,0.0032,0.1082,0.0141,0.1082,wind
AR,Benton,BENTON,0.0182,0.0022,0.0762,0.0154,0.0762,wind
AR,Boone,BOONE,0.0273,0.0028,0.1112,0.02,0.1112,wind
AR,Bradley,BRADLEY,0.0076,0.0046,0.0979,0.0083,0.0979,wind
AR,Calhoun,CALHOUN,0.0055,0.0042,0.11,0.0033,0.11,wind
AR,Carroll,CARROLL,0.0384,0.0022,0.065,0.0102,0.065,wind
AR,Chicot,CHICOT,0.0014,0.0123,0.0481,0.0033,0.0481,wind
AR,Clark,CLARK,0.0036,0.0157,0.111,0.003,0.111,wind
AR,Clay,CLAY,0.0034,0.007,0.0341,0.0154,0.0341,wind
AR,Cleburne,CLEBURNE,0.0168,0.0069,0.0909,0.0123,0.0909,wind
AR,Cleveland,CLEVELAND,0.0032,0.0054,0.09,0.0056,0.09,wind
AR,Columbia,COLUMBIA,0.0045,0.0045,0.09,0.0016,0.09,wind
AR,Conway,CONWAY,0.0091,0.0046,0.1356,0.0123,0.1356,wind
AR,Craighead,CRAIGHEAD,0.0034,0.0249,0.0762,0.0088,0.0762,wind
AR,Crawford,CRAWFORD,0.0151,0.002,0.1079,0.0083,0.1079,wind
AR,Crittenden,CRITTENDEN,0.0007,0.0123,0.0285,0.0141,0.0285,wind
AR,Cross,CROSS,0.003,0.0123,0.0291,0.0113,0.0291,wind
AR,Dallas,DALLAS,0.0047,0.0024,0.111,0.0043,0.111,wind
AR,Desha,DESHA,0.0007,0.0056,0.0561,0.0108,0.0561,wind
AR,Drew,DREW,0.0055,0.0069,0.0979,0.0072,0.0979,wind
AR,Faulkner,FAULKNER,0.0111,0.0045,0.1231,0.0113,0.1231,wind
AR,Franklin,FRANKLIN,0.0254,0.0042,0.1356,0.0056,0.1356,wind
AR,Fulton,FULTON,0.0111,0.007,0.0979,0.0113,0.0979,wind
AR,Garland,GARLAND,0.0076,0.0123,0.1449,0.0154,0.1449,wind
AR,Grant,GRANT,0.0061,0.0105,0.0809,0.0056,0.0809,wind
AR,Greene,GREENE,0.0083,0.0165,0.0534,0.0088,0.0534,wind
AR,Hempstead,HEMPSTEAD,0.0014,0.0105,0.11,0.0021,0.11,wind
AR,Hot Spring,HOT SPRING,0.0048,0.0105,0.11,0.0036,0.11,wind
AR,Howard,HOWARD,0.0048,0.0042,0.0979,0.0141,0.0979,wind
AR,Independence,INDEPENDENCE,0.0209,0.0105,0.1116,0.0123,0.1116,wind
AR,Izard,IZARD,0.0131,0.0038,0.0909,0.0088,0.0909,wind
AR,Jackson,JACKSON,0.0032,0.0028,0.0762,0.0072,0.0762,wind
AR,Jefferson,JEFFERSON,0.0083,0.007,0.1356,0.0088,0.1356,wind
AR,Johnson,JOHNSON,0.0325,0.0042,0.1479,0.0154,0.1479,wind
AR,Lafayette,LAFAYETTE,0.0066,0.0042,0.0762,0.001,0.0762,wind
AR,Lawrence,LAWRENCE,0.0254,0.0029,0.0679,0.0071,0.0679,wind
AR,Lee,LEE,0.0006,0.0105,0.0154,0.0,0.0154,wind
AR,Lincoln,LINCOLN,0.0023,0.0046,0.0979,0.0072,0.0979,wind
AR,Little River,LITTLE RIVER,0.0048,0.0046,0.0679,0.0056,0.0679,wind
AR,Logan,LOGAN,0.0091,0.0024,0.11,0.0108,0.11,wind
AR,Lonoke,LONOKE,0.0047,0.007,0.1356,0.0154,0.1356,wind
AR,Madison,MADISON,0.075,0.002,0.0762,0.0088,0.0762,wind
AR,Marion,MARION,0.0276,0.0028,0.0979,0.0113,0.0979,wind
AR,Miller,MILLER,0.0055,0.0045,0.0722,0.0006,0.0722,wind
AR,Mississippi,MISSISSIPPI,0.0001,0.0046,0.0561,0.0113,0.0561,wind
AR,Monroe,MONROE,0.001,0.0105,0.0418,0.0068,0.0418,wind
AR,Montgomery,MONTGOMERY,0.0083,0.0046,0.0958,0.0179,0.0958,wind
AR,Nevada,NEVADA,0.0047,0.0054,0.0801,0.0017,0.0801,wind
AR,Newton,NEWTON,0.0477,0.0028,0.1231,0.0179,0.1231,wind
AR,Ouachita,OUACHITA,0.0076,0.0042,0.0979,0.0056,0.0979,wind
AR,Perry,PERRY,0.0083,0.0054,0.0909,0.0088,0.0909,wind
AR,Phillips,PHILLIPS,0.0017,0.0105,0.0118,0.0068,0.0118,wind
AR,Pike,PIKE,0.0066,0.006,0.1356,0.0123,0.1356,wind
AR,Poinsett,POINSETT,0.0032,0.0128,0.0592,0.0068,0.0592,wind
AR,Polk,POLK,0.0066,0.007,0.1079,0.0303,0.1079,wind
AR,Pope,POPE,0.0131,0.0069,0.1479,0.0113,0.1479,wind
AR,Prairie,PRAIRIE,0.0047,0.0042,0.0817,0.0072,0.0817,wind
AR,Pulaski,PULASKI,0.0182,0.0105,0.1255,0.0141,0.1255,wind
AR,Randolph,RANDOLPH,0.0131,0.0071,0.0453,0.0154,0.0453,wind
AR,Saline,SALINE,0.0083,0.0136,0.1244,0.0113,0.1244,wind
AR,Scott,SCOTT,0.0066,0.0069,0.1082,0.0303,0.1082,wind
AR,Searcy,SEARCY,0.0168,0.0042,0.1082,0.0141,0.1082,wind
AR,Sebastian,SEBASTIAN,0.0111,0.0042,0.1231,0.0113,0.1231,wind
AR,Sevier,SEVIER,0.0045,0.006,0.0871,0.0123,0.0871,wind
AR,Sharp,SHARP,0.0182,0.006,0.0679,0.0088,0.0679,wind
AR,St. Francis,ST. FRANCIS,0.0034,0.0128,0.0143,0.0108,0.0143,wind
AR,Stone,STONE,0.0301,0.0039,0.0839,0.0113,0.0839,wind
AR,Union,UNION,0.0055,0.0054,0.0782,0.0011,0.0782,wind
AR,Van Buren,VAN BUREN,0.0131,0.0042,0.1192,0.0123,0.1192,wind
AR,Washington,WASHINGTON,0.0301,0.0032,0.0946,0.0034,0.0946,wind
AR,White,WHITE,0.0108,0.0069,0.1079,0.0123,0.1079,wind
AR,Woodruff,WOODRUFF,0.0017,0.0028,0.0746,0.0113,0.0746,wind
AR,Yell,YELL,0.0083,0.0045,0.1356,0.0123,0.1356,wind
AZ,Apache,APACHE,0.0083,0.001,0.0376,0.2194,0.2194,winter
AZ,Cochise,COCHISE,0.0076,0.002,0.0093,0.0868,0.0868,winter
AZ,Coconino,COCONINO,0.0091,0.0046,0.0677,0.4543,0.4543,winter
AZ,Gila,GILA,0.0886,0.0009,0.037,0.2364,0.2364,winter
AZ,Graham,GRAHAM,0.012,0.0024,0.0126,0.089,0.089,winter
AZ,Greenlee,GREENLEE,0.0143,0.0011,0.0167,0.2194,0.2194,winter
AZ,La Paz,LA PAZ,0.0273,0.0069,0.0049,0.0068,0.0273,fire
AZ,Maricopa,MARICOPA,0.0254,0.004,0.0316,0.0598,0.0598,winter
AZ,Mohave,MOHAVE,0.0048,0.0046,0.039,0.2194,0.2194,winter
AZ,Navajo,NAVAJO,0.0091,0.0011,0.0801,0.26,0.26,winter
AZ,Pima,PIMA,0.02,0.0024,0.0211,0.0679,0.0679,winter
AZ,Pinal,PINAL,0.0254,0.0022,0.0282,0.0868,0.0868,winter
AZ,Santa Cruz,SANTA CRUZ,0.02,0.0028,0.0167,0.0868,0.0868,winter
AZ,Yavapai,YAVAPAI,0.0047,0.0069,0.0513,0.3714,0.3714,winter
AZ,Yuma,YUMA,0.0111,0.0025,0.0049,0.0108,0.0111,fire
CA,Alameda,ALAMEDA,0.0003,0.0105,0.0291,0.0113,0.0291,wind
CA,Alpine,ALPINE,0.0001,0.0028,0.0762,0.5202,0.5202,winter
CA,Amador,AMADOR,0.0001,0.0533,0.0167,0.2837,0.2837,winter
CA,Butte,BUTTE,0.0003,0.0212,0.0134,0.017,0.0212,flood
CA,Calaveras,CALAVERAS,0.0003,0.0165,0.0093,0.187,0.187,winter
CA,Colusa,COLUSA,0.0001,0.0028,0.0126,0.0477,0.0477,winter
CA,Contra Costa,CONTRA COSTA,0.0001,0.0069,0.0316,0.0123,0.0316,wind
CA,Del Norte,DEL NORTE,0.0001,0.002,0.0118,0.0113,0.0118,wind
CA,El Dorado,EL DORADO,0.0001,0.0821,0.0782,0.6398,0.6398,winter
CA,Fresno,FRESNO,0.0047,0.0342,0.0679,0.014,0.0679,wind
CA,Glenn,GLENN,0.0001,0.0059,0.0104,0.0679,0.0679,winter
CA,Humboldt,HUMBOLDT,0.0003,0.0025,0.0167,0.0477,0.0477,winter
CA,Imperial,IMPERIAL,0.0055,0.001,0.0093,0.0141,0.0141,winter
CA,Inyo,INYO,0.001,0.007,0.1192,0.5529,0.5529,winter
CA,Kern,KERN,0.0006,0.0658,0.2015,0.7756,0.7756,winter
CA,Kings,KINGS,0.0001,0.0105,0.0126,0.0354,0.0354,winter
CA,Lake,LAKE,0.0001,0.006,0.0809,0.3921,0.3921,winter
CA,Lassen,LASSEN,0.0001,0.007,0.1082,0.4726,0.4726,winter
CA,Los Angeles,LOS ANGELES,0.0017,0.0042,0.1911,0.5419,0.5419,winter
CA,Madera,MADERA,0.0007,0.0625,0.037,0.0179,0.0625,flood
CA,Marin,MARIN,0.0001,0.007,0.039,0.0113,0.039,wind
CA,Mariposa,MARIPOSA,0.0006,0.0881,0.0316,0.0285,0.0881,flood
CA,Mendocino,MENDOCINO,0.0003,0.0038,0.0158,0.1225,0.1225,winter
CA,Merced,MERCED,0.0006,0.0361,0.0126,0.0068,0.0361,flood
CA,Modoc,MODOC,0.0001,0.0046,0.0679,0.2325,0.2325,winter
CA,Mono,MONO,0.0004,0.0039,0.1797,0.658,0.658,winter
CA,Monterey,MONTEREY,0.0003,0.0856,0.037,0.0734,0.0856,flood
CA,Napa,NAPA,0.0001,0.0105,0.0154,0.0179,0.0179,winter
CA,Nevada,NEVADA,0.0001,0.0128,0.0592,0.8681,0.8681,winter
CA,Orange,ORANGE,0.0045,0.0856,0.2028,0.2074,0.2074,winter
CA,Placer,PLACER,0.0001,0.0625,0.0481,0.5446,0.5446,winter
CA,Plumas,PLUMAS,0.0007,0.0069,0.0839,0.6398,0.6398,winter
CA,Riverside,RIVERSIDE,0.012,0.1129,0.35,0.4726,0.4726,winter
CA,Sacramento,SACRAMENTO,0.0001,0.0658,0.0316,0.1564,0.1564,winter
CA,San Benito,SAN BENITO,0.0001,0.0533,0.0167,0.0415,0.0533,flood
CA,San Bernardino,SAN BERNARDINO,0.01,0.2164,0.4342,0.5455,0.5455,winter
CA,San Diego,SAN DIEGO,0.0013,0.5833,0.2496,0.3605,0.5833,flood
CA,San Francisco,SAN FRANCISCO,0.0001,0.0157,0.0575,0.0179,0.0575,wind
CA,San Joaquin,SAN JOAQUIN,0.0001,0.0123,0.0118,0.0291,0.0291,winter
CA,San Luis Obispo,SAN LUIS OBISPO,0.0003,0.0332,0.0534,0.2526,0.2526,winter
CA,San Mateo,SAN MATEO,0.0001,0.007,0.0343,0.0088,0.0343,wind
CA,Santa Barbara,SANTA BARBARA,0.001,0.0625,0.0801,0.383,0.383,winter
CA,Santa Clara,SANTA CLARA,0.0001,0.0105,0.0222,0.02,0.0222,wind
CA,Santa Cruz,SANTA CRUZ,0.0001,0.0821,0.037,0.02,0.0821,flood
CA,Shasta,SHASTA,0.001,0.007,0.0222,0.2837,0.2837,winter
CA,Sierra,SIERRA,0.0001,0.0448,0.1653,0.9328,0.9328,winter
CA,Siskiyou,SISKIYOU,0.0003,0.0008,0.1015,0.26,0.26,winter
CA,Solano,SOLANO,0.0001,0.0157,0.0126,0.02,0.02,winter
CA,Sonoma,SONOMA,0.0001,0.006,0.0647,0.0102,0.0647,wind
CA,Stanislaus,STANISLAUS,0.0003,0.0128,0.0113,0.0179,0.0179,winter
CA,Sutter,SUTTER,0.0001,0.0024,0.0118,0.02,0.02,winter
CA,Tehama,TEHAMA,0.0003,0.0046,0.0154,0.1058,0.1058,winter
CA,Trinity,TRINITY,0.0001,0.0008,0.019,0.1227,0.1227,winter
CA,Tulare,TULARE,0.0004,0.0533,0.0629,0.7176,0.7176,winter
CA,Tuolumne,TUOLUMNE,0.001,0.0123,0.0285,0.383,0.383,winter
CA,Ventura,VENTURA,0.001,0.0128,0.1449,0.6076,0.6076,winter
CA,Yolo,YOLO,0.0001,0.0032,0.0134,0.0179,0.0179,winter
CA,Yuba,YUBA,0.0001,0.0123,0.0093,0.0343,0.0343,winter
CO,Adams,ADAMS,0.0032,0.0,0.0118,0.4543,0.4543,winter
CO,Alamosa,ALAMOSA,0.0131,0.0001,0.0083,0.0997,0.0997,winter
CO,Arapahoe,ARAPAHOE,0.0066,0.0001,0.0114,0.3756,0.3756,winter
CO,Archuleta,ARCHULETA,0.0066,0.0019,0.0002,0.0415,0.0415,winter
CO,Baca,BACA,0.0085,0.0002,0.0393,0.2681,0.2681,winter
CO,Bent,BENT,0.0131,0.0001,0.0251,0.187,0.187,winter
CO,Boulder,BOULDER,0.0083,0.0003,0.0746,0.5976,0.5976,winter
CO,Broomfield,BROOMFIELD,0.0055,0.0,0.0242,0.393,0.393,winter
CO,Chaffee,CHAFFEE,0.0066,0.0002,0.0083,0.1949,0.1949,winter
CO,Cheyenne,CHEYENNE,0.0039,0.0,0.039,0.3203,0.3203,winter
CO,Clear Creek,CLEAR CREEK,0.0061,0.0001,0.0534,0.5312,0.5312,winter
CO,Conejos,CONEJOS,0.0037,0.0008,0.0022,0.089,0.089,winter
CO,Costilla,COSTILLA,0.003,0.0002,0.0022,0.0014,0.003,fire
CO,Crowley,CROWLEY,0.0066,0.0,0.0147,0.1684,0.1684,winter
CO,Custer,CUSTER,0.0085,0.0001,0.0009,0.0033,0.0085,fire
CO,Delta,DELTA,0.0047,0.0011,0.0019,0.0002,0.0047,fire
CO,Denver,DENVER,0.0034,0.0001,0.0147,0.3398,0.3398,winter
CO,Dolores,DOLORES,0.0023,0.0022,0.0068,0.7306,0.7306,winter
CO,Douglas,DOUGLAS,0.0076,0.0003,0.039,0.5202,0.5202,winter
CO,Eagle,EAGLE,0.0019,0.0004,0.0008,0.0,0.0019,fire
CO,El Paso,EL PASO,0.02,0.0002,0.0316,0.435,0.435,winter
CO,Elbert,ELBERT,0.0091,0.0002,0.021,0.4726,0.4726,winter
CO,Fremont,FREMONT,0.0083,0.0001,0.0143,0.2624,0.2624,winter
CO,Garfield,GARFIELD,0.0017,0.0024,0.0009,0.0002,0.0024,flood
CO,Gilpin,GILPIN,0.0014,0.001,0.0534,0.5202,0.5202,winter
CO,Grand,GRAND,0.0006,0.001,0.0376,0.8006,0.8006,winter
CO,Gunnison,GUNNISON,0.0091,0.0001,0.0068,0.6051,0.6051,winter
CO,Hinsdale,HINSDALE,0.001,0.0001,0.0,0.0,0.001,fire
CO,Huerfano,HUERFANO,0.0091,0.0,0.037,0.5852,0.5852,winter
CO,Jackson,JACKSON,0.001,0.001,0.0239,0.3258,0.3258,winter
CO,Jefferson,JEFFERSON,0.0131,0.0003,0.0393,0.4726,0.4726,winter
CO,Kiowa,KIOWA,0.0066,0.0001,0.0242,0.1734,0.1734,winter
CO,Kit Carson,KIT CARSON,0.0023,0.0001,0.0316,0.4562,0.4562,winter
CO,La Plata,LA PLATA,0.0131,0.0008,0.0009,0.0006,0.0131,fire
CO,Lake,LAKE,0.0023,0.0,0.0083,0.3203,0.3203,winter
CO,Larimer,LARIMER,0.0066,0.0001,0.0746,0.4726,0.4726,winter
CO,Las Animas,LAS ANIMAS,0.0555,0.0002,0.0575,0.4486,0.4486,winter
CO,Lincoln,LINCOLN,0.0045,0.0001,0.0159,0.2624,0.2624,winter
CO,Logan,LOGAN,0.0048,0.0,0.0316,0.2674,0.2674,winter
CO,Mesa,MESA,0.0034,0.0008,0.0019,0.0017,0.0034,fire
CO,Mineral,MINERAL,0.0014,0.0001,0.0,0.0007,0.0014,fire
CO,Moffat,MOFFAT,0.0048,0.0006,0.0,0.0008,0.0048,fire
CO,Montezuma,MONTEZUMA,0.0108,0.0008,0.0002,0.0002,0.0108,fire
CO,Montrose,MONTROSE,0.0003,0.0046,0.0019,0.0003,0.0046,flood
CO,Morgan,MORGAN,0.0066,0.0001,0.0205,0.2526,0.2526,winter
CO,Otero,OTERO,0.0254,0.0001,0.0147,0.2194,0.2194,winter
CO,Ouray,OURAY,0.002,0.0011,0.0,0.0002,0.002,fire
CO,Park,PARK,0.0061,0.0001,0.0481,0.8664,0.8664,winter
CO,Phillips,PHILLIPS,0.002,0.0001,0.0285,0.1788,0.1788,winter
CO,Pitkin,PITKIN,0.0001,0.0008,0.0,0.0003,0.0008,flood
CO,Prowers,PROWERS,0.012,0.0,0.0343,0.2173,0.2173,winter
CO,Pueblo,PUEBLO,0.02,0.001,0.0239,0.1998,0.1998,winter
CO,Rio Blanco,RIO BLANCO,0.0032,0.0001,0.0,0.0006,0.0032,fire
CO,Rio Grande,RIO GRANDE,0.0083,0.0001,0.0028,0.1949,0.1949,winter
CO,Routt,ROUTT,0.0003,0.0028,0.0019,0.0006,0.0028,flood
CO,Saguache,SAGUACHE,0.002,0.0,0.0028,0.1058,0.1058,winter
CO,San Juan,SAN JUAN,0.0001,0.002,0.0087,0.9071,0.9071,winter
CO,San Miguel,SAN MIGUEL,0.0034,0.0008,0.0,0.0,0.0034,fire
CO,Sedgwick,SEDGWICK,0.001,0.0001,0.0222,0.1471,0.1471,winter
CO,Summit,SUMMIT,0.001,0.0002,0.0481,0.3714,0.3714,winter
CO,Teller,TELLER,0.0055,0.0001,0.0222,0.3258,0.3258,winter
CO,Washington,WASHINGTON,0.0017,0.0,0.0211,0.3203,0.3203,winter
CO,Weld,WELD,0.0076,0.0,0.0561,0.431,0.431,winter
CO,Yuma,YUMA,0.0066,0.0001,0.0239,0.4175,0.4175,winter
CT,Capitol,CAPITOL,0.0003,0.0042,0.0222,0.0264,0.0264,winter
CT,Greater Bridgeport,GREATER BRIDGEPORT,0.001,0.0039,0.0093,0.0123,0.0123,winter
CT,Lower Connecticut River Valley,LOWER CONNECTICUT RIVER VALLEY,0.0001,0.007,0.0083,0.0113,0.0113,winter
CT,Naugatuck Valley,NAUGATUCK VALLEY,0.0003,0.007,0.0083,0.0102,0.0102,winter
CT,Northeastern Connecticut,NORTHEASTERN CONNECTICUT,0.0001,0.0069,0.0285,0.0598,0.0598,winter
CT,Northwest Hills,NORTHWEST HILLS,0.0003,0.0136,0.0285,0.0477,0.0477,winter
CT,South Central Connecticut,SOUTH CENTRAL CONNECTICUT,0.0003,0.0128,0.0083,0.0113,0.0128,flood
CT,Southeastern Connecticut,SOUTHEASTERN CONNECTICUT,0.0001,0.0071,0.0143,0.0264,0.0264,winter
CT,Western Connecticut,WESTERN CONNECTICUT,0.0006,0.0042,0.0265,0.0477,0.0477,winter
DC,District Of Columbia,DISTRICT OF COLUMBIA,0.0018,0.0009,0.0211,0.089,0.089,winter
DE,Kent,KENT,0.0083,0.007,0.1192,0.0949,0.1192,wind
DE,New Castle,NEW CASTLE,0.075,0.0039,0.1267,0.195,0.195,winter
DE,Sussex,SUSSEX,0.0276,0.0128,0.0909,0.0868,0.0909,wind
FL,Alachua,ALACHUA,0.0617,0.0028,0.0118,0.0022,0.0617,fire
FL,Baker,BAKER,0.0083,0.0046,0.0083,0.0002,0.0083,fire
FL,Bay,BAY,0.2642,0.0123,0.0343,0.0003,0.2642,fire
FL,Bradford,BRADFORD,0.023,0.0024,0.0083,0.0006,0.023,fire
FL,Brevard,BREVARD,0.0425,0.0008,0.0762,0.0001,0.0762,wind
FL,Broward,BROWARD,0.0209,0.0006,0.1528,0.0017,0.1528,wind
FL,Calhoun,CALHOUN,0.0085,0.007,0.037,0.0011,0.037,wind
FL,Charlotte,CHARLOTTE,0.2823,0.0006,0.0126,0.0072,0.2823,fire
FL,Citrus,CITRUS,0.1423,0.0046,0.0093,0.0598,0.1423,fire
FL,Clay,CLAY,0.075,0.002,0.0093,0.0003,0.075,fire
FL,Collier,COLLIER,0.1276,0.0011,0.0871,0.0141,0.1276,fire
FL,Columbia,COLUMBIA,0.0209,0.0028,0.0093,0.0006,0.0209,fire
FL,Desoto,DESOTO,0.0477,0.0008,0.0,0.0,0.0477,fire
FL,Dixie,DIXIE,0.0886,0.0046,0.0028,0.0026,0.0886,fire
FL,Duval,DUVAL,0.0325,0.006,0.0191,0.0034,0.0325,fire
FL,Escambia,ESCAMBIA,0.0061,0.0533,0.0782,0.0006,0.0782,wind
FL,Flagler,FLAGLER,0.0811,0.0009,0.0159,0.0014,0.0811,fire
FL,Franklin,FRANKLIN,0.4558,0.0022,0.0316,0.0033,0.4558,fire
FL,Gadsden,GADSDEN,0.0085,0.0316,0.051,0.0011,0.051,wind
FL,Gilchrist,GILCHRIST,0.0425,0.0019,0.0029,0.0002,0.0425,fire
FL,Glades,GLADES,0.1748,0.0005,0.019,0.0198,0.1748,fire
FL,Gulf,GULF,0.1978,0.0212,0.0179,0.0033,0.1978,fire
FL,Hamilton,HAMILTON,0.0066,0.0157,0.0143,0.0001,0.0157,flood
FL,Hardee,HARDEE,0.0374,0.0002,0.0093,0.0113,0.0374,fire
FL,Hendry,HENDRY,0.0989,0.0011,0.039,0.0179,0.0989,fire
FL,Hernando,HERNANDO,0.1783,0.0019,0.0104,0.0679,0.1783,fire
FL,Highlands,HIGHLANDS,0.0509,0.0006,0.0251,0.0113,0.0509,fire
FL,Hillsborough,HILLSBOROUGH,0.1519,0.0046,0.0222,0.0123,0.1519,fire
FL,Holmes,HOLMES,0.0066,0.007,0.0343,0.0003,0.0343,wind
FL,Indian River,INDIAN RIVER,0.0347,0.0008,0.0222,0.0,0.0347,fire
FL,Jackson,JACKSON,0.0111,0.0046,0.0592,0.0003,0.0592,wind
FL,Jefferson,JEFFERSON,0.0131,0.0042,0.0265,0.0,0.0265,wind
FL,Lafayette,LAFAYETTE,0.0886,0.006,0.0049,0.0006,0.0886,fire
FL,Lake,LAKE,0.0583,0.0019,0.0222,0.0006,0.0583,fire
FL,Lee,LEE,0.3068,0.0128,0.0251,0.0002,0.3068,fire
FL,Leon,LEON,0.0085,0.0105,0.0762,0.0026,0.0762,wind
FL,Levy,LEVY,0.1519,0.0054,0.0068,0.1797,0.1797,winter
FL,Liberty,LIBERTY,0.0943,0.0032,0.039,0.0017,0.0943,fire
FL,Madison,MADISON,0.0066,0.0128,0.0167,0.0006,0.0167,wind
FL,Manatee,MANATEE,0.397,0.001,0.0143,0.017,0.397,fire
FL,Marion,MARION,0.1783,0.0006,0.0126,0.0014,0.1783,fire
FL,Martin,MARTIN,0.0254,0.0039,0.037,0.0006,0.037,wind
FL,Miami-Dade,MIAMI-DADE,0.075,0.004,0.1653,0.0047,0.1653,wind
FL,Monroe,MONROE,0.0131,0.0011,0.0534,0.0017,0.0534,wind
FL,Nassau,NASSAU,0.02,0.0028,0.0211,0.0002,0.0211,wind
FL,Okaloosa,OKALOOSA,0.0076,0.0105,0.0612,0.001,0.0612,wind
FL,Okeechobee,OKEECHOBEE,0.0168,0.0006,0.0083,0.0047,0.0168,fire
FL,Orange,ORANGE,0.0374,0.002,0.0561,0.0006,0.0561,wind
FL,Osceola,OSCEOLA,0.0931,0.004,0.0422,0.0006,0.0931,fire
FL,Palm Beach,PALM BEACH,0.1276,0.0045,0.1356,0.0123,0.1356,wind
FL,Pasco,PASCO,0.1082,0.002,0.0167,0.037,0.1082,fire
FL,Pinellas,PINELLAS,0.0399,0.0039,0.017,0.0055,0.0399,fire
FL,Polk,POLK,0.0886,0.001,0.0422,0.0072,0.0886,fire
FL,Putnam,PUTNAM,0.1901,0.0004,0.0126,0.0008,0.1901,fire
FL,Santa Rosa,SANTA ROSA,0.0076,0.0332,0.0668,0.0008,0.0668,wind
FL,Sarasota,SARASOTA,0.0931,0.0008,0.0154,0.0179,0.0931,fire
FL,Seminole,SEMINOLE,0.0301,0.0008,0.0316,0.0002,0.0316,wind
FL,St. Johns,ST. JOHNS,0.0635,0.0028,0.0093,0.0001,0.0635,fire
FL,St. Lucie,ST. LUCIE,0.0131,0.0069,0.0251,0.0001,0.0251,wind
FL,Sumter,SUMTER,0.104,0.0006,0.0047,0.0477,0.104,fire
FL,Suwannee,SUWANNEE,0.0477,0.0028,0.0126,0.0002,0.0477,fire
FL,Taylor,TAYLOR,0.0811,0.0185,0.0093,0.0006,0.0811,fire
FL,Union,UNION,0.0131,0.0019,0.0057,0.0,0.0131,fire
FL,Volusia,VOLUSIA,0.075,0.0019,0.0422,0.0006,0.075,fire
FL,Wakulla,WAKULLA,0.075,0.0165,0.0592,0.001,0.075,fire
FL,Walton,WALTON,0.0115,0.0549,0.0376,0.0007,0.0549,flood
FL,Washington,WASHINGTON,0.0108,0.0123,0.0242,0.0002,0.0242,wind
GA,Appling,APPLING,0.0045,0.0069,0.0205,0.0068,0.0205,wind
GA,Atkinson,ATKINSON,0.0066,0.0054,0.0191,0.0017,0.0191,wind
GA,Bacon,BACON,0.0034,0.0128,0.0211,0.0044,0.0211,wind
GA,Baker,BAKER,0.0048,0.0069,0.0376,0.0006,0.0376,wind
GA,Baldwin,BALDWIN,0.0047,0.007,0.0087,0.037,0.037,winter
GA,Banks,BANKS,0.0032,0.0039,0.0222,0.037,0.037,winter
GA,Barrow,BARROW,0.0055,0.004,0.0143,0.037,0.037,winter
GA,Bartow,BARTOW,0.0076,0.0069,0.0159,0.0427,0.0427,winter
GA,Ben Hill,BEN HILL,0.0045,0.0105,0.0143,0.0108,0.0143,wind
GA,Berrien,BERRIEN,0.0047,0.0046,0.0205,0.0011,0.0205,wind
GA,Bibb,BIBB,0.001,0.0069,0.0316,0.0264,0.0316,wind
GA,Bleckley,BLECKLEY,0.0032,0.006,0.0068,0.0413,0.0413,winter
GA,Brantley,BRANTLEY,0.0122,0.0038,0.0191,0.0007,0.0191,wind
GA,Brooks,BROOKS,0.0066,0.0042,0.037,0.0011,0.037,wind
GA,Bryan,BRYAN,0.0048,0.0069,0.0513,0.0056,0.0513,wind
GA,Bulloch,BULLOCH,0.0034,0.0069,0.0679,0.0088,0.0679,wind
GA,Burke,BURKE,0.0032,0.0042,0.0316,0.0088,0.0316,wind
GA,Butts,BUTTS,0.0061,0.006,0.0143,0.0329,0.0329,winter
GA,Calhoun,CALHOUN,0.0055,0.0046,0.0316,0.0014,0.0316,wind
GA,Camden,CAMDEN,0.0083,0.007,0.0316,0.0006,0.0316,wind
GA,Candler,CANDLER,0.0032,0.0039,0.0422,0.0154,0.0422,wind
GA,Carroll,CARROLL,0.0048,0.0069,0.0173,0.0477,0.0477,winter
GA,Catoosa,CATOOSA,0.0019,0.0046,0.0242,0.0354,0.0354,winter
GA,Charlton,CHARLTON,0.0076,0.0025,0.0154,0.0006,0.0154,wind
GA,Chatham,CHATHAM,0.003,0.0042,0.0612,0.003,0.0612,wind
GA,Chattahoochee,CHATTAHOOCHEE,0.0047,0.0028,0.0093,0.0305,0.0305,winter
GA,Chattooga,CHATTOOGA,0.0273,0.0032,0.0285,0.0559,0.0559,winter
GA,Cherokee,CHEROKEE,0.0047,0.0028,0.0191,0.0559,0.0559,winter
GA,Clarke,CLARKE,0.0032,0.0028,0.0167,0.047,0.047,winter
GA,Clay,CLAY,0.0034,0.0042,0.0434,0.001,0.0434,wind
GA,Clayton,CLAYTON,0.0045,0.006,0.0126,0.0317,0.0317,winter
GA,Clinch,CLINCH,0.0143,0.002,0.0239,0.0006,0.0239,wind
GA,Cobb,COBB,0.0045,0.0105,0.0143,0.0477,0.0477,winter
GA,Coffee,COFFEE,0.0066,0.0028,0.0291,0.0088,0.0291,wind
GA,Colquitt,COLQUITT,0.0061,0.0105,0.0343,0.001,0.0343,wind
GA,Columbia,COLUMBIA,0.0032,0.0046,0.0285,0.0113,0.0285,wind
GA,Cook,COOK,0.0037,0.006,0.0316,0.0017,0.0316,wind
GA,Coweta,COWETA,0.0006,0.0028,0.0285,0.0556,0.0556,winter
GA,Crawford,CRAWFORD,0.0018,0.007,0.0222,0.0317,0.0317,winter
GA,Crisp,CRISP,0.0017,0.0069,0.0083,0.0477,0.0477,winter
GA,Dade,DADE,0.0131,0.004,0.0316,0.0329,0.0329,winter
GA,Dawson,DAWSON,0.0061,0.0056,0.0093,0.0598,0.0598,winter
GA,Decatur,DECATUR,0.0066,0.007,0.0679,0.0014,0.0679,wind
GA,Dekalb,DEKALB,0.0045,0.0046,0.0,0.0,0.0046,flood
GA,Dodge,DODGE,0.0037,0.0046,0.0118,0.0477,0.0477,winter
GA,Dooly,DOOLY,0.0045,0.0105,0.0041,0.0477,0.0477,winter
GA,Dougherty,DOUGHERTY,0.0066,0.0128,0.017,0.0001,0.017,wind
GA,Douglas,DOUGLAS,0.0209,0.0105,0.017,0.0418,0.0418,winter
GA,Early,EARLY,0.0076,0.0038,0.0561,0.0017,0.0561,wind
GA,Echols,ECHOLS,0.0066,0.0069,0.0093,0.0,0.0093,wind
GA,Effingham,EFFINGHAM,0.0039,0.0024,0.0561,0.0043,0.0561,wind
GA,Elbert,ELBERT,0.0048,0.007,0.0418,0.0305,0.0418,wind
GA,Emanuel,EMANUEL,0.0032,0.0105,0.0118,0.0559,0.0559,winter
GA,Evans,EVANS,0.0047,0.0028,0.039,0.0088,0.039,wind
GA,Fannin,FANNIN,0.0091,0.0123,0.0154,0.1227,0.1227,winter
GA,Fayette,FAYETTE,0.0034,0.0157,0.0134,0.0386,0.0386,winter
GA,Floyd,FLOYD,0.0076,0.0069,0.0239,0.0477,0.0477,winter
GA,Forsyth,FORSYTH,0.0108,0.0038,0.0104,0.0549,0.0549,winter
GA,Franklin,FRANKLIN,0.0085,0.0046,0.0497,0.0317,0.0497,wind
GA,Fulton,FULTON,0.0076,0.007,0.0167,0.034,0.034,winter
GA,Gilmer,GILMER,0.0182,0.0105,0.0191,0.0868,0.0868,winter
GA,Glascock,GLASCOCK,0.0045,0.0069,0.0029,0.037,0.037,winter
GA,Glynn,GLYNN,0.0032,0.0042,0.0222,0.003,0.0222,wind
GA,Gordon,GORDON,0.0083,0.0025,0.0189,0.0598,0.0598,winter
GA,Grady,GRADY,0.0066,0.0128,0.1079,0.0006,0.1079,wind
GA,Greene,GREENE,0.0048,0.0105,0.0049,0.0477,0.0477,winter
GA,Gwinnett,GWINNETT,0.0024,0.0039,0.017,0.047,0.047,winter
GA,Habersham,HABERSHAM,0.0066,0.0136,0.0762,0.0386,0.0762,wind
GA,Hall,HALL,0.0032,0.0024,0.0126,0.0559,0.0559,winter
GA,Hancock,HANCOCK,0.0055,0.0046,0.0029,0.0477,0.0477,winter
GA,Haralson,HARALSON,0.0055,0.0028,0.0205,0.037,0.037,winter
GA,Harris,HARRIS,0.0034,0.0128,0.0167,0.0317,0.0317,winter
GA,Hart,HART,0.0061,0.0032,0.0534,0.0343,0.0534,wind
GA,Heard,HEARD,0.0055,0.0046,0.0251,0.0386,0.0386,winter
GA,Henry,HENRY,0.0019,0.0025,0.0167,0.037,0.037,winter
GA,Houston,HOUSTON,0.0032,0.0071,0.0143,0.0477,0.0477,winter
GA,Irwin,IRWIN,0.0048,0.0105,0.0118,0.0011,0.0118,wind
GA,Jackson,JACKSON,0.0045,0.0059,0.0211,0.0477,0.0477,winter
GA,Jasper,JASPER,0.0066,0.0212,0.0126,0.0343,0.0343,winter
GA,Jeff Davis,JEFF DAVIS,0.0039,0.0039,0.0239,0.0123,0.0239,wind
GA,Jefferson,JEFFERSON,0.0047,0.0136,0.0118,0.0598,0.0598,winter
GA,Jenkins,JENKINS,0.0034,0.0069,0.0285,0.0068,0.0285,wind
GA,Johnson,JOHNSON,0.0023,0.0105,0.0118,0.0679,0.0679,winter
GA,Jones,JONES,0.0085,0.0128,0.0126,0.0354,0.0354,winter
GA,Lamar,LAMAR,0.0066,0.0042,0.0154,0.0264,0.0264,winter
GA,Lanier,LANIER,0.0055,0.0042,0.0251,0.001,0.0251,wind
GA,Laurens,LAURENS,0.0034,0.0105,0.0158,0.0679,0.0679,winter
GA,Lee,LEE,0.0055,0.0105,0.0093,0.0003,0.0105,flood
GA,Liberty,LIBERTY,0.0076,0.0028,0.0746,0.0044,0.0746,wind
GA,Lincoln,LINCOLN,0.003,0.0042,0.0222,0.014,0.0222,wind
GA,Long,LONG,0.0085,0.0046,0.0422,0.0036,0.0422,wind
GA,Lowndes,LOWNDES,0.0055,0.0045,0.0343,0.0011,0.0343,wind
GA,Lumpkin,LUMPKIN,0.0218,0.0105,0.0087,0.0665,0.0665,winter
GA,Macon,MACON,0.0047,0.0039,0.0083,0.0413,0.0413,winter
GA,Madison,MADISON,0.0055,0.007,0.017,0.0386,0.0386,winter
GA,Marion,MARION,0.0032,0.0046,0.0061,0.0413,0.0413,winter
GA,Mcduffie,MCDUFFIE,0.0066,0.0046,0.0126,0.0141,0.0141,winter
GA,Mcintosh,MCINTOSH,0.0091,0.0028,0.0481,0.0033,0.0481,wind
GA,Meriwether,MERIWETHER,0.0047,0.0038,0.0191,0.0386,0.0386,winter
GA,Miller,MILLER,0.0039,0.0028,0.0746,0.003,0.0746,wind
GA,Mitchell,MITCHELL,0.0032,0.007,0.0316,0.0001,0.0316,wind
GA,Monroe,MONROE,0.0055,0.0056,0.0205,0.0304,0.0304,winter
GA,Montgomery,MONTGOMERY,0.0032,0.007,0.0118,0.0415,0.0415,winter
GA,Morgan,MORGAN,0.0066,0.007,0.0126,0.037,0.037,winter
GA,Murray,MURRAY,0.0218,0.007,0.0154,0.0734,0.0734,winter
GA,Muscogee,MUSCOGEE,0.0024,0.0056,0.0205,0.0305,0.0305,winter
GA,Newton,NEWTON,0.0032,0.006,0.0159,0.037,0.037,winter
GA,Oconee,OCONEE,0.0048,0.0028,0.0118,0.0384,0.0384,winter
GA,Oglethorpe,OGLETHORPE,0.0047,0.0032,0.0083,0.0549,0.0549,winter
GA,Paulding,PAULDING,0.0014,0.0025,0.0159,0.037,0.037,winter
GA,Peach,PEACH,0.0047,0.0056,0.0126,0.0354,0.0354,winter
GA,Pickens,PICKENS,0.0045,0.0105,0.0106,0.0679,0.0679,winter
GA,Pierce,PIERCE,0.0066,0.006,0.0167,0.0014,0.0167,wind
GA,Pike,PIKE,0.0034,0.0039,0.0159,0.0236,0.0236,winter
GA,Polk,POLK,0.0055,0.0059,0.0205,0.037,0.037,winter
GA,Pulaski,PULASKI,0.0045,0.0157,0.0029,0.062,0.062,winter
GA,Putnam,PUTNAM,0.0168,0.0056,0.0068,0.0354,0.0354,winter
GA,Quitman,QUITMAN,0.0048,0.006,0.0316,0.0014,0.0316,wind
GA,Rabun,RABUN,0.0085,0.0128,0.0839,0.0549,0.0839,wind
GA,Randolph,RANDOLPH,0.0014,0.0028,0.0332,0.003,0.0332,wind
GA,Richmond,RICHMOND,0.0048,0.0042,0.0343,0.009,0.0343,wind
GA,Rockdale,ROCKDALE,0.0047,0.007,0.0068,0.0291,0.0291,winter
GA,Schley,SCHLEY,0.0032,0.0054,0.0057,0.0413,0.0413,winter
GA,Screven,SCREVEN,0.0024,0.0028,0.0507,0.0068,0.0507,wind
GA,Seminole,SEMINOLE,0.0066,0.0028,0.0507,0.0011,0.0507,wind
GA,Spalding,SPALDING,0.0048,0.0136,0.0167,0.0305,0.0305,winter
GA,Stephens,STEPHENS,0.0076,0.0022,0.0534,0.037,0.0534,wind
GA,Stewart,STEWART,0.0034,0.0028,0.0093,0.0285,0.0285,winter
GA,Sumter,SUMTER,0.0032,0.0105,0.0068,0.0341,0.0341,winter
GA,Talbot,TALBOT,0.0032,0.0025,0.0083,0.0354,0.0354,winter
GA,Taliaferro,TALIAFERRO,0.0061,0.0028,0.0009,0.0556,0.0556,winter
GA,Tattnall,TATTNALL,0.0047,0.0046,0.0434,0.0088,0.0434,wind
GA,Taylor,TAYLOR,0.0032,0.0046,0.0104,0.0413,0.0413,winter
GA,Telfair,TELFAIR,0.0055,0.0069,0.0134,0.0418,0.0418,winter
GA,Terrell,TERRELL,0.0036,0.0038,0.0134,0.0072,0.0134,wind
GA,Thomas,THOMAS,0.0034,0.0212,0.0343,0.0001,0.0343,wind
GA,Tift,TIFT,0.0045,0.007,0.0222,0.0017,0.0222,wind
GA,Toombs,TOOMBS,0.0037,0.007,0.0167,0.0477,0.0477,winter
GA,Towns,TOWNS,0.0115,0.0201,0.017,0.0798,0.0798,winter
GA,Treutlen,TREUTLEN,0.0032,0.0123,0.0093,0.0581,0.0581,winter
GA,Troup,TROUP,0.0048,0.0056,0.0191,0.047,0.047,winter
GA,Turner,TURNER,0.002,0.0059,0.0087,0.0068,0.0087,wind
GA,Twiggs,TWIGGS,0.0045,0.0046,0.0191,0.037,0.037,winter
GA,Union,UNION,0.0131,0.0105,0.0126,0.089,0.089,winter
GA,Upson,UPSON,0.0055,0.0042,0.0191,0.0303,0.0303,winter
GA,Walker,WALKER,0.02,0.007,0.0316,0.0386,0.0386,winter
GA,Walton,WALTON,0.0032,0.0024,0.0143,0.037,0.037,winter
GA,Ware,WARE,0.0066,0.0069,0.0093,0.003,0.0093,wind
GA,Warren,WARREN,0.0055,0.0028,0.0037,0.0354,0.0354,winter
GA,Washington,WASHINGTON,0.0047,0.007,0.0093,0.0473,0.0473,winter
GA,Wayne,WAYNE,0.0108,0.0105,0.0343,0.003,0.0343,wind
GA,Webster,WEBSTER,0.0023,0.0046,0.0068,0.0303,0.0303,winter
GA,Wheeler,WHEELER,0.0047,0.0054,0.017,0.037,0.037,winter
GA,White,WHITE,0.0111,0.007,0.0083,0.062,0.062,winter
GA,Whitfield,WHITFIELD,0.0066,0.0032,0.0239,0.0418,0.0418,winter
GA,Wilcox,WILCOX,0.0032,0.0046,0.0049,0.047,0.047,winter
GA,Wilkes,WILKES,0.0076,0.0056,0.0068,0.047,0.047,winter
GA,Wilkinson,WILKINSON,0.0076,0.0019,0.0134,0.0354,0.0354,winter
GA,Worth,WORTH,0.0045,0.0128,0.0242,0.0031,0.0242,wind
IA,Adair,ADAIR,0.0004,0.0056,0.1984,0.02,0.1984,wind
IA,Adams,ADAMS,0.0001,0.0046,0.0979,0.02,0.0979,wind
IA,Allamakee,ALLAMAKEE,0.0076,0.0042,0.1079,0.1286,0.1286,winter
IA,Appanoose,APPANOOSE,0.003,0.0042,0.0612,0.0264,0.0612,wind
IA,Audubon,AUDUBON,0.0001,0.0105,0.1116,0.037,0.1116,wind
IA,Benton,BENTON,0.002,0.0032,0.0762,0.3246,0.3246,winter
IA,Black Hawk,BLACK HAWK,0.0017,0.0185,0.1192,0.1949,0.1949,winter
IA,Boone,BOONE,0.0047,0.0123,0.2195,0.1573,0.2195,wind
IA,Bremer,BREMER,0.0034,0.0185,0.0746,0.0917,0.0917,winter
IA,Buchanan,BUCHANAN,0.0014,0.0046,0.0871,0.3123,0.3123,winter
IA,Buena Vista,BUENA VISTA,0.0014,0.0105,0.1082,0.1949,0.1949,winter
IA,Butler,BUTLER,0.0032,0.0105,0.1255,0.1227,0.1255,wind
IA,Calhoun,CALHOUN,0.0032,0.0201,0.2015,0.1949,0.2015,wind
IA,Carroll,CARROLL,0.0034,0.006,0.2022,0.0785,0.2022,wind
IA,Cass,CASS,0.0001,0.0024,0.1653,0.0343,0.1653,wind
IA,Cedar,CEDAR,0.0003,0.0042,0.0454,0.2074,0.2074,winter
IA,Cerro Gordo,CERRO GORDO,0.0007,0.0249,0.09,0.0559,0.09,wind
IA,Cherokee,CHEROKEE,0.001,0.0056,0.0839,0.1558,0.1558,winter
IA,Chickasaw,CHICKASAW,0.0023,0.0046,0.0762,0.0798,0.0798,winter
IA,Clarke,CLARKE,0.0019,0.0059,0.1231,0.0179,0.1231,wind
IA,Clay,CLAY,0.0018,0.0185,0.0979,0.2194,0.2194,winter
IA,Clayton,CLAYTON,0.0036,0.0039,0.0801,0.1342,0.1342,winter
IA,Clinton,CLINTON,0.0001,0.0059,0.0592,0.1529,0.1529,winter
IA,Crawford,CRAWFORD,0.001,0.0028,0.0979,0.0264,0.0979,wind
IA,Dallas,DALLAS,0.0003,0.0039,0.1653,0.1501,0.1653,wind
IA,Davis,DAVIS,0.0018,0.0326,0.0669,0.0598,0.0669,wind
IA,Decatur,DECATUR,0.0018,0.0185,0.0612,0.02,0.0612,wind
IA,Delaware,DELAWARE,0.001,0.007,0.0762,0.2507,0.2507,winter
IA,Des Moines,DES MOINES,0.0006,0.0046,0.0393,0.1012,0.1012,winter
IA,Dickinson,DICKINSON,0.001,0.0028,0.09,0.26,0.26,winter
IA,Dubuque,DUBUQUE,0.0018,0.0316,0.0839,0.161,0.161,winter
IA,Emmet,EMMET,0.0006,0.0856,0.1015,0.1342,0.1342,winter
IA,Fayette,FAYETTE,0.0013,0.0105,0.0746,0.187,0.187,winter
IA,Floyd,FLOYD,0.001,0.0128,0.0592,0.0698,0.0698,winter
IA,Franklin,FRANKLIN,0.001,0.0212,0.0762,0.1227,0.1227,winter
IA,Fremont,FREMONT,0.0013,0.002,0.0746,0.0303,0.0746,wind
IA,Greene,GREENE,0.0007,0.006,0.1015,0.1949,0.1949,winter
IA,Grundy,GRUNDY,0.0014,0.0332,0.1528,0.1564,0.1564,winter
IA,Guthrie,GUTHRIE,0.0007,0.0039,0.1231,0.0785,0.1231,wind
IA,Hamilton,HAMILTON,0.0013,0.0165,0.1653,0.1998,0.1998,winter
IA,Hancock,HANCOCK,0.0122,0.0201,0.065,0.1012,0.1012,winter
IA,Hardin,HARDIN,0.0111,0.0316,0.2028,0.1788,0.2028,wind
IA,Harrison,HARRISON,0.002,0.0011,0.0801,0.037,0.0801,wind
IA,Henry,HENRY,0.0003,0.0022,0.0561,0.1012,0.1012,winter
IA,Howard,HOWARD,0.0023,0.0046,0.0762,0.0868,0.0868,winter
IA,Humboldt,HUMBOLDT,0.001,0.0249,0.0979,0.1572,0.1572,winter
IA,Ida,IDA,0.0004,0.007,0.0211,0.0,0.0211,wind
IA,Iowa,IOWA,0.0032,0.0069,0.065,0.1572,0.1572,winter
IA,Jackson,JACKSON,0.0003,0.007,0.0909,0.1573,0.1573,winter
IA,Jasper,JASPER,0.002,0.0856,0.1356,0.0868,0.1356,wind
IA,Jefferson,JEFFERSON,0.0007,0.0019,0.0481,0.1227,0.1227,winter
IA,Johnson,JOHNSON,0.0047,0.0069,0.0592,0.1583,0.1583,winter
IA,Jones,JONES,0.001,0.0069,0.0801,0.2194,0.2194,winter
IA,Keokuk,KEOKUK,0.001,0.0022,0.0762,0.1342,0.1342,winter
IA,Kossuth,KOSSUTH,0.001,0.1129,0.065,0.1567,0.1567,winter
IA,Lee,LEE,0.0047,0.0042,0.0507,0.0011,0.0507,wind
IA,Linn,LINN,0.003,0.0069,0.09,0.2718,0.2718,winter
IA,Louisa,LOUISA,0.0024,0.0042,0.0376,0.1227,0.1227,winter
IA,Lucas,LUCAS,0.0014,0.0361,0.0762,0.0343,0.0762,wind
IA,Lyon,LYON,0.0032,0.0024,0.0762,0.2194,0.2194,winter
IA,Madison,MADISON,0.0006,0.0039,0.1449,0.0264,0.1449,wind
IA,Mahaska,MAHASKA,0.001,0.0105,0.0979,0.1091,0.1091,winter
IA,Marion,MARION,0.0034,0.0046,0.1528,0.0665,0.1528,wind
IA,Marshall,MARSHALL,0.0017,0.007,0.2031,0.1342,0.2031,wind
IA,Mills,MILLS,0.0048,0.0022,0.09,0.0291,0.09,wind
IA,Mitchell,MITCHELL,0.0014,0.006,0.0507,0.0679,0.0679,winter
IA,Monona,MONONA,0.0039,0.0028,0.065,0.0305,0.065,wind
IA,Monroe,MONROE,0.0023,0.0059,0.111,0.0598,0.111,wind
IA,Montgomery,MONTGOMERY,0.0003,0.001,0.0746,0.0285,0.0746,wind
IA,Muscatine,MUSCATINE,0.001,0.0042,0.037,0.1501,0.1501,winter
IA,O'Brien,O'BRIEN,0.0024,0.0069,0.0839,0.1998,0.1998,winter
IA,Osceola,OSCEOLA,0.003,0.0028,0.0592,0.2336,0.2336,winter
IA,Page,PAGE,0.0001,0.0025,0.0534,0.0264,0.0534,wind
IA,Palo Alto,PALO ALTO,0.0014,0.0332,0.0592,0.2194,0.2194,winter
IA,Plymouth,PLYMOUTH,0.0039,0.0014,0.0946,0.1223,0.1223,winter
IA,Pocahontas,POCAHONTAS,0.0006,0.0316,0.0801,0.26,0.26,winter
IA,Polk,POLK,0.0037,0.0046,0.1653,0.1227,0.1653,wind
IA,Pottawattamie,POTTAWATTAMIE,0.0707,0.0009,0.1231,0.0477,0.1231,wind
IA,Poweshiek,POWESHIEK,0.0061,0.0157,0.11,0.1012,0.11,wind
IA,Ringgold,RINGGOLD,0.0017,0.006,0.0746,0.02,0.0746,wind
IA,Sac,SAC,0.0017,0.0028,0.0343,0.0002,0.0343,wind
IA,Scott,SCOTT,0.0007,0.0046,0.0434,0.1998,0.1998,winter
IA,Shelby,SHELBY,0.001,0.0028,0.0839,0.0236,0.0839,wind
IA,Sioux,SIOUX,0.0045,0.0056,0.111,0.2074,0.2074,winter
IA,Story,STORY,0.0032,0.0069,0.1831,0.1949,0.1949,winter
IA,Tama,TAMA,0.0034,0.0361,0.1356,0.1342,0.1356,wind
IA,Taylor,TAYLOR,0.0007,0.004,0.0746,0.02,0.0746,wind
IA,Union,UNION,0.002,0.0039,0.1192,0.02,0.1192,wind
IA,Van Buren,VAN BUREN,0.0032,0.0024,0.0513,0.0679,0.0679,winter
IA,Wapello,WAPELLO,0.003,0.0123,0.0839,0.0972,0.0972,winter
IA,Warren,WARREN,0.0023,0.0057,0.1255,0.0329,0.1255,wind
IA,Washington,WASHINGTON,0.001,0.0028,0.0592,0.1203,0.1203,winter
IA,Wayne,WAYNE,0.003,0.0342,0.0801,0.0236,0.0801,wind
IA,Webster,WEBSTER,0.0034,0.0165,0.0979,0.2526,0.2526,winter
IA,Winnebago,WINNEBAGO,0.0006,0.0316,0.065,0.1012,0.1012,winter
IA,Winneshiek,WINNESHIEK,0.0014,0.0056,0.0979,0.0917,0.0979,wind
IA,Woodbury,WOODBURY,0.0076,0.0069,0.09,0.062,0.09,wind
IA,Worth,WORTH,0.001,0.0165,0.0497,0.0868,0.0868,winter
IA,Wright,WRIGHT,0.0004,0.0123,0.0946,0.1998,0.1998,winter
ID,Ada,ADA,0.0005,0.0128,0.0167,0.003,0.0167,wind
ID,Adams,ADAMS,0.0001,0.0185,0.0037,0.0002,0.0185,flood
ID,Bannock,BANNOCK,0.001,0.006,0.0211,0.0017,0.0211,wind
ID,Bear Lake,BEAR LAKE,0.0001,0.0069,0.0068,0.034,0.034,winter
ID,Benewah,BENEWAH,0.0001,0.0201,0.0083,0.2741,0.2741,winter
ID,Bingham,BINGHAM,0.001,0.0024,0.0205,0.0001,0.0205,wind
ID,Blaine,BLAINE,0.0001,0.007,0.0167,0.0044,0.0167,wind
ID,Boise,BOISE,0.0001,0.0069,0.0087,0.2563,0.2563,winter
ID,Bonner,BONNER,0.0001,0.0114,0.0316,0.3398,0.3398,winter
ID,Bonneville,BONNEVILLE,0.0001,0.002,0.0083,0.0002,0.0083,wind
ID,Boundary,BOUNDARY,0.0001,0.0069,0.0282,0.435,0.435,winter
ID,Butte,BUTTE,0.0001,0.0019,0.0126,0.0021,0.0126,wind
ID,Camas,CAMAS,0.0001,0.007,0.0035,0.1342,0.1342,winter
ID,Canyon,CANYON,0.0001,0.0332,0.0239,0.0477,0.0477,winter
ID,Caribou,CARIBOU,0.0001,0.0069,0.0154,0.2194,0.2194,winter
ID,Cassia,CASSIA,0.0001,0.0105,0.0167,0.0088,0.0167,wind
ID,Clark,CLARK,0.0006,0.0042,0.0041,0.0001,0.0042,flood
ID,Clearwater,CLEARWATER,0.0001,0.0316,0.0093,0.2837,0.2837,winter
ID,Custer,CUSTER,0.0003,0.001,0.0061,0.0,0.0061,wind
ID,Elmore,ELMORE,0.0001,0.0042,0.0087,0.001,0.0087,wind
ID,Franklin,FRANKLIN,0.0001,0.006,0.0083,0.0072,0.0083,wind
ID,Fremont,FREMONT,0.0001,0.0056,0.0049,0.0,0.0056,flood
ID,Gem,GEM,0.0004,0.0185,0.0093,0.0035,0.0185,flood
ID,Gooding,GOODING,0.0007,0.0071,0.0049,0.001,0.0071,flood
ID,Idaho,IDAHO,0.0001,0.0201,0.0093,0.0559,0.0559,winter
ID,Jefferson,JEFFERSON,0.001,0.002,0.0104,0.0009,0.0104,wind
ID,Jerome,JEROME,0.0001,0.0042,0.0083,0.0006,0.0083,wind
ID,Kootenai,KOOTENAI,0.0001,0.0448,0.0251,0.3398,0.3398,winter
ID,Latah,LATAH,0.0001,0.0625,0.0093,0.2336,0.2336,winter
ID,Lemhi,LEMHI,0.001,0.0015,0.0191,0.1223,0.1223,winter
ID,Lewis,LEWIS,0.0001,0.0069,0.0191,0.1572,0.1572,winter
ID,Lincoln,LINCOLN,0.0003,0.0316,0.0087,0.0068,0.0316,flood
ID,Madison,MADISON,0.0001,0.0028,0.0022,0.0001,0.0028,flood
ID,Minidoka,MINIDOKA,0.0001,0.0039,0.0143,0.0033,0.0143,wind
ID,Nez Perce,NEZ PERCE,0.0001,0.0165,0.0205,0.1573,0.1573,winter
ID,Oneida,ONEIDA,0.0003,0.0105,0.0104,0.0088,0.0105,flood
ID,Owyhee,OWYHEE,0.0001,0.0316,0.0083,0.1342,0.1342,winter
ID,Payette,PAYETTE,0.0006,0.0249,0.0083,0.0001,0.0249,flood
ID,Power,POWER,0.0005,0.0028,0.0113,0.0017,0.0113,wind
ID,Shoshone,SHOSHONE,0.0001,0.0157,0.0093,0.3258,0.3258,winter
ID,Teton,TETON,0.0001,0.0054,0.0028,0.003,0.0054,flood
ID,Twin Falls,TWIN FALLS,0.0006,0.0039,0.0222,0.1873,0.1873,winter
ID,Valley,VALLEY,0.0001,0.0046,0.039,0.0785,0.0785,winter
ID,Washington,WASHINGTON,0.0001,0.04,0.0083,0.0018,0.04,flood
IL,Adams,ADAMS,0.0006,0.002,0.0592,0.037,0.0592,wind
IL,Alexander,ALEXANDER,0.0496,0.0128,0.037,0.0296,0.0496,fire
IL,Bond,BOND,0.001,0.0019,0.0316,0.037,0.037,winter
IL,Boone,BOONE,0.0001,0.0069,0.0592,0.0317,0.0592,wind
IL,Brown,BROWN,0.0023,0.0019,0.0316,0.0415,0.0415,winter
IL,Bureau,BUREAU,0.0003,0.006,0.0534,0.1342,0.1342,winter
IL,Calhoun,CALHOUN,0.0143,0.0028,0.0343,0.0354,0.0354,winter
IL,Carroll,CARROLL,0.0001,0.007,0.0679,0.0997,0.0997,winter
IL,Cass,CASS,0.0023,0.002,0.0534,0.037,0.0534,wind
IL,Champaign,CHAMPAIGN,0.003,0.0024,0.11,0.047,0.11,wind
IL,Christian,CHRISTIAN,0.001,0.0028,0.0612,0.037,0.0612,wind
IL,Clark,CLARK,0.0032,0.0042,0.0316,0.0212,0.0316,wind
IL,Clay,CLAY,0.0045,0.0039,0.0534,0.0179,0.0534,wind
IL,Clinton,CLINTON,0.001,0.0022,0.0316,0.02,0.0316,wind
IL,Coles,COLES,0.0017,0.0019,0.0316,0.037,0.037,winter
IL,Cook,COOK,0.0032,0.0446,0.09,0.1342,0.1342,winter
IL,Crawford,CRAWFORD,0.0007,0.0056,0.0507,0.0113,0.0507,wind
IL,Cumberland,CUMBERLAND,0.0032,0.0042,0.0316,0.0264,0.0316,wind
IL,De Witt,DE WITT,0.0001,0.0028,0.1082,0.0264,0.1082,wind
IL,Dekalb,DEKALB,0.0001,0.0019,0.0,0.0,0.0019,flood
IL,Douglas,DOUGLAS,0.0003,0.0056,0.0393,0.0291,0.0393,wind
IL,Dupage,DUPAGE,0.0006,0.007,0.0,0.0,0.007,flood
IL,Edgar,EDGAR,0.0017,0.0032,0.0395,0.0285,0.0395,wind
IL,Edwards,EDWARDS,0.0007,0.0028,0.039,0.0556,0.0556,winter
IL,Effingham,EFFINGHAM,0.0032,0.004,0.037,0.0264,0.037,wind
IL,Fayette,FAYETTE,0.0032,0.002,0.0316,0.0329,0.0329,winter
IL,Ford,FORD,0.0001,0.0039,0.0871,0.034,0.0871,wind
IL,Franklin,FRANKLIN,0.0366,0.0105,0.0513,0.0785,0.0785,winter
IL,Fulton,FULTON,0.001,0.0046,0.0612,0.0559,0.0612,wind
IL,Gallatin,GALLATIN,0.0047,0.0157,0.0285,0.0598,0.0598,winter
IL,Greene,GREENE,0.0013,0.0019,0.0376,0.037,0.0376,wind
IL,Grundy,GRUNDY,0.0083,0.0069,0.039,0.0679,0.0679,winter
IL,Hamilton,HAMILTON,0.0023,0.0046,0.0402,0.0598,0.0598,winter
IL,Hancock,HANCOCK,0.0006,0.0028,0.0497,0.089,0.089,winter
IL,Hardin,HARDIN,0.0254,0.0185,0.0239,0.0477,0.0477,winter
IL,Henderson,HENDERSON,0.0001,0.0069,0.0285,0.0972,0.0972,winter
IL,Henry,HENRY,0.0001,0.0105,0.0668,0.1556,0.1556,winter
IL,Iroquois,IROQUOIS,0.0004,0.0056,0.0762,0.0264,0.0762,wind
IL,Jackson,JACKSON,0.0425,0.0069,0.0534,0.062,0.062,winter
IL,Jasper,JASPER,0.0014,0.0028,0.039,0.02,0.039,wind
IL,Jefferson,JEFFERSON,0.0151,0.0054,0.0534,0.0868,0.0868,winter
IL,Jersey,JERSEY,0.0131,0.0024,0.0251,0.0418,0.0418,winter
IL,Jo Daviess,JO DAVIESS,0.0004,0.0123,0.0979,0.1342,0.1342,winter
IL,Johnson,JOHNSON,0.0301,0.0105,0.0343,0.047,0.047,winter
IL,Kane,KANE,0.0013,0.0046,0.0575,0.0679,0.0679,winter
IL,Kankakee,KANKAKEE,0.0045,0.0046,0.0534,0.047,0.0534,wind
IL,Kendall,KENDALL,0.001,0.0009,0.039,0.0749,0.0749,winter
IL,Knox,KNOX,0.0006,0.0039,0.0481,0.062,0.062,winter
IL,Lake,LAKE,0.0111,0.0326,0.0839,0.0581,0.0839,wind
IL,Lasalle,LASALLE,0.0004,0.0028,0.0,0.0,0.0028,flood
IL,Lawrence,LAWRENCE,0.0045,0.007,0.0592,0.0123,0.0592,wind
IL,Lee,LEE,0.0003,0.0046,0.0242,0.0017,0.0242,wind
IL,Livingston,LIVINGSTON,0.0003,0.0015,0.0612,0.0679,0.0679,winter
IL,Logan,LOGAN,0.0014,0.0009,0.1449,0.0477,0.1449,wind
IL,Macon,MACON,0.001,0.0045,0.0679,0.02,0.0679,wind
IL,Macoupin,MACOUPIN,0.0032,0.0025,0.037,0.047,0.047,winter
IL,Madison,MADISON,0.0034,0.0039,0.0454,0.037,0.0454,wind
IL,Marion,MARION,0.0083,0.0054,0.0418,0.0236,0.0418,wind
IL,Marshall,MARSHALL,0.0006,0.0069,0.0376,0.0477,0.0477,winter
IL,Mason,MASON,0.0001,0.0028,0.0513,0.0477,0.0513,wind
IL,Massac,MASSAC,0.02,0.0059,0.0316,0.0415,0.0415,winter
IL,Mcdonough,MCDONOUGH,0.0001,0.0123,0.0422,0.0972,0.0972,winter
IL,Mchenry,MCHENRY,0.0004,0.0165,0.0629,0.0556,0.0629,wind
IL,Mclean,MCLEAN,0.0018,0.002,0.1231,0.062,0.1231,wind
IL,Menard,MENARD,0.0006,0.001,0.0534,0.0305,0.0534,wind
IL,Mercer,MERCER,0.0003,0.0045,0.0316,0.1564,0.1564,winter
IL,Monroe,MONROE,0.0091,0.007,0.037,0.0179,0.037,wind
IL,Montgomery,MONTGOMERY,0.001,0.0019,0.0316,0.0386,0.0386,winter
IL,Morgan,MORGAN,0.001,0.0019,0.0422,0.047,0.047,winter
IL,Moultrie,MOULTRIE,0.0003,0.0039,0.039,0.0285,0.039,wind
IL,Ogle,OGLE,0.0003,0.0105,0.0612,0.0559,0.0612,wind
IL,Peoria,PEORIA,0.003,0.0071,0.0612,0.0598,0.0612,wind
IL,Perry,PERRY,0.0045,0.007,0.0497,0.0698,0.0698,winter
IL,Piatt,PIATT,0.0001,0.0022,0.0746,0.0264,0.0746,wind
IL,Pike,PIKE,0.0024,0.0019,0.0422,0.0598,0.0598,winter
IL,Pope,POPE,0.0384,0.0123,0.0239,0.0477,0.0477,winter
IL,Pulaski,PULASKI,0.0306,0.0201,0.0285,0.037,0.037,winter
IL,Putnam,PUTNAM,0.0006,0.007,0.0285,0.1227,0.1227,winter
IL,Randolph,RANDOLPH,0.0083,0.0028,0.0363,0.0141,0.0363,wind
IL,Richland,RICHLAND,0.001,0.0015,0.0454,0.0123,0.0454,wind
IL,Rock Island,ROCK ISLAND,0.0004,0.0123,0.039,0.1564,0.1564,winter
IL,Saline,SALINE,0.0509,0.0105,0.0422,0.0477,0.0509,fire
IL,Sangamon,SANGAMON,0.001,0.0032,0.1103,0.0477,0.1103,wind
IL,Schuyler,SCHUYLER,0.0019,0.0046,0.0497,0.0549,0.0549,winter
IL,Scott,SCOTT,0.0007,0.0011,0.0316,0.0354,0.0354,winter
IL,Shelby,SHELBY,0.002,0.002,0.037,0.037,0.037,wind
IL,St. Clair,ST. CLAIR,0.0076,0.0028,0.0422,0.0343,0.0422,wind
IL,Stark,STARK,0.0006,0.0038,0.0343,0.062,0.062,winter
IL,Stephenson,STEPHENSON,0.0001,0.0059,0.0782,0.0917,0.0917,winter
IL,Tazewell,TAZEWELL,0.0023,0.0032,0.1192,0.0477,0.1192,wind
IL,Union,UNION,0.0707,0.0212,0.0316,0.037,0.0707,fire
IL,Vermilion,VERMILION,0.0003,0.0165,0.0871,0.0303,0.0871,wind
IL,Wabash,WABASH,0.0006,0.0054,0.0481,0.0477,0.0481,wind
IL,Warren,WARREN,0.0006,0.0022,0.0376,0.0917,0.0917,winter
IL,Washington,WASHINGTON,0.003,0.0019,0.0376,0.0253,0.0376,wind
IL,Wayne,WAYNE,0.0032,0.0028,0.0376,0.0734,0.0734,winter
IL,White,WHITE,0.0004,0.0046,0.0376,0.0679,0.0679,winter
IL,Whiteside,WHITESIDE,0.0001,0.0042,0.0809,0.1471,0.1471,winter
IL,Will,WILL,0.0061,0.0533,0.0679,0.1223,0.1223,winter
IL,Williamson,WILLIAMSON,0.075,0.0123,0.0497,0.0559,0.075,fire
IL,Winnebago,WINNEBAGO,0.0003,0.0128,0.0762,0.0598,0.0762,wind
IL,Woodford,WOODFORD,0.0032,0.0201,0.0762,0.0734,0.0762,wind
IN,Adams,ADAMS,0.0001,0.0024,0.0507,0.0291,0.0507,wind
IN,Allen,ALLEN,0.0006,0.0069,0.0481,0.0343,0.0481,wind
IN,Bartholomew,BARTHOLOMEW,0.0055,0.0128,0.0343,0.0088,0.0343,wind
IN,Benton,BENTON,0.0003,0.0042,0.0481,0.0154,0.0481,wind
IN,Blackford,BLACKFORD,0.0001,0.0069,0.0376,0.0264,0.0376,wind
IN,Boone,BOONE,0.0001,0.0212,0.0376,0.02,0.0376,wind
IN,Brown,BROWN,0.0048,0.0201,0.0376,0.0088,0.0376,wind
IN,Carroll,CARROLL,0.001,0.0045,0.0612,0.0179,0.0612,wind
IN,Cass,CASS,0.001,0.0056,0.0376,0.0329,0.0376,wind
IN,Clark,CLARK,0.0085,0.0123,0.0762,0.0033,0.0762,wind
IN,Clay,CLAY,0.0076,0.0105,0.0376,0.0123,0.0376,wind
IN,Clinton,CLINTON,0.001,0.0069,0.0592,0.0179,0.0592,wind
IN,Crawford,CRAWFORD,0.0023,0.0316,0.0839,0.0033,0.0839,wind
IN,Daviess,DAVIESS,0.0007,0.0316,0.0801,0.0072,0.0801,wind
IN,Dearborn,DEARBORN,0.0017,0.0165,0.0534,0.0088,0.0534,wind
IN,Decatur,DECATUR,0.0032,0.0069,0.037,0.0088,0.037,wind
IN,Dekalb,DEKALB,0.0003,0.0056,0.0,0.0,0.0056,flood
IN,Delaware,DELAWARE,0.001,0.0105,0.0481,0.0212,0.0481,wind
IN,Dubois,DUBOIS,0.0048,0.007,0.09,0.0108,0.09,wind
IN,Elkhart,ELKHART,0.003,0.0069,0.0762,0.037,0.0762,wind
IN,Fayette,FAYETTE,0.0017,0.006,0.0513,0.0179,0.0513,wind
IN,Floyd,FLOYD,0.0032,0.0019,0.0561,0.0056,0.0561,wind
IN,Fountain,FOUNTAIN,0.0006,0.0212,0.0534,0.0179,0.0534,wind
IN,Franklin,FRANKLIN,0.0083,0.0128,0.0422,0.0123,0.0422,wind
IN,Fulton,FULTON,0.0005,0.0105,0.0481,0.0317,0.0481,wind
IN,Gibson,GIBSON,0.0055,0.006,0.0612,0.0556,0.0612,wind
IN,Grant,GRANT,0.001,0.0069,0.0316,0.0291,0.0316,wind
IN,Greene,GREENE,0.0039,0.0123,0.0561,0.0056,0.0561,wind
IN,Hamilton,HAMILTON,0.0007,0.0105,0.0762,0.0303,0.0762,wind
IN,Hancock,HANCOCK,0.0004,0.0069,0.0513,0.0123,0.0513,wind
IN,Harrison,HARRISON,0.0055,0.0069,0.0892,0.0043,0.0892,wind
IN,Hendricks,HENDRICKS,0.0001,0.0157,0.09,0.0179,0.09,wind
IN,Henry,HENRY,0.001,0.0105,0.0418,0.017,0.0418,wind
IN,Howard,HOWARD,0.0004,0.0046,0.039,0.0179,0.039,wind
IN,Huntington,HUNTINGTON,0.0017,0.006,0.0316,0.034,0.034,winter
IN,Jackson,JACKSON,0.0047,0.0128,0.0534,0.0056,0.0534,wind
IN,Jasper,JASPER,0.0014,0.0069,0.0575,0.0291,0.0575,wind
IN,Jay,JAY,0.0006,0.0069,0.0251,0.0017,0.0251,wind
IN,Jefferson,JEFFERSON,0.0061,0.0105,0.0534,0.0033,0.0534,wind
IN,Jennings,JENNINGS,0.0066,0.0157,0.0343,0.0047,0.0343,wind
IN,Johnson,JOHNSON,0.0023,0.0165,0.0629,0.0088,0.0629,wind
IN,Knox,KNOX,0.001,0.0185,0.0871,0.0123,0.0871,wind
IN,Kosciusko,KOSCIUSKO,0.0014,0.007,0.0454,0.0317,0.0454,wind
IN,Lagrange,LAGRANGE,0.0024,0.0201,0.0454,0.0303,0.0454,wind
IN,Lake,LAKE,0.0047,0.0165,0.0679,0.0427,0.0679,wind
IN,Laporte,LAPORTE,0.0034,0.0069,0.0,0.0,0.0069,flood
IN,Lawrence,LAWRENCE,0.0061,0.0059,0.0561,0.0072,0.0561,wind
IN,Madison,MADISON,0.001,0.0069,0.0481,0.0212,0.0481,wind
IN,Marion,MARION,0.0003,0.0105,0.0629,0.0291,0.0629,wind
IN,Marshall,MARSHALL,0.0014,0.0105,0.0534,0.0291,0.0534,wind
IN,Martin,MARTIN,0.0034,0.006,0.0448,0.0044,0.0448,wind
IN,Miami,MIAMI,0.0032,0.0045,0.0285,0.037,0.037,winter
IN,Monroe,MONROE,0.0032,0.0123,0.0561,0.0068,0.0561,wind
IN,Montgomery,MONTGOMERY,0.0001,0.0105,0.039,0.0154,0.039,wind
IN,Morgan,MORGAN,0.0061,0.0212,0.0575,0.0141,0.0575,wind
IN,Newton,NEWTON,0.001,0.0114,0.0612,0.0343,0.0612,wind
IN,Noble,NOBLE,0.0017,0.0128,0.0534,0.0187,0.0534,wind
IN,Ohio,OHIO,0.0083,0.0157,0.0402,0.0056,0.0402,wind
IN,Orange,ORANGE,0.0055,0.0071,0.0669,0.0056,0.0669,wind
IN,Owen,OWEN,0.0048,0.0165,0.0592,0.0154,0.0592,wind
IN,Parke,PARKE,0.0048,0.0212,0.039,0.0154,0.039,wind
IN,Perry,PERRY,0.0085,0.0054,0.0658,0.0056,0.0658,wind
IN,Pike,PIKE,0.0509,0.0105,0.0434,0.0416,0.0509,fire
IN,Porter,PORTER,0.0066,0.0105,0.0592,0.0386,0.0592,wind
IN,Posey,POSEY,0.0111,0.007,0.0434,0.0598,0.0598,winter
IN,Pulaski,PULASKI,0.0006,0.007,0.0481,0.0305,0.0481,wind
IN,Putnam,PUTNAM,0.0014,0.0212,0.0561,0.0154,0.0561,wind
IN,Randolph,RANDOLPH,0.0003,0.0046,0.0507,0.0179,0.0507,wind
IN,Ripley,RIPLEY,0.0048,0.0128,0.0592,0.0088,0.0592,wind
IN,Rush,RUSH,0.0006,0.0128,0.0376,0.0108,0.0376,wind
IN,Scott,SCOTT,0.0055,0.007,0.0481,0.003,0.0481,wind
IN,Shelby,SHELBY,0.0013,0.0105,0.0316,0.0108,0.0316,wind
IN,Spencer,SPENCER,0.0083,0.0165,0.0811,0.0417,0.0811,wind
IN,St. Joseph,ST. JOSEPH,0.0019,0.0165,0.0762,0.0549,0.0762,wind
IN,Starke,STARKE,0.002,0.0123,0.0481,0.0305,0.0481,wind
IN,Steuben,STEUBEN,0.0007,0.0185,0.0418,0.0285,0.0418,wind
IN,Sullivan,SULLIVAN,0.002,0.0201,0.039,0.0113,0.039,wind
IN,Switzerland,SWITZERLAND,0.0048,0.0046,0.0448,0.0083,0.0448,wind
IN,Tippecanoe,TIPPECANOE,0.0003,0.0123,0.0762,0.0141,0.0762,wind
IN,Tipton,TIPTON,0.001,0.0024,0.0242,0.0141,0.0242,wind
IN,Union,UNION,0.003,0.0105,0.0534,0.0154,0.0534,wind
IN,Vanderburgh,VANDERBURGH,0.0143,0.0332,0.0612,0.0598,0.0612,wind
IN,Vermillion,VERMILLION,0.001,0.0316,0.0422,0.0141,0.0422,wind
IN,Vigo,VIGO,0.0032,0.0316,0.039,0.0154,0.039,wind
IN,Wabash,WABASH,0.0013,0.007,0.0422,0.0236,0.0422,wind
IN,Warren,WARREN,0.0003,0.0326,0.0612,0.0154,0.0612,wind
IN,Warrick,WARRICK,0.0168,0.0212,0.0762,0.037,0.0762,wind
IN,Washington,WASHINGTON,0.0047,0.0054,0.0629,0.0056,0.0629,wind
IN,Wayne,WAYNE,0.001,0.0332,0.0839,0.0253,0.0839,wind
IN,Wells,WELLS,0.0006,0.0042,0.0418,0.0305,0.0418,wind
IN,White,WHITE,0.0007,0.002,0.0668,0.0264,0.0668,wind
IN,Whitley,WHITLEY,0.0003,0.0128,0.0497,0.0343,0.0497,wind
KS,Allen,ALLEN,0.001,0.0019,0.0817,0.0179,0.0817,wind
KS,Anderson,ANDERSON,0.0036,0.0012,0.1192,0.0305,0.1192,wind
KS,Atchison,ATCHISON,0.0045,0.0008,0.0592,0.037,0.0592,wind
KS,Barber,BARBER,0.0111,0.0028,0.2659,0.0264,0.2659,wind
KS,Barton,BARTON,0.0032,0.0008,0.3118,0.037,0.3118,wind
KS,Bourbon,BOURBON,0.0066,0.002,0.0839,0.0141,0.0839,wind
KS,Brown,BROWN,0.0024,0.0019,0.09,0.0305,0.09,wind
KS,Butler,BUTLER,0.0778,0.0024,0.35,0.0559,0.35,wind
KS,Chase,CHASE,0.0143,0.0008,0.2195,0.0303,0.2195,wind
KS,Chautauqua,CHAUTAUQUA,0.0083,0.0008,0.2202,0.0154,0.2202,wind
KS,Cherokee,CHEROKEE,0.0076,0.0014,0.1015,0.0264,0.1015,wind
KS,Cheyenne,CHEYENNE,0.0061,0.0004,0.0669,0.2563,0.2563,winter
KS,Clark,CLARK,0.0091,0.001,0.1082,0.0477,0.1082,wind
KS,Clay,CLAY,0.0048,0.0015,0.1831,0.037,0.1831,wind
KS,Cloud,CLOUD,0.0055,0.0008,0.2195,0.034,0.2195,wind
KS,Coffey,COFFEY,0.0131,0.0008,0.1253,0.0329,0.1253,wind
KS,Comanche,COMANCHE,0.0091,0.0011,0.1116,0.037,0.1116,wind
KS,Cowley,COWLEY,0.0254,0.0019,0.3118,0.0179,0.3118,wind
KS,Crawford,CRAWFORD,0.0023,0.001,0.1082,0.0123,0.1082,wind
KS,Decatur,DECATUR,0.003,0.0019,0.1828,0.089,0.1828,wind
KS,Dickinson,DICKINSON,0.0061,0.0008,0.2659,0.0303,0.2659,wind
KS,Doniphan,DONIPHAN,0.0014,0.002,0.0561,0.037,0.0561,wind
KS,Douglas,DOUGLAS,0.0024,0.001,0.1514,0.0477,0.1514,wind
KS,Edwards,EDWARDS,0.0023,0.0005,0.1911,0.0598,0.1911,wind
KS,Elk,ELK,0.0061,0.001,0.1253,0.0033,0.1253,wind
KS,Ellis,ELLIS,0.0108,0.002,0.2195,0.062,0.2195,wind
KS,Ellsworth,ELLSWORTH,0.0076,0.001,0.2746,0.0264,0.2746,wind
KS,Finney,FINNEY,0.0048,0.0042,0.26,0.1564,0.26,wind
KS,Ford,FORD,0.0066,0.0008,0.3235,0.0917,0.3235,wind
KS,Franklin,FRANKLIN,0.0032,0.0004,0.1356,0.0179,0.1356,wind
KS,Geary,GEARY,0.0325,0.0039,0.1653,0.0556,0.1653,wind
KS,Gove,GOVE,0.0032,0.0008,0.2195,0.1227,0.2195,wind
KS,Graham,GRAHAM,0.0034,0.0039,0.26,0.0798,0.26,wind
KS,Grant,GRANT,0.0083,0.0003,0.111,0.1342,0.1342,winter
KS,Gray,GRAY,0.001,0.0032,0.2031,0.1227,0.2031,wind
KS,Greeley,GREELEY,0.0032,0.0001,0.0592,0.1572,0.1572,winter
KS,Greenwood,GREENWOOD,0.0301,0.001,0.1911,0.0413,0.1911,wind
KS,Hamilton,HAMILTON,0.0151,0.0001,0.0909,0.1873,0.1873,winter
KS,Harper,HARPER,0.0048,0.0046,0.26,0.02,0.26,wind
KS,Harvey,HARVEY,0.0034,0.0012,0.342,0.0598,0.342,wind
KS,Haskell,HASKELL,0.0023,0.002,0.1231,0.1012,0.1231,wind
KS,Hodgeman,HODGEMAN,0.0091,0.0004,0.2028,0.0798,0.2028,wind
KS,Jackson,JACKSON,0.0034,0.0056,0.1356,0.0679,0.1356,wind
KS,Jefferson,JEFFERSON,0.0091,0.0028,0.1082,0.0477,0.1082,wind
KS,Jewell,JEWELL,0.0032,0.0059,0.2031,0.0679,0.2031,wind
KS,Johnson,JOHNSON,0.0055,0.0002,0.11,0.037,0.11,wind
KS,Kearny,KEARNY,0.0066,0.0001,0.1192,0.1091,0.1192,wind
KS,Kingman,KINGMAN,0.0108,0.0014,0.342,0.0305,0.342,wind
KS,Kiowa,KIOWA,0.0047,0.0009,0.1653,0.0477,0.1653,wind
KS,Labette,LABETTE,0.0018,0.001,0.1255,0.0154,0.1255,wind
KS,Lane,LANE,0.0034,0.0008,0.1479,0.1223,0.1479,wind
KS,Leavenworth,LEAVENWORTH,0.0085,0.0024,0.1082,0.0386,0.1082,wind
KS,Lincoln,LINCOLN,0.0017,0.0011,0.2477,0.0236,0.2477,wind
KS,Linn,LINN,0.0083,0.001,0.0612,0.0179,0.0612,wind
KS,Logan,LOGAN,0.0034,0.0019,0.1479,0.1501,0.1501,winter
KS,Lyon,LYON,0.0218,0.0009,0.2015,0.047,0.2015,wind
KS,Marion,MARION,0.0111,0.002,0.2659,0.0477,0.2659,wind
KS,Marshall,MARSHALL,0.0032,0.0012,0.2015,0.0556,0.2015,wind
KS,Mcpherson,MCPHERSON,0.0047,0.0028,0.4031,0.0413,0.4031,wind
KS,Meade,MEADE,0.0091,0.0004,0.1231,0.0785,0.1231,wind
KS,Miami,MIAMI,0.0066,0.0008,0.1082,0.0236,0.1082,wind
KS,Mitchell,MITCHELL,0.0032,0.0012,0.2659,0.037,0.2659,wind
KS,Montgomery,MONTGOMERY,0.0076,0.001,0.2477,0.0264,0.2477,wind
KS,Morris,MORRIS,0.0108,0.0009,0.1831,0.037,0.1831,wind
KS,Morton,MORTON,0.0306,0.0002,0.1231,0.2325,0.2325,winter
KS,Nemaha,NEMAHA,0.0032,0.0006,0.1082,0.0415,0.1082,wind
KS,Neosho,NEOSHO,0.0024,0.0019,0.1082,0.0154,0.1082,wind
KS,Ness,NESS,0.0066,0.001,0.1528,0.0868,0.1528,wind
KS,Norton,NORTON,0.002,0.0042,0.1653,0.0785,0.1653,wind
KS,Osage,OSAGE,0.0066,0.0006,0.1653,0.0556,0.1653,wind
KS,Osborne,OSBORNE,0.0019,0.0025,0.2211,0.0598,0.2211,wind
KS,Ottawa,OTTAWA,0.0066,0.0008,0.1911,0.0179,0.1911,wind
KS,Pawnee,PAWNEE,0.0017,0.0008,0.2031,0.0598,0.2031,wind
KS,Phillips,PHILLIPS,0.0047,0.007,0.1828,0.0997,0.1828,wind
KS,Pottawatomie,POTTAWATOMIE,0.0325,0.0028,0.1356,0.0698,0.1356,wind
KS,Pratt,PRATT,0.0045,0.0039,0.2477,0.062,0.2477,wind
KS,Rawlins,RAWLINS,0.0032,0.001,0.1356,0.1734,0.1734,winter
KS,Reno,RENO,0.0111,0.0069,0.4604,0.0556,0.4604,wind
KS,Republic,REPUBLIC,0.0017,0.0024,0.2477,0.0549,0.2477,wind
KS,Rice,RICE,0.0061,0.0024,0.35,0.0415,0.35,wind
KS,Riley,RILEY,0.0366,0.0046,0.1653,0.0598,0.1653,wind
KS,Rooks,ROOKS,0.0055,0.0024,0.1831,0.0749,0.1831,wind
KS,Rush,RUSH,0.0014,0.002,0.1528,0.0549,0.1528,wind
KS,Russell,RUSSELL,0.0076,0.001,0.2659,0.0343,0.2659,wind
KS,Saline,SALINE,0.0085,0.0012,0.26,0.02,0.26,wind
KS,Scott,SCOTT,0.0023,0.0004,0.1754,0.1091,0.1754,wind
KS,Sedgwick,SEDGWICK,0.0076,0.0046,0.4342,0.0317,0.4342,wind
KS,Seward,SEWARD,0.0254,0.0006,0.1831,0.089,0.1831,wind
KS,Shawnee,SHAWNEE,0.0061,0.001,0.139,0.0556,0.139,wind
KS,Sheridan,SHERIDAN,0.0032,0.0011,0.2031,0.1573,0.2031,wind
KS,Sherman,SHERMAN,0.0032,0.0008,0.1231,0.2507,0.2507,winter
KS,Smith,SMITH,0.0055,0.0011,0.1831,0.0734,0.1831,wind
KS,Stafford,STAFFORD,0.0066,0.0042,0.26,0.034,0.26,wind
KS,Stanton,STANTON,0.0111,0.0001,0.0909,0.2325,0.2325,winter
KS,Stevens,STEVENS,0.0085,0.0003,0.1116,0.1501,0.1501,winter
KS,Sumner,SUMNER,0.0014,0.004,0.2659,0.02,0.2659,wind
KS,Thomas,THOMAS,0.0014,0.0002,0.1911,0.1568,0.1911,wind
KS,Trego,TREGO,0.0034,0.002,0.1653,0.0798,0.1653,wind
KS,Wabaunsee,WABAUNSEE,0.0111,0.0008,0.1479,0.0868,0.1479,wind
KS,Wallace,WALLACE,0.0083,0.0002,0.0668,0.2325,0.2325,winter
KS,Washington,WASHINGTON,0.0047,0.0019,0.2015,0.037,0.2015,wind
KS,Wichita,WICHITA,0.0032,0.0002,0.0979,0.1203,0.1203,winter
KS,Wilson,WILSON,0.0076,0.002,0.1082,0.0179,0.1082,wind
KS,Woodson,WOODSON,0.0143,0.0011,0.0647,0.0179,0.0647,wind
KS,Wyandotte,WYANDOTTE,0.0085,0.0025,0.0534,0.037,0.0534,wind
KY,Adair,ADAIR,0.0047,0.0201,0.0513,0.0001,0.0513,wind
KY,Allen,ALLEN,0.002,0.0448,0.0534,0.0006,0.0534,wind
KY,Anderson,ANDERSON,0.0032,0.0448,0.109,0.003,0.109,wind
KY,Ballard,BALLARD,0.0254,0.0165,0.0418,0.0386,0.0418,wind
KY,Barren,BARREN,0.0085,0.0157,0.0782,0.0003,0.0782,wind
KY,Bath,BATH,0.012,0.0625,0.1231,0.0141,0.1231,wind
KY,Bell,BELL,0.0032,0.0342,0.0376,0.0212,0.0376,wind
KY,Boone,BOONE,0.0111,0.0105,0.0762,0.0072,0.0762,wind
KY,Bourbon,BOURBON,0.0023,0.0105,0.1653,0.0017,0.1653,wind
KY,Boyd,BOYD,0.0131,0.0533,0.0762,0.0698,0.0762,wind
KY,Boyle,BOYLE,0.0048,0.0533,0.0782,0.0014,0.0782,wind
KY,Bracken,BRACKEN,0.0083,0.007,0.111,0.0102,0.111,wind
KY,Breathitt,BREATHITT,0.0083,0.0431,0.0909,0.0141,0.0909,wind
KY,Breckinridge,BRECKINRIDGE,0.0111,0.0059,0.0762,0.0033,0.0762,wind
KY,Bullitt,BULLITT,0.0032,0.0479,0.065,0.0033,0.065,wind
KY,Butler,BUTLER,0.0034,0.0136,0.0513,0.0006,0.0513,wind
KY,Caldwell,CALDWELL,0.1082,0.0069,0.0433,0.0354,0.1082,fire
KY,Calloway,CALLOWAY,0.0083,0.0249,0.0746,0.02,0.0746,wind
KY,Campbell,CAMPBELL,0.0014,0.0128,0.0839,0.0072,0.0839,wind
KY,Carlisle,CARLISLE,0.0374,0.0123,0.037,0.037,0.0374,fire
KY,Carroll,CARROLL,0.0111,0.0128,0.0655,0.0056,0.0655,wind
KY,Carter,CARTER,0.0066,0.04,0.0481,0.0477,0.0481,wind
KY,Casey,CASEY,0.001,0.0448,0.0612,0.0007,0.0612,wind
KY,Christian,CHRISTIAN,0.0509,0.0165,0.0708,0.0264,0.0708,wind
KY,Clark,CLARK,0.0047,0.0105,0.0984,0.0033,0.0984,wind
KY,Clay,CLAY,0.0076,0.0533,0.0592,0.0113,0.0592,wind
KY,Clinton,CLINTON,0.0083,0.0123,0.0492,0.0003,0.0492,wind
KY,Crittenden,CRITTENDEN,0.0425,0.0165,0.0343,0.037,0.0425,fire
KY,Cumberland,CUMBERLAND,0.0034,0.0431,0.0454,0.0001,0.0454,wind
KY,Daviess,DAVIESS,0.0115,0.0326,0.1015,0.047,0.1015,wind
KY,Edmonson,EDMONSON,0.001,0.0332,0.0481,0.0002,0.0481,wind
KY,Elliott,ELLIOTT,0.0085,0.0185,0.0561,0.037,0.0561,wind
KY,Estill,ESTILL,0.0091,0.0448,0.1015,0.0088,0.1015,wind
KY,Fayette,FAYETTE,0.0045,0.151,0.1831,0.0056,0.1831,wind
KY,Fleming,FLEMING,0.0048,0.0625,0.1267,0.0108,0.1267,wind
KY,Floyd,FLOYD,0.0083,0.0342,0.0679,0.037,0.0679,wind
KY,Franklin,FRANKLIN,0.0076,0.006,0.1162,0.0056,0.1162,wind
KY,Fulton,FULTON,0.0047,0.0069,0.0402,0.0477,0.0477,winter
KY,Gallatin,GALLATIN,0.0055,0.0056,0.0481,0.0072,0.0481,wind
KY,Garrard,GARRARD,0.0061,0.0201,0.0839,0.003,0.0839,wind
KY,Grant,GRANT,0.0083,0.0128,0.0809,0.0033,0.0809,wind
KY,Graves,GRAVES,0.0055,0.0212,0.0561,0.0317,0.0561,wind
KY,Grayson,GRAYSON,0.01,0.006,0.0647,0.0006,0.0647,wind
KY,Green,GREEN,0.0018,0.0128,0.0497,0.0002,0.0497,wind
KY,Greenup,GREENUP,0.0085,0.0479,0.0534,0.0598,0.0598,winter
KY,Hancock,HANCOCK,0.0055,0.0038,0.0669,0.0088,0.0669,wind
KY,Hardin,HARDIN,0.0083,0.0056,0.0746,0.0006,0.0746,wind
KY,Harlan,HARLAN,0.0066,0.0856,0.0316,0.047,0.0856,flood
KY,Harrison,HARRISON,0.0076,0.0105,0.1074,0.0031,0.1074,wind
KY,Hart,HART,0.0034,0.0448,0.0497,0.0006,0.0497,wind
KY,Henderson,HENDERSON,0.0254,0.0128,0.0612,0.0427,0.0612,wind
KY,Henry,HENRY,0.0108,0.0039,0.0679,0.0033,0.0679,wind
KY,Hickman,HICKMAN,0.0131,0.0046,0.0422,0.047,0.047,winter
KY,Hopkins,HOPKINS,0.0431,0.0165,0.0592,0.0303,0.0592,wind
KY,Jackson,JACKSON,0.0024,0.0658,0.065,0.0108,0.0658,flood
KY,Jefferson,JEFFERSON,0.0047,0.0342,0.11,0.0044,0.11,wind
KY,Jessamine,JESSAMINE,0.0032,0.0157,0.1192,0.0047,0.1192,wind
KY,Johnson,JOHNSON,0.0115,0.006,0.0592,0.0305,0.0592,wind
KY,Kenton,KENTON,0.0032,0.0105,0.0762,0.0072,0.0762,wind
KY,Knott,KNOTT,0.0066,0.0316,0.039,0.0179,0.039,wind
KY,Knox,KNOX,0.0076,0.0165,0.0418,0.0113,0.0418,wind
KY,Larue,LARUE,0.0014,0.0342,0.0534,0.0003,0.0534,wind
KY,Laurel,LAUREL,0.0083,0.0123,0.0507,0.0102,0.0507,wind
KY,Lawrence,LAWRENCE,0.02,0.0448,0.065,0.0386,0.065,wind
KY,Lee,LEE,0.0066,0.0165,0.0612,0.003,0.0612,wind
KY,Leslie,LESLIE,0.0032,0.0332,0.0393,0.0241,0.0393,wind
KY,Letcher,LETCHER,0.0115,0.1129,0.0316,0.0556,0.1129,flood
KY,Lewis,LEWIS,0.0108,0.0316,0.0979,0.014,0.0979,wind
KY,Lincoln,LINCOLN,0.0048,0.0625,0.0762,0.0014,0.0762,wind
KY,Livingston,LIVINGSTON,0.1082,0.0185,0.0285,0.0303,0.1082,fire
KY,Logan,LOGAN,0.0055,0.0165,0.0762,0.0002,0.0762,wind
KY,Lyon,LYON,0.2078,0.0123,0.037,0.0264,0.2078,fire
KY,Madison,MADISON,0.0034,0.0448,0.1528,0.0033,0.1528,wind
KY,Magoffin,MAGOFFIN,0.0209,0.0479,0.0612,0.0108,0.0612,wind
KY,Marion,MARION,0.0047,0.0479,0.0612,0.0006,0.0612,wind
KY,Marshall,MARSHALL,0.0707,0.0128,0.039,0.0291,0.0707,fire
KY,Martin,MARTIN,0.02,0.004,0.0402,0.062,0.062,winter
KY,Mason,MASON,0.0032,0.0479,0.1787,0.0088,0.1787,wind
KY,Mccracken,MCCRACKEN,0.0598,0.0316,0.0376,0.037,0.0598,fire
KY,Mccreary,MCCREARY,0.0017,0.0316,0.0418,0.0141,0.0418,wind
KY,Mclean,MCLEAN,0.1276,0.0105,0.0612,0.0305,0.1276,fire
KY,Meade,MEADE,0.0131,0.0042,0.0647,0.0014,0.0647,wind
KY,Menifee,MENIFEE,0.0076,0.0658,0.111,0.0113,0.111,wind
KY,Mercer,MERCER,0.0045,0.0105,0.0909,0.0047,0.0909,wind
KY,Metcalfe,METCALFE,0.0032,0.0448,0.0454,0.0002,0.0454,wind
KY,Monroe,MONROE,0.0032,0.0105,0.0402,0.0002,0.0402,wind
KY,Montgomery,MONTGOMERY,0.0083,0.0249,0.1356,0.0044,0.1356,wind
KY,Morgan,MORGAN,0.0017,0.0625,0.11,0.0179,0.11,wind
KY,Muhlenberg,MUHLENBERG,0.0366,0.0128,0.0561,0.0354,0.0561,wind
KY,Nelson,NELSON,0.0061,0.0316,0.0871,0.001,0.0871,wind
KY,Nicholas,NICHOLAS,0.0061,0.0185,0.1192,0.0047,0.1192,wind
KY,Ohio,OHIO,0.0076,0.0123,0.0801,0.0072,0.0801,wind
KY,Oldham,OLDHAM,0.0061,0.0069,0.0762,0.0021,0.0762,wind
KY,Owen,OWEN,0.0076,0.0069,0.0958,0.0056,0.0958,wind
KY,Owsley,OWSLEY,0.0055,0.0316,0.0629,0.0108,0.0629,wind
KY,Pendleton,PENDLETON,0.0066,0.006,0.0801,0.0039,0.0801,wind
KY,Perry,PERRY,0.0182,0.0448,0.0454,0.0264,0.0454,wind
KY,Pike,PIKE,0.0143,0.0533,0.0679,0.1223,0.1223,winter
KY,Powell,POWELL,0.0111,0.0185,0.1015,0.0072,0.1015,wind
KY,Pulaski,PULASKI,0.0083,0.0185,0.0481,0.0102,0.0481,wind
KY,Robertson,ROBERTSON,0.0066,0.0105,0.0746,0.0087,0.0746,wind
KY,Rockcastle,ROCKCASTLE,0.0076,0.0316,0.0497,0.0102,0.0497,wind
KY,Rowan,ROWAN,0.0168,0.1129,0.0946,0.0179,0.1129,flood
KY,Russell,RUSSELL,0.0048,0.0249,0.0534,0.0006,0.0534,wind
KY,Scott,SCOTT,0.0085,0.0045,0.1528,0.0044,0.1528,wind
KY,Shelby,SHELBY,0.0017,0.006,0.1356,0.0031,0.1356,wind
KY,Simpson,SIMPSON,0.0031,0.0028,0.0513,0.0003,0.0513,wind
KY,Spencer,SPENCER,0.0014,0.0105,0.0746,0.0033,0.0746,wind
KY,Taylor,TAYLOR,0.0032,0.0533,0.0612,0.0002,0.0612,wind
KY,Todd,TODD,0.0045,0.0316,0.0629,0.0264,0.0629,wind
KY,Trigg,TRIGG,0.1423,0.0201,0.0669,0.0305,0.1423,fire
KY,Trimble,TRIMBLE,0.0024,0.0165,0.0497,0.003,0.0497,wind
KY,Union,UNION,0.0085,0.0123,0.0376,0.0415,0.0415,winter
KY,Warren,WARREN,0.0017,0.0316,0.0648,0.0001,0.0648,wind
KY,Washington,WASHINGTON,0.0039,0.007,0.0762,0.0022,0.0762,wind
KY,Wayne,WAYNE,0.0076,0.0165,0.0454,0.0068,0.0454,wind
KY,Webster,WEBSTER,0.0301,0.0249,0.0534,0.0413,0.0534,wind
KY,Whitley,WHITLEY,0.0048,0.0349,0.0454,0.0154,0.0454,wind
KY,Wolfe,WOLFE,0.0047,0.0249,0.0612,0.0088,0.0612,wind
KY,Woodford,WOODFORD,0.0066,0.0042,0.1231,0.0044,0.1231,wind
LA,Acadia,ACADIA,0.0032,0.0069,0.0205,0.0001,0.0205,wind
LA,Allen,ALLEN,0.001,0.0069,0.0222,0.0,0.0222,wind
LA,Ascension,ASCENSION,0.0004,0.0038,0.0205,0.0,0.0205,wind
LA,Assumption,ASSUMPTION,0.0006,0.0028,0.017,0.0001,0.017,wind
LA,Avoyelles,AVOYELLES,0.0003,0.0038,0.017,0.0001,0.017,wind
LA,Beauregard,BEAUREGARD,0.001,0.007,0.0343,0.0001,0.0343,wind
LA,Bienville,BIENVILLE,0.0004,0.0028,0.0454,0.0,0.0454,wind
LA,Bossier,BOSSIER,0.0001,0.0028,0.0762,0.0001,0.0762,wind
LA,Caddo,CADDO,0.0001,0.0028,0.1231,0.0006,0.1231,wind
LA,Calcasieu,CALCASIEU,0.0004,0.007,0.0376,0.0001,0.0376,wind
LA,Caldwell,CALDWELL,0.0003,0.0025,0.0222,0.0,0.0222,wind
LA,Cameron,CAMERON,0.0005,0.0042,0.0285,0.0002,0.0285,wind
LA,Catahoula,CATAHOULA,0.0005,0.0038,0.0211,0.0,0.0211,wind
LA,Claiborne,CLAIBORNE,0.0004,0.0028,0.0629,0.0006,0.0629,wind
LA,Concordia,CONCORDIA,0.001,0.0038,0.0205,0.0,0.0205,wind
LA,De Soto,DE SOTO,0.0001,0.0038,0.0871,0.0003,0.0871,wind
LA,East Baton Rouge,EAST BATON ROUGE,0.0003,0.0157,0.0205,0.0001,0.0205,wind
LA,East Carroll,EAST CARROLL,0.0001,0.0042,0.0222,0.0006,0.0222,wind
LA,East Feliciana,EAST FELICIANA,0.0003,0.0045,0.0126,0.0,0.0126,wind
LA,Evangeline,EVANGELINE,0.0007,0.0069,0.0205,0.0001,0.0205,wind
LA,Franklin,FRANKLIN,0.0006,0.002,0.0285,0.0001,0.0285,wind
LA,Grant,GRANT,0.001,0.0019,0.0239,0.0002,0.0239,wind
LA,Iberia,IBERIA,0.0003,0.0042,0.0222,0.0002,0.0222,wind
LA,Iberville,IBERVILLE,0.0006,0.0045,0.0191,0.0,0.0191,wind
LA,Jackson,JACKSON,0.001,0.0022,0.0239,0.0,0.0239,wind
LA,Jefferson,JEFFERSON,0.0007,0.002,0.0251,0.0002,0.0251,wind
LA,Jefferson Davis,JEFFERSON DAVIS,0.0014,0.007,0.0205,0.0002,0.0205,wind
LA,Lafayette,LAFAYETTE,0.0032,0.0038,0.0205,0.0001,0.0205,wind
LA,Lafourche,LAFOURCHE,0.0007,0.0024,0.0222,0.0001,0.0222,wind
LA,Lasalle,LASALLE,0.0006,0.0024,0.0,0.0,0.0024,flood
LA,Lincoln,LINCOLN,0.0003,0.0028,0.037,0.0001,0.037,wind
LA,Livingston,LIVINGSTON,0.0007,0.0046,0.0211,0.0,0.0211,wind
LA,Madison,MADISON,0.0001,0.0015,0.0285,0.0006,0.0285,wind
LA,Morehouse,MOREHOUSE,0.0003,0.0042,0.0285,0.0002,0.0285,wind
LA,Natchitoches,NATCHITOCHES,0.0003,0.0024,0.0376,0.0001,0.0376,wind
LA,Orleans,ORLEANS,0.0007,0.0024,0.0222,0.0002,0.0222,wind
LA,Ouachita,OUACHITA,0.0006,0.0024,0.0265,0.0001,0.0265,wind
LA,Plaquemines,PLAQUEMINES,0.003,0.0028,0.0126,0.0001,0.0126,wind
LA,Pointe Coupee,POINTE COUPEE,0.0003,0.0046,0.0028,0.0003,0.0046,flood
LA,Rapides,RAPIDES,0.0004,0.004,0.0285,0.0001,0.0285,wind
LA,Red River,RED RIVER,0.0004,0.0028,0.0285,0.0,0.0285,wind
LA,Richland,RICHLAND,0.0001,0.0025,0.0205,0.0,0.0205,wind
LA,Sabine,SABINE,0.0004,0.0028,0.0376,0.0001,0.0376,wind
LA,St. Bernard,ST. BERNARD,0.0005,0.0069,0.0118,0.001,0.0118,wind
LA,St. Charles,ST. CHARLES,0.0006,0.002,0.0189,0.0,0.0189,wind
LA,St. Helena,ST. HELENA,0.0007,0.0046,0.0147,0.0,0.0147,wind
LA,St. James,ST. JAMES,0.0007,0.0039,0.0159,0.0001,0.0159,wind
LA,St. John The Baptist,ST. JOHN THE BAPTIST,0.0001,0.0046,0.0159,0.0001,0.0159,wind
LA,St. Landry,ST. LANDRY,0.001,0.0069,0.0222,0.0001,0.0222,wind
LA,St. Martin,ST. MARTIN,0.0006,0.0056,0.0189,0.0001,0.0189,wind
LA,St. Mary,ST. MARY,0.0001,0.0028,0.0222,0.0001,0.0222,wind
LA,St. Tammany,ST. TAMMANY,0.0013,0.0046,0.0265,0.0001,0.0265,wind
LA,Tangipahoa,TANGIPAHOA,0.0001,0.0056,0.0291,0.0,0.0291,wind
LA,Tensas,TENSAS,0.001,0.002,0.0265,0.0001,0.0265,wind
LA,Terrebonne,TERREBONNE,0.001,0.002,0.0285,0.0,0.0285,wind
LA,Union,UNION,0.0003,0.0022,0.0481,0.0002,0.0481,wind
LA,Vermilion,VERMILION,0.001,0.0032,0.0205,0.0001,0.0205,wind
LA,Vernon,VERNON,0.001,0.0045,0.0332,0.0001,0.0332,wind
LA,Washington,WASHINGTON,0.0004,0.0032,0.0282,0.0,0.0282,wind
LA,Webster,WEBSTER,0.0003,0.0028,0.1042,0.0006,0.1042,wind
LA,West Baton Rouge,WEST BATON ROUGE,0.0004,0.0032,0.0143,0.0,0.0143,wind
LA,West Carroll,WEST CARROLL,0.0001,0.0038,0.0265,0.0002,0.0265,wind
LA,West Feliciana,WEST FELICIANA,0.0006,0.0069,0.0126,0.0002,0.0126,wind
LA,Winn,WINN,0.0006,0.002,0.0316,0.0,0.0316,wind
MA,Barnstable,BARNSTABLE,0.0006,0.0185,0.09,0.166,0.166,winter
MA,Berkshire,BERKSHIRE,0.002,0.2088,0.0829,0.1873,0.2088,flood
MA,Bristol,BRISTOL,0.001,0.0249,0.0782,0.1734,0.1734,winter
MA,Dukes,DUKES,0.0001,0.0316,0.0343,0.0997,0.0997,winter
MA,Essex,ESSEX,0.0003,0.0658,0.1653,0.1701,0.1701,winter
MA,Franklin,FRANKLIN,0.0076,0.0448,0.0946,0.1734,0.1734,winter
MA,Hampden,HAMPDEN,0.0048,0.0212,0.0809,0.1091,0.1091,winter
MA,Hampshire,HAMPSHIRE,0.0032,0.0361,0.0801,0.1342,0.1342,winter
MA,Middlesex,MIDDLESEX,0.0023,0.0069,0.2014,0.1794,0.2014,wind
MA,Nantucket,NANTUCKET,0.0018,0.0105,0.09,0.1223,0.1223,winter
MA,Norfolk,NORFOLK,0.0014,0.0185,0.2746,0.1994,0.2746,wind
MA,Plymouth,PLYMOUTH,0.0006,0.0201,0.1653,0.1734,0.1734,winter
MA,Suffolk,SUFFOLK,0.0032,0.0349,0.1653,0.1573,0.1653,wind
MA,Worcester,WORCESTER,0.001,0.0856,0.1528,0.1788,0.1788,winter
MD,Allegany,ALLEGANY,0.0091,0.007,0.0762,0.1949,0.1949,winter
MD,Anne Arundel,ANNE ARUNDEL,0.0061,0.0105,0.0422,0.1091,0.1091,winter
MD,Baltimore,BALTIMORE,0.0131,0.0046,0.0434,0.0997,0.0997,winter
MD,Baltimore City,BALTIMORE CITY,0.0061,0.0006,0.0,0.0,0.0061,fire
MD,Calvert,CALVERT,0.001,0.0022,0.0316,0.0303,0.0316,wind
MD,Caroline,CAROLINE,0.0143,0.0024,0.0402,0.0384,0.0402,wind
MD,Carroll,CARROLL,0.0045,0.0028,0.0534,0.0798,0.0798,winter
MD,Cecil,CECIL,0.0707,0.0046,0.0592,0.1091,0.1091,winter
MD,Charles,CHARLES,0.0032,0.002,0.0448,0.0477,0.0477,winter
MD,Dorchester,DORCHESTER,0.0061,0.0039,0.0222,0.0154,0.0222,wind
MD,Frederick,FREDERICK,0.0085,0.0056,0.09,0.0997,0.0997,winter
MD,Garrett,GARRETT,0.0018,0.0625,0.051,0.1793,0.1793,winter
MD,Harford,HARFORD,0.02,0.0019,0.037,0.1091,0.1091,winter
MD,Howard,HOWARD,0.0045,0.0028,0.0402,0.1227,0.1227,winter
MD,Kent,KENT,0.0034,0.0032,0.0534,0.0581,0.0581,winter
MD,Montgomery,MONTGOMERY,0.0066,0.0042,0.1078,0.1788,0.1788,winter
MD,Prince George'S,PRINCE GEORGE'S,0.0076,0.0056,0.1459,0.0113,0.1459,wind
MD,Queen Anne'S,QUEEN ANNE'S,0.0055,0.0024,0.021,0.0068,0.021,wind
MD,Somerset,SOMERSET,0.0037,0.007,0.0167,0.0264,0.0264,winter
MD,St. Mary'S,ST. MARY'S,0.0034,0.007,0.0147,0.02,0.02,winter
MD,Talbot,TALBOT,0.0032,0.0028,0.0285,0.0413,0.0413,winter
MD,Washington,WASHINGTON,0.0085,0.0123,0.0612,0.0917,0.0917,winter
MD,Wicomico,WICOMICO,0.0198,0.0105,0.0341,0.0305,0.0341,wind
MD,Worcester,WORCESTER,0.0076,0.007,0.0265,0.0303,0.0303,winter
ME,Androscoggin,ANDROSCOGGIN,0.001,0.0533,0.039,0.383,0.383,winter
ME,Aroostook,AROOSTOOK,0.0003,0.0123,0.0839,0.7599,0.7599,winter
ME,Cumberland,CUMBERLAND,0.0014,0.1129,0.0507,0.2325,0.2325,winter
ME,Franklin,FRANKLIN,0.0001,0.1701,0.0316,0.6814,0.6814,winter
ME,Hancock,HANCOCK,0.0014,0.0448,0.1356,0.3786,0.3786,winter
ME,Kennebec,KENNEBEC,0.0003,0.0658,0.0251,0.4726,0.4726,winter
ME,Knox,KNOX,0.0001,0.0172,0.0251,0.3921,0.3921,winter
ME,Lincoln,LINCOLN,0.0007,0.0479,0.0418,0.3258,0.3258,winter
ME,Oxford,OXFORD,0.0003,0.151,0.0481,0.501,0.501,winter
ME,Penobscot,PENOBSCOT,0.0007,0.0046,0.1015,0.6404,0.6404,winter
ME,Piscataquis,PISCATAQUIS,0.0003,0.0038,0.065,0.6959,0.6959,winter
ME,Sagadahoc,SAGADAHOC,0.0001,0.0316,0.0343,0.3398,0.3398,winter
ME,Somerset,SOMERSET,0.0003,0.0028,0.0561,0.8022,0.8022,winter
ME,Waldo,WALDO,0.0001,0.0448,0.0285,0.383,0.383,winter
ME,Washington,WASHINGTON,0.0014,0.0185,0.09,0.3929,0.3929,winter
ME,York,YORK,0.0004,0.0856,0.0762,0.187,0.187,winter
MI,Alcona,ALCONA,0.0007,0.0165,0.0154,0.2325,0.2325,winter
MI,Alger,ALGER,0.0001,0.0105,0.0316,0.26,0.26,winter
MI,Allegan,ALLEGAN,0.0001,0.0533,0.0481,0.1564,0.1564,winter
MI,Alpena,ALPENA,0.0001,0.0185,0.0093,0.3258,0.3258,winter
MI,Antrim,ANTRIM,0.001,0.0128,0.0093,0.1471,0.1471,winter
MI,Arenac,ARENAC,0.0006,0.0533,0.0205,0.0413,0.0533,flood
MI,Baraga,BARAGA,0.0032,0.0069,0.0316,0.1841,0.1841,winter
MI,Barry,BARRY,0.0032,0.0821,0.0316,0.0415,0.0821,flood
MI,Bay,BAY,0.0001,0.0123,0.039,0.0,0.039,wind
MI,Benzie,BENZIE,0.0023,0.007,0.0049,0.062,0.062,winter
MI,Berrien,BERRIEN,0.002,0.0249,0.042,0.0798,0.0798,winter
MI,Branch,BRANCH,0.0007,0.0212,0.0222,0.0477,0.0477,winter
MI,Calhoun,CALHOUN,0.0007,0.1185,0.0147,0.0477,0.1185,flood
MI,Cass,CASS,0.0032,0.0123,0.0534,0.0549,0.0549,winter
MI,Charlevoix,CHARLEVOIX,0.0003,0.0042,0.0191,0.0698,0.0698,winter
MI,Cheboygan,CHEBOYGAN,0.0006,0.0201,0.0167,0.1223,0.1223,winter
MI,Chippewa,CHIPPEWA,0.0003,0.0658,0.0285,0.1223,0.1223,winter
MI,Clare,CLARE,0.0006,0.0342,0.0454,0.0123,0.0454,wind
MI,Clinton,CLINTON,0.0003,0.0821,0.0746,0.0236,0.0821,flood
MI,Crawford,CRAWFORD,0.0004,0.0316,0.0103,0.1342,0.1342,winter
MI,Delta,DELTA,0.0004,0.0326,0.0104,0.1788,0.1788,winter
MI,Dickinson,DICKINSON,0.001,0.0316,0.0251,0.1227,0.1227,winter
MI,Eaton,EATON,0.001,0.0856,0.0343,0.0329,0.0856,flood
MI,Emmet,EMMET,0.0003,0.0056,0.0265,0.0997,0.0997,winter
MI,Genesee,GENESEE,0.001,0.0856,0.083,0.1223,0.1223,winter
MI,Gladwin,GLADWIN,0.0007,0.0625,0.039,0.0264,0.0625,flood
MI,Gogebic,GOGEBIC,0.002,0.0011,0.0222,0.1227,0.1227,winter
MI,Grand Traverse,GRAND TRAVERSE,0.0003,0.0533,0.0049,0.0949,0.0949,winter
MI,Gratiot,GRATIOT,0.0004,0.0856,0.0679,0.0123,0.0856,flood
MI,Hillsdale,HILLSDALE,0.001,0.0249,0.0291,0.047,0.047,winter
MI,Houghton,HOUGHTON,0.0024,0.0038,0.0647,0.1873,0.1873,winter
MI,Huron,HURON,0.0003,0.0342,0.0285,0.1573,0.1573,winter
MI,Ingham,INGHAM,0.0014,0.0533,0.0481,0.02,0.0533,flood
MI,Ionia,IONIA,0.001,0.0533,0.0422,0.0264,0.0533,flood
MI,Iosco,IOSCO,0.001,0.0533,0.0083,0.2194,0.2194,winter
MI,Iron,IRON,0.0001,0.0046,0.0285,0.1342,0.1342,winter
MI,Isabella,ISABELLA,0.0006,0.0533,0.111,0.0123,0.111,wind
MI,Jackson,JACKSON,0.0061,0.0856,0.0154,0.0549,0.0856,flood
MI,Kalamazoo,KALAMAZOO,0.0007,0.0881,0.0191,0.0798,0.0881,flood
MI,Kalkaska,KALKASKA,0.0003,0.0105,0.0093,0.1223,0.1223,winter
MI,Kent,KENT,0.0007,0.0856,0.0679,0.0477,0.0856,flood
MI,Keweenaw,KEWEENAW,0.0001,0.0212,0.0316,0.1573,0.1573,winter
MI,Lake,LAKE,0.001,0.0448,0.0454,0.0264,0.0454,wind
MI,Lapeer,LAPEER,0.0006,0.0658,0.0497,0.1223,0.1223,winter
MI,Leelanau,LEELANAU,0.0001,0.0105,0.0087,0.1227,0.1227,winter
MI,Lenawee,LENAWEE,0.0019,0.0316,0.0776,0.062,0.0776,wind
MI,Livingston,LIVINGSTON,0.0034,0.0201,0.0782,0.0997,0.0997,winter
MI,Luce,LUCE,0.0001,0.0448,0.0282,0.1998,0.1998,winter
MI,Mackinac,MACKINAC,0.0004,0.04,0.0376,0.0598,0.0598,winter
MI,Macomb,MACOMB,0.0006,0.0446,0.0668,0.0997,0.0997,winter
MI,Manistee,MANISTEE,0.0003,0.0128,0.0104,0.0698,0.0698,winter
MI,Marquette,MARQUETTE,0.001,0.0128,0.065,0.226,0.226,winter
MI,Mason,MASON,0.0061,0.1129,0.037,0.0997,0.1129,flood
MI,Mecosta,MECOSTA,0.0001,0.0658,0.0592,0.0285,0.0658,flood
MI,Menominee,MENOMINEE,0.0006,0.0316,0.0167,0.0997,0.0997,winter
MI,Midland,MIDLAND,0.0006,0.0856,0.1016,0.02,0.1016,wind
MI,Missaukee,MISSAUKEE,0.0001,0.0856,0.0093,0.0695,0.0856,flood
MI,Monroe,MONROE,0.0032,0.0201,0.0722,0.0798,0.0798,winter
MI,Montcalm,MONTCALM,0.0001,0.04,0.0958,0.0236,0.0958,wind
MI,Montmorency,MONTMORENCY,0.0006,0.0046,0.0189,0.1873,0.1873,winter
MI,Muskegon,MUSKEGON,0.0001,0.0856,0.0592,0.1223,0.1223,winter
MI,Newaygo,NEWAYGO,0.0003,0.0881,0.0782,0.0427,0.0881,flood
MI,Oakland,OAKLAND,0.0032,0.0431,0.0575,0.1091,0.1091,winter
MI,Oceana,OCEANA,0.0006,0.0316,0.0481,0.1,0.1,winter
MI,Ogemaw,OGEMAW,0.001,0.0157,0.0222,0.062,0.062,winter
MI,Ontonagon,ONTONAGON,0.0006,0.0019,0.0393,0.1223,0.1223,winter
MI,Osceola,OSCEOLA,0.0006,0.0625,0.0612,0.0179,0.0625,flood
MI,Oscoda,OSCODA,0.0006,0.0342,0.0103,0.166,0.166,winter
MI,Otsego,OTSEGO,0.0005,0.0123,0.0205,0.166,0.166,winter
MI,Ottawa,OTTAWA,0.0003,0.0533,0.0561,0.1342,0.1342,winter
MI,Presque Isle,PRESQUE ISLE,0.0001,0.007,0.0167,0.1998,0.1998,winter
MI,Roscommon,ROSCOMMON,0.0006,0.0123,0.0239,0.0598,0.0598,winter
MI,Saginaw,SAGINAW,0.0004,0.0856,0.1231,0.0549,0.1231,wind
MI,Sanilac,SANILAC,0.0007,0.0533,0.0343,0.1471,0.1471,winter
MI,Schoolcraft,SCHOOLCRAFT,0.0003,0.0069,0.0189,0.1873,0.1873,winter
MI,Shiawassee,SHIAWASSEE,0.0014,0.0533,0.09,0.062,0.09,wind
MI,St. Clair,ST. CLAIR,0.0032,0.0479,0.065,0.1091,0.1091,winter
MI,St. Joseph,ST. JOSEPH,0.001,0.0212,0.0534,0.0477,0.0534,wind
MI,Tuscola,TUSCOLA,0.0006,0.0249,0.0481,0.0917,0.0917,winter
MI,Van Buren,VAN BUREN,0.0005,0.1412,0.0376,0.0785,0.1412,flood
MI,Washtenaw,WASHTENAW,0.0048,0.0332,0.1082,0.1012,0.1082,wind
MI,Wayne,WAYNE,0.0006,0.0446,0.0762,0.1227,0.1227,winter
MI,Wexford,WEXFORD,0.0004,0.0533,0.0143,0.0693,0.0693,winter
MN,Aitkin,AITKIN,0.0034,0.007,0.0167,0.037,0.037,winter
MN,Anoka,ANOKA,0.0055,0.0046,0.0251,0.0559,0.0559,winter
MN,Becker,BECKER,0.0048,0.002,0.0839,0.1873,0.1873,winter
MN,Beltrami,BELTRAMI,0.0045,0.0028,0.0534,0.1227,0.1227,winter
MN,Benton,BENTON,0.0014,0.006,0.0239,0.0477,0.0477,winter
MN,Big Stone,BIG STONE,0.0006,0.006,0.0782,0.2194,0.2194,winter
MN,Blue Earth,BLUE EARTH,0.0039,0.0046,0.0481,0.0477,0.0481,wind
MN,Brown,BROWN,0.001,0.0046,0.0592,0.0698,0.0698,winter
MN,Carlton,CARLTON,0.0024,0.0128,0.0205,0.0679,0.0679,winter
MN,Carver,CARVER,0.001,0.0056,0.0316,0.0798,0.0798,winter
MN,Cass,CASS,0.0023,0.0024,0.0422,0.0477,0.0477,winter
MN,Chippewa,CHIPPEWA,0.001,0.0028,0.1267,0.0917,0.1267,wind
MN,Chisago,CHISAGO,0.0039,0.0069,0.0191,0.0598,0.0598,winter
MN,Clay,CLAY,0.001,0.0069,0.0762,0.2194,0.2194,winter
MN,Clearwater,CLEARWATER,0.0045,0.0009,0.0481,0.0997,0.0997,winter
MN,Cook,COOK,0.0032,0.0008,0.0113,0.0679,0.0679,winter
MN,Cottonwood,COTTONWOOD,0.0061,0.0022,0.0668,0.1873,0.1873,winter
MN,Crow Wing,CROW WING,0.0032,0.0123,0.0434,0.0477,0.0477,winter
MN,Dakota,DAKOTA,0.0023,0.0039,0.0343,0.0598,0.0598,winter
MN,Dodge,DODGE,0.0076,0.0123,0.0422,0.0949,0.0949,winter
MN,Douglas,DOUGLAS,0.0007,0.0039,0.0946,0.062,0.0946,wind
MN,Faribault,FARIBAULT,0.001,0.0045,0.065,0.0559,0.065,wind
MN,Fillmore,FILLMORE,0.0032,0.004,0.09,0.0785,0.09,wind
MN,Freeborn,FREEBORN,0.0014,0.006,0.0612,0.0734,0.0734,winter
MN,Goodhue,GOODHUE,0.0032,0.007,0.0316,0.0698,0.0698,winter
MN,Grant,GRANT,0.0014,0.0042,0.1231,0.0917,0.1231,wind
MN,Hennepin,HENNEPIN,0.0017,0.004,0.0316,0.0997,0.0997,winter
MN,Houston,HOUSTON,0.0055,0.0024,0.0782,0.0997,0.0997,winter
MN,Hubbard,HUBBARD,0.0055,0.0039,0.0612,0.0734,0.0734,winter
MN,Isanti,ISANTI,0.0014,0.0024,0.0222,0.0386,0.0386,winter
MN,Itasca,ITASCA,0.0076,0.0038,0.0285,0.0559,0.0559,winter
MN,Jackson,JACKSON,0.003,0.0025,0.0762,0.2325,0.2325,winter
MN,Kanabec,KANABEC,0.0019,0.0046,0.0154,0.0415,0.0415,winter
MN,Kandiyohi,KANDIYOHI,0.0001,0.0071,0.09,0.1223,0.1223,winter
MN,Kittson,KITTSON,0.0006,0.0069,0.1255,0.166,0.166,winter
MN,Koochiching,KOOCHICHING,0.0014,0.0011,0.0083,0.0639,0.0639,winter
MN,Lac Qui Parle,LAC QUI PARLE,0.0032,0.0012,0.1015,0.1873,0.1873,winter
MN,Lake,LAKE,0.0007,0.001,0.0265,0.1113,0.1113,winter
MN,Lake Of The Woods,LAKE OF THE WOODS,0.001,0.0009,0.0343,0.1091,0.1091,winter
MN,Le Sueur,LE SUEUR,0.001,0.0028,0.0422,0.0477,0.0477,winter
MN,Lincoln,LINCOLN,0.001,0.0019,0.11,0.2194,0.2194,winter
MN,Lyon,LYON,0.0048,0.0015,0.0871,0.166,0.166,winter
MN,Mahnomen,MAHNOMEN,0.0017,0.0019,0.0592,0.1564,0.1564,winter
MN,Marshall,MARSHALL,0.0066,0.0019,0.0946,0.1342,0.1342,winter
MN,Martin,MARTIN,0.0254,0.0069,0.0668,0.0798,0.0798,winter
MN,Mcleod,MCLEOD,0.001,0.0069,0.0561,0.0798,0.0798,winter
MN,Meeker,MEEKER,0.0003,0.007,0.0612,0.1016,0.1016,winter
MN,Mille Lacs,MILLE LACS,0.001,0.0028,0.0376,0.0549,0.0549,winter
MN,Morrison,MORRISON,0.0017,0.0069,0.0679,0.0477,0.0679,wind
MN,Mower,MOWER,0.001,0.0042,0.0592,0.062,0.062,winter
MN,Murray,MURRAY,0.0018,0.0025,0.0647,0.1841,0.1841,winter
MN,Nicollet,NICOLLET,0.0014,0.0105,0.039,0.0439,0.0439,winter
MN,Nobles,NOBLES,0.0017,0.0011,0.0592,0.2336,0.2336,winter
MN,Norman,NORMAN,0.0001,0.0105,0.1015,0.2325,0.2325,winter
MN,Olmsted,OLMSTED,0.0034,0.0069,0.0513,0.0698,0.0698,winter
MN,Otter Tail,OTTER TAIL,0.0023,0.0128,0.1449,0.1471,0.1471,winter
MN,Pennington,PENNINGTON,0.0047,0.0039,0.0534,0.0868,0.0868,winter
MN,Pine,PINE,0.0017,0.0069,0.0159,0.037,0.037,winter
MN,Pipestone,PIPESTONE,0.0018,0.0024,0.039,0.1734,0.1734,winter
MN,Polk,POLK,0.0019,0.0046,0.0871,0.1871,0.1871,winter
MN,Pope,POPE,0.0006,0.0056,0.0679,0.0598,0.0679,wind
MN,Ramsey,RAMSEY,0.0032,0.0029,0.0239,0.0477,0.0477,winter
MN,Red Lake,RED LAKE,0.0014,0.0046,0.051,0.0679,0.0679,winter
MN,Redwood,REDWOOD,0.02,0.004,0.0871,0.0798,0.0871,wind
MN,Renville,RENVILLE,0.0032,0.0157,0.0722,0.0868,0.0868,winter
MN,Rice,RICE,0.001,0.002,0.0316,0.062,0.062,winter
MN,Rock,ROCK,0.0131,0.0015,0.0503,0.2,0.2,winter
MN,Roseau,ROSEAU,0.0047,0.007,0.0609,0.0868,0.0868,winter
MN,Scott,SCOTT,0.0019,0.0028,0.0376,0.0734,0.0734,winter
MN,Sherburne,SHERBURNE,0.002,0.006,0.0191,0.0556,0.0556,winter
MN,Sibley,SIBLEY,0.0013,0.0128,0.0497,0.0679,0.0679,winter
MN,St. Louis,ST. LOUIS,0.0066,0.002,0.0316,0.0868,0.0868,winter
MN,Stearns,STEARNS,0.0007,0.007,0.0762,0.0477,0.0762,wind
MN,Steele,STEELE,0.001,0.0105,0.0513,0.0785,0.0785,winter
MN,Stevens,STEVENS,0.0004,0.0059,0.1192,0.0785,0.1192,wind
MN,Swift,SWIFT,0.001,0.0022,0.0801,0.1227,0.1227,winter
MN,Todd,TODD,0.0007,0.0069,0.0481,0.062,0.062,winter
MN,Traverse,TRAVERSE,0.0477,0.002,0.0592,0.1501,0.1501,winter
MN,Wabasha,WABASHA,0.0017,0.0128,0.0242,0.0477,0.0477,winter
MN,Wadena,WADENA,0.0017,0.007,0.0782,0.0477,0.0782,wind
MN,Waseca,WASECA,0.0017,0.0069,0.0481,0.062,0.062,winter
MN,Washington,WASHINGTON,0.0032,0.0019,0.0251,0.0679,0.0679,winter
MN,Watonwan,WATONWAN,0.0017,0.0059,0.0534,0.0477,0.0534,wind
MN,Wilkin,WILKIN,0.0004,0.0105,0.1077,0.1585,0.1585,winter
MN,Winona,WINONA,0.0115,0.0069,0.0316,0.0428,0.0428,winter
MN,Wright,WRIGHT,0.001,0.0069,0.0332,0.0644,0.0644,winter
MN,Yellow Medicine,YELLOW MEDICINE,0.001,0.002,0.11,0.0868,0.11,wind
MO,Adair,ADAIR,0.001,0.0038,0.0497,0.0303,0.0497,wind
MO,Andrew,ANDREW,0.0034,0.0028,0.037,0.0296,0.037,wind
MO,Atchison,ATCHISON,0.0014,0.0039,0.0762,0.0245,0.0762,wind
MO,Audrain,AUDRAIN,0.0006,0.001,0.0434,0.037,0.0434,wind
MO,Barry,BARRY,0.1519,0.0028,0.0762,0.0154,0.1519,fire
MO,Barton,BARTON,0.0032,0.0019,0.065,0.017,0.065,wind
MO,Bates,BATES,0.0045,0.0003,0.037,0.02,0.037,wind
MO,Benton,BENTON,0.104,0.0028,0.0376,0.0236,0.104,fire
MO,Bollinger,BOLLINGER,0.0598,0.0123,0.039,0.0477,0.0598,fire
MO,Boone,BOONE,0.0085,0.0105,0.0746,0.0305,0.0746,wind
MO,Buchanan,BUCHANAN,0.0083,0.0028,0.0285,0.0303,0.0303,winter
MO,Butler,BUTLER,0.0811,0.0172,0.0402,0.0798,0.0811,fire
MO,Caldwell,CALDWELL,0.001,0.002,0.0285,0.0305,0.0305,winter
MO,Callaway,CALLAWAY,0.0083,0.0069,0.0612,0.0285,0.0612,wind
MO,Camden,CAMDEN,0.1276,0.0042,0.0762,0.0291,0.1276,fire
MO,Cape Girardeau,CAPE GIRARDEAU,0.0273,0.0249,0.0481,0.037,0.0481,wind
MO,Carroll,CARROLL,0.0007,0.002,0.0376,0.0264,0.0376,wind
MO,Carter,CARTER,0.0477,0.0069,0.0422,0.1058,0.1058,winter
MO,Cass,CASS,0.0014,0.0019,0.0958,0.037,0.0958,wind
MO,Cedar,CEDAR,0.1519,0.0028,0.0513,0.0123,0.1519,fire
MO,Chariton,CHARITON,0.0023,0.0011,0.0418,0.0264,0.0418,wind
MO,Christian,CHRISTIAN,0.2769,0.0028,0.0561,0.0088,0.2769,fire
MO,Clark,CLARK,0.0034,0.0024,0.0481,0.0698,0.0698,winter
MO,Clay,CLAY,0.0032,0.002,0.0612,0.0343,0.0612,wind
MO,Clinton,CLINTON,0.0006,0.0019,0.0316,0.0317,0.0317,winter
MO,Cole,COLE,0.0108,0.0025,0.0454,0.0123,0.0454,wind
MO,Cooper,COOPER,0.002,0.0019,0.037,0.0236,0.037,wind
MO,Crawford,CRAWFORD,0.075,0.0038,0.0647,0.0154,0.075,fire
MO,Dade,DADE,0.012,0.0028,0.0592,0.0123,0.0592,wind
MO,Dallas,DALLAS,0.3068,0.0042,0.0592,0.0123,0.3068,fire
MO,Daviess,DAVIESS,0.0006,0.0011,0.0434,0.0291,0.0434,wind
MO,Dekalb,DEKALB,0.0006,0.002,0.0,0.0,0.002,flood
MO,Dent,DENT,0.1276,0.0042,0.0801,0.02,0.1276,fire
MO,Douglas,DOUGLAS,0.075,0.0042,0.065,0.0072,0.075,fire
MO,Dunklin,DUNKLIN,0.001,0.0069,0.0481,0.0123,0.0481,wind
MO,Franklin,FRANKLIN,0.0347,0.0025,0.0979,0.0255,0.0979,wind
MO,Gasconade,GASCONADE,0.0108,0.0032,0.0679,0.0154,0.0679,wind
MO,Gentry,GENTRY,0.0003,0.0028,0.0343,0.0236,0.0343,wind
MO,Greene,GREENE,0.023,0.0128,0.1082,0.0141,0.1082,wind
MO,Grundy,GRUNDY,0.0007,0.0009,0.0481,0.0291,0.0481,wind
MO,Harrison,HARRISON,0.0006,0.0028,0.0481,0.02,0.0481,wind
MO,Henry,HENRY,0.0273,0.0039,0.039,0.0291,0.039,wind
MO,Hickory,HICKORY,0.1114,0.0032,0.0507,0.0141,0.1114,fire
MO,Holt,HOLT,0.0034,0.0011,0.0454,0.0303,0.0454,wind
MO,Howard,HOWARD,0.0076,0.0025,0.0376,0.0264,0.0376,wind
MO,Howell,HOWELL,0.1748,0.0069,0.1356,0.014,0.1748,fire
MO,Iron,IRON,0.0707,0.0042,0.0679,0.015,0.0707,fire
MO,Jackson,JACKSON,0.0039,0.006,0.1253,0.037,0.1253,wind
MO,Jasper,JASPER,0.0168,0.0024,0.0762,0.02,0.0762,wind
MO,Jefferson,JEFFERSON,0.0083,0.0045,0.0497,0.0291,0.0497,wind
MO,Johnson,JOHNSON,0.0034,0.0032,0.0534,0.0264,0.0534,wind
MO,Knox,KNOX,0.0003,0.0012,0.037,0.0264,0.037,wind
MO,Laclede,LACLEDE,0.4272,0.0028,0.0815,0.02,0.4272,fire
MO,Lafayette,LAFAYETTE,0.001,0.0019,0.0534,0.0236,0.0534,wind
MO,Lawrence,LAWRENCE,0.0055,0.0015,0.0513,0.0141,0.0513,wind
MO,Lewis,LEWIS,0.0004,0.002,0.0316,0.0236,0.0316,wind
MO,Lincoln,LINCOLN,0.0168,0.004,0.0507,0.037,0.0507,wind
MO,Linn,LINN,0.0001,0.0028,0.039,0.0291,0.039,wind
MO,Livingston,LIVINGSTON,0.001,0.0019,0.0376,0.0329,0.0376,wind
MO,Macon,MACON,0.0006,0.0028,0.0481,0.0264,0.0481,wind
MO,Madison,MADISON,0.0384,0.0042,0.039,0.0141,0.039,wind
MO,Maries,MARIES,0.0366,0.0032,0.0629,0.02,0.0629,wind
MO,Marion,MARION,0.001,0.0028,0.0376,0.037,0.0376,wind
MO,Mcdonald,MCDONALD,0.0509,0.0024,0.0513,0.02,0.0513,wind
MO,Mercer,MERCER,0.0023,0.0024,0.0376,0.0236,0.0376,wind
MO,Miller,MILLER,0.099,0.002,0.0561,0.0179,0.099,fire
MO,Mississippi,MISSISSIPPI,0.001,0.0157,0.0454,0.0477,0.0477,winter
MO,Moniteau,MONITEAU,0.0034,0.0019,0.0422,0.02,0.0422,wind
MO,Monroe,MONROE,0.0034,0.0014,0.0341,0.037,0.037,winter
MO,Montgomery,MONTGOMERY,0.0091,0.0028,0.0481,0.0305,0.0481,wind
MO,Morgan,MORGAN,0.0635,0.0028,0.0561,0.0236,0.0635,fire
MO,New Madrid,NEW MADRID,0.0037,0.0028,0.0481,0.037,0.0481,wind
MO,Newton,NEWTON,0.0273,0.0069,0.0746,0.0253,0.0746,wind
MO,Nodaway,NODAWAY,0.001,0.0019,0.065,0.0236,0.065,wind
MO,Oregon,OREGON,0.0209,0.0042,0.0762,0.017,0.0762,wind
MO,Osage,OSAGE,0.0085,0.0019,0.0481,0.0179,0.0481,wind
MO,Ozark,OZARK,0.0583,0.0071,0.0746,0.0056,0.0746,wind
MO,Pemiscot,PEMISCOT,0.0006,0.0046,0.0454,0.0113,0.0454,wind
MO,Perry,PERRY,0.0083,0.0071,0.0376,0.0386,0.0386,winter
MO,Pettis,PETTIS,0.001,0.0028,0.0376,0.0179,0.0376,wind
MO,Phelps,PHELPS,0.104,0.004,0.065,0.0179,0.104,fire
MO,Pike,PIKE,0.0083,0.0039,0.0418,0.0477,0.0477,winter
MO,Platte,PLATTE,0.0066,0.0028,0.065,0.034,0.065,wind
MO,Polk,POLK,0.0555,0.0039,0.09,0.0154,0.09,wind
MO,Pulaski,PULASKI,0.1114,0.0028,0.0668,0.0179,0.1114,fire
MO,Putnam,PUTNAM,0.0019,0.002,0.0574,0.0303,0.0574,wind
MO,Ralls,RALLS,0.0014,0.0069,0.0282,0.0598,0.0598,winter
MO,Randolph,RANDOLPH,0.0066,0.0038,0.0612,0.0285,0.0612,wind
MO,Ray,RAY,0.0019,0.002,0.0265,0.0056,0.0265,wind
MO,Reynolds,REYNOLDS,0.0325,0.0028,0.0454,0.0264,0.0454,wind
MO,Ripley,RIPLEY,0.0384,0.0105,0.0376,0.0785,0.0785,winter
MO,Saline,SALINE,0.001,0.0011,0.0418,0.0303,0.0418,wind
MO,Schuyler,SCHUYLER,0.001,0.001,0.0497,0.0236,0.0497,wind
MO,Scotland,SCOTLAND,0.0003,0.002,0.0592,0.062,0.062,winter
MO,Scott,SCOTT,0.0111,0.0316,0.0422,0.037,0.0422,wind
MO,Shannon,SHANNON,0.0509,0.002,0.0801,0.02,0.0801,wind
MO,Shelby,SHELBY,0.0006,0.002,0.039,0.0253,0.039,wind
MO,St. Charles,ST. CHARLES,0.0301,0.006,0.065,0.037,0.065,wind
MO,St. Clair,ST. CLAIR,0.1901,0.0028,0.0402,0.02,0.1901,fire
MO,St. Francois,ST. FRANCOIS,0.0131,0.002,0.0513,0.0179,0.0513,wind
MO,St. Louis,ST. LOUIS,0.0091,0.0069,0.0534,0.037,0.0534,wind
MO,St. Louis City,ST. LOUIS CITY,0.0032,0.0004,0.0,0.0003,0.0032,fire
MO,Ste. Genevieve,STE. GENEVIEVE,0.0151,0.0046,0.0376,0.017,0.0376,wind
MO,Stoddard,STODDARD,0.0085,0.0185,0.0513,0.0477,0.0513,wind
MO,Stone,STONE,0.1188,0.0039,0.039,0.0088,0.1188,fire
MO,Sullivan,SULLIVAN,0.0023,0.0028,0.0481,0.0317,0.0481,wind
MO,Taney,TANEY,0.1519,0.0046,0.0679,0.0056,0.1519,fire
MO,Texas,TEXAS,0.0635,0.0046,0.09,0.02,0.09,wind
MO,Vernon,VERNON,0.0111,0.0028,0.0592,0.014,0.0592,wind
MO,Warren,WARREN,0.0182,0.0042,0.0497,0.0236,0.0497,wind
MO,Washington,WASHINGTON,0.0366,0.0042,0.0658,0.0179,0.0658,wind
MO,Wayne,WAYNE,0.099,0.0069,0.0316,0.0798,0.099,fire
MO,Webster,WEBSTER,0.3068,0.0042,0.0679,0.0123,0.3068,fire
MO,Worth,WORTH,0.001,0.0015,0.037,0.0236,0.037,wind
MO,Wright,WRIGHT,0.099,0.0042,0.0782,0.0141,0.099,fire
MS,Adams,ADAMS,0.0032,0.0123,0.0239,0.0001,0.0239,wind
MS,Alcorn,ALCORN,0.0091,0.0105,0.0448,0.0088,0.0448,wind
MS,Amite,AMITE,0.0061,0.007,0.0147,0.0001,0.0147,wind
MS,Attala,ATTALA,0.0061,0.0046,0.0285,0.0044,0.0285,wind
MS,Benton,BENTON,0.0055,0.0069,0.0083,0.0113,0.0113,winter
MS,Bolivar,BOLIVAR,0.0003,0.0212,0.0343,0.0044,0.0343,wind
MS,Calhoun,CALHOUN,0.0047,0.0046,0.0251,0.001,0.0251,wind
MS,Carroll,CARROLL,0.0032,0.0054,0.0343,0.0033,0.0343,wind
MS,Chickasaw,CHICKASAW,0.0055,0.0105,0.0511,0.0006,0.0511,wind
MS,Choctaw,CHOCTAW,0.0047,0.0069,0.0316,0.0017,0.0316,wind
MS,Claiborne,CLAIBORNE,0.0083,0.0105,0.0343,0.0002,0.0343,wind
MS,Clarke,CLARKE,0.0066,0.0157,0.1015,0.0056,0.1015,wind
MS,Clay,CLAY,0.0061,0.0046,0.065,0.0034,0.065,wind
MS,Coahoma,COAHOMA,0.0003,0.0105,0.017,0.0033,0.017,wind
MS,Copiah,COPIAH,0.0061,0.0105,0.0316,0.0003,0.0316,wind
MS,Covington,COVINGTON,0.0032,0.0105,0.0285,0.0017,0.0285,wind
MS,Desoto,DESOTO,0.0061,0.0046,0.0,0.0,0.0061,fire
MS,Forrest,FORREST,0.0182,0.0201,0.0481,0.0033,0.0481,wind
MS,Franklin,FRANKLIN,0.0055,0.0136,0.0222,0.0002,0.0222,wind
MS,George,GEORGE,0.0048,0.0105,0.0316,0.0002,0.0316,wind
MS,Greene,GREENE,0.0037,0.0046,0.0513,0.0011,0.0513,wind
MS,Grenada,GRENADA,0.0061,0.0165,0.039,0.0017,0.039,wind
MS,Hancock,HANCOCK,0.0055,0.0316,0.0285,0.0001,0.0316,flood
MS,Harrison,HARRISON,0.0085,0.0316,0.0285,0.0001,0.0316,flood
MS,Hinds,HINDS,0.0037,0.0332,0.0592,0.001,0.0592,wind
MS,Holmes,HOLMES,0.0048,0.007,0.0316,0.0044,0.0316,wind
MS,Humphreys,HUMPHREYS,0.0003,0.0039,0.0316,0.0017,0.0316,wind
MS,Issaquena,ISSAQUENA,0.001,0.0042,0.0205,0.001,0.0205,wind
MS,Itawamba,ITAWAMBA,0.0091,0.0123,0.0782,0.0056,0.0782,wind
MS,Jackson,JACKSON,0.0083,0.0185,0.0422,0.0001,0.0422,wind
MS,Jasper,JASPER,0.0083,0.0249,0.0512,0.0056,0.0512,wind
MS,Jefferson,JEFFERSON,0.0085,0.0069,0.0282,0.0006,0.0282,wind
MS,Jefferson Davis,JEFFERSON DAVIS,0.0047,0.0185,0.0376,0.001,0.0376,wind
MS,Jones,JONES,0.0055,0.0479,0.065,0.0088,0.065,wind
MS,Kemper,KEMPER,0.0061,0.0069,0.0418,0.0043,0.0418,wind
MS,Lafayette,LAFAYETTE,0.0066,0.007,0.0093,0.0072,0.0093,wind
MS,Lamar,LAMAR,0.0076,0.0448,0.0316,0.0026,0.0448,flood
MS,Lauderdale,LAUDERDALE,0.0066,0.0316,0.1231,0.0072,0.1231,wind
MS,Lawrence,LAWRENCE,0.0055,0.0128,0.0242,0.0006,0.0242,wind
MS,Leake,LEAKE,0.0032,0.0128,0.0376,0.003,0.0376,wind
MS,Lee,LEE,0.0111,0.0069,0.0448,0.001,0.0448,wind
MS,Leflore,LEFLORE,0.0007,0.0038,0.0376,0.0033,0.0376,wind
MS,Lincoln,LINCOLN,0.0032,0.0361,0.0251,0.0003,0.0361,flood
MS,Lowndes,LOWNDES,0.0066,0.0054,0.1231,0.0068,0.1231,wind
MS,Madison,MADISON,0.0023,0.0185,0.0383,0.0015,0.0383,wind
MS,Marion,MARION,0.0045,0.0361,0.0265,0.0006,0.0361,flood
MS,Marshall,MARSHALL,0.0066,0.0105,0.0171,0.0113,0.0171,wind
MS,Monroe,MONROE,0.0115,0.006,0.0762,0.003,0.0762,wind
MS,Montgomery,MONTGOMERY,0.0032,0.0128,0.0265,0.0017,0.0265,wind
MS,Neshoba,NESHOBA,0.0076,0.0123,0.0285,0.0033,0.0285,wind
MS,Newton,NEWTON,0.0076,0.0128,0.0285,0.0033,0.0285,wind
MS,Noxubee,NOXUBEE,0.0048,0.0038,0.0871,0.0033,0.0871,wind
MS,Oktibbeha,OKTIBBEHA,0.0047,0.007,0.0418,0.003,0.0418,wind
MS,Panola,PANOLA,0.0045,0.0123,0.0118,0.0083,0.0123,flood
MS,Pearl River,PEARL RIVER,0.0055,0.0249,0.0316,0.0002,0.0316,wind
MS,Perry,PERRY,0.0131,0.007,0.0316,0.0002,0.0316,wind
MS,Pike,PIKE,0.0036,0.0123,0.017,0.0,0.017,wind
MS,Pontotoc,PONTOTOC,0.0066,0.0105,0.0316,0.0017,0.0316,wind
MS,Prentiss,PRENTISS,0.0055,0.0059,0.0402,0.0056,0.0402,wind
MS,Quitman,QUITMAN,0.0006,0.0042,0.0126,0.0056,0.0126,wind
MS,Rankin,RANKIN,0.0036,0.0448,0.0434,0.0017,0.0448,flood
MS,Scott,SCOTT,0.0066,0.0185,0.0251,0.0043,0.0251,wind
MS,Sharkey,SHARKEY,0.0004,0.007,0.0242,0.0011,0.0242,wind
MS,Simpson,SIMPSON,0.0032,0.007,0.0316,0.0006,0.0316,wind
MS,Smith,SMITH,0.0076,0.0479,0.0422,0.0036,0.0479,flood
MS,Stone,STONE,0.012,0.0128,0.0265,0.0003,0.0265,wind
MS,Sunflower,SUNFLOWER,0.0001,0.006,0.0434,0.0017,0.0434,wind
MS,Tallahatchie,TALLAHATCHIE,0.0076,0.004,0.0167,0.003,0.0167,wind
MS,Tate,TATE,0.0066,0.0128,0.0068,0.0044,0.0128,flood
MS,Tippah,TIPPAH,0.0047,0.0069,0.0205,0.014,0.0205,wind
MS,Tishomingo,TISHOMINGO,0.0048,0.0105,0.0592,0.0088,0.0592,wind
MS,Tunica,TUNICA,0.0018,0.007,0.0126,0.0088,0.0126,wind
MS,Union,UNION,0.0048,0.007,0.0143,0.0072,0.0143,wind
MS,Walthall,WALTHALL,0.0023,0.0105,0.0222,0.0001,0.0222,wind
MS,Warren,WARREN,0.0083,0.0054,0.0343,0.0014,0.0343,wind
MS,Washington,WASHINGTON,0.0017,0.0165,0.037,0.0014,0.037,wind
MS,Wayne,WAYNE,0.0061,0.0185,0.0679,0.0056,0.0679,wind
MS,Webster,WEBSTER,0.0048,0.0069,0.0376,0.0011,0.0376,wind
MS,Wilkinson,WILKINSON,0.0061,0.007,0.0113,0.0001,0.0113,wind
MS,Winston,WINSTON,0.0076,0.0123,0.0285,0.0044,0.0285,wind
MS,Yalobusha,YALOBUSHA,0.0047,0.0069,0.0191,0.0019,0.0191,wind
MS,Yazoo,YAZOO,0.0037,0.0069,0.039,0.0017,0.039,wind
MT,Beaverhead,BEAVERHEAD,0.0023,0.0009,0.0239,0.1471,0.1471,winter
MT,Big Horn,BIG HORN,0.0036,0.001,0.0167,0.0798,0.0798,winter
MT,Blaine,BLAINE,0.0032,0.0105,0.1231,0.0997,0.1231,wind
MT,Broadwater,BROADWATER,0.0006,0.0004,0.017,0.1223,0.1223,winter
MT,Carbon,CARBON,0.0017,0.0011,0.0251,0.1501,0.1501,winter
MT,Carter,CARTER,0.0032,0.0019,0.0251,0.1471,0.1471,winter
MT,Cascade,CASCADE,0.0024,0.0019,0.1192,0.2651,0.2651,winter
MT,Chouteau,CHOUTEAU,0.0018,0.0009,0.0979,0.1223,0.1223,winter
MT,Custer,CUSTER,0.001,0.0015,0.0189,0.0798,0.0798,winter
MT,Daniels,DANIELS,0.0006,0.0028,0.039,0.1227,0.1227,winter
MT,Dawson,DAWSON,0.0007,0.0028,0.051,0.1556,0.1556,winter
MT,Deer Lodge,DEER LODGE,0.0001,0.0039,0.0,0.0,0.0039,flood
MT,Fallon,FALLON,0.0006,0.0015,0.0316,0.0997,0.0997,winter
MT,Fergus,FERGUS,0.001,0.0006,0.0782,0.1342,0.1342,winter
MT,Flathead,FLATHEAD,0.0001,0.007,0.0205,0.26,0.26,winter
MT,Gallatin,GALLATIN,0.0032,0.0012,0.0316,0.3235,0.3235,winter
MT,Garfield,GARFIELD,0.001,0.0022,0.0679,0.1555,0.1555,winter
MT,Glacier,GLACIER,0.001,0.0045,0.1653,0.5219,0.5219,winter
MT,Golden Valley,GOLDEN VALLEY,0.0023,0.001,0.0205,0.0868,0.0868,winter
MT,Granite,GRANITE,0.0003,0.0028,0.0,0.0,0.0028,flood
MT,Hill,HILL,0.0032,0.0032,0.0871,0.1227,0.1227,winter
MT,Jefferson,JEFFERSON,0.0017,0.0004,0.0507,0.25,0.25,winter
MT,Judith Basin,JUDITH BASIN,0.001,0.001,0.065,0.2364,0.2364,winter
MT,Lake,LAKE,0.0003,0.0165,0.0093,0.0868,0.0868,winter
MT,Lewis And Clark,LEWIS AND CLARK,0.001,0.0046,0.0464,0.2624,0.2624,winter
MT,Liberty,LIBERTY,0.0032,0.001,0.0837,0.0917,0.0917,winter
MT,Lincoln,LINCOLN,0.0001,0.0011,0.0083,0.0639,0.0639,winter
MT,Madison,MADISON,0.0007,0.0015,0.0147,0.2624,0.2624,winter
MT,Mccone,MCCONE,0.0039,0.0019,0.0592,0.1342,0.1342,winter
MT,Meagher,MEAGHER,0.0003,0.0015,0.0291,0.2526,0.2526,winter
MT,Mineral,MINERAL,0.0001,0.0039,0.0009,0.0,0.0039,flood
MT,Missoula,MISSOULA,0.0001,0.0165,0.0093,0.0679,0.0679,winter
MT,Musselshell,MUSSELSHELL,0.0023,0.002,0.0265,0.1012,0.1012,winter
MT,Park,PARK,0.001,0.0008,0.0782,0.2325,0.2325,winter
MT,Petroleum,PETROLEUM,0.0014,0.0028,0.017,0.0798,0.0798,winter
MT,Phillips,PHILLIPS,0.0023,0.006,0.0534,0.0785,0.0785,winter
MT,Pondera,PONDERA,0.0023,0.001,0.0679,0.1998,0.1998,winter
MT,Powder River,POWDER RIVER,0.0017,0.0046,0.0126,0.1055,0.1055,winter
MT,Powell,POWELL,0.0001,0.007,0.0022,0.0,0.007,flood
MT,Prairie,PRAIRIE,0.001,0.0019,0.0316,0.1223,0.1223,winter
MT,Ravalli,RAVALLI,0.0001,0.0042,0.0022,0.0001,0.0042,flood
MT,Richland,RICHLAND,0.0045,0.0012,0.0839,0.1949,0.1949,winter
MT,Roosevelt,ROOSEVELT,0.0034,0.0054,0.0979,0.1949,0.1949,winter
MT,Rosebud,ROSEBUD,0.002,0.0008,0.0211,0.0698,0.0698,winter
MT,Sanders,SANDERS,0.0001,0.0105,0.0028,0.0003,0.0105,flood
MT,Sheridan,SHERIDAN,0.0006,0.0019,0.11,0.1841,0.1841,winter
MT,Silver Bow,SILVER BOW,0.0017,0.0015,0.0,0.0,0.0017,fire
MT,Stillwater,STILLWATER,0.0047,0.0022,0.0343,0.187,0.187,winter
MT,Sweet Grass,SWEET GRASS,0.0032,0.0019,0.0534,0.1873,0.1873,winter
MT,Teton,TETON,0.0017,0.002,0.1231,0.187,0.187,winter
MT,Toole,TOOLE,0.001,0.0011,0.1192,0.1949,0.1949,winter
MT,Treasure,TREASURE,0.0007,0.0009,0.0093,0.0556,0.0556,winter
MT,Valley,VALLEY,0.001,0.0011,0.1253,0.1788,0.1788,winter
MT,Wheatland,WHEATLAND,0.001,0.0011,0.0497,0.1227,0.1227,winter
MT,Wibaux,WIBAUX,0.001,0.0019,0.0393,0.1227,0.1227,winter
MT,Yellowstone,YELLOWSTONE,0.0034,0.0022,0.0343,0.0997,0.0997,winter
NC,Alamance,ALAMANCE,0.0111,0.001,0.0762,0.0285,0.0762,wind
NC,Alexander,ALEXANDER,0.0066,0.0039,0.065,0.0549,0.065,wind
NC,Alleghany,ALLEGHANY,0.0032,0.0105,0.0829,0.0264,0.0829,wind
NC,Anson,ANSON,0.0061,0.0028,0.0501,0.034,0.0501,wind
NC,Ashe,ASHE,0.0076,0.0165,0.0979,0.047,0.0979,wind
NC,Avery,AVERY,0.0091,0.0046,0.1255,0.3056,0.3056,winter
NC,Beaufort,BEAUFORT,0.0108,0.0019,0.0668,0.0179,0.0668,wind
NC,Bertie,BERTIE,0.0066,0.0012,0.0316,0.037,0.037,winter
NC,Bladen,BLADEN,0.0085,0.0001,0.0668,0.0291,0.0668,wind
NC,Brunswick,BRUNSWICK,0.0115,0.0069,0.0612,0.0154,0.0612,wind
NC,Buncombe,BUNCOMBE,0.0076,0.007,0.1831,0.187,0.187,winter
NC,Burke,BURKE,0.0168,0.0165,0.1653,0.1734,0.1734,winter
NC,Cabarrus,CABARRUS,0.0045,0.0046,0.09,0.0303,0.09,wind
NC,Caldwell,CALDWELL,0.0085,0.0105,0.1116,0.1734,0.1734,winter
NC,Camden,CAMDEN,0.0032,0.0011,0.0376,0.02,0.0376,wind
NC,Carteret,CARTERET,0.0047,0.0032,0.1192,0.02,0.1192,wind
NC,Caswell,CASWELL,0.0047,0.002,0.065,0.0236,0.065,wind
NC,Catawba,CATAWBA,0.0091,0.0046,0.0979,0.0679,0.0979,wind
NC,Chatham,CHATHAM,0.0131,0.0028,0.0979,0.02,0.0979,wind
NC,Cherokee,CHEROKEE,0.0182,0.0069,0.0263,0.037,0.037,winter
NC,Chowan,CHOWAN,0.0061,0.0006,0.0343,0.0253,0.0343,wind
NC,Clay,CLAY,0.0151,0.0114,0.0393,0.0179,0.0393,wind
NC,Cleveland,CLEVELAND,0.0076,0.0105,0.0839,0.0477,0.0839,wind
NC,Columbus,COLUMBUS,0.0076,0.0002,0.0679,0.0236,0.0679,wind
NC,Craven,CRAVEN,0.0048,0.002,0.0979,0.034,0.0979,wind
NC,Cumberland,CUMBERLAND,0.0168,0.001,0.0746,0.02,0.0746,wind
NC,Currituck,CURRITUCK,0.0032,0.0039,0.0592,0.02,0.0592,wind
NC,Dare,DARE,0.0023,0.0046,0.0871,0.0236,0.0871,wind
NC,Davidson,DAVIDSON,0.0034,0.0014,0.0801,0.0343,0.0801,wind
NC,Davie,DAVIE,0.0032,0.0022,0.0592,0.047,0.0592,wind
NC,Duplin,DUPLIN,0.0024,0.0004,0.1015,0.0418,0.1015,wind
NC,Durham,DURHAM,0.0048,0.004,0.0668,0.0236,0.0668,wind
NC,Edgecombe,EDGECOMBE,0.0032,0.0011,0.0782,0.02,0.0782,wind
NC,Forsyth,FORSYTH,0.0045,0.0028,0.0746,0.0343,0.0746,wind
NC,Franklin,FRANKLIN,0.0032,0.0022,0.0534,0.02,0.0534,wind
NC,Gaston,GASTON,0.0023,0.0019,0.0909,0.0386,0.0909,wind
NC,Gates,GATES,0.0019,0.0014,0.0285,0.0264,0.0285,wind
NC,Graham,GRAHAM,0.0083,0.0165,0.1015,0.1998,0.1998,winter
NC,Granville,GRANVILLE,0.0083,0.0029,0.0422,0.0179,0.0422,wind
NC,Greene,GREENE,0.0061,0.0008,0.0612,0.0236,0.0612,wind
NC,Guilford,GUILFORD,0.0076,0.002,0.0762,0.0305,0.0762,wind
NC,Halifax,HALIFAX,0.0076,0.0012,0.0592,0.02,0.0592,wind
NC,Harnett,HARNETT,0.0143,0.0008,0.0762,0.0236,0.0762,wind
NC,Haywood,HAYWOOD,0.02,0.0105,0.1356,0.2194,0.2194,winter
NC,Henderson,HENDERSON,0.0083,0.0105,0.1231,0.0868,0.1231,wind
NC,Hertford,HERTFORD,0.0055,0.0008,0.0342,0.037,0.037,winter
NC,Hoke,HOKE,0.0085,0.002,0.0623,0.0179,0.0623,wind
NC,Hyde,HYDE,0.0048,0.0019,0.0645,0.02,0.0645,wind
NC,Iredell,IREDELL,0.0066,0.0046,0.082,0.0598,0.082,wind
NC,Jackson,JACKSON,0.0083,0.0105,0.2015,0.1998,0.2015,wind
NC,Johnston,JOHNSTON,0.0143,0.0008,0.11,0.0354,0.11,wind
NC,Jones,JONES,0.0047,0.002,0.065,0.034,0.065,wind
NC,Lee,LEE,0.0045,0.0046,0.0316,0.003,0.0316,wind
NC,Lenoir,LENOIR,0.0066,0.0008,0.1066,0.0427,0.1066,wind
NC,Lincoln,LINCOLN,0.0108,0.007,0.09,0.0477,0.09,wind
NC,Macon,MACON,0.02,0.0105,0.1528,0.1573,0.1573,winter
NC,Madison,MADISON,0.0076,0.0071,0.1528,0.2194,0.2194,winter
NC,Martin,MARTIN,0.0055,0.0009,0.0497,0.0179,0.0497,wind
NC,Mcdowell,MCDOWELL,0.0477,0.0123,0.1528,0.1564,0.1564,winter
NC,Mecklenburg,MECKLENBURG,0.0045,0.0046,0.1831,0.0556,0.1831,wind
NC,Mitchell,MITCHELL,0.0048,0.0042,0.1653,0.2721,0.2721,winter
NC,Montgomery,MONTGOMERY,0.01,0.0025,0.0507,0.02,0.0507,wind
NC,Moore,MOORE,0.0182,0.0014,0.0746,0.0179,0.0746,wind
NC,Nash,NASH,0.0032,0.0022,0.0669,0.02,0.0669,wind
NC,New Hanover,NEW HANOVER,0.0066,0.007,0.0909,0.0212,0.0909,wind
NC,Northampton,NORTHAMPTON,0.003,0.0024,0.0418,0.0236,0.0418,wind
NC,Onslow,ONSLOW,0.0076,0.0028,0.1015,0.0386,0.1015,wind
NC,Orange,ORANGE,0.0047,0.0028,0.0839,0.0253,0.0839,wind
NC,Pamlico,PAMLICO,0.0055,0.0011,0.0481,0.0154,0.0481,wind
NC,Pasquotank,PASQUOTANK,0.0034,0.0019,0.0481,0.0264,0.0481,wind
NC,Pender,PENDER,0.0209,0.0028,0.0829,0.0317,0.0829,wind
NC,Perquimans,PERQUIMANS,0.0032,0.001,0.039,0.0264,0.039,wind
NC,Person,PERSON,0.0055,0.001,0.0762,0.0264,0.0762,wind
NC,Pitt,PITT,0.0091,0.0008,0.0834,0.0264,0.0834,wind
NC,Polk,POLK,0.0091,0.0028,0.1082,0.0665,0.1082,wind
NC,Randolph,RANDOLPH,0.0131,0.0008,0.0762,0.0264,0.0762,wind
NC,Richmond,RICHMOND,0.0111,0.0011,0.0534,0.0264,0.0534,wind
NC,Robeson,ROBESON,0.0583,0.0008,0.065,0.0296,0.065,wind
NC,Rockingham,ROCKINGHAM,0.0091,0.0032,0.0658,0.0236,0.0658,wind
NC,Rowan,ROWAN,0.012,0.0046,0.0979,0.0477,0.0979,wind
NC,Rutherford,RUTHERFORD,0.0209,0.0039,0.1125,0.0997,0.1125,wind
NC,Sampson,SAMPSON,0.0066,0.0004,0.09,0.0317,0.09,wind
NC,Scotland,SCOTLAND,0.0111,0.001,0.051,0.0264,0.051,wind
NC,Stanly,STANLY,0.0083,0.0039,0.0762,0.0253,0.0762,wind
NC,Stokes,STOKES,0.0034,0.0056,0.0507,0.0236,0.0507,wind
NC,Surry,SURRY,0.0032,0.0045,0.0592,0.02,0.0592,wind
NC,Swain,SWAIN,0.0061,0.0069,0.1653,0.2837,0.2837,winter
NC,Transylvania,TRANSYLVANIA,0.0076,0.0157,0.1116,0.1091,0.1116,wind
NC,Tyrrell,TYRRELL,0.0032,0.0008,0.0418,0.0154,0.0418,wind
NC,Union,UNION,0.0076,0.0046,0.0762,0.0386,0.0762,wind
NC,Vance,VANCE,0.0045,0.0012,0.037,0.0179,0.037,wind
NC,Wake,WAKE,0.0091,0.0042,0.1116,0.037,0.1116,wind
NC,Warren,WARREN,0.0014,0.002,0.037,0.02,0.037,wind
NC,Washington,WASHINGTON,0.0115,0.001,0.0497,0.02,0.0497,wind
NC,Watauga,WATAUGA,0.0036,0.0625,0.0808,0.1091,0.1091,winter
NC,Wayne,WAYNE,0.0076,0.0011,0.1082,0.0343,0.1082,wind
NC,Wilkes,WILKES,0.0055,0.0479,0.065,0.0386,0.065,wind
NC,Wilson,WILSON,0.0023,0.002,0.0762,0.0264,0.0762,wind
NC,Yadkin,YADKIN,0.0032,0.0042,0.0481,0.0236,0.0481,wind
NC,Yancey,YANCEY,0.0182,0.0028,0.1653,0.2624,0.2624,winter
ND,Adams,ADAMS,0.0017,0.0015,0.0746,0.2721,0.2721,winter
ND,Barnes,BARNES,0.0003,0.0105,0.0746,0.2943,0.2943,winter
ND,Benson,BENSON,0.001,0.0024,0.1082,0.2336,0.2336,winter
ND,Billings,BILLINGS,0.0007,0.0025,0.1015,0.2624,0.2624,winter
ND,Bottineau,BOTTINEAU,0.0006,0.0028,0.0826,0.1227,0.1227,winter
ND,Bowman,BOWMAN,0.0014,0.001,0.0454,0.2074,0.2074,winter
ND,Burke,BURKE,0.001,0.0008,0.1116,0.166,0.166,winter
ND,Burleigh,BURLEIGH,0.0032,0.0032,0.0839,0.1949,0.1949,winter
ND,Cass,CASS,0.0001,0.0123,0.0958,0.3714,0.3714,winter
ND,Cavalier,CAVALIER,0.0004,0.0024,0.1015,0.2526,0.2526,winter
ND,Dickey,DICKEY,0.001,0.0028,0.0316,0.187,0.187,winter
ND,Divide,DIVIDE,0.0006,0.0042,0.1192,0.226,0.226,winter
ND,Dunn,DUNN,0.0017,0.0011,0.11,0.2721,0.2721,winter
ND,Eddy,EDDY,0.0003,0.0028,0.0454,0.2325,0.2325,winter
ND,Emmons,EMMONS,0.0019,0.0011,0.0762,0.1593,0.1593,winter
ND,Foster,FOSTER,0.0003,0.004,0.0592,0.2285,0.2285,winter
ND,Golden Valley,GOLDEN VALLEY,0.0007,0.0039,0.0481,0.1227,0.1227,winter
ND,Grand Forks,GRAND FORKS,0.0001,0.0157,0.1797,0.2718,0.2718,winter
ND,Grant,GRANT,0.0006,0.0024,0.0422,0.26,0.26,winter
ND,Griggs,GRIGGS,0.0001,0.0128,0.0534,0.2681,0.2681,winter
ND,Hettinger,HETTINGER,0.0032,0.0019,0.0629,0.2526,0.2526,winter
ND,Kidder,KIDDER,0.0001,0.0008,0.0762,0.1788,0.1788,winter
ND,Lamoure,LAMOURE,0.0004,0.0045,0.0,0.0011,0.0045,flood
ND,Logan,LOGAN,0.0006,0.001,0.0376,0.1223,0.1223,winter
ND,Mchenry,MCHENRY,0.0006,0.0028,0.0612,0.1227,0.1227,winter
ND,Mcintosh,MCINTOSH,0.0007,0.0003,0.0376,0.1524,0.1524,winter
ND,Mckenzie,MCKENZIE,0.0034,0.0054,0.0946,0.2266,0.2266,winter
ND,Mclean,MCLEAN,0.001,0.0008,0.1073,0.166,0.166,winter
ND,Mercer,MERCER,0.001,0.002,0.0612,0.2325,0.2325,winter
ND,Morton,MORTON,0.0006,0.0024,0.0762,0.26,0.26,winter
ND,Mountrail,MOUNTRAIL,0.001,0.0056,0.1253,0.2325,0.2325,winter
ND,Nelson,NELSON,0.0003,0.0056,0.1015,0.3056,0.3056,winter
ND,Oliver,OLIVER,0.0003,0.0012,0.0376,0.186,0.186,winter
ND,Pembina,PEMBINA,0.0001,0.0431,0.1356,0.1998,0.1998,winter
ND,Pierce,PIERCE,0.001,0.002,0.0746,0.0997,0.0997,winter
ND,Ramsey,RAMSEY,0.0039,0.006,0.1082,0.2624,0.2624,winter
ND,Ransom,RANSOM,0.0003,0.0045,0.0454,0.2526,0.2526,winter
ND,Renville,RENVILLE,0.0006,0.0022,0.0909,0.1501,0.1501,winter
ND,Richland,RICHLAND,0.0003,0.0069,0.0871,0.2074,0.2074,winter
ND,Rolette,ROLETTE,0.0032,0.0028,0.0575,0.1091,0.1091,winter
ND,Sargent,SARGENT,0.0001,0.0032,0.0762,0.2532,0.2532,winter
ND,Sheridan,SHERIDAN,0.001,0.0008,0.0575,0.1227,0.1227,winter
ND,Sioux,SIOUX,0.0023,0.0011,0.0592,0.2624,0.2624,winter
ND,Slope,SLOPE,0.0007,0.0019,0.0592,0.1974,0.1974,winter
ND,Stark,STARK,0.0023,0.001,0.0979,0.2074,0.2074,winter
ND,Steele,STEELE,0.0001,0.0165,0.0782,0.3258,0.3258,winter
ND,Stutsman,STUTSMAN,0.003,0.0039,0.0575,0.2624,0.2624,winter
ND,Towner,TOWNER,0.0007,0.0123,0.0979,0.1564,0.1564,winter
ND,Traill,TRAILL,0.0001,0.0105,0.1116,0.2364,0.2364,winter
ND,Walsh,WALSH,0.001,0.0479,0.1653,0.2364,0.2364,winter
ND,Ward,WARD,0.0007,0.007,0.0979,0.1788,0.1788,winter
ND,Wells,WELLS,0.0006,0.0028,0.0534,0.1963,0.1963,winter
ND,Williams,WILLIAMS,0.0006,0.0024,0.1255,0.226,0.226,winter
NE,Adams,ADAMS,0.0017,0.007,0.1653,0.1734,0.1734,winter
NE,Antelope,ANTELOPE,0.0048,0.0005,0.1082,0.089,0.1082,wind
NE,Arthur,ARTHUR,0.0034,0.0,0.0376,0.0798,0.0798,winter
NE,Banner,BANNER,0.0047,0.0001,0.0222,0.0734,0.0734,winter
NE,Blaine,BLAINE,0.0032,0.0001,0.0612,0.0798,0.0798,winter
NE,Boone,BOONE,0.0032,0.0019,0.0871,0.0549,0.0871,wind
NE,Box Butte,BOX BUTTE,0.0032,0.0002,0.0402,0.089,0.089,winter
NE,Boyd,BOYD,0.0055,0.0008,0.0534,0.1091,0.1091,winter
NE,Brown,BROWN,0.0085,0.0008,0.0497,0.0997,0.0997,winter
NE,Buffalo,BUFFALO,0.0066,0.0024,0.1109,0.1841,0.1841,winter
NE,Burt,BURT,0.0019,0.001,0.065,0.0305,0.065,wind
NE,Butler,BUTLER,0.0014,0.0025,0.0762,0.0343,0.0762,wind
NE,Cass,CASS,0.0047,0.0019,0.09,0.0343,0.09,wind
NE,Cedar,CEDAR,0.0061,0.0006,0.1082,0.1223,0.1223,winter
NE,Chase,CHASE,0.0047,0.0001,0.0393,0.1223,0.1223,winter
NE,Cherry,CHERRY,0.0061,0.0004,0.0782,0.1873,0.1873,winter
NE,Cheyenne,CHEYENNE,0.0034,0.0002,0.0393,0.1573,0.1573,winter
NE,Clay,CLAY,0.0024,0.0059,0.1797,0.1564,0.1797,wind
NE,Colfax,COLFAX,0.002,0.001,0.065,0.0384,0.065,wind
NE,Cuming,CUMING,0.001,0.001,0.0679,0.0413,0.0679,wind
NE,Custer,CUSTER,0.0034,0.0019,0.1082,0.1203,0.1203,winter
NE,Dakota,DAKOTA,0.0111,0.0009,0.0575,0.0679,0.0679,winter
NE,Dawes,DAWES,0.0083,0.0009,0.0481,0.1342,0.1342,winter
NE,Dawson,DAWSON,0.0032,0.0039,0.1255,0.1091,0.1255,wind
NE,Deuel,DEUEL,0.0032,0.0002,0.0481,0.1227,0.1227,winter
NE,Dixon,DIXON,0.0034,0.0008,0.0746,0.0917,0.0917,winter
NE,Dodge,DODGE,0.002,0.0019,0.0668,0.037,0.0668,wind
NE,Douglas,DOUGLAS,0.0083,0.0028,0.0979,0.0679,0.0979,wind
NE,Dundy,DUNDY,0.0085,0.0012,0.0504,0.1687,0.1687,winter
NE,Fillmore,FILLMORE,0.0024,0.002,0.1479,0.0598,0.1479,wind
NE,Franklin,FRANKLIN,0.0019,0.0045,0.1015,0.1342,0.1342,winter
NE,Frontier,FRONTIER,0.0047,0.002,0.1015,0.062,0.1015,wind
NE,Furnas,FURNAS,0.0023,0.0019,0.1528,0.1091,0.1528,wind
NE,Gage,GAGE,0.0034,0.002,0.1653,0.0236,0.1653,wind
NE,Garden,GARDEN,0.0032,0.0008,0.0507,0.0997,0.0997,winter
NE,Garfield,GARFIELD,0.0045,0.0004,0.039,0.0785,0.0785,winter
NE,Gosper,GOSPER,0.0032,0.0039,0.1099,0.0997,0.1099,wind
NE,Grant,GRANT,0.0023,0.0001,0.0418,0.1091,0.1091,winter
NE,Greeley,GREELEY,0.0023,0.002,0.065,0.0749,0.0749,winter
NE,Hall,HALL,0.002,0.0042,0.1356,0.1342,0.1356,wind
NE,Hamilton,HAMILTON,0.001,0.0046,0.1015,0.0785,0.1015,wind
NE,Harlan,HARLAN,0.0018,0.0105,0.1015,0.089,0.1015,wind
NE,Hayes,HAYES,0.0032,0.0009,0.0592,0.062,0.062,winter
NE,Hitchcock,HITCHCOCK,0.0037,0.0004,0.0746,0.1227,0.1227,winter
NE,Holt,HOLT,0.0085,0.001,0.0612,0.089,0.089,winter
NE,Hooker,HOOKER,0.0007,0.0001,0.0454,0.1223,0.1223,winter
NE,Howard,HOWARD,0.0066,0.002,0.0871,0.0997,0.0997,winter
NE,Jefferson,JEFFERSON,0.0024,0.0011,0.1255,0.0264,0.1255,wind
NE,Johnson,JOHNSON,0.0006,0.0046,0.0679,0.0154,0.0679,wind
NE,Kearney,KEARNEY,0.0034,0.006,0.09,0.1223,0.1223,winter
NE,Keith,KEITH,0.0083,0.0008,0.0534,0.1223,0.1223,winter
NE,Keya Paha,KEYA PAHA,0.0032,0.0009,0.0629,0.1342,0.1342,winter
NE,Kimball,KIMBALL,0.0061,0.0001,0.037,0.1342,0.1342,winter
NE,Knox,KNOX,0.0083,0.0004,0.09,0.1342,0.1342,winter
NE,Lancaster,LANCASTER,0.0032,0.0069,0.1079,0.0413,0.1079,wind
NE,Lincoln,LINCOLN,0.0048,0.0019,0.1192,0.0868,0.1192,wind
NE,Logan,LOGAN,0.0039,0.0008,0.0534,0.0868,0.0868,winter
NE,Loup,LOUP,0.0031,0.0004,0.0481,0.0734,0.0734,winter
NE,Madison,MADISON,0.0066,0.0011,0.1255,0.0639,0.1255,wind
NE,Mcpherson,MCPHERSON,0.0018,0.0001,0.0507,0.0917,0.0917,winter
NE,Merrick,MERRICK,0.001,0.0059,0.0979,0.062,0.0979,wind
NE,Morrill,MORRILL,0.0066,0.0004,0.0316,0.0734,0.0734,winter
NE,Nance,NANCE,0.0007,0.0038,0.0839,0.0598,0.0839,wind
NE,Nemaha,NEMAHA,0.001,0.002,0.0762,0.0264,0.0762,wind
NE,Nuckolls,NUCKOLLS,0.0017,0.0022,0.1831,0.089,0.1831,wind
NE,Otoe,OTOE,0.0014,0.0022,0.0902,0.0291,0.0902,wind
NE,Pawnee,PAWNEE,0.0004,0.0038,0.0679,0.0179,0.0679,wind
NE,Perkins,PERKINS,0.0017,0.0006,0.0454,0.089,0.089,winter
NE,Phelps,PHELPS,0.0032,0.0046,0.11,0.1203,0.1203,winter
NE,Pierce,PIERCE,0.0115,0.0004,0.1082,0.089,0.1082,wind
NE,Platte,PLATTE,0.0032,0.0025,0.0946,0.0477,0.0946,wind
NE,Polk,POLK,0.0023,0.0028,0.0979,0.062,0.0979,wind
NE,Red Willow,RED WILLOW,0.0032,0.0054,0.2031,0.0734,0.2031,wind
NE,Richardson,RICHARDSON,0.0004,0.0019,0.4342,0.0305,0.4342,wind
NE,Rock,ROCK,0.0023,0.001,0.0343,0.0997,0.0997,winter
NE,Saline,SALINE,0.0017,0.0014,0.1356,0.0354,0.1356,wind
NE,Sarpy,SARPY,0.0061,0.0038,0.0762,0.037,0.0762,wind
NE,Saunders,SAUNDERS,0.0032,0.007,0.0809,0.047,0.0809,wind
NE,Scotts Bluff,SCOTTS BLUFF,0.0091,0.0004,0.0316,0.0477,0.0477,winter
NE,Seward,SEWARD,0.0023,0.0008,0.09,0.037,0.09,wind
NE,Sheridan,SHERIDAN,0.0017,0.0008,0.0592,0.1564,0.1564,winter
NE,Sherman,SHERMAN,0.0039,0.0015,0.0762,0.1227,0.1227,winter
NE,Sioux,SIOUX,0.0024,0.0008,0.0222,0.0679,0.0679,winter
NE,Stanton,STANTON,0.002,0.0039,0.09,0.047,0.09,wind
NE,Thayer,THAYER,0.0006,0.0032,0.1831,0.0559,0.1831,wind
NE,Thomas,THOMAS,0.0032,0.0001,0.039,0.1223,0.1223,winter
NE,Thurston,THURSTON,0.0055,0.002,0.065,0.0477,0.065,wind
NE,Valley,VALLEY,0.0032,0.0008,0.0839,0.1058,0.1058,winter
NE,Washington,WASHINGTON,0.0039,0.004,0.0668,0.0598,0.0668,wind
NE,Wayne,WAYNE,0.0032,0.0006,0.0909,0.0698,0.0909,wind
NE,Webster,WEBSTER,0.001,0.0039,0.1828,0.1471,0.1828,wind
NE,Wheeler,WHEELER,0.0083,0.0006,0.0612,0.0598,0.0612,wind
NE,York,YORK,0.0006,0.0039,0.1015,0.0598,0.1015,wind
NH,Belknap,BELKNAP,0.0001,0.0625,0.0481,0.226,0.226,winter
NH,Carroll,CARROLL,0.001,0.0856,0.065,0.2624,0.2624,winter
NH,Cheshire,CHESHIRE,0.0014,0.0212,0.0958,0.226,0.226,winter
NH,Coos,COOS,0.0003,0.0448,0.037,0.3921,0.3921,winter
NH,Grafton,GRAFTON,0.0001,0.0533,0.0679,0.3203,0.3203,winter
NH,Hillsborough,HILLSBOROUGH,0.001,0.0128,0.0746,0.166,0.166,winter
NH,Merrimack,MERRIMACK,0.001,0.0533,0.0762,0.2194,0.2194,winter
NH,Rockingham,ROCKINGHAM,0.001,0.0479,0.0839,0.187,0.187,winter
NH,Strafford,STRAFFORD,0.0006,0.1595,0.0513,0.1873,0.1873,winter
NH,Sullivan,SULLIVAN,0.0006,0.0658,0.0679,0.2718,0.2718,winter
NJ,Atlantic,ATLANTIC,0.0425,0.0157,0.11,0.139,0.139,winter
NJ,Bergen,BERGEN,0.0085,0.0128,0.0507,0.0679,0.0679,winter
NJ,Burlington,BURLINGTON,0.3608,0.0105,0.1766,0.1788,0.3608,fire
NJ,Camden,CAMDEN,0.1276,0.0123,0.1356,0.1572,0.1572,winter
NJ,Cape May,CAPE MAY,0.02,0.0326,0.1192,0.1471,0.1471,winter
NJ,Cumberland,CUMBERLAND,0.0366,0.0105,0.1204,0.1501,0.1501,winter
NJ,Essex,ESSEX,0.0085,0.0024,0.0629,0.089,0.089,winter
NJ,Gloucester,GLOUCESTER,0.1748,0.007,0.1253,0.1573,0.1748,fire
NJ,Hudson,HUDSON,0.0076,0.0039,0.0343,0.062,0.062,winter
NJ,Hunterdon,HUNTERDON,0.0276,0.0165,0.0839,0.3056,0.3056,winter
NJ,Mercer,MERCER,0.1423,0.0054,0.11,0.2194,0.2194,winter
NJ,Middlesex,MIDDLESEX,0.2769,0.0128,0.0762,0.2194,0.2769,fire
NJ,Monmouth,MONMOUTH,0.2594,0.0165,0.1192,0.1573,0.2594,fire
NJ,Morris,MORRIS,0.0254,0.007,0.0909,0.3339,0.3339,winter
NJ,Ocean,OCEAN,0.074,0.0316,0.1831,0.1873,0.1873,winter
NJ,Passaic,PASSAIC,0.0131,0.0105,0.0612,0.1006,0.1006,winter
NJ,Salem,SALEM,0.0425,0.0069,0.0979,0.1342,0.1342,winter
NJ,Somerset,SOMERSET,0.0583,0.0056,0.0871,0.2526,0.2526,winter
NJ,Sussex,SUSSEX,0.02,0.0136,0.1255,0.5529,0.5529,winter
NJ,Union,UNION,0.0085,0.0056,0.0497,0.1227,0.1227,winter
NJ,Warren,WARREN,0.099,0.0038,0.1079,0.4726,0.4726,winter
NM,Bernalillo,BERNALILLO,0.0366,0.002,0.1082,0.1091,0.1091,winter
NM,Catron,CATRON,0.0131,0.0008,0.0147,0.1342,0.1342,winter
NM,Chaves,CHAVES,0.0273,0.0019,0.3147,0.0477,0.3147,wind
NM,Cibola,CIBOLA,0.0066,0.0004,0.0481,0.166,0.166,winter
NM,Colfax,COLFAX,0.0108,0.0008,0.0239,0.4388,0.4388,winter
NM,Curry,CURRY,0.0384,0.0004,0.26,0.037,0.26,wind
NM,De Baca,DE BACA,0.0083,0.0005,0.2477,0.0868,0.2477,wind
NM,Doña Ana,DOÑA ANA,0.0091,0.0025,0.0,0.0,0.0091,fire
NM,Eddy,EDDY,0.0091,0.0042,0.2496,0.0123,0.2496,wind
NM,Grant,GRANT,0.0085,0.0019,0.0037,0.0477,0.0477,winter
NM,Guadalupe,GUADALUPE,0.0131,0.0001,0.3118,0.1998,0.3118,wind
NM,Harding,HARDING,0.0037,0.0,0.0839,0.187,0.187,winter
NM,Hidalgo,HIDALGO,0.0061,0.001,0.0022,0.0072,0.0072,winter
NM,Lea,LEA,0.0085,0.0046,0.1253,0.0035,0.1253,wind
NM,Lincoln,LINCOLN,0.0143,0.0008,0.342,0.1223,0.342,wind
NM,Los Alamos,LOS ALAMOS,0.0617,0.0028,0.0205,0.1573,0.1573,winter
NM,Luna,LUNA,0.0076,0.0024,0.0028,0.0088,0.0088,winter
NM,Mckinley,MCKINLEY,0.0045,0.0005,0.0669,0.2325,0.2325,winter
NM,Mora,MORA,0.0032,0.0003,0.0829,0.3398,0.3398,winter
NM,Otero,OTERO,0.0066,0.0015,0.11,0.0477,0.11,wind
NM,Quay,QUAY,0.0477,0.0006,0.1356,0.0598,0.1356,wind
NM,Rio Arriba,RIO ARRIBA,0.0066,0.0011,0.0118,0.226,0.226,winter
NM,Roosevelt,ROOSEVELT,0.0209,0.001,0.2015,0.0354,0.2015,wind
NM,San Juan,SAN JUAN,0.0131,0.0032,0.0041,0.3258,0.3258,winter
NM,San Miguel,SAN MIGUEL,0.02,0.0003,0.1255,0.2624,0.2624,winter
NM,Sandoval,SANDOVAL,0.0131,0.0008,0.0592,0.009,0.0592,wind
NM,Santa Fe,SANTA FE,0.0254,0.0008,0.1911,0.26,0.26,winter
NM,Sierra,SIERRA,0.0108,0.002,0.0093,0.0798,0.0798,winter
NM,Socorro,SOCORRO,0.0182,0.0004,0.2659,0.1223,0.2659,wind
NM,Taos,TAOS,0.02,0.0008,0.0154,0.3056,0.3056,winter
NM,Torrance,TORRANCE,0.0083,0.0001,0.2015,0.0997,0.2015,wind
NM,Union,UNION,0.02,0.0003,0.0612,0.3756,0.3756,winter
NM,Valencia,VALENCIA,0.0131,0.001,0.1255,0.0639,0.1255,wind
NV,Carson City,CARSON CITY,0.0048,0.0022,0.3235,0.4543,0.4543,winter
NV,Churchill,CHURCHILL,0.001,0.001,0.037,0.1872,0.1872,winter
NV,Clark,CLARK,0.0076,0.0071,0.0579,0.2768,0.2768,winter
NV,Douglas,DOUGLAS,0.0004,0.0069,0.3235,0.4405,0.4405,winter
NV,Elko,ELKO,0.0001,0.007,0.0592,0.6307,0.6307,winter
NV,Esmeralda,ESMERALDA,0.0007,0.0009,0.0762,0.3258,0.3258,winter
NV,Eureka,EUREKA,0.0003,0.0128,0.0376,0.6204,0.6204,winter
NV,Humboldt,HUMBOLDT,0.001,0.0024,0.0668,0.3258,0.3258,winter
NV,Lander,LANDER,0.0003,0.0056,0.0316,0.501,0.501,winter
NV,Lincoln,LINCOLN,0.0001,0.0105,0.0839,0.5528,0.5528,winter
NV,Lyon,LYON,0.0048,0.0005,0.2659,0.3258,0.3258,winter
NV,Mineral,MINERAL,0.0006,0.0002,0.1192,0.26,0.26,winter
NV,Nye,NYE,0.0003,0.0128,0.0037,0.0002,0.0128,flood
NV,Pershing,PERSHING,0.0001,0.0042,0.0376,0.1734,0.1734,winter
NV,Storey,STOREY,0.0003,0.0105,0.2031,0.2785,0.2785,winter
NV,Washoe,WASHOE,0.0007,0.007,0.2477,0.3398,0.3398,winter
NV,White Pine,WHITE PINE,0.0001,0.0046,0.0422,0.5503,0.5503,winter
NY,Albany,ALBANY,0.0006,0.2115,0.0575,0.2074,0.2115,flood
NY,Allegany,ALLEGANY,0.0003,0.0881,0.0809,0.1342,0.1342,winter
NY,Bronx,BRONX,0.001,0.0008,0.0285,0.047,0.047,winter
NY,Broome,BROOME,0.0014,0.1185,0.0908,0.1873,0.1873,winter
NY,Cattaraugus,CATTARAUGUS,0.0003,0.1701,0.1082,0.2194,0.2194,winter
NY,Cayuga,CAYUGA,0.0006,0.0625,0.1356,0.1949,0.1949,winter
NY,Chautauqua,CHAUTAUQUA,0.0017,0.151,0.11,0.2194,0.2194,winter
NY,Chemung,CHEMUNG,0.0014,0.0533,0.0762,0.1342,0.1342,winter
NY,Chenango,CHENANGO,0.0003,0.1129,0.0837,0.166,0.166,winter
NY,Clinton,CLINTON,0.001,0.2599,0.0481,0.3258,0.3258,winter
NY,Columbia,COLUMBIA,0.001,0.2088,0.0592,0.2194,0.2194,winter
NY,Cortland,CORTLAND,0.0003,0.1129,0.0839,0.1564,0.1564,winter
NY,Delaware,DELAWARE,0.0004,0.2088,0.0839,0.1501,0.2088,flood
NY,Dutchess,DUTCHESS,0.0014,0.0856,0.0534,0.1572,0.1572,winter
NY,Erie,ERIE,0.0019,0.0361,0.0746,0.1012,0.1012,winter
NY,Essex,ESSEX,0.002,0.1129,0.0534,0.3056,0.3056,winter
NY,Franklin,FRANKLIN,0.0001,0.2115,0.0782,0.3258,0.3258,winter
NY,Fulton,FULTON,0.0004,0.151,0.0534,0.1949,0.1949,winter
NY,Genesee,GENESEE,0.0017,0.04,0.0746,0.0665,0.0746,wind
NY,Greene,GREENE,0.0014,0.151,0.0746,0.2194,0.2194,winter
NY,Hamilton,HAMILTON,0.0006,0.0128,0.0454,0.2837,0.2837,winter
NY,Herkimer,HERKIMER,0.0003,0.2115,0.1192,0.2609,0.2609,winter
NY,Jefferson,JEFFERSON,0.0006,0.0625,0.1356,0.2096,0.2096,winter
NY,Kings,KINGS,0.0007,0.0008,0.0316,0.0477,0.0477,winter
NY,Lewis,LEWIS,0.0003,0.151,0.1192,0.26,0.26,winter
NY,Livingston,LIVINGSTON,0.0006,0.0856,0.0746,0.1223,0.1223,winter
NY,Madison,MADISON,0.0007,0.2088,0.0801,0.1998,0.2088,flood
NY,Monroe,MONROE,0.0006,0.0625,0.0746,0.0798,0.0798,winter
NY,Montgomery,MONTGOMERY,0.0006,0.1301,0.065,0.1471,0.1471,winter
NY,Nassau,NASSAU,0.0017,0.0042,0.0481,0.047,0.0481,wind
NY,New York,NEW YORK,0.001,0.0008,0.0251,0.0477,0.0477,winter
NY,Niagara,NIAGARA,0.0006,0.0856,0.0762,0.0598,0.0856,flood
NY,Oneida,ONEIDA,0.0017,0.1351,0.1253,0.2364,0.2364,winter
NY,Onondaga,ONONDAGA,0.0034,0.0212,0.1116,0.1788,0.1788,winter
NY,Ontario,ONTARIO,0.0017,0.0625,0.0839,0.1223,0.1223,winter
NY,Orange,ORANGE,0.0045,0.0316,0.1015,0.1572,0.1572,winter
NY,Orleans,ORLEANS,0.0001,0.0533,0.0592,0.0556,0.0592,wind
NY,Oswego,OSWEGO,0.0006,0.0658,0.1449,0.26,0.26,winter
NY,Otsego,OTSEGO,0.0006,0.2115,0.0909,0.1788,0.2115,flood
NY,Putnam,PUTNAM,0.0034,0.0165,0.0434,0.0556,0.0556,winter
NY,Queens,QUEENS,0.0047,0.0028,0.0402,0.0477,0.0477,winter
NY,Rensselaer,RENSSELAER,0.0014,0.1701,0.0946,0.1873,0.1873,winter
NY,Richmond,RICHMOND,0.0055,0.0028,0.0316,0.0598,0.0598,winter
NY,Rockland,ROCKLAND,0.0085,0.002,0.0454,0.0415,0.0454,wind
NY,Saratoga,SARATOGA,0.0007,0.1185,0.0871,0.2194,0.2194,winter
NY,Schenectady,SCHENECTADY,0.0003,0.1701,0.0575,0.1949,0.1949,winter
NY,Schoharie,SCHOHARIE,0.0023,0.1412,0.0782,0.1841,0.1841,winter
NY,Schuyler,SCHUYLER,0.001,0.0625,0.0782,0.1091,0.1091,winter
NY,Seneca,SENECA,0.0003,0.0479,0.0782,0.0785,0.0785,winter
NY,St. Lawrence,ST. LAWRENCE,0.0004,0.2164,0.0561,0.3074,0.3074,winter
NY,Steuben,STEUBEN,0.0006,0.0856,0.1231,0.1564,0.1564,winter
NY,Suffolk,SUFFOLK,0.0061,0.0212,0.0285,0.0236,0.0285,wind
NY,Sullivan,SULLIVAN,0.0014,0.0856,0.0909,0.166,0.166,winter
NY,Tioga,TIOGA,0.0017,0.0533,0.0668,0.166,0.166,winter
NY,Tompkins,TOMPKINS,0.002,0.0533,0.0747,0.1224,0.1224,winter
NY,Ulster,ULSTER,0.0034,0.0316,0.0801,0.1949,0.1949,winter
NY,Warren,WARREN,0.0017,0.2115,0.1231,0.26,0.26,winter
NY,Washington,WASHINGTON,0.0023,0.0625,0.09,0.2325,0.2325,winter
NY,Wayne,WAYNE,0.0001,0.0856,0.0801,0.1562,0.1562,winter
NY,Westchester,WESTCHESTER,0.0055,0.0105,0.0343,0.0477,0.0477,winter
NY,Wyoming,WYOMING,0.0003,0.1667,0.0647,0.1058,0.1667,flood
NY,Yates,YATES,0.0007,0.0361,0.0782,0.0997,0.0997,winter
OH,Adams,ADAMS,0.0076,0.0316,0.1797,0.0141,0.1797,wind
OH,Allen,ALLEN,0.0003,0.0059,0.0801,0.0305,0.0801,wind
OH,Ashland,ASHLAND,0.0003,0.0361,0.1797,0.0734,0.1797,wind
OH,Ashtabula,ASHTABULA,0.0005,0.0157,0.1231,0.1998,0.1998,winter
OH,Athens,ATHENS,0.0168,0.0856,0.0251,0.1564,0.1564,winter
OH,Auglaize,AUGLAIZE,0.0006,0.0069,0.086,0.0386,0.086,wind
OH,Belmont,BELMONT,0.0055,0.0046,0.039,0.0179,0.039,wind
OH,Brown,BROWN,0.0055,0.0123,0.1653,0.0154,0.1653,wind
OH,Butler,BUTLER,0.0032,0.0128,0.0762,0.0154,0.0762,wind
OH,Carroll,CARROLL,0.002,0.0361,0.039,0.0189,0.039,wind
OH,Champaign,CHAMPAIGN,0.0032,0.0316,0.1449,0.0303,0.1449,wind
OH,Clark,CLARK,0.001,0.0059,0.1831,0.02,0.1831,wind
OH,Clermont,CLERMONT,0.0066,0.0105,0.1074,0.0113,0.1074,wind
OH,Clinton,CLINTON,0.0023,0.0185,0.1831,0.0154,0.1831,wind
OH,Columbiana,COLUMBIANA,0.0014,0.0448,0.0629,0.037,0.0629,wind
OH,Coshocton,COSHOCTON,0.0055,0.0105,0.0422,0.02,0.0422,wind
OH,Crawford,CRAWFORD,0.0001,0.0069,0.1797,0.0556,0.1797,wind
OH,Cuyahoga,CUYAHOGA,0.001,0.0361,0.1116,0.1227,0.1227,winter
OH,Darke,DARKE,0.0003,0.006,0.0871,0.034,0.0871,wind
OH,Defiance,DEFIANCE,0.0003,0.0069,0.0291,0.0285,0.0291,wind
OH,Delaware,DELAWARE,0.0034,0.0042,0.2005,0.089,0.2005,wind
OH,Erie,ERIE,0.001,0.007,0.11,0.037,0.11,wind
OH,Fairfield,FAIRFIELD,0.0055,0.0105,0.1449,0.0354,0.1449,wind
OH,Fayette,FAYETTE,0.001,0.0059,0.1479,0.0141,0.1479,wind
OH,Franklin,FRANKLIN,0.001,0.0056,0.26,0.0477,0.26,wind
OH,Fulton,FULTON,0.0003,0.007,0.0285,0.037,0.037,winter
OH,Gallia,GALLIA,0.0066,0.0128,0.0222,0.0868,0.0868,winter
OH,Geauga,GEAUGA,0.0001,0.0533,0.0979,0.1564,0.1564,winter
OH,Greene,GREENE,0.0018,0.0128,0.1653,0.0154,0.1653,wind
OH,Guernsey,GUERNSEY,0.0076,0.0165,0.0376,0.0179,0.0376,wind
OH,Hamilton,HAMILTON,0.0045,0.0316,0.1107,0.0108,0.1107,wind
OH,Hancock,HANCOCK,0.0007,0.0028,0.0839,0.0291,0.0839,wind
OH,Hardin,HARDIN,0.0004,0.007,0.0871,0.037,0.0871,wind
OH,Harrison,HARRISON,0.0032,0.0212,0.0561,0.0123,0.0561,wind
OH,Henry,HENRY,0.0003,0.0045,0.039,0.0343,0.039,wind
OH,Highland,HIGHLAND,0.0048,0.0105,0.1231,0.0154,0.1231,wind
OH,Hocking,HOCKING,0.002,0.0185,0.1015,0.0477,0.1015,wind
OH,Holmes,HOLMES,0.0006,0.0316,0.0762,0.0317,0.0762,wind
OH,Huron,HURON,0.0001,0.0128,0.1653,0.0418,0.1653,wind
OH,Jackson,JACKSON,0.0045,0.0201,0.039,0.0698,0.0698,winter
OH,Jefferson,JEFFERSON,0.0032,0.0316,0.039,0.0123,0.039,wind
OH,Knox,KNOX,0.0006,0.0165,0.1079,0.0418,0.1079,wind
OH,Lake,LAKE,0.0007,0.0361,0.0909,0.1223,0.1223,winter
OH,Lawrence,LAWRENCE,0.0168,0.0361,0.0592,0.0997,0.0997,winter
OH,Licking,LICKING,0.0034,0.007,0.1116,0.0598,0.1116,wind
OH,Logan,LOGAN,0.0006,0.0123,0.09,0.0477,0.09,wind
OH,Lorain,LORAIN,0.001,0.004,0.1192,0.0598,0.1192,wind
OH,Lucas,LUCAS,0.0013,0.0326,0.0669,0.0551,0.0669,wind
OH,Madison,MADISON,0.0001,0.0028,0.2028,0.0264,0.2028,wind
OH,Mahoning,MAHONING,0.0032,0.0045,0.1082,0.0354,0.1082,wind
OH,Marion,MARION,0.001,0.0046,0.1528,0.0734,0.1528,wind
OH,Medina,MEDINA,0.0007,0.0361,0.0762,0.0477,0.0762,wind
OH,Meigs,MEIGS,0.0076,0.0201,0.0167,0.1227,0.1227,winter
OH,Mercer,MERCER,0.0005,0.0059,0.0612,0.0384,0.0612,wind
OH,Miami,MIAMI,0.0003,0.0045,0.1797,0.0303,0.1797,wind
OH,Monroe,MONROE,0.0023,0.0128,0.0242,0.0179,0.0242,wind
OH,Montgomery,MONTGOMERY,0.0018,0.0105,0.1255,0.0236,0.1255,wind
OH,Morgan,MORGAN,0.0047,0.0316,0.0118,0.0997,0.0997,winter
OH,Morrow,MORROW,0.0004,0.0128,0.2028,0.062,0.2028,wind
OH,Muskingum,MUSKINGUM,0.0083,0.0105,0.0419,0.0303,0.0419,wind
OH,Noble,NOBLE,0.0083,0.0157,0.0205,0.0154,0.0205,wind
OH,Ottawa,OTTAWA,0.0001,0.0316,0.1528,0.0354,0.1528,wind
OH,Paulding,PAULDING,0.0006,0.0165,0.0487,0.0305,0.0487,wind
OH,Perry,PERRY,0.0066,0.0446,0.0513,0.0798,0.0798,winter
OH,Pickaway,PICKAWAY,0.001,0.0039,0.1528,0.0236,0.1528,wind
OH,Pike,PIKE,0.0047,0.0448,0.1231,0.0154,0.1231,wind
OH,Portage,PORTAGE,0.003,0.0342,0.0592,0.0413,0.0592,wind
OH,Preble,PREBLE,0.0032,0.006,0.1042,0.0236,0.1042,wind
OH,Putnam,PUTNAM,0.0003,0.002,0.0481,0.0303,0.0481,wind
OH,Richland,RICHLAND,0.0007,0.0361,0.2031,0.1342,0.2031,wind
OH,Ross,ROSS,0.0032,0.0165,0.2015,0.0264,0.2015,wind
OH,Sandusky,SANDUSKY,0.0006,0.0069,0.0612,0.0477,0.0612,wind
OH,Scioto,SCIOTO,0.0066,0.0881,0.1231,0.0264,0.1231,wind
OH,Seneca,SENECA,0.0004,0.0105,0.0909,0.0296,0.0909,wind
OH,Shelby,SHELBY,0.0004,0.0042,0.0839,0.0343,0.0839,wind
OH,Stark,STARK,0.0023,0.0185,0.0782,0.0598,0.0782,wind
OH,Summit,SUMMIT,0.0048,0.0114,0.0612,0.037,0.0612,wind
OH,Trumbull,TRUMBULL,0.0003,0.0185,0.108,0.1223,0.1223,winter
OH,Tuscarawas,TUSCARAWAS,0.0076,0.0056,0.0561,0.0238,0.0561,wind
OH,Union,UNION,0.001,0.0105,0.2211,0.0559,0.2211,wind
OH,Van Wert,VAN WERT,0.0023,0.0022,0.0534,0.037,0.0534,wind
OH,Vinton,VINTON,0.0032,0.0856,0.0376,0.1342,0.1342,winter
OH,Warren,WARREN,0.0066,0.0201,0.1253,0.0123,0.1253,wind
OH,Washington,WASHINGTON,0.0111,0.0105,0.0191,0.0698,0.0698,winter
OH,Wayne,WAYNE,0.0001,0.0361,0.0612,0.0317,0.0612,wind
OH,Williams,WILLIAMS,0.0003,0.0128,0.0251,0.0236,0.0251,wind
OH,Wood,WOOD,0.0001,0.007,0.0958,0.0477,0.0958,wind
OH,Wyandot,WYANDOT,0.0007,0.007,0.11,0.0477,0.11,wind
OK,Adair,ADAIR,0.0509,0.0054,0.1082,0.0068,0.1082,wind
OK,Alfalfa,ALFALFA,0.0045,0.0011,0.1676,0.0154,0.1676,wind
OK,Atoka,ATOKA,0.0066,0.0019,0.1231,0.0041,0.1231,wind
OK,Beaver,BEAVER,0.0273,0.0006,0.2211,0.0477,0.2211,wind
OK,Beckham,BECKHAM,0.0131,0.002,0.1797,0.0154,0.1797,wind
OK,Blaine,BLAINE,0.0083,0.0011,0.0979,0.0179,0.0979,wind
OK,Bryan,BRYAN,0.0037,0.002,0.1676,0.0056,0.1676,wind
OK,Caddo,CADDO,0.0254,0.0019,0.2031,0.0141,0.2031,wind
OK,Canadian,CANADIAN,0.0091,0.0039,0.2028,0.0245,0.2028,wind
OK,Carter,CARTER,0.0083,0.002,0.1089,0.0033,0.1089,wind
OK,Cherokee,CHEROKEE,0.0273,0.0042,0.1479,0.0088,0.1479,wind
OK,Choctaw,CHOCTAW,0.0037,0.0012,0.1449,0.003,0.1449,wind
OK,Cimarron,CIMARRON,0.0131,0.0004,0.1231,0.3398,0.3398,winter
OK,Cleveland,CLEVELAND,0.0182,0.0128,0.26,0.0123,0.26,wind
OK,Coal,COAL,0.0048,0.0014,0.0762,0.0047,0.0762,wind
OK,Comanche,COMANCHE,0.0276,0.0039,0.2477,0.0123,0.2477,wind
OK,Cotton,COTTON,0.0055,0.0004,0.1231,0.0056,0.1231,wind
OK,Craig,CRAIG,0.0055,0.0003,0.0871,0.0141,0.0871,wind
OK,Creek,CREEK,0.0301,0.0032,0.1653,0.0113,0.1653,wind
OK,Custer,CUSTER,0.0151,0.002,0.1797,0.0179,0.1797,wind
OK,Delaware,DELAWARE,0.0273,0.0025,0.0839,0.0108,0.0839,wind
OK,Dewey,DEWEY,0.0083,0.0011,0.1676,0.0236,0.1676,wind
OK,Ellis,ELLIS,0.0061,0.0008,0.1528,0.0179,0.1528,wind
OK,Garfield,GARFIELD,0.0032,0.0038,0.1911,0.0285,0.1911,wind
OK,Garvin,GARVIN,0.0085,0.002,0.1255,0.0056,0.1255,wind
OK,Grady,GRADY,0.0066,0.0069,0.2028,0.0083,0.2028,wind
OK,Grant,GRANT,0.002,0.0028,0.1449,0.0154,0.1449,wind
OK,Greer,GREER,0.0066,0.0011,0.1222,0.0123,0.1222,wind
OK,Harmon,HARMON,0.0034,0.0006,0.2006,0.0113,0.2006,wind
OK,Harper,HARPER,0.0091,0.0011,0.1267,0.0291,0.1267,wind
OK,Haskell,HASKELL,0.0131,0.0011,0.1653,0.0044,0.1653,wind
OK,Hughes,HUGHES,0.0131,0.0009,0.0909,0.0047,0.0909,wind
OK,Jackson,JACKSON,0.0023,0.0004,0.2195,0.0088,0.2195,wind
OK,Jefferson,JEFFERSON,0.0055,0.0005,0.0839,0.0017,0.0839,wind
OK,Johnston,JOHNSTON,0.0066,0.002,0.1253,0.0033,0.1253,wind
OK,Kay,KAY,0.0143,0.0019,0.1797,0.0011,0.1797,wind
OK,Kingfisher,KINGFISHER,0.0066,0.0032,0.2031,0.0264,0.2031,wind
OK,Kiowa,KIOWA,0.0047,0.0009,0.1528,0.0113,0.1528,wind
OK,Latimer,LATIMER,0.0209,0.0046,0.1356,0.0047,0.1356,wind
OK,Le Flore,LE FLORE,0.0131,0.0028,0.1479,0.0088,0.1479,wind
OK,Lincoln,LINCOLN,0.0131,0.0039,0.2028,0.0154,0.2028,wind
OK,Logan,LOGAN,0.0325,0.001,0.1653,0.0264,0.1653,wind
OK,Love,LOVE,0.0055,0.002,0.0829,0.0017,0.0829,wind
OK,Major,MAJOR,0.0055,0.0011,0.1255,0.02,0.1255,wind
OK,Marshall,MARSHALL,0.0034,0.0028,0.065,0.0014,0.065,wind
OK,Mayes,MAYES,0.0168,0.002,0.09,0.0113,0.09,wind
OK,Mcclain,MCCLAIN,0.0076,0.0019,0.2383,0.0056,0.2383,wind
OK,Mccurtain,MCCURTAIN,0.0047,0.0038,0.1116,0.0141,0.1116,wind
OK,Mcintosh,MCINTOSH,0.0301,0.0028,0.1829,0.0056,0.1829,wind
OK,Murray,MURRAY,0.0108,0.0024,0.0839,0.0047,0.0839,wind
OK,Muskogee,MUSKOGEE,0.0178,0.0024,0.2385,0.0056,0.2385,wind
OK,Noble,NOBLE,0.0085,0.0019,0.1255,0.0343,0.1255,wind
OK,Nowata,NOWATA,0.0131,0.0008,0.1079,0.0179,0.1079,wind
OK,Okfuskee,OKFUSKEE,0.0131,0.0024,0.2015,0.0056,0.2015,wind
OK,Oklahoma,OKLAHOMA,0.0085,0.0039,0.2659,0.0154,0.2659,wind
OK,Okmulgee,OKMULGEE,0.0366,0.0028,0.1797,0.0072,0.1797,wind
OK,Osage,OSAGE,0.0989,0.0022,0.2195,0.0191,0.2195,wind
OK,Ottawa,OTTAWA,0.075,0.0024,0.0513,0.0123,0.075,fire
OK,Pawnee,PAWNEE,0.0209,0.0011,0.1653,0.0236,0.1653,wind
OK,Payne,PAYNE,0.01,0.0024,0.1653,0.0291,0.1653,wind
OK,Pittsburg,PITTSBURG,0.0168,0.002,0.1356,0.0068,0.1356,wind
OK,Pontotoc,PONTOTOC,0.0076,0.0019,0.1231,0.0033,0.1231,wind
OK,Pottawatomie,POTTAWATOMIE,0.0108,0.0028,0.2195,0.0088,0.2195,wind
OK,Pushmataha,PUSHMATAHA,0.0083,0.0019,0.1356,0.0088,0.1356,wind
OK,Roger Mills,ROGER MILLS,0.0122,0.0011,0.1491,0.0154,0.1491,wind
OK,Rogers,ROGERS,0.023,0.0028,0.1528,0.017,0.1528,wind
OK,Seminole,SEMINOLE,0.0131,0.0028,0.1116,0.0056,0.1116,wind
OK,Sequoyah,SEQUOYAH,0.0301,0.0011,0.139,0.0044,0.139,wind
OK,Stephens,STEPHENS,0.0061,0.0028,0.1831,0.0056,0.1831,wind
OK,Texas,TEXAS,0.075,0.0004,0.2031,0.0997,0.2031,wind
OK,Tillman,TILLMAN,0.0032,0.0006,0.2015,0.0068,0.2015,wind
OK,Tulsa,TULSA,0.0325,0.0025,0.2211,0.0113,0.2211,wind
OK,Wagoner,WAGONER,0.0273,0.0019,0.1192,0.0108,0.1192,wind
OK,Washington,WASHINGTON,0.0425,0.0028,0.1477,0.0141,0.1477,wind
OK,Washita,WASHITA,0.0032,0.0011,0.1653,0.0154,0.1653,wind
OK,Woods,WOODS,0.0083,0.0019,0.1528,0.02,0.1528,wind
OK,Woodward,WOODWARD,0.02,0.0019,0.2015,0.0245,0.2015,wind
OR,Baker,BAKER,0.0001,0.0123,0.0239,0.0868,0.0868,winter
OR,Benton,BENTON,0.0007,0.002,0.0028,0.0002,0.0028,wind
OR,Clackamas,CLACKAMAS,0.0001,0.0028,0.0083,0.0011,0.0083,wind
OR,Clatsop,CLATSOP,0.0001,0.0011,0.0022,0.0021,0.0022,wind
OR,Columbia,COLUMBIA,0.001,0.0005,0.0762,0.1998,0.1998,winter
OR,Coos,COOS,0.001,0.0014,0.0029,0.0011,0.0029,wind
OR,Crook,CROOK,0.0001,0.0128,0.0019,0.0,0.0128,flood
OR,Curry,CURRY,0.0047,0.0011,0.2031,0.1501,0.2031,wind
OR,Deschutes,DESCHUTES,0.0003,0.0105,0.0022,0.0017,0.0105,flood
OR,Douglas,DOUGLAS,0.0005,0.0008,0.0251,0.0972,0.0972,winter
OR,Gilliam,GILLIAM,0.0001,0.0039,0.0083,0.0141,0.0141,winter
OR,Grant,GRANT,0.0001,0.0045,0.0126,0.0017,0.0126,wind
OR,Harney,HARNEY,0.0003,0.0054,0.0343,0.0972,0.0972,winter
OR,Hood River,HOOD RIVER,0.0003,0.0028,0.0189,0.0354,0.0354,winter
OR,Jackson,JACKSON,0.0004,0.0022,0.0251,0.152,0.152,winter
OR,Jefferson,JEFFERSON,0.0003,0.0045,0.0022,0.001,0.0045,flood
OR,Josephine,JOSEPHINE,0.0001,0.0024,0.0205,0.1091,0.1091,winter
OR,Klamath,KLAMATH,0.0004,0.0216,0.0481,0.1572,0.1572,winter
OR,Lake,LAKE,0.0003,0.0019,0.1082,0.2325,0.2325,winter
OR,Lane,LANE,0.0003,0.0019,0.0434,0.062,0.062,winter
OR,Lincoln,LINCOLN,0.0007,0.0046,0.0057,0.0002,0.0057,wind
OR,Linn,LINN,0.0001,0.0039,0.0049,0.0001,0.0049,wind
OR,Malheur,MALHEUR,0.0006,0.0046,0.0205,0.0427,0.0427,winter
OR,Marion,MARION,0.0001,0.002,0.0083,0.0033,0.0083,wind
OR,Morrow,MORROW,0.0001,0.0249,0.0061,0.0,0.0249,flood
OR,Multnomah,MULTNOMAH,0.0001,0.0038,0.0047,0.0001,0.0047,wind
OR,Polk,POLK,0.001,0.0024,0.0028,0.0006,0.0028,wind
OR,Sherman,SHERMAN,0.0001,0.0028,0.0009,0.0,0.0028,flood
OR,Tillamook,TILLAMOOK,0.001,0.0019,0.0028,0.001,0.0028,wind
OR,Umatilla,UMATILLA,0.0006,0.0185,0.0418,0.0034,0.0418,wind
OR,Union,UNION,0.0003,0.0046,0.0093,0.0002,0.0093,wind
OR,Wallowa,WALLOWA,0.0001,0.0123,0.0481,0.0477,0.0481,wind
OR,Wasco,WASCO,0.0001,0.002,0.0028,0.001,0.0028,wind
OR,Washington,WASHINGTON,0.002,0.0019,0.0068,0.0008,0.0068,wind
OR,Wheeler,WHEELER,0.0001,0.0157,0.0114,0.0179,0.0179,winter
OR,Yamhill,YAMHILL,0.0017,0.001,0.0014,0.0,0.0017,fire
PA,Adams,ADAMS,0.0018,0.0105,0.0762,0.0291,0.0762,wind
PA,Allegheny,ALLEGHENY,0.0014,0.0361,0.0762,0.0264,0.0762,wind
PA,Armstrong,ARMSTRONG,0.0006,0.0326,0.0485,0.02,0.0485,wind
PA,Beaver,BEAVER,0.0006,0.0361,0.0668,0.0212,0.0668,wind
PA,Bedford,BEDFORD,0.001,0.0136,0.0448,0.0556,0.0556,winter
PA,Berks,BERKS,0.0931,0.0105,0.2211,0.3398,0.3398,winter
PA,Blair,BLAIR,0.0055,0.0316,0.0481,0.0477,0.0481,wind
PA,Bradford,BRADFORD,0.0004,0.0533,0.1015,0.1734,0.1734,winter
PA,Bucks,BUCKS,0.1082,0.006,0.1015,0.2325,0.2325,winter
PA,Butler,BUTLER,0.0006,0.0316,0.0762,0.0556,0.0762,wind
PA,Cambria,CAMBRIA,0.001,0.0128,0.065,0.062,0.065,wind
PA,Cameron,CAMERON,0.0006,0.0105,0.0508,0.0679,0.0679,winter
PA,Carbon,CARBON,0.0425,0.0123,0.09,0.5202,0.5202,winter
PA,Centre,CENTRE,0.0047,0.0123,0.0762,0.0665,0.0762,wind
PA,Chester,CHESTER,0.0347,0.0128,0.1831,0.2194,0.2194,winter
PA,Clarion,CLARION,0.0003,0.0332,0.0534,0.0549,0.0549,winter
PA,Clearfield,CLEARFIELD,0.0014,0.0165,0.0746,0.0598,0.0746,wind
PA,Clinton,CLINTON,0.001,0.0123,0.1015,0.089,0.1015,wind
PA,Columbia,COLUMBIA,0.0032,0.0123,0.0762,0.0972,0.0972,winter
PA,Crawford,CRAWFORD,0.0003,0.0431,0.1528,0.1922,0.1922,winter
PA,Cumberland,CUMBERLAND,0.0045,0.007,0.0762,0.0236,0.0762,wind
PA,Dauphin,DAUPHIN,0.0131,0.0024,0.1082,0.0317,0.1082,wind
PA,Delaware,DELAWARE,0.075,0.0128,0.1356,0.1471,0.1471,winter
PA,Elk,ELK,0.001,0.0185,0.0592,0.0026,0.0592,wind
PA,Erie,ERIE,0.0003,0.0316,0.1528,0.2624,0.2624,winter
PA,Fayette,FAYETTE,0.001,0.0212,0.0534,0.0698,0.0698,winter
PA,Forest,FOREST,0.0003,0.0136,0.0534,0.0734,0.0734,winter
PA,Franklin,FRANKLIN,0.0055,0.0056,0.0762,0.0264,0.0762,wind
PA,Fulton,FULTON,0.0024,0.0128,0.0285,0.0305,0.0305,winter
PA,Greene,GREENE,0.0014,0.0361,0.0481,0.0123,0.0481,wind
PA,Huntingdon,HUNTINGDON,0.0017,0.0316,0.0497,0.0386,0.0497,wind
PA,Indiana,INDIANA,0.0007,0.0212,0.0592,0.037,0.0592,wind
PA,Jefferson,JEFFERSON,0.0006,0.0316,0.0666,0.0418,0.0666,wind
PA,Juniata,JUNIATA,0.0013,0.007,0.0497,0.0264,0.0497,wind
PA,Lackawanna,LACKAWANNA,0.0032,0.0533,0.0809,0.187,0.187,winter
PA,Lancaster,LANCASTER,0.0066,0.0069,0.1116,0.0556,0.1116,wind
PA,Lawrence,LAWRENCE,0.0003,0.0157,0.0946,0.0291,0.0946,wind
PA,Lebanon,LEBANON,0.0024,0.0024,0.0839,0.0413,0.0839,wind
PA,Lehigh,LEHIGH,0.0554,0.0046,0.1356,0.3605,0.3605,winter
PA,Luzerne,LUZERNE,0.0131,0.0212,0.0871,0.1342,0.1342,winter
PA,Lycoming,LYCOMING,0.0004,0.0128,0.1231,0.0972,0.1231,wind
PA,Mckean,MCKEAN,0.0006,0.0533,0.0762,0.1227,0.1227,winter
PA,Mercer,MERCER,0.0001,0.0165,0.1082,0.0598,0.1082,wind
PA,Mifflin,MIFFLIN,0.0131,0.004,0.0481,0.0291,0.0481,wind
PA,Monroe,MONROE,0.0168,0.0136,0.1183,0.5446,0.5446,winter
PA,Montgomery,MONTGOMERY,0.0384,0.0069,0.1479,0.1873,0.1873,winter
PA,Montour,MONTOUR,0.0024,0.0069,0.0534,0.037,0.0534,wind
PA,Northampton,NORTHAMPTON,0.1082,0.0054,0.1116,0.4419,0.4419,winter
PA,Northumberland,NORTHUMBERLAND,0.0076,0.0039,0.0762,0.0303,0.0762,wind
PA,Perry,PERRY,0.0111,0.0165,0.0762,0.0264,0.0762,wind
PA,Philadelphia,PHILADELPHIA,0.0111,0.0029,0.1356,0.1573,0.1573,winter
PA,Pike,PIKE,0.0017,0.0201,0.0762,0.1847,0.1847,winter
PA,Potter,POTTER,0.0004,0.0316,0.0958,0.1342,0.1342,winter
PA,Schuylkill,SCHUYLKILL,0.0032,0.0056,0.0946,0.1223,0.1223,winter
PA,Snyder,SNYDER,0.0045,0.0069,0.0592,0.0264,0.0592,wind
PA,Somerset,SOMERSET,0.0007,0.0128,0.0513,0.067,0.067,winter
PA,Sullivan,SULLIVAN,0.0006,0.0342,0.0679,0.1342,0.1342,winter
PA,Susquehanna,SUSQUEHANNA,0.0003,0.0881,0.0839,0.1949,0.1949,winter
PA,Tioga,TIOGA,0.0003,0.0533,0.0829,0.1734,0.1734,winter
PA,Union,UNION,0.0018,0.007,0.0629,0.037,0.0629,wind
PA,Venango,VENANGO,0.0004,0.0342,0.0746,0.1057,0.1057,winter
PA,Warren,WARREN,0.0006,0.0249,0.0871,0.1342,0.1342,winter
PA,Washington,WASHINGTON,0.001,0.0533,0.065,0.0123,0.065,wind
PA,Wayne,WAYNE,0.0007,0.0658,0.065,0.1573,0.1573,winter
PA,Westmoreland,WESTMORELAND,0.0024,0.0479,0.1116,0.0581,0.1116,wind
PA,Wyoming,WYOMING,0.001,0.0332,0.0513,0.1625,0.1625,winter
PA,York,YORK,0.0083,0.0024,0.0958,0.037,0.0958,wind
RI,Bristol,BRISTOL,0.0007,0.0123,0.0612,0.1227,0.1227,winter
RI,Kent,KENT,0.0014,0.0316,0.0513,0.1091,0.1091,winter
RI,Newport,NEWPORT,0.0006,0.0201,0.0418,0.1091,0.1091,winter
RI,Providence,PROVIDENCE,0.001,0.0212,0.0668,0.166,0.166,winter
RI,Washington,WASHINGTON,0.0023,0.0212,0.037,0.0693,0.0693,winter
SC,Abbeville,ABBEVILLE,0.0047,0.0128,0.0507,0.0285,0.0507,wind
SC,Aiken,AIKEN,0.01,0.0039,0.0561,0.0108,0.0561,wind
SC,Allendale,ALLENDALE,0.0045,0.002,0.037,0.0088,0.037,wind
SC,Anderson,ANDERSON,0.0131,0.0105,0.1082,0.0413,0.1082,wind
SC,Bamberg,BAMBERG,0.0055,0.0011,0.0481,0.0068,0.0481,wind
SC,Barnwell,BARNWELL,0.01,0.0069,0.0422,0.0047,0.0422,wind
SC,Beaufort,BEAUFORT,0.0036,0.0022,0.0623,0.0083,0.0623,wind
SC,Berkeley,BERKELEY,0.0066,0.0032,0.0629,0.02,0.0629,wind
SC,Calhoun,CALHOUN,0.0014,0.0024,0.0592,0.0102,0.0592,wind
SC,Charleston,CHARLESTON,0.0085,0.0038,0.09,0.017,0.09,wind
SC,Cherokee,CHEROKEE,0.0083,0.0069,0.0808,0.037,0.0808,wind
SC,Chester,CHESTER,0.0061,0.006,0.0839,0.0317,0.0839,wind
SC,Chesterfield,CHESTERFIELD,0.0085,0.0019,0.0668,0.0305,0.0668,wind
SC,Clarendon,CLARENDON,0.0045,0.002,0.0592,0.0088,0.0592,wind
SC,Colleton,COLLETON,0.0055,0.006,0.0746,0.0113,0.0746,wind
SC,Darlington,DARLINGTON,0.0066,0.0009,0.0507,0.0236,0.0507,wind
SC,Dillon,DILLON,0.0061,0.001,0.0513,0.0179,0.0513,wind
SC,Dorchester,DORCHESTER,0.0034,0.0039,0.0762,0.0141,0.0762,wind
SC,Edgefield,EDGEFIELD,0.0108,0.0032,0.0422,0.0102,0.0422,wind
SC,Fairfield,FAIRFIELD,0.0047,0.0028,0.1253,0.0154,0.1253,wind
SC,Florence,FLORENCE,0.0048,0.001,0.0561,0.02,0.0561,wind
SC,Georgetown,GEORGETOWN,0.0131,0.0105,0.0534,0.0253,0.0534,wind
SC,Greenville,GREENVILLE,0.0076,0.007,0.1192,0.0477,0.1192,wind
SC,Greenwood,GREENWOOD,0.0083,0.0039,0.0561,0.0212,0.0561,wind
SC,Hampton,HAMPTON,0.0034,0.0022,0.051,0.0072,0.051,wind
SC,Horry,HORRY,0.0384,0.0069,0.0743,0.0264,0.0743,wind
SC,Jasper,JASPER,0.0076,0.0025,0.0746,0.0068,0.0746,wind
SC,Kershaw,KERSHAW,0.0048,0.0022,0.0809,0.0179,0.0809,wind
SC,Lancaster,LANCASTER,0.0168,0.0024,0.0979,0.0413,0.0979,wind
SC,Laurens,LAURENS,0.0066,0.0054,0.0839,0.0285,0.0839,wind
SC,Lee,LEE,0.003,0.0011,0.0285,0.0068,0.0285,wind
SC,Lexington,LEXINGTON,0.0032,0.006,0.0801,0.0108,0.0801,wind
SC,Marion,MARION,0.0047,0.0011,0.0534,0.0179,0.0534,wind
SC,Marlboro,MARLBORO,0.0066,0.0008,0.0481,0.0291,0.0481,wind
SC,Mccormick,MCCORMICK,0.0083,0.0038,0.039,0.0113,0.039,wind
SC,Newberry,NEWBERRY,0.0083,0.0105,0.0809,0.017,0.0809,wind
SC,Oconee,OCONEE,0.0131,0.004,0.1015,0.0477,0.1015,wind
SC,Orangeburg,ORANGEBURG,0.0045,0.0105,0.0762,0.0088,0.0762,wind
SC,Pickens,PICKENS,0.0048,0.0349,0.1082,0.0477,0.1082,wind
SC,Richland,RICHLAND,0.0066,0.0039,0.0839,0.0123,0.0839,wind
SC,Saluda,SALUDA,0.02,0.0069,0.0507,0.0108,0.0507,wind
SC,Spartanburg,SPARTANBURG,0.0055,0.0069,0.11,0.0427,0.11,wind
SC,Sumter,SUMTER,0.0036,0.002,0.0672,0.0088,0.0672,wind
SC,Union,UNION,0.0091,0.0056,0.0762,0.0291,0.0762,wind
SC,Williamsburg,WILLIAMSBURG,0.001,0.0019,0.0481,0.0141,0.0481,wind
SC,York,YORK,0.0066,0.0028,0.1079,0.0416,0.1079,wind
SD,Aurora,AURORA,0.0061,0.0003,0.1275,0.1012,0.1275,wind
SD,Beadle,BEADLE,0.0047,0.001,0.1479,0.1342,0.1479,wind
SD,Bennett,BENNETT,0.0131,0.0011,0.0839,0.166,0.166,winter
SD,Bon Homme,BON HOMME,0.0061,0.001,0.1479,0.1501,0.1501,winter
SD,Brookings,BROOKINGS,0.0023,0.0008,0.0762,0.187,0.187,winter
SD,Brown,BROWN,0.0811,0.0019,0.1828,0.1949,0.1949,winter
SD,Brule,BRULE,0.0066,0.0004,0.1356,0.1227,0.1356,wind
SD,Buffalo,BUFFALO,0.0066,0.0019,0.0979,0.1203,0.1203,winter
SD,Butte,BUTTE,0.0066,0.0008,0.0979,0.226,0.226,winter
SD,Campbell,CAMPBELL,0.0034,0.0005,0.0782,0.1546,0.1546,winter
SD,Charles Mix,CHARLES MIX,0.0061,0.0005,0.1449,0.1288,0.1449,wind
SD,Clark,CLARK,0.0032,0.001,0.11,0.2837,0.2837,winter
SD,Clay,CLAY,0.0045,0.0011,0.1479,0.187,0.187,winter
SD,Codington,CODINGTON,0.0037,0.0019,0.0722,0.2526,0.2526,winter
SD,Corson,CORSON,0.0083,0.001,0.0782,0.26,0.26,winter
SD,Custer,CUSTER,0.0083,0.0005,0.0592,0.1342,0.1342,winter
SD,Davison,DAVISON,0.0083,0.001,0.1831,0.0997,0.1831,wind
SD,Day,DAY,0.002,0.002,0.0211,0.0007,0.0211,wind
SD,Deuel,DEUEL,0.0017,0.001,0.0909,0.2325,0.2325,winter
SD,Dewey,DEWEY,0.0055,0.002,0.0561,0.1949,0.1949,winter
SD,Douglas,DOUGLAS,0.2594,0.0004,0.1479,0.1227,0.2594,fire
SD,Edmunds,EDMUNDS,0.0066,0.0002,0.11,0.1501,0.1501,winter
SD,Fall River,FALL RIVER,0.0168,0.0008,0.0481,0.1501,0.1501,winter
SD,Faulk,FAULK,0.0034,0.0002,0.0979,0.0734,0.0979,wind
SD,Grant,GRANT,0.0023,0.0022,0.1033,0.2718,0.2718,winter
SD,Gregory,GREGORY,0.0083,0.001,0.1241,0.187,0.187,winter
SD,Haakon,HAAKON,0.0034,0.0008,0.0762,0.1714,0.1714,winter
SD,Hamlin,HAMLIN,0.0014,0.0019,0.0782,0.213,0.213,winter
SD,Hand,HAND,0.0047,0.0005,0.1255,0.1055,0.1255,wind
SD,Hanson,HANSON,0.0111,0.0002,0.1231,0.1227,0.1231,wind
SD,Harding,HARDING,0.0037,0.0011,0.1364,0.2325,0.2325,winter
SD,Hughes,HUGHES,0.0047,0.0011,0.0839,0.1949,0.1949,winter
SD,Hutchinson,HUTCHINSON,0.0066,0.0006,0.1356,0.1342,0.1356,wind
SD,Hyde,HYDE,0.0045,0.0004,0.0809,0.1055,0.1055,winter
SD,Jackson,JACKSON,0.0131,0.002,0.0839,0.1573,0.1573,winter
SD,Jerauld,JERAULD,0.0055,0.0003,0.1082,0.1012,0.1082,wind
SD,Jones,JONES,0.0111,0.0006,0.0762,0.1573,0.1573,winter
SD,Kingsbury,KINGSBURY,0.0066,0.0006,0.1479,0.2526,0.2526,winter
SD,Lake,LAKE,0.0061,0.0005,0.0801,0.1949,0.1949,winter
SD,Lawrence,LAWRENCE,0.0032,0.0005,0.0497,0.1501,0.1501,winter
SD,Lincoln,LINCOLN,0.0032,0.0028,0.1231,0.2333,0.2333,winter
SD,Lyman,LYMAN,0.0366,0.0004,0.1231,0.1501,0.1501,winter
SD,Marshall,MARSHALL,0.0023,0.0019,0.09,0.2526,0.2526,winter
SD,Mccook,MCCOOK,0.0111,0.0006,0.1192,0.1734,0.1734,winter
SD,Mcpherson,MCPHERSON,0.0032,0.0004,0.0679,0.1734,0.1734,winter
SD,Meade,MEADE,0.0076,0.0046,0.1356,0.226,0.226,winter
SD,Mellette,MELLETTE,0.02,0.0005,0.0677,0.1342,0.1342,winter
SD,Miner,MINER,0.0066,0.0006,0.111,0.1223,0.1223,winter
SD,Minnehaha,MINNEHAHA,0.075,0.001,0.0782,0.2194,0.2194,winter
SD,Moody,MOODY,0.003,0.0008,0.0497,0.1949,0.1949,winter
SD,Oglala Lakota,OGLALA LAKOTA,0.0131,0.002,0.1093,0.1734,0.1734,winter
SD,Pennington,PENNINGTON,0.0209,0.0009,0.1253,0.1949,0.1949,winter
SD,Perkins,PERKINS,0.0055,0.0025,0.1255,0.2624,0.2624,winter
SD,Potter,POTTER,0.0039,0.0004,0.0629,0.0868,0.0868,winter
SD,Roberts,ROBERTS,0.0032,0.0046,0.26,0.26,0.26,wind
SD,Sanborn,SANBORN,0.0083,0.0004,0.1479,0.089,0.1479,wind
SD,Spink,SPINK,0.02,0.0006,0.1253,0.2526,0.2526,winter
SD,Stanley,STANLEY,0.0066,0.0008,0.0575,0.1734,0.1734,winter
SD,Sully,SULLY,0.0034,0.0005,0.0871,0.1223,0.1223,winter
SD,Todd,TODD,0.01,0.0011,0.0909,0.1998,0.1998,winter
SD,Tripp,TRIPP,0.0091,0.0004,0.09,0.166,0.166,winter
SD,Turner,TURNER,0.0143,0.0008,0.1116,0.1968,0.1968,winter
SD,Union,UNION,0.0045,0.0006,0.1196,0.1501,0.1501,winter
SD,Walworth,WALWORTH,0.0032,0.0009,0.0647,0.0949,0.0949,winter
SD,Yankton,YANKTON,0.0111,0.0008,0.1676,0.166,0.1676,wind
SD,Ziebach,ZIEBACH,0.0017,0.0123,0.1015,0.2563,0.2563,winter
TN,Anderson,ANDERSON,0.0024,0.0201,0.0285,0.0179,0.0285,wind
TN,Bedford,BEDFORD,0.0083,0.0046,0.065,0.0056,0.065,wind
TN,Benton,BENTON,0.0017,0.0201,0.0592,0.0056,0.0592,wind
TN,Bledsoe,BLEDSOE,0.0017,0.0165,0.0305,0.0105,0.0305,wind
TN,Blount,BLOUNT,0.0091,0.007,0.0316,0.0477,0.0477,winter
TN,Bradley,BRADLEY,0.0083,0.0039,0.0173,0.0113,0.0173,wind
TN,Campbell,CAMPBELL,0.0014,0.0157,0.0316,0.0264,0.0316,wind
TN,Cannon,CANNON,0.0032,0.0185,0.0668,0.0043,0.0668,wind
TN,Carroll,CARROLL,0.0014,0.0185,0.0376,0.0102,0.0376,wind
TN,Carter,CARTER,0.0168,0.006,0.0376,0.062,0.062,winter
TN,Cheatham,CHEATHAM,0.0024,0.0201,0.0592,0.0043,0.0592,wind
TN,Chester,CHESTER,0.0055,0.0069,0.0291,0.014,0.0291,wind
TN,Claiborne,CLAIBORNE,0.0007,0.0172,0.0222,0.0278,0.0278,winter
TN,Clay,CLAY,0.0017,0.0105,0.0561,0.0008,0.0561,wind
TN,Cocke,COCKE,0.0083,0.0056,0.0534,0.0598,0.0598,winter
TN,Coffee,COFFEE,0.0047,0.0123,0.0668,0.0072,0.0668,wind
TN,Crockett,CROCKETT,0.0003,0.0046,0.0376,0.0072,0.0376,wind
TN,Cumberland,CUMBERLAND,0.0055,0.007,0.0579,0.0236,0.0579,wind
TN,Davidson,DAVIDSON,0.0047,0.0069,0.1082,0.0068,0.1082,wind
TN,Decatur,DECATUR,0.0048,0.007,0.0612,0.0056,0.0612,wind
TN,Dekalb,DEKALB,0.0076,0.0105,0.0762,0.0072,0.0762,wind
TN,Dickson,DICKSON,0.0032,0.0249,0.0839,0.0044,0.0839,wind
TN,Dyer,DYER,0.003,0.0128,0.0418,0.0102,0.0418,wind
TN,Fayette,FAYETTE,0.0061,0.0069,0.0179,0.0141,0.0179,wind
TN,Fentress,FENTRESS,0.0047,0.007,0.065,0.0113,0.065,wind
TN,Franklin,FRANKLIN,0.0045,0.0056,0.065,0.0113,0.065,wind
TN,Gibson,GIBSON,0.001,0.0128,0.0422,0.0113,0.0422,wind
TN,Giles,GILES,0.0034,0.0123,0.0592,0.0033,0.0592,wind
TN,Grainger,GRAINGER,0.001,0.0128,0.0222,0.0154,0.0222,wind
TN,Greene,GREENE,0.0047,0.0105,0.0285,0.0384,0.0384,winter
TN,Grundy,GRUNDY,0.0017,0.0105,0.0481,0.0088,0.0481,wind
TN,Hamblen,HAMBLEN,0.0014,0.0136,0.0251,0.0123,0.0251,wind
TN,Hamilton,HAMILTON,0.0061,0.0032,0.039,0.0072,0.039,wind
TN,Hancock,HANCOCK,0.001,0.0249,0.0205,0.0123,0.0249,flood
TN,Hardeman,HARDEMAN,0.0061,0.0059,0.0316,0.0123,0.0316,wind
TN,Hardin,HARDIN,0.0076,0.0046,0.0592,0.0088,0.0592,wind
TN,Hawkins,HAWKINS,0.0066,0.0212,0.0285,0.0123,0.0285,wind
TN,Haywood,HAYWOOD,0.0014,0.0105,0.0316,0.0108,0.0316,wind
TN,Henderson,HENDERSON,0.0018,0.0123,0.065,0.0088,0.065,wind
TN,Henry,HENRY,0.002,0.0123,0.0418,0.014,0.0418,wind
TN,Hickman,HICKMAN,0.0083,0.0105,0.0871,0.0033,0.0871,wind
TN,Houston,HOUSTON,0.003,0.0316,0.0575,0.0033,0.0575,wind
TN,Humphreys,HUMPHREYS,0.0032,0.0069,0.0979,0.0017,0.0979,wind
TN,Jackson,JACKSON,0.0045,0.0123,0.0575,0.0011,0.0575,wind
TN,Jefferson,JEFFERSON,0.0013,0.0249,0.0159,0.0123,0.0249,flood
TN,Johnson,JOHNSON,0.0032,0.0316,0.0418,0.037,0.0418,wind
TN,Knox,KNOX,0.0007,0.0128,0.0242,0.0154,0.0242,wind
TN,Lake,LAKE,0.0014,0.007,0.0332,0.014,0.0332,wind
TN,Lauderdale,LAUDERDALE,0.0014,0.0157,0.0481,0.0088,0.0481,wind
TN,Lawrence,LAWRENCE,0.0108,0.007,0.0782,0.0036,0.0782,wind
TN,Lewis,LEWIS,0.0111,0.0123,0.0746,0.0031,0.0746,wind
TN,Lincoln,LINCOLN,0.0066,0.006,0.0762,0.0113,0.0762,wind
TN,Loudon,LOUDON,0.0048,0.0105,0.0222,0.02,0.0222,wind
TN,Macon,MACON,0.0023,0.0349,0.0534,0.0017,0.0534,wind
TN,Madison,MADISON,0.0091,0.0069,0.039,0.0141,0.039,wind
TN,Marion,MARION,0.0047,0.0128,0.0422,0.0072,0.0422,wind
TN,Marshall,MARSHALL,0.0048,0.007,0.051,0.0056,0.051,wind
TN,Maury,MAURY,0.0076,0.007,0.09,0.0056,0.09,wind
TN,Mcminn,MCMINN,0.0066,0.006,0.0239,0.0108,0.0239,wind
TN,Mcnairy,MCNAIRY,0.0047,0.0069,0.0343,0.0123,0.0343,wind
TN,Meigs,MEIGS,0.0037,0.0105,0.0251,0.0108,0.0251,wind
TN,Monroe,MONROE,0.0048,0.007,0.0291,0.037,0.037,winter
TN,Montgomery,MONTGOMERY,0.003,0.0212,0.0782,0.0056,0.0782,wind
TN,Moore,MOORE,0.0019,0.0128,0.0513,0.0108,0.0513,wind
TN,Morgan,MORGAN,0.0061,0.0046,0.0481,0.0179,0.0481,wind
TN,Obion,OBION,0.0037,0.0105,0.0343,0.0123,0.0343,wind
TN,Overton,OVERTON,0.0007,0.0128,0.0679,0.0068,0.0679,wind
TN,Perry,PERRY,0.02,0.0105,0.0809,0.003,0.0809,wind
TN,Pickett,PICKETT,0.0013,0.0185,0.039,0.0072,0.039,wind
TN,Polk,POLK,0.0076,0.007,0.0167,0.0154,0.0167,wind
TN,Putnam,PUTNAM,0.0045,0.0136,0.0762,0.0088,0.0762,wind
TN,Rhea,RHEA,0.0048,0.0361,0.0285,0.0141,0.0361,flood
TN,Roane,ROANE,0.0032,0.0069,0.0285,0.0154,0.0285,wind
TN,Robertson,ROBERTSON,0.0047,0.0105,0.0801,0.0056,0.0801,wind
TN,Rutherford,RUTHERFORD,0.0061,0.0105,0.0909,0.0031,0.0909,wind
TN,Scott,SCOTT,0.0111,0.0069,0.0376,0.0123,0.0376,wind
TN,Sequatchie,SEQUATCHIE,0.0047,0.0185,0.0343,0.0033,0.0343,wind
TN,Sevier,SEVIER,0.0047,0.006,0.0285,0.0972,0.0972,winter
TN,Shelby,SHELBY,0.0032,0.0201,0.0285,0.014,0.0285,wind
TN,Smith,SMITH,0.0032,0.007,0.0629,0.0031,0.0629,wind
TN,Stewart,STEWART,0.001,0.0201,0.058,0.0088,0.058,wind
TN,Sullivan,SULLIVAN,0.0085,0.0069,0.0239,0.02,0.0239,wind
TN,Sumner,SUMNER,0.0076,0.0128,0.09,0.0031,0.09,wind
TN,Tipton,TIPTON,0.0055,0.0123,0.0343,0.0123,0.0343,wind
TN,Trousdale,TROUSDALE,0.0045,0.0069,0.039,0.0006,0.039,wind
TN,Unicoi,UNICOI,0.0168,0.0105,0.0291,0.0679,0.0679,winter
TN,Union,UNION,0.0003,0.0165,0.021,0.014,0.021,wind
TN,Van Buren,VAN BUREN,0.001,0.0212,0.0343,0.0072,0.0343,wind
TN,Warren,WARREN,0.0061,0.0046,0.0746,0.0068,0.0746,wind
TN,Washington,WASHINGTON,0.0047,0.007,0.0285,0.0236,0.0285,wind
TN,Wayne,WAYNE,0.0091,0.0069,0.0561,0.0056,0.0561,wind
TN,Weakley,WEAKLEY,0.003,0.0201,0.0376,0.0108,0.0376,wind
TN,White,WHITE,0.0036,0.0069,0.0746,0.0113,0.0746,wind
TN,Williamson,WILLIAMSON,0.0115,0.0128,0.0839,0.0044,0.0839,wind
TN,Wilson,WILSON,0.0066,0.0105,0.0839,0.0056,0.0839,wind
TX,Anderson,ANDERSON,0.0019,0.0039,0.0979,0.001,0.0979,wind
TX,Andrews,ANDREWS,0.0061,0.0039,0.0679,0.0056,0.0679,wind
TX,Angelina,ANGELINA,0.0047,0.0069,0.0592,0.0,0.0592,wind
TX,Aransas,ARANSAS,0.0111,0.006,0.0316,0.0001,0.0316,wind
TX,Archer,ARCHER,0.0083,0.002,0.0629,0.003,0.0629,wind
TX,Armstrong,ARMSTRONG,0.0301,0.0005,0.11,0.0477,0.11,wind
TX,Atascosa,ATASCOSA,0.0111,0.007,0.0418,0.0002,0.0418,wind
TX,Austin,AUSTIN,0.0018,0.0056,0.0422,0.0,0.0422,wind
TX,Bailey,BAILEY,0.0254,0.0008,0.1356,0.037,0.1356,wind
TX,Bandera,BANDERA,0.0034,0.0856,0.0329,0.0,0.0856,flood
TX,Bastrop,BASTROP,0.0091,0.0342,0.0592,0.0001,0.0592,wind
TX,Baylor,BAYLOR,0.0083,0.0011,0.0801,0.0056,0.0801,wind
TX,Bee,BEE,0.0083,0.0028,0.0434,0.0,0.0434,wind
TX,Bell,BELL,0.0039,0.0185,0.0612,0.0035,0.0612,wind
TX,Bexar,BEXAR,0.0055,0.0856,0.0946,0.0011,0.0946,wind
TX,Blanco,BLANCO,0.0061,0.0316,0.0418,0.003,0.0418,wind
TX,Borden,BORDEN,0.0047,0.0022,0.065,0.0056,0.065,wind
TX,Bosque,BOSQUE,0.0024,0.0045,0.0782,0.003,0.0782,wind
TX,Bowie,BOWIE,0.0032,0.006,0.0762,0.0006,0.0762,wind
TX,Brazoria,BRAZORIA,0.0076,0.0479,0.0561,0.0,0.0561,wind
TX,Brazos,BRAZOS,0.0013,0.0157,0.0668,0.0001,0.0668,wind
TX,Brewster,BREWSTER,0.0085,0.0032,0.037,0.0,0.037,wind
TX,Briscoe,BRISCOE,0.0076,0.0005,0.1479,0.0477,0.1479,wind
TX,Brooks,BROOKS,0.0083,0.002,0.0454,0.0001,0.0454,wind
TX,Brown,BROWN,0.0151,0.0069,0.0746,0.014,0.0746,wind
TX,Burleson,BURLESON,0.0023,0.0046,0.0251,0.0001,0.0251,wind
TX,Burnet,BURNET,0.0047,0.0128,0.0746,0.0056,0.0746,wind
TX,Caldwell,CALDWELL,0.0085,0.0316,0.0575,0.0002,0.0575,wind
TX,Calhoun,CALHOUN,0.0085,0.0022,0.0376,0.0005,0.0376,wind
TX,Callahan,CALLAHAN,0.0273,0.0046,0.0782,0.0141,0.0782,wind
TX,Cameron,CAMERON,0.0091,0.006,0.0534,0.0002,0.0534,wind
TX,Camp,CAMP,0.0006,0.0123,0.0497,0.0008,0.0497,wind
TX,Carson,CARSON,0.0477,0.0004,0.1082,0.0418,0.1082,wind
TX,Cass,CASS,0.0047,0.0056,0.0762,0.0006,0.0762,wind
TX,Castro,CASTRO,0.0066,0.0004,0.1797,0.0236,0.1797,wind
TX,Chambers,CHAMBERS,0.0048,0.0361,0.0147,0.0,0.0361,flood
TX,Cherokee,CHEROKEE,0.0019,0.0028,0.0801,0.001,0.0801,wind
TX,Childress,CHILDRESS,0.0131,0.001,0.2015,0.0123,0.2015,wind
TX,Clay,CLAY,0.0085,0.0019,0.1192,0.003,0.1192,wind
TX,Cochran,COCHRAN,0.0254,0.001,0.1653,0.0264,0.1653,wind
TX,Coke,COKE,0.0131,0.0039,0.0561,0.0108,0.0561,wind
TX,Coleman,COLEMAN,0.0111,0.002,0.1192,0.0072,0.1192,wind
TX,Collin,COLLIN,0.0047,0.0039,0.1479,0.0108,0.1479,wind
TX,Collingsworth,COLLINGSWORTH,0.0182,0.0022,0.1258,0.0236,0.1258,wind
TX,Colorado,COLORADO,0.0066,0.0056,0.0454,0.0,0.0454,wind
TX,Comal,COMAL,0.0032,0.0128,0.0534,0.0033,0.0534,wind
TX,Comanche,COMANCHE,0.0083,0.0028,0.1192,0.0033,0.1192,wind
TX,Concho,CONCHO,0.0143,0.0045,0.0629,0.0083,0.0629,wind
TX,Cooke,COOKE,0.0047,0.002,0.11,0.0017,0.11,wind
TX,Coryell,CORYELL,0.0032,0.007,0.1082,0.0035,0.1082,wind
TX,Cottle,COTTLE,0.0076,0.0019,0.1528,0.0154,0.1528,wind
TX,Crane,CRANE,0.0032,0.0658,0.0205,0.001,0.0658,flood
TX,Crockett,CROCKETT,0.0198,0.0024,0.0629,0.0072,0.0629,wind
TX,Crosby,CROSBY,0.0131,0.002,0.1653,0.0354,0.1653,wind
TX,Culberson,CULBERSON,0.0023,0.0019,0.2028,0.0047,0.2028,wind
TX,Dallam,DALLAM,0.02,0.0003,0.09,0.2507,0.2507,winter
TX,Dallas,DALLAS,0.0024,0.0165,0.2015,0.0088,0.2015,wind
TX,Dawson,DAWSON,0.003,0.0625,0.0481,0.0056,0.0625,flood
TX,Deaf Smith,DEAF SMITH,0.0151,0.0004,0.0979,0.0354,0.0979,wind
TX,Delta,DELTA,0.001,0.0012,0.0979,0.0056,0.0979,wind
TX,Denton,DENTON,0.0076,0.0042,0.1797,0.0044,0.1797,wind
TX,Dewitt,DEWITT,0.0032,0.0003,0.0022,0.0,0.0032,fire
TX,Dickens,DICKENS,0.0131,0.001,0.0979,0.0179,0.0979,wind
TX,Dimmit,DIMMIT,0.0045,0.0028,0.0239,0.0,0.0239,wind
TX,Donley,DONLEY,0.0131,0.0008,0.1192,0.0418,0.1192,wind
TX,Duval,DUVAL,0.0066,0.0038,0.0343,0.0,0.0343,wind
TX,Eastland,EASTLAND,0.0131,0.0069,0.1082,0.0088,0.1082,wind
TX,Ector,ECTOR,0.0131,0.0046,0.0592,0.0021,0.0592,wind
TX,Edwards,EDWARDS,0.0047,0.0069,0.0422,0.0017,0.0422,wind
TX,El Paso,EL PASO,0.0039,0.007,0.0239,0.0072,0.0239,wind
TX,Ellis,ELLIS,0.0023,0.0123,0.1015,0.0021,0.1015,wind
TX,Erath,ERATH,0.0045,0.0032,0.0801,0.0036,0.0801,wind
TX,Falls,FALLS,0.0017,0.0025,0.0343,0.0006,0.0343,wind
TX,Fannin,FANNIN,0.0024,0.0069,0.11,0.0056,0.11,wind
TX,Fayette,FAYETTE,0.0017,0.0042,0.0418,0.0,0.0418,wind
TX,Fisher,FISHER,0.0048,0.0046,0.0497,0.017,0.0497,wind
TX,Floyd,FLOYD,0.0111,0.0008,0.1653,0.0305,0.1653,wind
TX,Foard,FOARD,0.0055,0.0008,0.0534,0.0123,0.0534,wind
TX,Fort Bend,FORT BEND,0.0023,0.0123,0.0801,0.0001,0.0801,wind
TX,Franklin,FRANKLIN,0.0014,0.0039,0.0762,0.0006,0.0762,wind
TX,Freestone,FREESTONE,0.001,0.002,0.065,0.0017,0.065,wind
TX,Frio,FRIO,0.0066,0.0056,0.0285,0.0,0.0285,wind
TX,Gaines,GAINES,0.0076,0.0105,0.11,0.0072,0.11,wind
TX,Galveston,GALVESTON,0.003,0.0123,0.0316,0.0,0.0316,wind
TX,Garza,GARZA,0.02,0.0361,0.1356,0.0145,0.1356,wind
TX,Gillespie,GILLESPIE,0.0061,0.0249,0.0958,0.0056,0.0958,wind
TX,Glasscock,GLASSCOCK,0.0032,0.0071,0.0497,0.0017,0.0497,wind
TX,Goliad,GOLIAD,0.0061,0.0022,0.0481,0.0,0.0481,wind
TX,Gonzales,GONZALES,0.0032,0.0046,0.0454,0.0001,0.0454,wind
TX,Gray,GRAY,0.02,0.001,0.1449,0.037,0.1449,wind
TX,Grayson,GRAYSON,0.0083,0.0024,0.2015,0.0108,0.2015,wind
TX,Gregg,GREGG,0.0024,0.007,0.0612,0.0068,0.0612,wind
TX,Grimes,GRIMES,0.0024,0.0123,0.0575,0.0002,0.0575,wind
TX,Guadalupe,GUADALUPE,0.0023,0.0533,0.26,0.0014,0.26,wind
TX,Hale,HALE,0.0091,0.0008,0.2031,0.034,0.2031,wind
TX,Hall,HALL,0.0091,0.0011,0.1653,0.02,0.1653,wind
TX,Hamilton,HAMILTON,0.0032,0.002,0.1116,0.001,0.1116,wind
TX,Hansford,HANSFORD,0.0111,0.0002,0.1185,0.0384,0.1185,wind
TX,Hardeman,HARDEMAN,0.0045,0.0008,0.1192,0.0108,0.1192,wind
TX,Hardin,HARDIN,0.0055,0.0128,0.0251,0.0001,0.0251,wind
TX,Harris,HARRIS,0.0014,0.0431,0.1116,0.001,0.1116,wind
TX,Harrison,HARRISON,0.0032,0.0105,0.0979,0.0022,0.0979,wind
TX,Hartley,HARTLEY,0.0425,0.0002,0.0839,0.1471,0.1471,winter
TX,Haskell,HASKELL,0.0083,0.0042,0.0801,0.0236,0.0801,wind
TX,Hays,HAYS,0.0055,0.0821,0.0534,0.0017,0.0821,flood
TX,Hemphill,HEMPHILL,0.0209,0.0008,0.1479,0.0264,0.1479,wind
TX,Henderson,HENDERSON,0.0014,0.007,0.0801,0.0072,0.0801,wind
TX,Hidalgo,HIDALGO,0.0111,0.0046,0.0575,0.0003,0.0575,wind
TX,Hill,HILL,0.0047,0.0028,0.0909,0.0017,0.0909,wind
TX,Hockley,HOCKLEY,0.0254,0.0019,0.1653,0.0343,0.1653,wind
TX,Hood,HOOD,0.0061,0.0046,0.0839,0.0017,0.0839,wind
TX,Hopkins,HOPKINS,0.001,0.0038,0.1116,0.0017,0.1116,wind
TX,Houston,HOUSTON,0.0047,0.0046,0.0801,0.0001,0.0801,wind
TX,Howard,HOWARD,0.0131,0.0316,0.0592,0.0056,0.0592,wind
TX,Hudspeth,HUDSPETH,0.0032,0.002,0.0239,0.0088,0.0239,wind
TX,Hunt,HUNT,0.0032,0.007,0.1676,0.0072,0.1676,wind
TX,Hutchinson,HUTCHINSON,0.075,0.001,0.1255,0.034,0.1255,wind
TX,Irion,IRION,0.0111,0.0024,0.0481,0.0072,0.0481,wind
TX,Jack,JACK,0.0108,0.002,0.1015,0.0017,0.1015,wind
TX,Jackson,JACKSON,0.0034,0.007,0.0285,0.0003,0.0285,wind
TX,Jasper,JASPER,0.0066,0.0332,0.0343,0.0,0.0343,wind
TX,Jeff Davis,JEFF DAVIS,0.0048,0.0008,0.0126,0.0006,0.0126,wind
TX,Jefferson,JEFFERSON,0.0111,0.0533,0.0316,0.0,0.0533,flood
TX,Jim Hogg,JIM HOGG,0.0091,0.0025,0.037,0.0002,0.037,wind
TX,Jim Wells,JIM WELLS,0.0347,0.0054,0.0534,0.0,0.0534,wind
TX,Johnson,JOHNSON,0.0047,0.0045,0.1082,0.0033,0.1082,wind
TX,Jones,JONES,0.0273,0.0069,0.0801,0.0154,0.0801,wind
TX,Karnes,KARNES,0.0045,0.002,0.0316,0.0,0.0316,wind
TX,Kaufman,KAUFMAN,0.0007,0.0046,0.1082,0.0044,0.1082,wind
TX,Kendall,KENDALL,0.0111,0.0533,0.0481,0.0006,0.0533,flood
TX,Kenedy,KENEDY,0.0066,0.0011,0.0316,0.0003,0.0316,wind
TX,Kent,KENT,0.0131,0.0012,0.0534,0.0113,0.0534,wind
TX,Kerr,KERR,0.0037,0.0165,0.0454,0.001,0.0454,wind
TX,Kimble,KIMBLE,0.0076,0.0039,0.0612,0.0035,0.0612,wind
TX,King,KING,0.0131,0.0009,0.0871,0.02,0.0871,wind
TX,Kinney,KINNEY,0.0061,0.0042,0.0316,0.0002,0.0316,wind
TX,Kleberg,KLEBERG,0.0374,0.0019,0.0316,0.0002,0.0374,fire
TX,Knox,KNOX,0.0034,0.0024,0.065,0.014,0.065,wind
TX,La Salle,LA SALLE,0.0066,0.0011,0.0434,0.0001,0.0434,wind
TX,Lamar,LAMAR,0.0055,0.0028,0.1479,0.003,0.1479,wind
TX,Lamb,LAMB,0.012,0.0005,0.1831,0.037,0.1831,wind
TX,Lampasas,LAMPASAS,0.0048,0.0105,0.0958,0.0072,0.0958,wind
TX,Lavaca,LAVACA,0.0014,0.0025,0.0316,0.0002,0.0316,wind
TX,Lee,LEE,0.0032,0.0046,0.0291,0.0,0.0291,wind
TX,Leon,LEON,0.0024,0.0039,0.0679,0.0002,0.0679,wind
TX,Liberty,LIBERTY,0.0055,0.0479,0.0343,0.0001,0.0479,flood
TX,Limestone,LIMESTONE,0.003,0.0069,0.0481,0.0017,0.0481,wind
TX,Lipscomb,LIPSCOMB,0.0276,0.002,0.1653,0.0305,0.1653,wind
TX,Live Oak,LIVE OAK,0.012,0.0057,0.0481,0.0,0.0481,wind
TX,Llano,LLANO,0.0034,0.0326,0.0839,0.0088,0.0839,wind
TX,Loving,LOVING,0.001,0.0004,0.0134,0.003,0.0134,wind
TX,Lubbock,LUBBOCK,0.0325,0.0019,0.2211,0.0556,0.2211,wind
TX,Lynn,LYNN,0.0048,0.0316,0.1231,0.02,0.1231,wind
TX,Madison,MADISON,0.0005,0.0042,0.0376,0.0,0.0376,wind
TX,Marion,MARION,0.0017,0.0069,0.0561,0.0011,0.0561,wind
TX,Martin,MARTIN,0.002,0.0024,0.0481,0.003,0.0481,wind
TX,Mason,MASON,0.0066,0.0039,0.1015,0.0056,0.1015,wind
TX,Matagorda,MATAGORDA,0.0061,0.0019,0.037,0.0001,0.037,wind
TX,Maverick,MAVERICK,0.0032,0.0157,0.0376,0.0,0.0376,wind
TX,Mcculloch,MCCULLOCH,0.0083,0.0042,0.1231,0.0072,0.1231,wind
TX,Mclennan,MCLENNAN,0.0032,0.0165,0.0909,0.003,0.0909,wind
TX,Mcmullen,MCMULLEN,0.0047,0.0015,0.0316,0.0,0.0316,wind
TX,Medina,MEDINA,0.0083,0.0056,0.0679,0.0,0.0679,wind
TX,Menard,MENARD,0.0108,0.0038,0.0534,0.0072,0.0534,wind
TX,Midland,MIDLAND,0.0131,0.0069,0.0647,0.0021,0.0647,wind
TX,Milam,MILAM,0.0024,0.0069,0.0534,0.0014,0.0534,wind
TX,Mills,MILLS,0.0055,0.0019,0.0871,0.0047,0.0871,wind
TX,Mitchell,MITCHELL,0.0111,0.0185,0.0612,0.003,0.0612,wind
TX,Montague,MONTAGUE,0.0076,0.0019,0.0979,0.003,0.0979,wind
TX,Montgomery,MONTGOMERY,0.003,0.0105,0.0422,0.0006,0.0422,wind
TX,Moore,MOORE,0.0384,0.0004,0.0979,0.0785,0.0979,wind
TX,Morris,MORRIS,0.0034,0.0046,0.0612,0.0007,0.0612,wind
TX,Motley,MOTLEY,0.02,0.0005,0.1479,0.0236,0.1479,wind
TX,Nacogdoches,NACOGDOCHES,0.0032,0.0042,0.0801,0.0001,0.0801,wind
TX,Navarro,NAVARRO,0.0014,0.007,0.0909,0.0025,0.0909,wind
TX,Newton,NEWTON,0.0085,0.0201,0.0285,0.0001,0.0285,wind
TX,Nolan,NOLAN,0.012,0.0038,0.0829,0.0113,0.0829,wind
TX,Nueces,NUECES,0.0111,0.1277,0.0592,0.0002,0.1277,flood
TX,Ochiltree,OCHILTREE,0.0115,0.0002,0.1356,0.0236,0.1356,wind
TX,Oldham,OLDHAM,0.02,0.0006,0.0801,0.0427,0.0801,wind
TX,Orange,ORANGE,0.0055,0.1351,0.0205,0.0,0.1351,flood
TX,Palo Pinto,PALO PINTO,0.0131,0.0028,0.0979,0.003,0.0979,wind
TX,Panola,PANOLA,0.0024,0.0042,0.0534,0.0006,0.0534,wind
TX,Parker,PARKER,0.0055,0.0165,0.11,0.0017,0.11,wind
TX,Parmer,PARMER,0.0024,0.0008,0.2031,0.0317,0.2031,wind
TX,Pecos,PECOS,0.0091,0.0069,0.0592,0.0011,0.0592,wind
TX,Polk,POLK,0.0066,0.0185,0.0343,0.0,0.0343,wind
TX,Potter,POTTER,0.1082,0.0019,0.11,0.0477,0.11,wind
TX,Presidio,PRESIDIO,0.0045,0.0025,0.0251,0.0006,0.0251,wind
TX,Rains,RAINS,0.0006,0.0042,0.0592,0.0022,0.0592,wind
TX,Randall,RANDALL,0.0529,0.002,0.1253,0.0549,0.1253,wind
TX,Reagan,REAGAN,0.0047,0.0039,0.0534,0.0031,0.0534,wind
TX,Real,REAL,0.0019,0.0046,0.0376,0.0006,0.0376,wind
TX,Red River,RED RIVER,0.0034,0.0028,0.11,0.003,0.11,wind
TX,Reeves,REEVES,0.0066,0.0042,0.0481,0.0006,0.0481,wind
TX,Refugio,REFUGIO,0.0048,0.0028,0.0316,0.0,0.0316,wind
TX,Roberts,ROBERTS,0.0131,0.0004,0.1192,0.0264,0.1192,wind
TX,Robertson,ROBERTSON,0.0023,0.0046,0.0418,0.0003,0.0418,wind
TX,Rockwall,ROCKWALL,0.0034,0.0046,0.0629,0.0033,0.0629,wind
TX,Runnels,RUNNELS,0.0111,0.0069,0.0647,0.0088,0.0647,wind
TX,Rusk,RUSK,0.0014,0.0054,0.11,0.0072,0.11,wind
TX,Sabine,SABINE,0.0076,0.002,0.037,0.0002,0.037,wind
TX,San Augustine,SAN AUGUSTINE,0.0061,0.0028,0.0422,0.0,0.0422,wind
TX,San Jacinto,SAN JACINTO,0.0047,0.0342,0.0316,0.0002,0.0342,flood
TX,San Patricio,SAN PATRICIO,0.0108,0.007,0.0592,0.0,0.0592,wind
TX,San Saba,SAN SABA,0.0047,0.0015,0.081,0.0056,0.081,wind
TX,Schleicher,SCHLEICHER,0.0131,0.0008,0.0507,0.0056,0.0507,wind
TX,Scurry,SCURRY,0.012,0.0128,0.0871,0.0072,0.0871,wind
TX,Shackelford,SHACKELFORD,0.0083,0.0054,0.0762,0.0141,0.0762,wind
TX,Shelby,SHELBY,0.0014,0.0069,0.0762,0.0001,0.0762,wind
TX,Sherman,SHERMAN,0.0131,0.0004,0.0679,0.1471,0.1471,winter
TX,Smith,SMITH,0.075,0.007,0.1231,0.0329,0.1231,wind
TX,Somervell,SOMERVELL,0.0045,0.001,0.0454,0.0014,0.0454,wind
TX,Starr,STARR,0.0111,0.0056,0.0481,0.0001,0.0481,wind
TX,Stephens,STEPHENS,0.0091,0.0069,0.0612,0.0072,0.0612,wind
TX,Sterling,STERLING,0.0091,0.0008,0.0422,0.0088,0.0422,wind
TX,Stonewall,STONEWALL,0.0091,0.001,0.0534,0.0179,0.0534,wind
TX,Sutton,SUTTON,0.0091,0.0024,0.0422,0.0056,0.0422,wind
TX,Swisher,SWISHER,0.0108,0.0004,0.1449,0.0413,0.1449,wind
TX,Tarrant,TARRANT,0.0056,0.0185,0.2205,0.0056,0.2205,wind
TX,Taylor,TAYLOR,0.0477,0.0128,0.0979,0.0154,0.0979,wind
TX,Terrell,TERRELL,0.0034,0.0019,0.0285,0.0003,0.0285,wind
TX,Terry,TERRY,0.0108,0.0028,0.1079,0.02,0.1079,wind
TX,Throckmorton,THROCKMORTON,0.0047,0.0019,0.0762,0.0113,0.0762,wind
TX,Titus,TITUS,0.001,0.0046,0.0422,0.0011,0.0422,wind
TX,Tom Green,TOM GREEN,0.0301,0.0105,0.1082,0.0113,0.1082,wind
TX,Travis,TRAVIS,0.0034,0.0856,0.0979,0.0022,0.0979,wind
TX,Trinity,TRINITY,0.0039,0.0105,0.0376,0.0,0.0376,wind
TX,Tyler,TYLER,0.0048,0.0123,0.037,0.0,0.037,wind
TX,Upshur,UPSHUR,0.0007,0.0105,0.0801,0.0017,0.0801,wind
TX,Upton,UPTON,0.0061,0.0249,0.0316,0.0008,0.0316,wind
TX,Uvalde,UVALDE,0.0047,0.0069,0.0592,0.0,0.0592,wind
TX,Val Verde,VAL VERDE,0.0085,0.0114,0.0782,0.0026,0.0782,wind
TX,Van Zandt,VAN ZANDT,0.001,0.0069,0.0812,0.0056,0.0812,wind
TX,Victoria,VICTORIA,0.0032,0.0022,0.0612,0.0001,0.0612,wind
TX,Walker,WALKER,0.0055,0.0128,0.0513,0.0001,0.0513,wind
TX,Waller,WALLER,0.0045,0.0054,0.037,0.0003,0.037,wind
TX,Ward,WARD,0.0055,0.0046,0.0205,0.0006,0.0205,wind
TX,Washington,WASHINGTON,0.0005,0.0105,0.0576,0.0,0.0576,wind
TX,Webb,WEBB,0.0036,0.0056,0.0507,0.0001,0.0507,wind
TX,Wharton,WHARTON,0.0023,0.0105,0.0534,0.0,0.0534,wind
TX,Wheeler,WHEELER,0.02,0.0039,0.1231,0.0303,0.1231,wind
TX,Wichita,WICHITA,0.02,0.0028,0.1356,0.0056,0.1356,wind
TX,Wilbarger,WILBARGER,0.0048,0.001,0.1356,0.0062,0.1356,wind
TX,Willacy,WILLACY,0.0108,0.0069,0.0454,0.0001,0.0454,wind
TX,Williamson,WILLIAMSON,0.003,0.0533,0.0762,0.0014,0.0762,wind
TX,Wilson,WILSON,0.0083,0.0028,0.0534,0.0003,0.0534,wind
TX,Winkler,WINKLER,0.0083,0.001,0.0316,0.0006,0.0316,wind
TX,Wise,WISE,0.0182,0.0069,0.1797,0.0017,0.1797,wind
TX,Wood,WOOD,0.0017,0.0136,0.0979,0.0017,0.0979,wind
TX,Yoakum,YOAKUM,0.0218,0.0042,0.1528,0.0179,0.1528,wind
TX,Young,YOUNG,0.0111,0.006,0.0762,0.0044,0.0762,wind
TX,Zapata,ZAPATA,0.0076,0.0028,0.0418,0.0002,0.0418,wind
TX,Zavala,ZAVALA,0.0031,0.0025,0.037,0.0,0.037,wind
UT,Beaver,BEAVER,0.001,0.0123,0.0422,0.7176,0.7176,winter
UT,Box Elder,BOX ELDER,0.0003,0.0046,0.0869,0.5852,0.5852,winter
UT,Cache,CACHE,0.0001,0.0056,0.0561,0.6051,0.6051,winter
UT,Carbon,CARBON,0.0003,0.0157,0.0061,0.2325,0.2325,winter
UT,Daggett,DAGGETT,0.0007,0.0008,0.0,0.0,0.0008,flood
UT,Davis,DAVIS,0.0003,0.0185,0.0513,0.4543,0.4543,winter
UT,Duchesne,DUCHESNE,0.0001,0.0042,0.0083,0.1573,0.1573,winter
UT,Emery,EMERY,0.001,0.0024,0.0222,0.5446,0.5446,winter
UT,Garfield,GARFIELD,0.001,0.0123,0.0251,0.6948,0.6948,winter
UT,Grand,GRAND,0.0061,0.0022,0.0118,0.3258,0.3258,winter
UT,Iron,IRON,0.0004,0.0059,0.039,0.6959,0.6959,winter
UT,Juab,JUAB,0.001,0.0038,0.0561,0.6948,0.6948,winter
UT,Kane,KANE,0.001,0.0015,0.0316,0.716,0.716,winter
UT,Millard,MILLARD,0.001,0.0028,0.037,0.6076,0.6076,winter
UT,Morgan,MORGAN,0.0001,0.0128,0.0316,0.5307,0.5307,winter
UT,Piute,PIUTE,0.0003,0.0019,0.0285,0.6712,0.6712,winter
UT,Rich,RICH,0.0001,0.0042,0.0316,0.435,0.435,winter
UT,Salt Lake,SALT LAKE,0.0014,0.0105,0.1079,0.6076,0.6076,winter
UT,San Juan,SAN JUAN,0.0055,0.0022,0.0019,0.0056,0.0056,winter
UT,Sanpete,SANPETE,0.0007,0.0038,0.0285,0.6398,0.6398,winter
UT,Sevier,SEVIER,0.0003,0.0046,0.0222,0.7176,0.7176,winter
UT,Summit,SUMMIT,0.0001,0.006,0.0534,0.6515,0.6515,winter
UT,Tooele,TOOELE,0.0004,0.0105,0.0534,0.383,0.383,winter
UT,Uintah,UINTAH,0.0055,0.0011,0.0019,0.0006,0.0055,fire
UT,Utah,UTAH,0.001,0.0185,0.1015,0.7176,0.7176,winter
UT,Wasatch,WASATCH,0.0001,0.0136,0.065,0.7176,0.7176,winter
UT,Washington,WASHINGTON,0.0003,0.0625,0.0481,0.6637,0.6637,winter
UT,Wayne,WAYNE,0.0055,0.0069,0.0205,0.6076,0.6076,winter
UT,Weber,WEBER,0.0001,0.007,0.0762,0.6398,0.6398,winter
VA,Accomack,ACCOMACK,0.0032,0.007,0.0093,0.0264,0.0264,winter
VA,Albemarle,ALBEMARLE,0.0374,0.0011,0.0958,0.0868,0.0958,wind
VA,Alexandria,ALEXANDRIA,0.0003,0.0004,0.0376,0.034,0.0376,wind
VA,Alleghany,ALLEGHANY,0.0384,0.0123,0.1231,0.0386,0.1231,wind
VA,Amelia,AMELIA,0.0055,0.0045,0.0118,0.0418,0.0418,winter
VA,Amherst,AMHERST,0.0168,0.0185,0.2195,0.0477,0.2195,wind
VA,Appomattox,APPOMATTOX,0.0076,0.002,0.0434,0.0386,0.0434,wind
VA,Arlington,ARLINGTON,0.0006,0.001,0.0561,0.1227,0.1227,winter
VA,Augusta,AUGUSTA,0.0384,0.0028,0.1653,0.1573,0.1653,wind
VA,Bath,BATH,0.0131,0.0332,0.2031,0.1223,0.2031,wind
VA,Bedford,BEDFORD,0.0131,0.0042,0.2477,0.037,0.2477,wind
VA,Bland,BLAND,0.0085,0.0332,0.0612,0.037,0.0612,wind
VA,Botetourt,BOTETOURT,0.02,0.0046,0.2031,0.0317,0.2031,wind
VA,Bristol,BRISTOL,0.0066,0.0123,0.0285,0.0264,0.0285,wind
VA,Brunswick,BRUNSWICK,0.0055,0.0028,0.0211,0.02,0.0211,wind
VA,Buchanan,BUCHANAN,0.0131,0.0448,0.0154,0.1223,0.1223,winter
VA,Buckingham,BUCKINGHAM,0.0076,0.0039,0.0612,0.0464,0.0612,wind
VA,Buena Vista,BUENA VISTA,0.0045,0.0039,0.1479,0.0354,0.1479,wind
VA,Campbell,CAMPBELL,0.0108,0.0069,0.0762,0.0291,0.0762,wind
VA,Caroline,CAROLINE,0.0085,0.0042,0.0239,0.0264,0.0264,winter
VA,Carroll,CARROLL,0.0273,0.0123,0.0839,0.0285,0.0839,wind
VA,Charles City,CHARLES CITY,0.0115,0.0006,0.0093,0.0179,0.0179,winter
VA,Charlotte,CHARLOTTE,0.0083,0.0028,0.0376,0.0236,0.0376,wind
VA,Charlottesville,CHARLOTTESVILLE,0.0301,0.0006,0.0093,0.0001,0.0301,fire
VA,Chesapeake,CHESAPEAKE,0.0131,0.0024,0.0222,0.0154,0.0222,wind
VA,Chesterfield,CHESTERFIELD,0.0061,0.0038,0.0222,0.037,0.037,winter
VA,Clarke,CLARKE,0.0023,0.0059,0.0265,0.0785,0.0785,winter
VA,Colonial Heights,COLONIAL HEIGHTS,0.0076,0.0011,0.021,0.0123,0.021,wind
VA,Covington,COVINGTON,0.0037,0.0856,0.065,0.0236,0.0856,flood
VA,Craig,CRAIG,0.0347,0.0028,0.1449,0.0354,0.1449,wind
VA,Culpeper,CULPEPER,0.0076,0.0028,0.039,0.0418,0.0418,winter
VA,Cumberland,CUMBERLAND,0.0061,0.0028,0.0222,0.0477,0.0477,winter
VA,Danville,DANVILLE,0.0108,0.0019,0.0454,0.017,0.0454,wind
VA,Dickenson,DICKENSON,0.0091,0.0342,0.0222,0.1227,0.1227,winter
VA,Dinwiddie,DINWIDDIE,0.0047,0.007,0.0179,0.02,0.02,winter
VA,Emporia,EMPORIA,0.002,0.0024,0.0316,0.0212,0.0316,wind
VA,Essex,ESSEX,0.0076,0.0024,0.0118,0.0154,0.0154,winter
VA,Fairfax,FAIRFAX,0.0036,0.0105,0.0668,0.1055,0.1055,winter
VA,Fairfax City,FAIRFAX CITY,0.0001,0.0028,0.0,0.0,0.0028,flood
VA,Falls Church,FALLS CHURCH,0.0001,0.0011,0.0979,0.0329,0.0979,wind
VA,Fauquier,FAUQUIER,0.0066,0.0032,0.0434,0.0477,0.0477,winter
VA,Floyd,FLOYD,0.0085,0.0114,0.0909,0.0334,0.0909,wind
VA,Fluvanna,FLUVANNA,0.0047,0.0011,0.0291,0.0303,0.0303,winter
VA,Franklin,FRANKLIN,0.0085,0.0105,0.1356,0.0236,0.1356,wind
VA,Franklin City,FRANKLIN CITY,0.0032,0.0004,0.0,0.0,0.0032,fire
VA,Frederick,FREDERICK,0.0037,0.0069,0.0376,0.0798,0.0798,winter
VA,Fredericksburg,FREDERICKSBURG,0.0066,0.0069,0.0126,0.0264,0.0264,winter
VA,Galax,GALAX,0.0091,0.0019,0.0422,0.0154,0.0422,wind
VA,Giles,GILES,0.0131,0.007,0.0782,0.0598,0.0782,wind
VA,Gloucester,GLOUCESTER,0.0066,0.0025,0.0154,0.02,0.02,winter
VA,Goochland,GOOCHLAND,0.0047,0.0014,0.0205,0.0413,0.0413,winter
VA,Grayson,GRAYSON,0.0131,0.0105,0.1449,0.0317,0.1449,wind
VA,Greene,GREENE,0.0083,0.0019,0.0762,0.0386,0.0762,wind
VA,Greensville,GREENSVILLE,0.0055,0.0042,0.0316,0.0264,0.0316,wind
VA,Halifax,HALIFAX,0.0108,0.0028,0.0746,0.02,0.0746,wind
VA,Hampton,HAMPTON,0.0014,0.0022,0.0068,0.0072,0.0072,winter
VA,Hanover,HANOVER,0.0034,0.0024,0.0179,0.037,0.037,winter
VA,Harrisonburg,HARRISONBURG,0.0007,0.0028,0.0668,0.047,0.0668,wind
VA,Henrico,HENRICO,0.0115,0.0028,0.0316,0.02,0.0316,wind
VA,Henry,HENRY,0.01,0.0046,0.0629,0.0285,0.0629,wind
VA,Highland,HIGHLAND,0.0032,0.0128,0.0909,0.2526,0.2526,winter
VA,Hopewell,HOPEWELL,0.0047,0.0008,0.0222,0.014,0.0222,wind
VA,Isle Of Wight,ISLE OF WIGHT,0.0061,0.0019,0.0143,0.0113,0.0143,wind
VA,James City,JAMES CITY,0.0066,0.0015,0.0222,0.017,0.0222,wind
VA,King And Queen,KING AND QUEEN,0.0061,0.0014,0.0167,0.0141,0.0167,wind
VA,King George,KING GEORGE,0.0032,0.0014,0.0285,0.0354,0.0354,winter
VA,King William,KING WILLIAM,0.0076,0.0019,0.0205,0.02,0.0205,wind
VA,Lancaster,LANCASTER,0.0014,0.0025,0.0061,0.0264,0.0264,winter
VA,Lee,LEE,0.002,0.0201,0.0205,0.0017,0.0205,wind
VA,Lexington,LEXINGTON,0.0034,0.0032,0.1253,0.02,0.1253,wind
VA,Loudoun,LOUDOUN,0.001,0.0045,0.0376,0.156,0.156,winter
VA,Louisa,LOUISA,0.0061,0.0011,0.0316,0.0285,0.0316,wind
VA,Lunenburg,LUNENBURG,0.0055,0.0042,0.0111,0.047,0.047,winter
VA,Lynchburg,LYNCHBURG,0.0111,0.0038,0.11,0.0291,0.11,wind
VA,Madison,MADISON,0.0182,0.0019,0.0612,0.047,0.0612,wind
VA,Manassas,MANASSAS,0.001,0.001,0.037,0.0549,0.0549,winter
VA,Manassas Park,MANASSAS PARK,0.0007,0.0011,0.0068,0.0001,0.0068,wind
VA,Martinsville,MARTINSVILLE,0.0019,0.0128,0.0316,0.014,0.0316,wind
VA,Mathews,MATHEWS,0.001,0.0028,0.0083,0.02,0.02,winter
VA,Mecklenburg,MECKLENBURG,0.0083,0.0011,0.0222,0.0291,0.0291,winter
VA,Middlesex,MIDDLESEX,0.0023,0.0039,0.0093,0.02,0.02,winter
VA,Montgomery,MONTGOMERY,0.01,0.0157,0.1653,0.0418,0.1653,wind
VA,Nelson,NELSON,0.0273,0.0054,0.1253,0.0798,0.1253,wind
VA,New Kent,NEW KENT,0.003,0.001,0.0265,0.0141,0.0265,wind
VA,Newport News,NEWPORT NEWS,0.0047,0.0019,0.0145,0.0123,0.0145,wind
VA,Norfolk,NORFOLK,0.0007,0.0046,0.0093,0.0088,0.0093,wind
VA,Northampton,NORTHAMPTON,0.0023,0.0028,0.0068,0.0123,0.0123,winter
VA,Northumberland,NORTHUMBERLAND,0.001,0.0123,0.0057,0.02,0.02,winter
VA,Norton,NORTON,0.0061,0.0533,0.0093,0.0477,0.0533,flood
VA,Nottoway,NOTTOWAY,0.0061,0.0032,0.0167,0.0384,0.0384,winter
VA,Orange,ORANGE,0.0083,0.004,0.0534,0.037,0.0534,wind
VA,Page,PAGE,0.0254,0.0011,0.1015,0.0679,0.1015,wind
VA,Patrick,PATRICK,0.0055,0.0212,0.0839,0.0264,0.0839,wind
VA,Petersburg,PETERSBURG,0.0066,0.0042,0.0205,0.0123,0.0205,wind
VA,Pittsylvania,PITTSYLVANIA,0.0131,0.0071,0.09,0.02,0.09,wind
VA,Poquoson,POQUOSON,0.0024,0.0042,0.0111,0.0088,0.0111,wind
VA,Portsmouth,PORTSMOUTH,0.0006,0.0004,0.0049,0.0088,0.0088,winter
VA,Powhatan,POWHATAN,0.0032,0.002,0.0093,0.0413,0.0413,winter
VA,Prince Edward,PRINCE EDWARD,0.0066,0.002,0.0191,0.037,0.037,winter
VA,Prince George,PRINCE GEORGE,0.0076,0.001,0.0285,0.017,0.0285,wind
VA,Prince William,PRINCE WILLIAM,0.0131,0.0042,0.0454,0.0785,0.0785,winter
VA,Pulaski,PULASKI,0.0254,0.0042,0.0979,0.0264,0.0979,wind
VA,Radford,RADFORD,0.0047,0.0042,0.0801,0.0179,0.0801,wind
VA,Rappahannock,RAPPAHANNOCK,0.0047,0.007,0.0629,0.0598,0.0629,wind
VA,Richmond,RICHMOND,0.0061,0.002,0.0111,0.017,0.017,winter
VA,Richmond City,RICHMOND CITY,0.0013,0.0014,0.0,0.0,0.0014,flood
VA,Roanoke,ROANOKE,0.0111,0.0032,0.1301,0.034,0.1301,wind
VA,Roanoke City,ROANOKE CITY,0.0032,0.001,0.0,0.0,0.0032,fire
VA,Rockbridge,ROCKBRIDGE,0.0131,0.0028,0.1911,0.0477,0.1911,wind
VA,Rockingham,ROCKINGHAM,0.0989,0.0015,0.1528,0.089,0.1528,wind
VA,Russell,RUSSELL,0.0254,0.0658,0.0285,0.0477,0.0658,flood
VA,Salem,SALEM,0.0066,0.0011,0.0679,0.0154,0.0679,wind
VA,Scott,SCOTT,0.0066,0.0185,0.0316,0.0357,0.0357,winter
VA,Shenandoah,SHENANDOAH,0.0108,0.0212,0.1082,0.1055,0.1082,wind
VA,Smyth,SMYTH,0.0254,0.0136,0.083,0.0343,0.083,wind
VA,Southampton,SOUTHAMPTON,0.0047,0.0011,0.0316,0.02,0.0316,wind
VA,Spotsylvania,SPOTSYLVANIA,0.0017,0.0039,0.0343,0.047,0.047,winter
VA,Stafford,STAFFORD,0.0048,0.002,0.0341,0.0477,0.0477,winter
VA,Staunton,STAUNTON,0.0034,0.0038,0.0679,0.0477,0.0679,wind
VA,Suffolk,SUFFOLK,0.0066,0.0028,0.0104,0.0179,0.0179,winter
VA,Surry,SURRY,0.0048,0.0008,0.0222,0.017,0.0222,wind
VA,Sussex,SUSSEX,0.0055,0.002,0.0316,0.0175,0.0316,wind
VA,Tazewell,TAZEWELL,0.0131,0.0856,0.0762,0.0305,0.0856,flood
VA,Virginia Beach,VIRGINIA BEACH,0.02,0.0042,0.0285,0.0123,0.0285,wind
VA,Warren,WARREN,0.0019,0.0057,0.0513,0.0734,0.0734,winter
VA,Washington,WASHINGTON,0.02,0.007,0.0592,0.0285,0.0592,wind
VA,Waynesboro,WAYNESBORO,0.0048,0.0028,0.0022,0.0,0.0048,fire
VA,Westmoreland,WESTMORELAND,0.0045,0.0024,0.0093,0.0167,0.0167,winter
VA,Williamsburg,WILLIAMSBURG,0.0076,0.0006,0.0114,0.0113,0.0114,wind
VA,Winchester,WINCHESTER,0.0001,0.0011,0.0205,0.0418,0.0418,winter
VA,Wise,WISE,0.0301,0.0342,0.0222,0.062,0.062,winter
VA,Wythe,WYTHE,0.0168,0.0042,0.0762,0.0264,0.0762,wind
VA,York,YORK,0.0055,0.0042,0.0126,0.0113,0.0126,wind
VT,Addison,ADDISON,0.0017,0.1129,0.0454,0.3258,0.3258,winter
VT,Bennington,BENNINGTON,0.0006,0.1595,0.0979,0.2336,0.2336,winter
VT,Caledonia,CALEDONIA,0.0001,0.2164,0.0316,0.3745,0.3745,winter
VT,Chittenden,CHITTENDEN,0.0024,0.151,0.0507,0.3398,0.3398,winter
VT,Essex,ESSEX,0.0003,0.0448,0.0167,0.3756,0.3756,winter
VT,Franklin,FRANKLIN,0.0001,0.2845,0.0343,0.3258,0.3258,winter
VT,Grand Isle,GRAND ISLE,0.0006,0.0446,0.0154,0.2526,0.2526,winter
VT,Lamoille,LAMOILLE,0.0001,0.2845,0.0316,0.3398,0.3398,winter
VT,Orange,ORANGE,0.0001,0.151,0.0222,0.3203,0.3203,winter
VT,Orleans,ORLEANS,0.0001,0.3605,0.0239,0.3416,0.3605,flood
VT,Rutland,RUTLAND,0.0014,0.0625,0.0656,0.26,0.26,winter
VT,Washington,WASHINGTON,0.0006,0.151,0.0242,0.3258,0.3258,winter
VT,Windham,WINDHAM,0.0007,0.1412,0.09,0.3056,0.3056,winter
VT,Windsor,WINDSOR,0.0006,0.1701,0.0418,0.3056,0.3056,winter
WA,Adams,ADAMS,0.0001,0.0212,0.0191,0.0679,0.0679,winter
WA,Asotin,ASOTIN,0.0003,0.0165,0.0332,0.1227,0.1227,winter
WA,Benton,BENTON,0.0004,0.0069,0.0454,0.0583,0.0583,winter
WA,Chelan,CHELAN,0.0001,0.0056,0.0762,0.435,0.435,winter
WA,Clallam,CLALLAM,0.0001,0.0008,0.0612,0.0997,0.0997,winter
WA,Clark,CLARK,0.0001,0.0024,0.039,0.0679,0.0679,winter
WA,Columbia,COLUMBIA,0.0001,0.0165,0.1015,0.2074,0.2074,winter
WA,Cowlitz,COWLITZ,0.0001,0.002,0.0285,0.1342,0.1342,winter
WA,Douglas,DOUGLAS,0.0001,0.0105,0.0343,0.2837,0.2837,winter
WA,Ferry,FERRY,0.0001,0.006,0.0222,0.3056,0.3056,winter
WA,Franklin,FRANKLIN,0.0001,0.0128,0.0265,0.0868,0.0868,winter
WA,Garfield,GARFIELD,0.0001,0.0105,0.0316,0.1227,0.1227,winter
WA,Grant,GRANT,0.0001,0.0128,0.0191,0.1342,0.1342,winter
WA,Grays Harbor,GRAYS HARBOR,0.0004,0.0028,0.0579,0.1342,0.1342,winter
WA,Island,ISLAND,0.0001,0.0028,0.0561,0.1227,0.1227,winter
WA,Jefferson,JEFFERSON,0.0007,0.004,0.0746,0.1091,0.1091,winter
WA,King,KING,0.0003,0.0069,0.0782,0.2526,0.2526,winter
WA,Kitsap,KITSAP,0.0001,0.0039,0.0839,0.1227,0.1227,winter
WA,Kittitas,KITTITAS,0.0001,0.0128,0.0575,0.2721,0.2721,winter
WA,Klickitat,KLICKITAT,0.0001,0.0105,0.0679,0.0868,0.0868,winter
WA,Lewis,LEWIS,0.0001,0.0022,0.0679,0.1873,0.1873,winter
WA,Lincoln,LINCOLN,0.0001,0.0069,0.0285,0.1734,0.1734,winter
WA,Mason,MASON,0.0001,0.0028,0.0679,0.1572,0.1572,winter
WA,Okanogan,OKANOGAN,0.0001,0.0105,0.0679,0.5312,0.5312,winter
WA,Pacific,PACIFIC,0.0003,0.0028,0.0592,0.1223,0.1223,winter
WA,Pend Oreille,PEND OREILLE,0.0001,0.0105,0.0143,0.3203,0.3203,winter
WA,Pierce,PIERCE,0.0001,0.0022,0.0612,0.1583,0.1583,winter
WA,San Juan,SAN JUAN,0.0001,0.0038,0.0871,0.1342,0.1342,winter
WA,Skagit,SKAGIT,0.0001,0.007,0.0561,0.2194,0.2194,winter
WA,Skamania,SKAMANIA,0.0001,0.0025,0.0316,0.1012,0.1012,winter
WA,Snohomish,SNOHOMISH,0.0001,0.0019,0.0592,0.2624,0.2624,winter
WA,Spokane,SPOKANE,0.0005,0.0856,0.0534,0.3258,0.3258,winter
WA,Stevens,STEVENS,0.0001,0.0448,0.0316,0.3056,0.3056,winter
WA,Thurston,THURSTON,0.0001,0.006,0.087,0.0785,0.087,wind
WA,Wahkiakum,WAHKIAKUM,0.0007,0.0011,0.0134,0.0418,0.0418,winter
WA,Walla Walla,WALLA WALLA,0.0001,0.0123,0.0575,0.0997,0.0997,winter
WA,Whatcom,WHATCOM,0.0001,0.0039,0.1231,0.26,0.26,winter
WA,Whitman,WHITMAN,0.0001,0.0533,0.0205,0.1203,0.1203,winter
WA,Yakima,YAKIMA,0.0019,0.0105,0.0332,0.1227,0.1227,winter
WI,Adams,ADAMS,0.0048,0.0123,0.0167,0.0598,0.0598,winter
WI,Ashland,ASHLAND,0.0032,0.0042,0.0087,0.0679,0.0679,winter
WI,Barron,BARRON,0.0007,0.0105,0.0205,0.089,0.089,winter
WI,Bayfield,BAYFIELD,0.0017,0.007,0.0083,0.0734,0.0734,winter
WI,Brown,BROWN,0.0019,0.007,0.0189,0.0556,0.0556,winter
WI,Buffalo,BUFFALO,0.0111,0.0046,0.0222,0.0291,0.0291,winter
WI,Burnett,BURNETT,0.0014,0.0042,0.0119,0.062,0.062,winter
WI,Calumet,CALUMET,0.0003,0.0069,0.0343,0.0285,0.0343,wind
WI,Chippewa,CHIPPEWA,0.002,0.0054,0.0251,0.062,0.062,winter
WI,Clark,CLARK,0.0017,0.0128,0.0316,0.0679,0.0679,winter
WI,Columbia,COLUMBIA,0.0006,0.0533,0.0402,0.089,0.089,winter
WI,Crawford,CRAWFORD,0.01,0.0212,0.1079,0.0789,0.1079,wind
WI,Dane,DANE,0.0019,0.4364,0.0612,0.1223,0.4364,flood
WI,Dodge,DODGE,0.0034,0.0533,0.0629,0.0972,0.0972,winter
WI,Door,DOOR,0.0001,0.006,0.0087,0.0785,0.0785,winter
WI,Douglas,DOUGLAS,0.0017,0.0105,0.0113,0.0734,0.0734,winter
WI,Dunn,DUNN,0.0032,0.0128,0.0154,0.0477,0.0477,winter
WI,Eau Claire,EAU CLAIRE,0.002,0.007,0.0239,0.034,0.034,winter
WI,Florence,FLORENCE,0.0006,0.0045,0.0143,0.1471,0.1471,winter
WI,Fond Du Lac,FOND DU LAC,0.0076,0.0479,0.0592,0.089,0.089,winter
WI,Forest,FOREST,0.0003,0.0039,0.0118,0.1342,0.1342,winter
WI,Grant,GRANT,0.0034,0.0128,0.1356,0.0679,0.1356,wind
WI,Green,GREEN,0.0001,0.0361,0.0871,0.1342,0.1342,winter
WI,Green Lake,GREEN LAKE,0.0014,0.0361,0.037,0.0917,0.0917,winter
WI,Iowa,IOWA,0.0007,0.0212,0.0592,0.1342,0.1342,winter
WI,Iron,IRON,0.002,0.0039,0.0093,0.0917,0.0917,winter
WI,Jackson,JACKSON,0.0111,0.0105,0.0343,0.047,0.047,winter
WI,Jefferson,JEFFERSON,0.0006,0.0856,0.0871,0.0917,0.0917,winter
WI,Juneau,JUNEAU,0.0091,0.0123,0.0285,0.0477,0.0477,winter
WI,Kenosha,KENOSHA,0.0036,0.0349,0.0762,0.1223,0.1223,winter
WI,Kewaunee,KEWAUNEE,0.0001,0.0625,0.0041,0.062,0.0625,flood
WI,La Crosse,LA CROSSE,0.0131,0.0069,0.0909,0.0477,0.0909,wind
WI,Lafayette,LAFAYETTE,0.0001,0.0185,0.0592,0.1227,0.1227,winter
WI,Langlade,LANGLADE,0.0003,0.0069,0.0285,0.1572,0.1572,winter
WI,Lincoln,LINCOLN,0.001,0.0185,0.0205,0.1223,0.1223,winter
WI,Manitowoc,MANITOWOC,0.0001,0.0856,0.0093,0.0477,0.0856,flood
WI,Marathon,MARATHON,0.0019,0.0128,0.0316,0.1223,0.1223,winter
WI,Marinette,MARINETTE,0.0003,0.0185,0.0167,0.0997,0.0997,winter
WI,Marquette,MARQUETTE,0.0032,0.0212,0.0205,0.0785,0.0785,winter
WI,Menominee,MENOMINEE,0.001,0.007,0.0029,0.0698,0.0698,winter
WI,Milwaukee,MILWAUKEE,0.0014,0.0316,0.0647,0.0997,0.0997,winter
WI,Monroe,MONROE,0.0168,0.0128,0.0782,0.0749,0.0782,wind
WI,Oconto,OCONTO,0.0004,0.0128,0.0144,0.0917,0.0917,winter
WI,Oneida,ONEIDA,0.0019,0.0042,0.0242,0.1564,0.1564,winter
WI,Outagamie,OUTAGAMIE,0.0001,0.0128,0.0454,0.0427,0.0454,wind
WI,Ozaukee,OZAUKEE,0.0003,0.0533,0.0481,0.089,0.089,winter
WI,Pepin,PEPIN,0.0055,0.007,0.0093,0.0236,0.0236,winter
WI,Pierce,PIERCE,0.0034,0.0042,0.0332,0.0291,0.0332,wind
WI,Polk,POLK,0.0017,0.0054,0.0167,0.0997,0.0997,winter
WI,Portage,PORTAGE,0.0007,0.0123,0.0189,0.0477,0.0477,winter
WI,Price,PRICE,0.0014,0.0024,0.0343,0.0972,0.0972,winter
WI,Racine,RACINE,0.001,0.0361,0.0612,0.1501,0.1501,winter
WI,Richland,RICHLAND,0.0055,0.0216,0.0561,0.037,0.0561,wind
WI,Rock,ROCK,0.0003,0.0448,0.0871,0.089,0.089,winter
WI,Rusk,RUSK,0.0019,0.006,0.0087,0.0798,0.0798,winter
WI,Sauk,SAUK,0.0045,0.0332,0.065,0.1091,0.1091,winter
WI,Sawyer,SAWYER,0.0017,0.0042,0.0068,0.0581,0.0581,winter
WI,Shawano,SHAWANO,0.001,0.0201,0.019,0.089,0.089,winter
WI,Sheboygan,SHEBOYGAN,0.0006,0.0625,0.0534,0.0798,0.0798,winter
WI,St. Croix,ST. CROIX,0.001,0.0046,0.037,0.0415,0.0415,winter
WI,Taylor,TAYLOR,0.001,0.0028,0.0422,0.1091,0.1091,winter
WI,Trempealeau,TREMPEALEAU,0.0032,0.0046,0.0376,0.0413,0.0413,winter
WI,Vernon,VERNON,0.0085,0.0128,0.11,0.0798,0.11,wind
WI,Vilas,VILAS,0.0003,0.0054,0.0118,0.1342,0.1342,winter
WI,Walworth,WALWORTH,0.0014,0.0201,0.1082,0.0785,0.1082,wind
WI,Washburn,WASHBURN,0.0032,0.0022,0.0083,0.0477,0.0477,winter
WI,Washington,WASHINGTON,0.0003,0.0361,0.065,0.0788,0.0788,winter
WI,Waukesha,WAUKESHA,0.0006,0.0625,0.0762,0.0917,0.0917,winter
WI,Waupaca,WAUPACA,0.0014,0.0157,0.0222,0.062,0.062,winter
WI,Waushara,WAUSHARA,0.0017,0.0123,0.019,0.0476,0.0476,winter
WI,Winnebago,WINNEBAGO,0.0003,0.0201,0.0239,0.0317,0.0317,winter
WI,Wood,WOOD,0.0034,0.0123,0.0093,0.0477,0.0477,winter
WV,Barbour,BARBOUR,0.0013,0.0212,0.0083,0.1556,0.1556,winter
WV,Berkeley,BERKELEY,0.0061,0.0069,0.039,0.0698,0.0698,winter
WV,Boone,BOONE,0.0276,0.0479,0.037,0.1788,0.1788,winter
WV,Braxton,BRAXTON,0.0061,0.0448,0.0068,0.1012,0.1012,winter
WV,Brooke,BROOKE,0.001,0.0157,0.0285,0.0123,0.0285,wind
WV,Cabell,CABELL,0.0055,0.0349,0.0839,0.0785,0.0839,wind
WV,Calhoun,CALHOUN,0.0014,0.0821,0.0068,0.1223,0.1223,winter
WV,Clay,CLAY,0.0048,0.0185,0.0093,0.2336,0.2336,winter
WV,Doddridge,DODDRIDGE,0.001,0.0479,0.0057,0.0911,0.0911,winter
WV,Fayette,FAYETTE,0.0218,0.0069,0.0154,0.1998,0.1998,winter
WV,Gilmer,GILMER,0.0034,0.0185,0.0068,0.2085,0.2085,winter
WV,Grant,GRANT,0.001,0.0123,0.1116,0.2194,0.2194,winter
WV,Greenbrier,GREENBRIER,0.0023,0.0533,0.0801,0.1091,0.1091,winter
WV,Hampshire,HAMPSHIRE,0.0061,0.0069,0.0513,0.1564,0.1564,winter
WV,Hancock,HANCOCK,0.0017,0.0185,0.0513,0.0179,0.0513,wind
WV,Hardy,HARDY,0.0091,0.0056,0.1082,0.1342,0.1342,winter
WV,Harrison,HARRISON,0.0023,0.0165,0.0093,0.1573,0.1573,winter
WV,Jackson,JACKSON,0.0083,0.0332,0.0316,0.1012,0.1012,winter
WV,Jefferson,JEFFERSON,0.0055,0.0028,0.0497,0.0798,0.0798,winter
WV,Kanawha,KANAWHA,0.0131,0.0185,0.0402,0.1501,0.1501,winter
WV,Lewis,LEWIS,0.003,0.0157,0.0057,0.1873,0.1873,winter
WV,Lincoln,LINCOLN,0.0085,0.0342,0.1015,0.1223,0.1223,winter
WV,Logan,LOGAN,0.0168,0.0185,0.0422,0.1342,0.1342,winter
WV,Marion,MARION,0.001,0.0123,0.0205,0.0236,0.0236,winter
WV,Marshall,MARSHALL,0.003,0.0448,0.0534,0.0179,0.0534,wind
WV,Mason,MASON,0.0066,0.0316,0.0534,0.1227,0.1227,winter
WV,Mcdowell,MCDOWELL,0.0143,0.1701,0.0134,0.1227,0.1701,flood
WV,Mercer,MERCER,0.0076,0.0105,0.0316,0.1572,0.1572,winter
WV,Mineral,MINERAL,0.0085,0.004,0.0979,0.1949,0.1949,winter
WV,Mingo,MINGO,0.0131,0.0201,0.1231,0.1573,0.1573,winter
WV,Monongalia,MONONGALIA,0.0017,0.0136,0.0316,0.0303,0.0316,wind
WV,Monroe,MONROE,0.0048,0.0212,0.0762,0.0477,0.0762,wind
WV,Morgan,MORGAN,0.0014,0.0042,0.0481,0.0949,0.0949,winter
WV,Nicholas,NICHOLAS,0.0045,0.0342,0.0068,0.187,0.187,winter
WV,Ohio,OHIO,0.0019,0.0448,0.0561,0.0123,0.0561,wind
WV,Pendleton,PENDLETON,0.0425,0.0029,0.0839,0.187,0.187,winter
WV,Pleasants,PLEASANTS,0.0032,0.0533,0.0285,0.1573,0.1573,winter
WV,Pocahontas,POCAHONTAS,0.0048,0.0342,0.0376,0.226,0.226,winter
WV,Preston,PRESTON,0.001,0.0185,0.0316,0.1564,0.1564,winter
WV,Putnam,PUTNAM,0.01,0.0123,0.1076,0.2074,0.2074,winter
WV,Raleigh,RALEIGH,0.0131,0.0533,0.0154,0.166,0.166,winter
WV,Randolph,RANDOLPH,0.0032,0.0316,0.0205,0.2194,0.2194,winter
WV,Ritchie,RITCHIE,0.0032,0.0479,0.0093,0.0679,0.0679,winter
WV,Roane,ROANE,0.002,0.1351,0.0316,0.1227,0.1351,flood
WV,Summers,SUMMERS,0.0131,0.0128,0.037,0.0868,0.0868,winter
WV,Taylor,TAYLOR,0.0032,0.0448,0.0068,0.089,0.089,winter
WV,Tucker,TUCKER,0.003,0.0165,0.0376,0.1501,0.1501,winter
WV,Tyler,TYLER,0.001,0.0249,0.0282,0.1012,0.1012,winter
WV,Upshur,UPSHUR,0.0013,0.0625,0.0068,0.1998,0.1998,winter
WV,Wayne,WAYNE,0.02,0.0201,0.0434,0.1873,0.1873,winter
WV,Webster,WEBSTER,0.0066,0.0316,0.0093,0.2325,0.2325,winter
WV,Wetzel,WETZEL,0.0019,0.0249,0.0239,0.0141,0.0249,flood
WV,Wirt,WIRT,0.0024,0.0201,0.0167,0.1572,0.1572,winter
WV,Wood,WOOD,0.0055,0.1185,0.0126,0.0798,0.1185,flood
WV,Wyoming,WYOMING,0.0131,0.0625,0.0104,0.1471,0.1471,winter
WY,Albany,ALBANY,0.0007,0.0019,0.0418,0.1501,0.1501,winter
WY,Big Horn,BIG HORN,0.0018,0.001,0.0111,0.0698,0.0698,winter
WY,Campbell,CAMPBELL,0.0032,0.0039,0.0242,0.1223,0.1223,winter
WY,Carbon,CARBON,0.0017,0.0004,0.0343,0.1227,0.1227,winter
WY,Converse,CONVERSE,0.0037,0.0015,0.0189,0.0639,0.0639,winter
WY,Crook,CROOK,0.0076,0.0022,0.039,0.1342,0.1342,winter
WY,Fremont,FREMONT,0.0055,0.0008,0.0087,0.0785,0.0785,winter
WY,Goshen,GOSHEN,0.0131,0.0004,0.0222,0.0431,0.0431,winter
WY,Hot Springs,HOT SPRINGS,0.0061,0.0004,0.0022,0.0154,0.0154,winter
WY,Johnson,JOHNSON,0.0083,0.0012,0.0143,0.0734,0.0734,winter
WY,Laramie,LARAMIE,0.0066,0.001,0.09,0.1788,0.1788,winter
WY,Lincoln,LINCOLN,0.0001,0.0046,0.0093,0.1203,0.1203,winter
WY,Natrona,NATRONA,0.0032,0.0006,0.0316,0.0972,0.0972,winter
WY,Niobrara,NIOBRARA,0.0018,0.0008,0.0222,0.0679,0.0679,winter
WY,Park,PARK,0.0045,0.0004,0.0239,0.1734,0.1734,winter
WY,Platte,PLATTE,0.0076,0.0002,0.0762,0.0734,0.0762,wind
WY,Sheridan,SHERIDAN,0.0007,0.002,0.0205,0.1012,0.1012,winter
WY,Sublette,SUBLETTE,0.0001,0.0128,0.0068,0.0997,0.0997,winter
WY,Sweetwater,SWEETWATER,0.0007,0.0045,0.0093,0.0798,0.0798,winter
WY,Teton,TETON,0.0006,0.0054,0.0087,0.1949,0.1949,winter
WY,Uinta,UINTA,0.0003,0.0022,0.0087,0.0997,0.0997,winter
WY,Washakie,WASHAKIE,0.0014,0.0009,0.0028,0.02,0.02,winter
WY,Weston,WESTON,0.0055,0.0008,0.0343,0.1227,0.1227,winter
