state,county,county_id,fire_p,flood_p,wind_p,winter_p,max_p,max_hazard
AL,Autauga,AUTAUGA,0.0041,0.0026,0.0339,0.0034,0.0339,wind
AL,Baldwin,BALDWIN,0.0204,0.0058,0.0489,0.0012,0.0489,wind
AL,Barbour,BARBOUR,0.0043,0.0008,0.0182,0.0007,0.0182,wind
AL,Bibb,BIBB,0.0381,0.0019,0.0272,0.004,0.0381,fire
AL,Blount,BLOUNT,0.0111,0.0021,0.0461,0.0111,0.0461,wind
AL,Bullock,BULLOCK,0.0056,0.001,0.018,0.002,0.018,wind
AL,Butler,BUTLER,0.0064,0.0011,0.0198,0.0017,0.0198,wind
AL,Calhoun,CALHOUN,0.0329,0.0022,0.0333,0.0072,0.0333,wind
AL,Chambers,CHAMBERS,0.0082,0.001,0.0214,0.0035,0.0214,wind
AL,Cherokee,CHEROKEE,0.0154,0.0026,0.0341,0.0097,0.0341,wind
AL,Chilton,CHILTON,0.014,0.0016,0.0332,0.0044,0.0332,wind
AL,Choctaw,CHOCTAW,0.0079,0.0032,0.0495,0.0049,0.0495,wind
AL,Clarke,CLARKE,0.005,0.0019,0.0464,0.0038,0.0464,wind
AL,Clay,CLAY,0.0754,0.0011,0.0261,0.0045,0.0754,fire
AL,Cleburne,CLEBURNE,0.0847,0.0012,0.0253,0.0062,0.0847,fire
AL,Coffee,COFFEE,0.0065,0.0011,0.0417,0.001,0.0417,wind
AL,Colbert,COLBERT,0.0107,0.0021,0.0671,0.0991,0.0991,winter
AL,Conecuh,CONECUH,0.0099,0.0009,0.0221,0.0011,0.0221,wind
AL,Coosa,COOSA,0.0117,0.001,0.0243,0.0034,0.0243,wind
AL,Covington,COVINGTON,0.038,0.0012,0.0283,0.0007,0.038,fire
AL,Crenshaw,CRENSHAW,0.0054,0.0008,0.0261,0.0012,0.0261,wind
AL,Cullman,CULLMAN,0.0046,0.0018,0.0519,0.1142,0.1142,winter
AL,Dale,DALE,0.0047,0.0011,0.0426,0.0007,0.0426,wind
AL,Dallas,DALLAS,0.0033,0.0026,0.0254,0.0026,0.0254,wind
AL,Dekalb,DEKALB,0.0068,0.0012,0.0548,0.1039,0.1039,winter
AL,Elmore,ELMORE,0.0014,0.0034,0.0425,0.0028,0.0425,wind
AL,Escambia,ESCAMBIA,0.0306,0.0019,0.0273,0.0012,0.0306,fire
AL,Etowah,ETOWAH,0.0022,0.0014,0.0415,0.0099,0.0415,wind
AL,Fayette,FAYETTE,0.0085,0.0016,0.0365,0.0078,0.0365,wind
AL,Franklin,FRANKLIN,0.0074,0.0018,0.0581,0.1059,0.1059,winter
AL,Geneva,GENEVA,0.0039,0.0015,0.0294,0.0004,0.0294,wind
AL,Greene,GREENE,0.0045,0.0031,0.0256,0.004,0.0256,wind
AL,Hale,HALE,0.0157,0.0014,0.0253,0.0039,0.0253,wind
AL,Henry,HENRY,0.0025,0.0007,0.0281,0.0003,0.0281,wind
AL,Houston,HOUSTON,0.0026,0.0015,0.0441,0.0005,0.0441,wind
AL,Jackson,JACKSON,0.0097,0.0012,0.0502,0.1053,0.1053,winter
AL,Jefferson,JEFFERSON,0.0158,0.0066,0.05,0.024,0.05,wind
AL,Lamar,LAMAR,0.0081,0.0028,0.0548,0.0098,0.0548,wind
AL,Lauderdale,LAUDERDALE,0.0057,0.0029,0.064,0.0996,0.0996,winter
AL,Lawrence,LAWRENCE,0.0133,0.0017,0.0536,0.1067,0.1067,winter
AL,Lee,LEE,0.0082,0.0015,0.0242,0.0016,0.0242,wind
AL,Limestone,LIMESTONE,0.0036,0.0015,0.051,0.1198,0.1198,winter
AL,Lowndes,LOWNDES,0.003,0.0017,0.027,0.0019,0.027,wind
AL,Macon,MACON,0.0095,0.0017,0.0251,0.0018,0.0251,wind
AL,Madison,MADISON,0.0041,0.002,0.0655,0.1438,0.1438,winter
AL,Marengo,MARENGO,0.0058,0.002,0.0256,0.0032,0.0256,wind
AL,Marion,MARION,0.0145,0.0028,0.0441,0.0108,0.0441,wind
AL,Marshall,MARSHALL,0.0034,0.0017,0.0555,0.1069,0.1069,winter
AL,Mobile,MOBILE,0.0189,0.0073,0.0653,0.0023,0.0653,wind
AL,Monroe,MONROE,0.0072,0.0027,0.0317,0.0014,0.0317,wind
AL,Montgomery,MONTGOMERY,0.0031,0.0021,0.0375,0.0132,0.0375,wind
AL,Morgan,MORGAN,0.0034,0.0019,0.0506,0.1101,0.1101,winter
AL,Perry,PERRY,0.0079,0.0019,0.0212,0.0026,0.0212,wind
AL,Pickens,PICKENS,0.0142,0.0027,0.0408,0.0072,0.0408,wind
AL,Pike,PIKE,0.0068,0.001,0.0199,0.0016,0.0199,wind
AL,Randolph,RANDOLPH,0.012,0.0022,0.0283,0.0033,0.0283,wind
AL,Russell,RUSSELL,0.0091,0.0017,0.0219,0.0021,0.0219,wind
AL,Shelby,SHELBY,0.0112,0.0034,0.0373,0.0077,0.0373,wind
AL,St. Clair,ST. CLAIR,0.0075,0.0022,0.0394,0.0081,0.0394,wind
AL,Sumter,SUMTER,0.0076,0.0015,0.0334,0.006,0.0334,wind
AL,Talladega,TALLADEGA,0.0445,0.0028,0.029,0.0074,0.0445,fire
AL,Tallapoosa,TALLAPOOSA,0.0117,0.0019,0.045,0.003,0.045,wind
AL,Tuscaloosa,TUSCALOOSA,0.0374,0.0065,0.0495,0.0088,0.0495,wind
AL,Walker,WALKER,0.0173,0.0021,0.0448,0.0082,0.0448,wind
AL,Washington,WASHINGTON,0.0154,0.0012,0.0267,0.0044,0.0267,wind
AL,Wilcox,WILCOX,0.0139,0.0012,0.0149,0.002,0.0149,wind
AL,Winston,WINSTON,0.0338,0.0019,0.0423,0.0105,0.0423,wind
AR,Arkansas,ARKANSAS,0.0034,0.0034,0.0329,0.0286,0.0329,wind
AR,Ashley,ASHLEY,0.0065,0.0052,0.0501,0.0157,0.0501,wind
AR,Baxter,BAXTER,0.0324,0.0051,0.0443,0.0451,0.0451,winter
AR,Benton,BENTON,0.0103,0.0029,0.0433,0.021,0.0433,wind
AR,Boone,BOONE,0.0105,0.0015,0.0323,0.0501,0.0501,winter
AR,Bradley,BRADLEY,0.0087,0.0039,0.0242,0.0186,0.0242,wind
AR,Calhoun,CALHOUN,0.0094,0.0028,0.0221,0.0201,0.0221,wind
AR,Carroll,CARROLL,0.0087,0.002,0.0224,0.0218,0.0224,wind
AR,Chicot,CHICOT,0.0014,0.0113,0.0419,0.0148,0.0419,wind
AR,Clark,CLARK,0.016,0.0034,0.0407,0.0202,0.0407,wind
AR,Clay,CLAY,0.0017,0.0037,0.0194,0.0242,0.0242,winter
AR,Cleburne,CLEBURNE,0.0104,0.0043,0.0306,0.0359,0.0359,winter
AR,Cleveland,CLEVELAND,0.0088,0.0028,0.024,0.021,0.024,wind
AR,Columbia,COLUMBIA,0.0089,0.0035,0.0242,0.0159,0.0242,wind
AR,Conway,CONWAY,0.0131,0.0036,0.0374,0.0315,0.0374,wind
AR,Craighead,CRAIGHEAD,0.0013,0.0052,0.0341,0.0271,0.0341,wind
AR,Crawford,CRAWFORD,0.0243,0.0037,0.0414,0.0136,0.0414,wind
AR,Crittenden,CRITTENDEN,0.0009,0.0035,0.0228,0.018,0.0228,wind
AR,Cross,CROSS,0.0015,0.0053,0.0149,0.0222,0.0222,winter
AR,Dallas,DALLAS,0.0075,0.0027,0.0186,0.0192,0.0192,winter
AR,Desha,DESHA,0.0047,0.0043,0.0343,0.0199,0.0343,wind
AR,Drew,DREW,0.0098,0.0035,0.0364,0.022,0.0364,wind
AR,Faulkner,FAULKNER,0.0052,0.0039,0.0472,0.0368,0.0472,wind
AR,Franklin,FRANKLIN,0.0328,0.0029,0.0578,0.0128,0.0578,wind
AR,Fulton,FULTON,0.0142,0.003,0.0295,0.0356,0.0356,winter
AR,Garland,GARLAND,0.0393,0.004,0.0422,0.0315,0.0422,wind
AR,Grant,GRANT,0.0171,0.0032,0.0274,0.0235,0.0274,wind
AR,Greene,GREENE,0.0032,0.0043,0.0228,0.0251,0.0251,winter
AR,Hempstead,HEMPSTEAD,0.0067,0.0027,0.0313,0.0151,0.0313,wind
AR,Hot Spring,HOT SPRING,0.0183,0.0079,0.0336,0.0257,0.0336,wind
AR,Howard,HOWARD,0.0091,0.0026,0.0299,0.0192,0.0299,wind
AR,Independence,INDEPENDENCE,0.0092,0.0061,0.034,0.0425,0.0425,winter
AR,Izard,IZARD,0.0118,0.0047,0.0232,0.0396,0.0396,winter
AR,Jackson,JACKSON,0.0029,0.008,0.0271,0.0323,0.0323,winter
AR,Jefferson,JEFFERSON,0.0049,0.0058,0.045,0.031,0.045,wind
AR,Johnson,JOHNSON,0.0313,0.0032,0.0421,0.0295,0.0421,wind
AR,Lafayette,LAFAYETTE,0.0125,0.0029,0.0316,0.0141,0.0316,wind
AR,Lawrence,LAWRENCE,0.007,0.0059,0.0311,0.0354,0.0354,winter
AR,Lee,LEE,0.0009,0.0031,0.0104,0.0009,0.0104,wind
AR,Lincoln,LINCOLN,0.0031,0.0031,0.0202,0.0225,0.0225,winter
AR,Little River,LITTLE RIVER,0.0091,0.0042,0.023,0.0145,0.023,wind
AR,Logan,LOGAN,0.0219,0.0043,0.0372,0.0279,0.0372,wind
AR,Lonoke,LONOKE,0.0026,0.0036,0.062,0.0367,0.062,wind
AR,Madison,MADISON,0.0217,0.0022,0.0323,0.0203,0.0323,wind
AR,Marion,MARION,0.0295,0.0021,0.0344,0.0421,0.0421,winter
AR,Miller,MILLER,0.0099,0.0059,0.0331,0.0154,0.0331,wind
AR,Mississippi,MISSISSIPPI,0.0005,0.002,0.031,0.0247,0.031,wind
AR,Monroe,MONROE,0.0061,0.0051,0.0236,0.0284,0.0284,winter
AR,Montgomery,MONTGOMERY,0.0473,0.0064,0.0379,0.0318,0.0473,fire
AR,Nevada,NEVADA,0.0078,0.0028,0.0176,0.0145,0.0176,wind
AR,Newton,NEWTON,0.0613,0.0028,0.027,0.0507,0.0613,fire
AR,Ouachita,OUACHITA,0.009,0.0062,0.0263,0.0197,0.0263,wind
AR,Perry,PERRY,0.0512,0.0044,0.0368,0.027,0.0512,fire
AR,Phillips,PHILLIPS,0.0021,0.0043,0.0202,0.0138,0.0202,wind
AR,Pike,PIKE,0.0164,0.0033,0.0334,0.0186,0.0334,wind
AR,Poinsett,POINSETT,0.0008,0.0042,0.0228,0.0245,0.0245,winter
AR,Polk,POLK,0.0416,0.0038,0.0505,0.031,0.0505,wind
AR,Pope,POPE,0.0296,0.0049,0.0423,0.0377,0.0423,wind
AR,Prairie,PRAIRIE,0.002,0.0055,0.0236,0.0271,0.0271,winter
AR,Pulaski,PULASKI,0.0076,0.0117,0.0527,0.0374,0.0527,wind
AR,Randolph,RANDOLPH,0.0071,0.0043,0.0197,0.0263,0.0263,winter
AR,Saline,SALINE,0.0239,0.0101,0.0379,0.0312,0.0379,wind
AR,Scott,SCOTT,0.0693,0.004,0.0316,0.0267,0.0693,fire
AR,Searcy,SEARCY,0.043,0.0032,0.0263,0.0474,0.0474,winter
AR,Sebastian,SEBASTIAN,0.0169,0.0074,0.044,0.0156,0.044,wind
AR,Sevier,SEVIER,0.0104,0.0042,0.0327,0.018,0.0327,wind
AR,Sharp,SHARP,0.0183,0.0052,0.0242,0.0454,0.0454,winter
AR,St. Francis,ST. FRANCIS,0.0012,0.0044,0.0158,0.0179,0.0179,winter
AR,Stone,STONE,0.0459,0.0022,0.0252,0.042,0.0459,fire
AR,Union,UNION,0.0091,0.0032,0.0312,0.0171,0.0312,wind
AR,Van Buren,VAN BUREN,0.0257,0.0054,0.0334,0.0396,0.0396,winter
AR,Washington,WASHINGTON,0.0105,0.0028,0.0513,0.0153,0.0513,wind
AR,White,WHITE,0.0053,0.0051,0.0427,0.04,0.0427,wind
AR,Woodruff,WOODRUFF,0.0111,0.0118,0.0233,0.0293,0.0293,winter
AR,Yell,YELL,0.0377,0.0059,0.0378,0.03,0.0378,wind
AZ,Apache,APACHE,0.0332,0.0002,0.0631,0.0304,0.0631,wind
AZ,Cochise,COCHISE,0.067,0.0015,0.0177,0.0295,0.067,fire
AZ,Coconino,COCONINO,0.093,0.0016,0.0615,0.0314,0.093,fire
AZ,Gila,GILA,0.0234,0.0075,0.019,0.0571,0.0571,winter
AZ,Graham,GRAHAM,0.0166,0.001,0.0136,0.034,0.034,winter
AZ,Greenlee,GREENLEE,0.0182,0.0005,0.0033,0.0656,0.0656,winter
AZ,La Paz,LA PAZ,0.0148,0.0112,0.0062,0.001,0.0148,fire
AZ,Maricopa,MARICOPA,0.0436,0.0199,0.0336,0.0089,0.0436,fire
AZ,Mohave,MOHAVE,0.0283,0.0069,0.019,0.0125,0.0283,fire
AZ,Navajo,NAVAJO,0.0258,0.0004,0.0624,0.0337,0.0624,wind
AZ,Pima,PIMA,0.048,0.0055,0.0135,0.0113,0.048,fire
AZ,Pinal,PINAL,0.0221,0.0066,0.0134,0.0182,0.0221,fire
AZ,Santa Cruz,SANTA CRUZ,0.037,0.0023,0.0079,0.0241,0.037,fire
AZ,Yavapai,YAVAPAI,0.0359,0.0023,0.0256,0.0408,0.0408,winter
AZ,Yuma,YUMA,0.0109,0.0026,0.0102,0.0025,0.0109,fire
CA,Alameda,ALAMEDA,0.0037,0.0012,0.0206,0.0037,0.0206,wind
CA,Alpine,ALPINE,0.008,0.0003,0.0241,0.0742,0.0742,winter
CA,Amador,AMADOR,0.0067,0.0006,0.0049,0.0387,0.0387,winter
CA,Butte,BUTTE,0.0147,0.0023,0.0146,0.0139,0.0147,fire
CA,Calaveras,CALAVERAS,0.0072,0.0009,0.0031,0.0325,0.0325,winter
CA,Colusa,COLUSA,0.0037,0.0005,0.0113,0.0113,0.0113,wind
CA,Contra Costa,CONTRA COSTA,0.0025,0.0003,0.0153,0.0042,0.0153,wind
CA,Del Norte,DEL NORTE,0.0082,0.001,0.02,0.0274,0.0274,winter
CA,El Dorado,EL DORADO,0.0094,0.0009,0.0253,0.0756,0.0756,winter
CA,Fresno,FRESNO,0.0194,0.0049,0.0195,0.017,0.0195,wind
CA,Glenn,GLENN,0.0064,0.0003,0.0076,0.0119,0.0119,winter
CA,Humboldt,HUMBOLDT,0.0253,0.0008,0.0305,0.0448,0.0448,winter
CA,Imperial,IMPERIAL,0.0093,0.0024,0.0092,0.0039,0.0093,fire
CA,Inyo,INYO,0.0106,0.0034,0.0927,0.1097,0.1097,winter
CA,Kern,KERN,0.0291,0.015,0.2751,0.166,0.2751,wind
CA,Kings,KINGS,0.0034,0.0004,0.0081,0.0322,0.0322,winter
CA,Lake,LAKE,0.0087,0.0018,0.1575,0.274,0.274,winter
CA,Lassen,LASSEN,0.0146,0.0003,0.0947,0.1868,0.1868,winter
CA,Los Angeles,LOS ANGELES,0.0646,0.0044,0.2362,0.0555,0.2362,wind
CA,Madera,MADERA,0.0166,0.0037,0.0115,0.0166,0.0166,fire
CA,Marin,MARIN,0.0033,0.0029,0.0208,0.002,0.0208,wind
CA,Mariposa,MARIPOSA,0.0203,0.002,0.0099,0.0031,0.0203,fire
CA,Mendocino,MENDOCINO,0.0127,0.0013,0.012,0.0787,0.0787,winter
CA,Merced,MERCED,0.0058,0.0015,0.0085,0.0141,0.0141,winter
CA,Modoc,MODOC,0.0128,0.0001,0.0943,0.1187,0.1187,winter
CA,Mono,MONO,0.0175,0.0012,0.1304,0.2412,0.2412,winter
CA,Monterey,MONTEREY,0.025,0.0017,0.0396,0.0356,0.0396,wind
CA,Napa,NAPA,0.0071,0.0017,0.0116,0.0105,0.0116,wind
CA,Nevada,NEVADA,0.0094,0.0016,0.035,0.3358,0.3358,winter
CA,Orange,ORANGE,0.0284,0.0297,0.0742,0.0104,0.0742,wind
CA,Placer,PLACER,0.0084,0.0015,0.0255,0.064,0.064,winter
CA,Plumas,PLUMAS,0.0195,0.0009,0.0821,0.276,0.276,winter
CA,Riverside,RIVERSIDE,0.0776,0.0353,0.1758,0.0681,0.1758,wind
CA,Sacramento,SACRAMENTO,0.0068,0.0009,0.0309,0.075,0.075,winter
CA,San Benito,SAN BENITO,0.011,0.0007,0.0151,0.0216,0.0216,winter
CA,San Bernardino,SAN BERNARDINO,0.0953,0.0433,0.2868,0.145,0.2868,wind
CA,San Diego,SAN DIEGO,0.0707,0.0577,0.2305,0.0542,0.2305,wind
CA,San Francisco,SAN FRANCISCO,0.0021,0.0015,0.0359,0.0149,0.0359,wind
CA,San Joaquin,SAN JOAQUIN,0.0036,0.0003,0.0083,0.036,0.036,winter
CA,San Luis Obispo,SAN LUIS OBISPO,0.0277,0.0011,0.0266,0.0069,0.0277,fire
CA,San Mateo,SAN MATEO,0.0021,0.0016,0.0223,0.0036,0.0223,wind
CA,Santa Barbara,SANTA BARBARA,0.0618,0.0015,0.0835,0.0225,0.0835,wind
CA,Santa Clara,SANTA CLARA,0.0065,0.0016,0.0224,0.0191,0.0224,wind
CA,Santa Cruz,SANTA CRUZ,0.0092,0.0028,0.0379,0.0196,0.0379,wind
CA,Shasta,SHASTA,0.0184,0.0028,0.0217,0.1765,0.1765,winter
CA,Sierra,SIERRA,0.025,0.0025,0.1631,0.4632,0.4632,winter
CA,Siskiyou,SISKIYOU,0.0165,0.0004,0.1653,0.278,0.278,winter
CA,Solano,SOLANO,0.0023,0.0005,0.0055,0.0124,0.0124,winter
CA,Sonoma,SONOMA,0.0062,0.0026,0.0228,0.0078,0.0228,wind
CA,Stanislaus,STANISLAUS,0.0039,0.0007,0.0092,0.012,0.012,winter
CA,Sutter,SUTTER,0.0009,0.0004,0.0057,0.0099,0.0099,winter
CA,Tehama,TEHAMA,0.0164,0.002,0.0087,0.0283,0.0283,winter
CA,Trinity,TRINITY,0.0132,0.0003,0.0141,0.0899,0.0899,winter
CA,Tulare,TULARE,0.028,0.0064,0.0738,0.2154,0.2154,winter
CA,Tuolumne,TUOLUMNE,0.0235,0.0007,0.0074,0.046,0.046,winter
CA,Ventura,VENTURA,0.0543,0.0018,0.1953,0.0487,0.1953,wind
CA,Yolo,YOLO,0.0035,0.0003,0.0078,0.011,0.011,winter
CA,Yuba,YUBA,0.0054,0.001,0.011,0.0125,0.0125,winter
CO,Adams,ADAMS,0.0041,0.0,0.047,0.1651,0.1651,winter
CO,Alamosa,ALAMOSA,0.0152,0.0,0.0233,0.0297,0.0297,winter
CO,Arapahoe,ARAPAHOE,0.0043,0.0001,0.0469,0.165,0.165,winter
CO,Archuleta,ARCHULETA,0.0159,0.0001,0.0014,0.0028,0.0159,fire
CO,Baca,BACA,0.0161,0.0001,0.0528,0.0417,0.0528,wind
CO,Bent,BENT,0.0093,0.0001,0.0548,0.0293,0.0548,wind
CO,Boulder,BOULDER,0.0172,0.0002,0.192,0.3775,0.3775,winter
CO,Broomfield,BROOMFIELD,0.0044,0.0,0.0887,0.1827,0.1827,winter
CO,Chaffee,CHAFFEE,0.0322,0.0,0.0237,0.1247,0.1247,winter
CO,Cheyenne,CHEYENNE,0.0032,0.0,0.0803,0.0832,0.0832,winter
CO,Clear Creek,CLEAR CREEK,0.009,0.0,0.1242,0.341,0.341,winter
CO,Conejos,CONEJOS,0.0137,0.0,0.0003,0.0062,0.0137,fire
CO,Costilla,COSTILLA,0.004,0.0001,0.0086,0.0075,0.0086,wind
CO,Crowley,CROWLEY,0.0077,0.0001,0.0535,0.036,0.0535,wind
CO,Custer,CUSTER,0.0235,0.0001,0.0138,0.0232,0.0235,fire
CO,Delta,DELTA,0.0094,0.0001,0.0041,0.0036,0.0094,fire
CO,Denver,DENVER,0.002,0.0,0.0598,0.1592,0.1592,winter
CO,Dolores,DOLORES,0.0122,0.0001,0.0149,0.3058,0.3058,winter
CO,Douglas,DOUGLAS,0.0222,0.0001,0.1119,0.2307,0.2307,winter
CO,Eagle,EAGLE,0.0086,0.0001,0.0028,0.0009,0.0086,fire
CO,El Paso,EL PASO,0.0237,0.0001,0.1155,0.1543,0.1543,winter
CO,Elbert,ELBERT,0.0228,0.0001,0.0646,0.1728,0.1728,winter
CO,Fremont,FREMONT,0.0261,0.0001,0.0561,0.1185,0.1185,winter
CO,Garfield,GARFIELD,0.0131,0.0002,0.0045,0.0015,0.0131,fire
CO,Gilpin,GILPIN,0.0068,0.0,0.1421,0.333,0.333,winter
CO,Grand,GRAND,0.0144,0.0,0.121,0.6381,0.6381,winter
CO,Gunnison,GUNNISON,0.012,0.0001,0.0233,0.3412,0.3412,winter
CO,Hinsdale,HINSDALE,0.0039,0.0,0.0002,0.0005,0.0039,fire
CO,Huerfano,HUERFANO,0.0169,0.0,0.1117,0.1493,0.1493,winter
CO,Jackson,JACKSON,0.0083,0.0,0.0558,0.2873,0.2873,winter
CO,Jefferson,JEFFERSON,0.0316,0.0001,0.1246,0.2371,0.2371,winter
CO,Kiowa,KIOWA,0.004,0.0,0.059,0.0333,0.059,wind
CO,Kit Carson,KIT CARSON,0.0016,0.0,0.0895,0.116,0.116,winter
CO,La Plata,LA PLATA,0.0191,0.0005,0.0032,0.0031,0.0191,fire
CO,Lake,LAKE,0.0137,0.0,0.0198,0.1923,0.1923,winter
CO,Larimer,LARIMER,0.0359,0.0002,0.195,0.3476,0.3476,winter
CO,Las Animas,LAS ANIMAS,0.0163,0.0002,0.0917,0.121,0.121,winter
CO,Lincoln,LINCOLN,0.0055,0.0,0.0637,0.0788,0.0788,winter
CO,Logan,LOGAN,0.0078,0.0,0.0701,0.0966,0.0966,winter
CO,Mesa,MESA,0.015,0.0003,0.007,0.0045,0.015,fire
CO,Mineral,MINERAL,0.0046,0.0,0.0004,0.0031,0.0046,fire
CO,Moffat,MOFFAT,0.018,0.0001,0.0022,0.0004,0.018,fire
CO,Montezuma,MONTEZUMA,0.0228,0.0003,0.0028,0.0014,0.0228,fire
CO,Montrose,MONTROSE,0.0108,0.0001,0.0038,0.0009,0.0108,fire
CO,Morgan,MORGAN,0.0107,0.0,0.0494,0.082,0.082,winter
CO,Otero,OTERO,0.0159,0.0001,0.0562,0.0418,0.0562,wind
CO,Ouray,OURAY,0.0069,0.0001,0.0006,0.0012,0.0069,fire
CO,Park,PARK,0.032,0.0,0.1311,0.6204,0.6204,winter
CO,Phillips,PHILLIPS,0.0013,0.0,0.0634,0.0594,0.0634,wind
CO,Pitkin,PITKIN,0.0071,0.0001,0.0008,0.0011,0.0071,fire
CO,Prowers,PROWERS,0.0088,0.0001,0.0572,0.0402,0.0572,wind
CO,Pueblo,PUEBLO,0.0278,0.0002,0.0778,0.0576,0.0778,wind
CO,Rio Blanco,RIO BLANCO,0.0139,0.0,0.0024,0.0025,0.0139,fire
CO,Rio Grande,RIO GRANDE,0.0157,0.0001,0.0056,0.078,0.078,winter
CO,Routt,ROUTT,0.0105,0.0001,0.0043,0.0026,0.0105,fire
CO,Saguache,SAGUACHE,0.0072,0.0,0.0092,0.0462,0.0462,winter
CO,San Juan,SAN JUAN,0.0219,0.0,0.0271,0.5858,0.5858,winter
CO,San Miguel,SAN MIGUEL,0.0082,0.0001,0.0012,0.0005,0.0082,fire
CO,Sedgwick,SEDGWICK,0.0024,0.0,0.041,0.0555,0.0555,winter
CO,Summit,SUMMIT,0.0133,0.0001,0.0888,0.3176,0.3176,winter
CO,Teller,TELLER,0.0206,0.0,0.0577,0.1325,0.1325,winter
CO,Washington,WASHINGTON,0.0029,0.0,0.0611,0.0922,0.0922,winter
CO,Weld,WELD,0.0249,0.0001,0.1215,0.1649,0.1649,winter
CO,Yuma,YUMA,0.0071,0.0,0.0784,0.1195,0.1195,winter
CT,Capitol,CAPITOL,0.0002,0.0077,0.0348,0.0214,0.0348,wind
CT,Greater Bridgeport,GREATER BRIDGEPORT,0.0009,0.0092,0.0387,0.0161,0.0387,wind
CT,Lower Connecticut River Valley,LOWER CONNECTICUT RIVER VALLEY,0.0004,0.0068,0.0467,0.0109,0.0467,wind
CT,Naugatuck Valley,NAUGATUCK VALLEY,0.0002,0.0115,0.0383,0.0146,0.0383,wind
CT,Northeastern Connecticut,NORTHEASTERN CONNECTICUT,0.0009,0.0027,0.0309,0.0212,0.0309,wind
CT,Northwest Hills,NORTHWEST HILLS,0.0003,0.0075,0.0405,0.0463,0.0463,winter
CT,South Central Connecticut,SOUTH CENTRAL CONNECTICUT,0.0002,0.0113,0.045,0.0133,0.045,wind
CT,Southeastern Connecticut,SOUTHEASTERN CONNECTICUT,0.0006,0.0061,0.0328,0.0121,0.0328,wind
CT,Western Connecticut,WESTERN CONNECTICUT,0.0006,0.0136,0.0623,0.0485,0.0623,wind
DC,District Of Columbia,DISTRICT OF COLUMBIA,0.0002,0.0003,0.0059,0.0732,0.0732,winter
DE,Kent,KENT,0.0047,0.0026,0.0496,0.0323,0.0496,wind
DE,New Castle,NEW CASTLE,0.0029,0.0028,0.0553,0.057,0.057,winter
DE,Sussex,SUSSEX,0.0049,0.0047,0.0573,0.0299,0.0573,wind
FL,Alachua,ALACHUA,0.0105,0.0006,0.0188,0.0021,0.0188,wind
FL,Baker,BAKER,0.0364,0.0003,0.0056,0.0006,0.0364,fire
FL,Bay,BAY,0.0455,0.004,0.0334,0.001,0.0455,fire
FL,Bradford,BRADFORD,0.0075,0.0005,0.006,0.001,0.0075,fire
FL,Brevard,BREVARD,0.0229,0.002,0.0333,0.0026,0.0333,wind
FL,Broward,BROWARD,0.016,0.0085,0.0247,0.0048,0.0247,wind
FL,Calhoun,CALHOUN,0.0185,0.0018,0.0166,0.0005,0.0185,fire
FL,Charlotte,CHARLOTTE,0.0089,0.0008,0.01,0.0115,0.0115,winter
FL,Citrus,CITRUS,0.0099,0.001,0.0122,0.0683,0.0683,winter
FL,Clay,CLAY,0.012,0.0009,0.0171,0.0007,0.0171,wind
FL,Collier,COLLIER,0.0169,0.0021,0.0121,0.0135,0.0169,fire
FL,Columbia,COLUMBIA,0.0207,0.0004,0.0123,0.0013,0.0207,fire
FL,Desoto,DESOTO,0.0032,0.0004,0.0,0.0,0.0032,fire
FL,Dixie,DIXIE,0.0115,0.0006,0.005,0.0016,0.0115,fire
FL,Duval,DUVAL,0.009,0.0036,0.0226,0.0012,0.0226,wind
FL,Escambia,ESCAMBIA,0.0095,0.0034,0.0423,0.0015,0.0423,wind
FL,Flagler,FLAGLER,0.0092,0.0015,0.0143,0.0018,0.0143,wind
FL,Franklin,FRANKLIN,0.0225,0.0025,0.0144,0.0014,0.0225,fire
FL,Gadsden,GADSDEN,0.0087,0.0009,0.0171,0.0008,0.0171,wind
FL,Gilchrist,GILCHRIST,0.0036,0.0005,0.0047,0.0006,0.0047,wind
FL,Glades,GLADES,0.0071,0.0007,0.0071,0.015,0.015,winter
FL,Gulf,GULF,0.0084,0.0031,0.0131,0.001,0.0131,wind
FL,Hamilton,HAMILTON,0.005,0.0005,0.0198,0.0007,0.0198,wind
FL,Hardee,HARDEE,0.0056,0.0004,0.0051,0.0236,0.0236,winter
FL,Hendry,HENDRY,0.0076,0.0009,0.0064,0.0143,0.0143,winter
FL,Hernando,HERNANDO,0.0059,0.0008,0.0075,0.06,0.06,winter
FL,Highlands,HIGHLANDS,0.0101,0.0008,0.0042,0.0264,0.0264,winter
FL,Hillsborough,HILLSBOROUGH,0.0042,0.0016,0.0146,0.0339,0.0339,winter
FL,Holmes,HOLMES,0.0061,0.0028,0.028,0.0011,0.028,wind
FL,Indian River,INDIAN RIVER,0.0074,0.0033,0.0089,0.0024,0.0089,wind
FL,Jackson,JACKSON,0.0118,0.001,0.038,0.001,0.038,wind
FL,Jefferson,JEFFERSON,0.0064,0.0009,0.0235,0.0004,0.0235,wind
FL,Lafayette,LAFAYETTE,0.0056,0.0007,0.0075,0.0011,0.0075,wind
FL,Lake,LAKE,0.0153,0.0008,0.0132,0.0037,0.0153,fire
FL,Lee,LEE,0.0054,0.0012,0.013,0.002,0.013,wind
FL,Leon,LEON,0.0488,0.0021,0.0261,0.0017,0.0488,fire
FL,Levy,LEVY,0.0146,0.0006,0.0131,0.0897,0.0897,winter
FL,Liberty,LIBERTY,0.0557,0.0004,0.0115,0.0011,0.0557,fire
FL,Madison,MADISON,0.0052,0.0006,0.0208,0.0011,0.0208,wind
FL,Manatee,MANATEE,0.0059,0.0008,0.0105,0.0186,0.0186,winter
FL,Marion,MARION,0.0614,0.0007,0.0203,0.0021,0.0614,fire
FL,Martin,MARTIN,0.0057,0.0034,0.0072,0.0039,0.0072,wind
FL,Miami-Dade,MIAMI-DADE,0.0265,0.0097,0.0239,0.0041,0.0265,fire
FL,Monroe,MONROE,0.0051,0.003,0.0194,0.0012,0.0194,wind
FL,Nassau,NASSAU,0.0156,0.0008,0.0157,0.0004,0.0157,wind
FL,Okaloosa,OKALOOSA,0.0357,0.0046,0.0385,0.0012,0.0385,wind
FL,Okeechobee,OKEECHOBEE,0.0095,0.0008,0.0043,0.0064,0.0095,fire
FL,Orange,ORANGE,0.0078,0.0012,0.0218,0.0041,0.0218,wind
FL,Osceola,OSCEOLA,0.006,0.0014,0.0109,0.003,0.0109,wind
FL,Palm Beach,PALM BEACH,0.0039,0.0057,0.0267,0.0098,0.0267,wind
FL,Pasco,PASCO,0.004,0.0008,0.0111,0.049,0.049,winter
FL,Pinellas,PINELLAS,0.0021,0.0014,0.0188,0.0143,0.0188,wind
FL,Polk,POLK,0.0305,0.0012,0.0186,0.0297,0.0305,fire
FL,Putnam,PUTNAM,0.022,0.0012,0.0109,0.0012,0.022,fire
FL,Santa Rosa,SANTA ROSA,0.0424,0.004,0.0429,0.0014,0.0429,wind
FL,Sarasota,SARASOTA,0.0039,0.0008,0.0077,0.0244,0.0244,winter
FL,Seminole,SEMINOLE,0.0036,0.0015,0.0104,0.0031,0.0104,wind
FL,St. Johns,ST. JOHNS,0.0077,0.0015,0.0156,0.0005,0.0156,wind
FL,St. Lucie,ST. LUCIE,0.003,0.0023,0.0074,0.002,0.0074,wind
FL,Sumter,SUMTER,0.0079,0.0005,0.0057,0.061,0.061,winter
FL,Suwannee,SUWANNEE,0.0019,0.0006,0.0183,0.0011,0.0183,wind
FL,Taylor,TAYLOR,0.0092,0.001,0.016,0.0008,0.016,wind
FL,Union,UNION,0.0079,0.0004,0.0038,0.0005,0.0079,fire
FL,Volusia,VOLUSIA,0.0184,0.0032,0.0207,0.0027,0.0207,wind
FL,Wakulla,WAKULLA,0.0528,0.0032,0.0293,0.0017,0.0528,fire
FL,Walton,WALTON,0.0298,0.0046,0.0373,0.0012,0.0373,wind
FL,Washington,WASHINGTON,0.0135,0.0017,0.0388,0.0008,0.0388,wind
GA,Appling,APPLING,0.0033,0.0003,0.0109,0.0014,0.0109,wind
GA,Atkinson,ATKINSON,0.0049,0.0003,0.0128,0.0007,0.0128,wind
GA,Bacon,BACON,0.0043,0.0003,0.013,0.0013,0.013,wind
GA,Baker,BAKER,0.0031,0.0007,0.0108,0.0006,0.0108,wind
GA,Baldwin,BALDWIN,0.0032,0.0016,0.0124,0.009,0.0124,wind
GA,Banks,BANKS,0.0011,0.0011,0.019,0.015,0.019,wind
GA,Barrow,BARROW,0.0019,0.0011,0.0104,0.0123,0.0123,winter
GA,Bartow,BARTOW,0.0085,0.0014,0.0252,0.0137,0.0252,wind
GA,Ben Hill,BEN HILL,0.0024,0.0004,0.0112,0.0017,0.0112,wind
GA,Berrien,BERRIEN,0.0029,0.0004,0.0124,0.0008,0.0124,wind
GA,Bibb,BIBB,0.0015,0.0016,0.0292,0.0081,0.0292,wind
GA,Bleckley,BLECKLEY,0.0019,0.0005,0.0131,0.0085,0.0131,wind
GA,Brantley,BRANTLEY,0.0106,0.0005,0.0197,0.0006,0.0197,wind
GA,Brooks,BROOKS,0.0034,0.0007,0.0139,0.0007,0.0139,wind
GA,Bryan,BRYAN,0.0031,0.001,0.0233,0.0009,0.0233,wind
GA,Bulloch,BULLOCH,0.0023,0.0012,0.0313,0.0025,0.0313,wind
GA,Burke,BURKE,0.0041,0.0013,0.0258,0.0031,0.0258,wind
GA,Butts,BUTTS,0.0044,0.001,0.0096,0.0087,0.0096,wind
GA,Calhoun,CALHOUN,0.0018,0.0004,0.0102,0.0014,0.0102,wind
GA,Camden,CAMDEN,0.0091,0.0008,0.023,0.0005,0.023,wind
GA,Candler,CANDLER,0.0025,0.0006,0.0174,0.0047,0.0174,wind
GA,Carroll,CARROLL,0.0021,0.0013,0.0208,0.0127,0.0208,wind
GA,Catoosa,CATOOSA,0.006,0.0011,0.0135,0.0143,0.0143,winter
GA,Charlton,CHARLTON,0.0059,0.0004,0.0108,0.0007,0.0108,wind
GA,Chatham,CHATHAM,0.0019,0.0027,0.0323,0.0009,0.0323,wind
GA,Chattahoochee,CHATTAHOOCHEE,0.0062,0.0007,0.0092,0.0092,0.0092,wind
GA,Chattooga,CHATTOOGA,0.0324,0.0013,0.0181,0.0154,0.0324,fire
GA,Cherokee,CHEROKEE,0.0011,0.0014,0.0264,0.016,0.0264,wind
GA,Clarke,CLARKE,0.0007,0.0008,0.0142,0.0127,0.0142,wind
GA,Clay,CLAY,0.002,0.0009,0.0093,0.0006,0.0093,wind
GA,Clayton,CLAYTON,0.002,0.0026,0.0151,0.0099,0.0151,wind
GA,Clinch,CLINCH,0.0094,0.0003,0.0174,0.0013,0.0174,wind
GA,Cobb,COBB,0.0008,0.0015,0.0184,0.0148,0.0184,wind
GA,Coffee,COFFEE,0.0037,0.0004,0.0255,0.0015,0.0255,wind
GA,Colquitt,COLQUITT,0.0022,0.0007,0.0232,0.0005,0.0232,wind
GA,Columbia,COLUMBIA,0.0015,0.0014,0.0357,0.003,0.0357,wind
GA,Cook,COOK,0.0023,0.0005,0.0117,0.0006,0.0117,wind
GA,Coweta,COWETA,0.0044,0.0011,0.0298,0.0125,0.0298,wind
GA,Crawford,CRAWFORD,0.0026,0.0008,0.0201,0.0097,0.0201,wind
GA,Crisp,CRISP,0.001,0.0012,0.0147,0.0069,0.0147,wind
GA,Dade,DADE,0.0302,0.0014,0.0306,0.0173,0.0306,wind
GA,Dawson,DAWSON,0.004,0.001,0.0232,0.0213,0.0232,wind
GA,Decatur,DECATUR,0.0039,0.0008,0.0315,0.0016,0.0315,wind
GA,Dekalb,DEKALB,0.0008,0.0006,0.0,0.0,0.0008,fire
GA,Dodge,DODGE,0.0038,0.0005,0.0145,0.0094,0.0145,wind
GA,Dooly,DOOLY,0.0014,0.0004,0.0129,0.0071,0.0129,wind
GA,Dougherty,DOUGHERTY,0.0025,0.0013,0.0136,0.0004,0.0136,wind
GA,Douglas,DOUGLAS,0.0015,0.0017,0.0202,0.0123,0.0202,wind
GA,Early,EARLY,0.003,0.0012,0.0218,0.0009,0.0218,wind
GA,Echols,ECHOLS,0.0055,0.0003,0.0069,0.0003,0.0069,wind
GA,Effingham,EFFINGHAM,0.0022,0.0015,0.0354,0.0017,0.0354,wind
GA,Elbert,ELBERT,0.008,0.0017,0.0299,0.0116,0.0299,wind
GA,Emanuel,EMANUEL,0.0048,0.0005,0.0197,0.0098,0.0197,wind
GA,Evans,EVANS,0.0032,0.001,0.0164,0.0026,0.0164,wind
GA,Fannin,FANNIN,0.0743,0.0019,0.019,0.029,0.0743,fire
GA,Fayette,FAYETTE,0.0015,0.0025,0.0254,0.0103,0.0254,wind
GA,Floyd,FLOYD,0.0136,0.0028,0.0293,0.0142,0.0293,wind
GA,Forsyth,FORSYTH,0.002,0.0011,0.0238,0.0188,0.0238,wind
GA,Franklin,FRANKLIN,0.0021,0.0008,0.0349,0.0134,0.0349,wind
GA,Fulton,FULTON,0.0016,0.0034,0.0315,0.0147,0.0315,wind
GA,Gilmer,GILMER,0.0447,0.0017,0.0226,0.0238,0.0447,fire
GA,Glascock,GLASCOCK,0.0058,0.0005,0.0065,0.0098,0.0098,winter
GA,Glynn,GLYNN,0.0042,0.0014,0.0126,0.0005,0.0126,wind
GA,Gordon,GORDON,0.0121,0.0014,0.015,0.0133,0.015,wind
GA,Grady,GRADY,0.0046,0.0007,0.0219,0.0009,0.0219,wind
GA,Greene,GREENE,0.0056,0.001,0.0128,0.011,0.0128,wind
GA,Gwinnett,GWINNETT,0.0005,0.0016,0.0268,0.0131,0.0268,wind
GA,Habersham,HABERSHAM,0.0089,0.0019,0.0412,0.0234,0.0412,wind
GA,Hall,HALL,0.0012,0.0016,0.0237,0.0164,0.0237,wind
GA,Hancock,HANCOCK,0.0056,0.0008,0.0094,0.0107,0.0107,winter
GA,Haralson,HARALSON,0.012,0.0012,0.0162,0.0128,0.0162,wind
GA,Harris,HARRIS,0.004,0.0009,0.0234,0.0094,0.0234,wind
GA,Hart,HART,0.0018,0.0011,0.0323,0.014,0.0323,wind
GA,Heard,HEARD,0.0076,0.0012,0.0177,0.0102,0.0177,wind
GA,Henry,HENRY,0.0006,0.0007,0.0157,0.0093,0.0157,wind
GA,Houston,HOUSTON,0.0024,0.0011,0.031,0.0095,0.031,wind
GA,Irwin,IRWIN,0.0019,0.0004,0.0116,0.0008,0.0116,wind
GA,Jackson,JACKSON,0.0015,0.0012,0.0232,0.0154,0.0232,wind
GA,Jasper,JASPER,0.0135,0.0008,0.016,0.0077,0.016,wind
GA,Jeff Davis,JEFF DAVIS,0.0044,0.0006,0.0106,0.0028,0.0106,wind
GA,Jefferson,JEFFERSON,0.0035,0.0004,0.0195,0.0108,0.0195,wind
GA,Jenkins,JENKINS,0.0027,0.0005,0.0192,0.0021,0.0192,wind
GA,Johnson,JOHNSON,0.0028,0.0005,0.0236,0.0106,0.0236,wind
GA,Jones,JONES,0.0117,0.0009,0.0156,0.0094,0.0156,wind
GA,Lamar,LAMAR,0.0029,0.0009,0.0102,0.0092,0.0102,wind
GA,Lanier,LANIER,0.0051,0.0004,0.0153,0.0008,0.0153,wind
GA,Laurens,LAURENS,0.0058,0.0009,0.0333,0.0106,0.0333,wind
GA,Lee,LEE,0.0028,0.0012,0.0094,0.0001,0.0094,wind
GA,Liberty,LIBERTY,0.0035,0.0009,0.0264,0.0008,0.0264,wind
GA,Lincoln,LINCOLN,0.0033,0.0005,0.0226,0.0043,0.0226,wind
GA,Long,LONG,0.0041,0.0006,0.0134,0.0007,0.0134,wind
GA,Lowndes,LOWNDES,0.0076,0.0012,0.0257,0.0015,0.0257,wind
GA,Lumpkin,LUMPKIN,0.0466,0.002,0.0147,0.0232,0.0466,fire
GA,Macon,MACON,0.0024,0.0008,0.0104,0.008,0.0104,wind
GA,Madison,MADISON,0.0012,0.0006,0.0161,0.0128,0.0161,wind
GA,Marion,MARION,0.0051,0.0006,0.0099,0.0096,0.0099,wind
GA,Mcduffie,MCDUFFIE,0.0062,0.001,0.0208,0.003,0.0208,wind
GA,Mcintosh,MCINTOSH,0.0054,0.0009,0.0179,0.0009,0.0179,wind
GA,Meriwether,MERIWETHER,0.005,0.0009,0.0235,0.0103,0.0235,wind
GA,Miller,MILLER,0.0013,0.0004,0.0198,0.0013,0.0198,wind
GA,Mitchell,MITCHELL,0.0012,0.0005,0.0208,0.0006,0.0208,wind
GA,Monroe,MONROE,0.0051,0.0011,0.0244,0.0078,0.0244,wind
GA,Montgomery,MONTGOMERY,0.0059,0.0005,0.0062,0.0082,0.0082,winter
GA,Morgan,MORGAN,0.006,0.0008,0.0137,0.0094,0.0137,wind
GA,Murray,MURRAY,0.0467,0.0015,0.0211,0.02,0.0467,fire
GA,Muscogee,MUSCOGEE,0.0029,0.0023,0.0219,0.0108,0.0219,wind
GA,Newton,NEWTON,0.0021,0.0013,0.0129,0.0084,0.0129,wind
GA,Oconee,OCONEE,0.0011,0.0009,0.0174,0.0114,0.0174,wind
GA,Oglethorpe,OGLETHORPE,0.0068,0.0008,0.0159,0.0121,0.0159,wind
GA,Paulding,PAULDING,0.0009,0.0009,0.0217,0.013,0.0217,wind
GA,Peach,PEACH,0.0025,0.0011,0.0178,0.0091,0.0178,wind
GA,Pickens,PICKENS,0.003,0.0009,0.0186,0.0196,0.0196,winter
GA,Pierce,PIERCE,0.0037,0.0004,0.0098,0.0008,0.0098,wind
GA,Pike,PIKE,0.0019,0.001,0.0145,0.0083,0.0145,wind
GA,Polk,POLK,0.009,0.0014,0.0242,0.0125,0.0242,wind
GA,Pulaski,PULASKI,0.002,0.0005,0.0146,0.0093,0.0146,wind
GA,Putnam,PUTNAM,0.0178,0.0007,0.0111,0.0103,0.0178,fire
GA,Quitman,QUITMAN,0.0048,0.0005,0.0049,0.0009,0.0049,wind
GA,Rabun,RABUN,0.0211,0.0017,0.0406,0.0451,0.0451,winter
GA,Randolph,RANDOLPH,0.0025,0.0004,0.0114,0.0012,0.0114,wind
GA,Richmond,RICHMOND,0.0032,0.002,0.0308,0.0019,0.0308,wind
GA,Rockdale,ROCKDALE,0.0005,0.0016,0.0111,0.0078,0.0111,wind
GA,Schley,SCHLEY,0.0025,0.0004,0.0078,0.0081,0.0081,winter
GA,Screven,SCREVEN,0.0023,0.0015,0.0415,0.0024,0.0415,wind
GA,Seminole,SEMINOLE,0.0022,0.001,0.0134,0.001,0.0134,wind
GA,Spalding,SPALDING,0.0086,0.0015,0.0142,0.0088,0.0142,wind
GA,Stephens,STEPHENS,0.0099,0.001,0.0256,0.0176,0.0256,wind
GA,Stewart,STEWART,0.0061,0.0004,0.0072,0.0092,0.0092,winter
GA,Sumter,SUMTER,0.0016,0.0005,0.0142,0.0053,0.0142,wind
GA,Talbot,TALBOT,0.0043,0.0005,0.0108,0.0101,0.0108,wind
GA,Taliaferro,TALIAFERRO,0.0071,0.0005,0.0041,0.0126,0.0126,winter
GA,Tattnall,TATTNALL,0.0041,0.0009,0.0285,0.0012,0.0285,wind
GA,Taylor,TAYLOR,0.0052,0.0009,0.0167,0.0098,0.0167,wind
GA,Telfair,TELFAIR,0.0039,0.0004,0.014,0.0069,0.014,wind
GA,Terrell,TERRELL,0.0015,0.0004,0.0138,0.0012,0.0138,wind
GA,Thomas,THOMAS,0.0049,0.001,0.0197,0.0005,0.0197,wind
GA,Tift,TIFT,0.0018,0.0006,0.014,0.0007,0.014,wind
GA,Toombs,TOOMBS,0.0035,0.0007,0.0112,0.0092,0.0112,wind
GA,Towns,TOWNS,0.0625,0.0013,0.0081,0.0336,0.0625,fire
GA,Treutlen,TREUTLEN,0.003,0.0004,0.011,0.0106,0.011,wind
GA,Troup,TROUP,0.0044,0.0024,0.0183,0.0112,0.0183,wind
GA,Turner,TURNER,0.001,0.0005,0.0107,0.0011,0.0107,wind
GA,Twiggs,TWIGGS,0.0056,0.0004,0.0278,0.0098,0.0278,wind
GA,Union,UNION,0.0606,0.0015,0.0143,0.029,0.0606,fire
GA,Upson,UPSON,0.007,0.0009,0.0222,0.0096,0.0222,wind
GA,Walker,WALKER,0.0369,0.0017,0.0246,0.0157,0.0369,fire
GA,Walton,WALTON,0.0004,0.0007,0.0145,0.0087,0.0145,wind
GA,Ware,WARE,0.0064,0.0004,0.0177,0.0011,0.0177,wind
GA,Warren,WARREN,0.0047,0.0007,0.0101,0.0093,0.0101,wind
GA,Washington,WASHINGTON,0.0054,0.0005,0.0241,0.0115,0.0241,wind
GA,Wayne,WAYNE,0.0051,0.0006,0.0176,0.0007,0.0176,wind
GA,Webster,WEBSTER,0.0028,0.0004,0.0079,0.0083,0.0083,winter
GA,Wheeler,WHEELER,0.0039,0.0003,0.0135,0.0087,0.0135,wind
GA,White,WHITE,0.0119,0.0013,0.0132,0.0241,0.0241,winter
GA,Whitfield,WHITFIELD,0.0101,0.0019,0.0161,0.0135,0.0161,wind
GA,Wilcox,WILCOX,0.0021,0.0005,0.011,0.0085,0.011,wind
GA,Wilkes,WILKES,0.0078,0.0008,0.0147,0.0111,0.0147,wind
GA,Wilkinson,WILKINSON,0.0058,0.0006,0.0203,0.0095,0.0203,wind
GA,Worth,WORTH,0.0015,0.0007,0.019,0.0007,0.019,wind
IA,Adair,ADAIR,0.0017,0.0005,0.0298,0.058,0.058,winter
IA,Adams,ADAMS,0.0009,0.0003,0.0218,0.0584,0.0584,winter
IA,Allamakee,ALLAMAKEE,0.0027,0.0003,0.0069,0.0519,0.0519,winter
IA,Appanoose,APPANOOSE,0.0009,0.0005,0.0155,0.0621,0.0621,winter
IA,Audubon,AUDUBON,0.0008,0.0003,0.0159,0.0502,0.0502,winter
IA,Benton,BENTON,0.001,0.0005,0.0236,0.0941,0.0941,winter
IA,Black Hawk,BLACK HAWK,0.0006,0.0026,0.0259,0.0752,0.0752,winter
IA,Boone,BOONE,0.0011,0.0006,0.0313,0.0794,0.0794,winter
IA,Bremer,BREMER,0.0016,0.0006,0.0173,0.0597,0.0597,winter
IA,Buchanan,BUCHANAN,0.0015,0.0003,0.0181,0.0855,0.0855,winter
IA,Buena Vista,BUENA VISTA,0.0027,0.0001,0.022,0.1361,0.1361,winter
IA,Butler,BUTLER,0.0018,0.0008,0.0211,0.0678,0.0678,winter
IA,Calhoun,CALHOUN,0.0044,0.0005,0.032,0.0787,0.0787,winter
IA,Carroll,CARROLL,0.0038,0.0005,0.0295,0.0586,0.0586,winter
IA,Cass,CASS,0.0011,0.0002,0.0227,0.0573,0.0573,winter
IA,Cedar,CEDAR,0.0005,0.0005,0.0207,0.091,0.091,winter
IA,Cerro Gordo,CERRO GORDO,0.0028,0.0004,0.0285,0.0874,0.0874,winter
IA,Cherokee,CHEROKEE,0.0043,0.0001,0.0169,0.1361,0.1361,winter
IA,Chickasaw,CHICKASAW,0.0027,0.0003,0.0127,0.0527,0.0527,winter
IA,Clarke,CLARKE,0.0005,0.0004,0.017,0.0857,0.0857,winter
IA,Clay,CLAY,0.0056,0.0001,0.0261,0.1615,0.1615,winter
IA,Clayton,CLAYTON,0.0014,0.0008,0.0105,0.0635,0.0635,winter
IA,Clinton,CLINTON,0.0005,0.0006,0.0233,0.0841,0.0841,winter
IA,Crawford,CRAWFORD,0.0004,0.0001,0.0166,0.0659,0.0659,winter
IA,Dallas,DALLAS,0.0008,0.0008,0.0297,0.0718,0.0718,winter
IA,Davis,DAVIS,0.0008,0.0005,0.014,0.0578,0.0578,winter
IA,Decatur,DECATUR,0.0005,0.0004,0.0126,0.0901,0.0901,winter
IA,Delaware,DELAWARE,0.0009,0.0003,0.0216,0.0863,0.0863,winter
IA,Des Moines,DES MOINES,0.0009,0.0009,0.0295,0.0789,0.0789,winter
IA,Dickinson,DICKINSON,0.0018,0.0001,0.0215,0.1744,0.1744,winter
IA,Dubuque,DUBUQUE,0.0007,0.0007,0.0265,0.0907,0.0907,winter
IA,Emmet,EMMET,0.0026,0.0013,0.0271,0.1077,0.1077,winter
IA,Fayette,FAYETTE,0.0011,0.0003,0.0121,0.058,0.058,winter
IA,Floyd,FLOYD,0.0025,0.0004,0.0149,0.0597,0.0597,winter
IA,Franklin,FRANKLIN,0.0015,0.0006,0.0232,0.0775,0.0775,winter
IA,Fremont,FREMONT,0.0011,0.0005,0.0097,0.0409,0.0409,winter
IA,Greene,GREENE,0.0012,0.0003,0.019,0.0659,0.0659,winter
IA,Grundy,GRUNDY,0.001,0.0008,0.0247,0.06,0.06,winter
IA,Guthrie,GUTHRIE,0.0014,0.0003,0.0211,0.0615,0.0615,winter
IA,Hamilton,HAMILTON,0.0014,0.0004,0.027,0.0778,0.0778,winter
IA,Hancock,HANCOCK,0.0013,0.0003,0.0236,0.0931,0.0931,winter
IA,Hardin,HARDIN,0.0035,0.0003,0.0268,0.0644,0.0644,winter
IA,Harrison,HARRISON,0.0031,0.0001,0.0147,0.0583,0.0583,winter
IA,Henry,HENRY,0.0008,0.0002,0.0153,0.0736,0.0736,winter
IA,Howard,HOWARD,0.0024,0.0003,0.0118,0.0572,0.0572,winter
IA,Humboldt,HUMBOLDT,0.0022,0.0005,0.0223,0.0857,0.0857,winter
IA,Ida,IDA,0.0017,0.0001,0.0054,0.0001,0.0054,wind
IA,Iowa,IOWA,0.0016,0.0005,0.0185,0.0868,0.0868,winter
IA,Jackson,JACKSON,0.0011,0.0005,0.0242,0.0893,0.0893,winter
IA,Jasper,JASPER,0.0005,0.0006,0.0298,0.0656,0.0656,winter
IA,Jefferson,JEFFERSON,0.0005,0.0003,0.0082,0.0692,0.0692,winter
IA,Johnson,JOHNSON,0.0009,0.0006,0.0173,0.0919,0.0919,winter
IA,Jones,JONES,0.0006,0.0004,0.0231,0.0967,0.0967,winter
IA,Keokuk,KEOKUK,0.0004,0.0002,0.0127,0.0785,0.0785,winter
IA,Kossuth,KOSSUTH,0.0019,0.0008,0.0267,0.1019,0.1019,winter
IA,Lee,LEE,0.0012,0.0005,0.0209,0.0005,0.0209,wind
IA,Linn,LINN,0.0013,0.0007,0.0288,0.1031,0.1031,winter
IA,Louisa,LOUISA,0.0007,0.0009,0.0173,0.0741,0.0741,winter
IA,Lucas,LUCAS,0.001,0.0008,0.0147,0.0802,0.0802,winter
IA,Lyon,LYON,0.0016,0.0001,0.0178,0.1919,0.1919,winter
IA,Madison,MADISON,0.001,0.0005,0.0224,0.0704,0.0704,winter
IA,Mahaska,MAHASKA,0.0007,0.0026,0.0195,0.0671,0.0671,winter
IA,Marion,MARION,0.0011,0.0012,0.0233,0.0683,0.0683,winter
IA,Marshall,MARSHALL,0.0009,0.0008,0.0286,0.0607,0.0607,winter
IA,Mills,MILLS,0.002,0.0002,0.0146,0.0455,0.0455,winter
IA,Mitchell,MITCHELL,0.0032,0.0003,0.0143,0.0623,0.0623,winter
IA,Monona,MONONA,0.0016,0.0001,0.0128,0.0645,0.0645,winter
IA,Monroe,MONROE,0.0009,0.0006,0.0157,0.0625,0.0625,winter
IA,Montgomery,MONTGOMERY,0.0007,0.0001,0.0138,0.0418,0.0418,winter
IA,Muscatine,MUSCATINE,0.0007,0.0008,0.0193,0.0821,0.0821,winter
IA,O'Brien,O'BRIEN,0.003,0.0001,0.0217,0.1654,0.1654,winter
IA,Osceola,OSCEOLA,0.0021,0.0001,0.0167,0.1849,0.1849,winter
IA,Page,PAGE,0.0016,0.0002,0.0108,0.0379,0.0379,winter
IA,Palo Alto,PALO ALTO,0.0021,0.0003,0.0199,0.1066,0.1066,winter
IA,Plymouth,PLYMOUTH,0.0016,0.0001,0.0228,0.1292,0.1292,winter
IA,Pocahontas,POCAHONTAS,0.0045,0.0004,0.0193,0.0864,0.0864,winter
IA,Polk,POLK,0.001,0.0017,0.0337,0.0857,0.0857,winter
IA,Pottawattamie,POTTAWATTAMIE,0.0022,0.0002,0.0154,0.057,0.057,winter
IA,Poweshiek,POWESHIEK,0.018,0.0003,0.0255,0.0611,0.0611,winter
IA,Ringgold,RINGGOLD,0.0005,0.0004,0.0171,0.0702,0.0702,winter
IA,Sac,SAC,0.0021,0.0001,0.008,0.0014,0.008,wind
IA,Scott,SCOTT,0.0025,0.0006,0.0269,0.0932,0.0932,winter
IA,Shelby,SHELBY,0.0015,0.0001,0.0165,0.0504,0.0504,winter
IA,Sioux,SIOUX,0.0011,0.0001,0.0225,0.183,0.183,winter
IA,Story,STORY,0.0011,0.0008,0.0331,0.0709,0.0709,winter
IA,Tama,TAMA,0.0011,0.0008,0.0214,0.055,0.055,winter
IA,Taylor,TAYLOR,0.0006,0.0002,0.015,0.0602,0.0602,winter
IA,Union,UNION,0.0005,0.0004,0.0252,0.0839,0.0839,winter
IA,Van Buren,VAN BUREN,0.0011,0.001,0.014,0.067,0.067,winter
IA,Wapello,WAPELLO,0.0008,0.002,0.0165,0.0695,0.0695,winter
IA,Warren,WARREN,0.0005,0.0008,0.0219,0.0739,0.0739,winter
IA,Washington,WASHINGTON,0.0005,0.0007,0.0123,0.0844,0.0844,winter
IA,Wayne,WAYNE,0.0003,0.0007,0.0147,0.0736,0.0736,winter
IA,Webster,WEBSTER,0.001,0.001,0.0251,0.0858,0.0858,winter
IA,Winnebago,WINNEBAGO,0.0016,0.0004,0.0229,0.0963,0.0963,winter
IA,Winneshiek,WINNESHIEK,0.0011,0.0003,0.0106,0.0646,0.0646,winter
IA,Woodbury,WOODBURY,0.0033,0.0002,0.0244,0.1125,0.1125,winter
IA,Worth,WORTH,0.0011,0.0003,0.017,0.0858,0.0858,winter
IA,Wright,WRIGHT,0.0031,0.0003,0.0224,0.0851,0.0851,winter
ID,Ada,ADA,0.0158,0.0004,0.0049,0.0013,0.0158,fire
ID,Adams,ADAMS,0.0234,0.0004,0.0013,0.0001,0.0234,fire
ID,Bannock,BANNOCK,0.0127,0.0004,0.0066,0.002,0.0127,fire
ID,Bear Lake,BEAR LAKE,0.0065,0.0002,0.0054,0.0352,0.0352,winter
ID,Benewah,BENEWAH,0.009,0.0014,0.0121,0.078,0.078,winter
ID,Bingham,BINGHAM,0.0042,0.0002,0.009,0.0015,0.009,wind
ID,Blaine,BLAINE,0.014,0.0001,0.0033,0.0024,0.014,fire
ID,Boise,BOISE,0.0227,0.0003,0.011,0.1195,0.1195,winter
ID,Bonner,BONNER,0.0059,0.0043,0.0091,0.071,0.071,winter
ID,Bonneville,BONNEVILLE,0.007,0.0002,0.0063,0.0058,0.007,fire
ID,Boundary,BOUNDARY,0.0041,0.0021,0.0115,0.0779,0.0779,winter
ID,Butte,BUTTE,0.0062,0.0001,0.0083,0.0015,0.0083,wind
ID,Camas,CAMAS,0.0095,0.0001,0.0015,0.0685,0.0685,winter
ID,Canyon,CANYON,0.0024,0.0002,0.0121,0.0582,0.0582,winter
ID,Caribou,CARIBOU,0.0106,0.0002,0.0153,0.2188,0.2188,winter
ID,Cassia,CASSIA,0.0088,0.0001,0.0049,0.0029,0.0088,fire
ID,Clark,CLARK,0.0054,0.0001,0.002,0.0013,0.0054,fire
ID,Clearwater,CLEARWATER,0.0127,0.0008,0.0203,0.2625,0.2625,winter
ID,Custer,CUSTER,0.0084,0.0002,0.0029,0.0007,0.0084,fire
ID,Elmore,ELMORE,0.0281,0.0003,0.0038,0.0006,0.0281,fire
ID,Franklin,FRANKLIN,0.0034,0.0002,0.0025,0.015,0.015,winter
ID,Fremont,FREMONT,0.0054,0.0002,0.0034,0.0021,0.0054,fire
ID,Gem,GEM,0.0122,0.0004,0.0014,0.0014,0.0122,fire
ID,Gooding,GOODING,0.011,0.0002,0.0014,0.0018,0.011,fire
ID,Idaho,IDAHO,0.0395,0.0011,0.0297,0.1211,0.1211,winter
ID,Jefferson,JEFFERSON,0.0027,0.0001,0.0079,0.0032,0.0079,wind
ID,Jerome,JEROME,0.0076,0.0001,0.0024,0.0,0.0076,fire
ID,Kootenai,KOOTENAI,0.0069,0.0025,0.0147,0.0852,0.0852,winter
ID,Latah,LATAH,0.0088,0.001,0.0162,0.0658,0.0658,winter
ID,Lemhi,LEMHI,0.0154,0.0002,0.0273,0.1993,0.1993,winter
ID,Lewis,LEWIS,0.0085,0.0003,0.0343,0.097,0.097,winter
ID,Lincoln,LINCOLN,0.0109,0.0001,0.0031,0.0026,0.0109,fire
ID,Madison,MADISON,0.0019,0.0002,0.0023,0.0019,0.0023,wind
ID,Minidoka,MINIDOKA,0.0013,0.0,0.0031,0.0009,0.0031,wind
ID,Nez Perce,NEZ PERCE,0.0057,0.0004,0.0438,0.1093,0.1093,winter
ID,Oneida,ONEIDA,0.0055,0.0001,0.002,0.0215,0.0215,winter
ID,Owyhee,OWYHEE,0.0207,0.0001,0.0054,0.025,0.025,winter
ID,Payette,PAYETTE,0.0063,0.0003,0.001,0.0004,0.0063,fire
ID,Power,POWER,0.0056,0.0001,0.0049,0.002,0.0056,fire
ID,Shoshone,SHOSHONE,0.0078,0.002,0.0064,0.0884,0.0884,winter
ID,Teton,TETON,0.0031,0.0003,0.0015,0.0196,0.0196,winter
ID,Twin Falls,TWIN FALLS,0.011,0.0001,0.0104,0.0546,0.0546,winter
ID,Valley,VALLEY,0.0196,0.0003,0.0474,0.1827,0.1827,winter
ID,Washington,WASHINGTON,0.0071,0.0003,0.0011,0.0003,0.0071,fire
IL,Adams,ADAMS,0.001,0.0003,0.0278,0.0436,0.0436,winter
IL,Alexander,ALEXANDER,0.0038,0.0059,0.0217,0.0959,0.0959,winter
IL,Bond,BOND,0.0003,0.0006,0.0171,0.0342,0.0342,winter
IL,Boone,BOONE,0.0007,0.0003,0.0257,0.0518,0.0518,winter
IL,Brown,BROWN,0.0016,0.0002,0.0118,0.0409,0.0409,winter
IL,Bureau,BUREAU,0.0006,0.0002,0.0177,0.0909,0.0909,winter
IL,Calhoun,CALHOUN,0.0029,0.0008,0.0105,0.0323,0.0323,winter
IL,Carroll,CARROLL,0.0006,0.0005,0.023,0.0849,0.0849,winter
IL,Cass,CASS,0.0006,0.0004,0.0166,0.035,0.035,winter
IL,Champaign,CHAMPAIGN,0.0004,0.0003,0.0441,0.0416,0.0441,wind
IL,Christian,CHRISTIAN,0.0009,0.0004,0.0307,0.0267,0.0307,wind
IL,Clark,CLARK,0.0009,0.0007,0.0218,0.0199,0.0218,wind
IL,Clay,CLAY,0.0006,0.0006,0.0185,0.0193,0.0193,winter
IL,Clinton,CLINTON,0.0005,0.0006,0.0251,0.028,0.028,winter
IL,Coles,COLES,0.0008,0.0003,0.0282,0.0339,0.0339,winter
IL,Cook,COOK,0.0021,0.0029,0.0784,0.1054,0.1054,winter
IL,Crawford,CRAWFORD,0.0008,0.0005,0.0162,0.015,0.0162,wind
IL,Cumberland,CUMBERLAND,0.0005,0.0004,0.0136,0.0218,0.0218,winter
IL,De Witt,DE WITT,0.0002,0.0006,0.0233,0.0312,0.0312,winter
IL,Dekalb,DEKALB,0.0018,0.0001,0.0,0.0,0.0018,fire
IL,Douglas,DOUGLAS,0.0012,0.0003,0.035,0.0326,0.035,wind
IL,Dupage,DUPAGE,0.0009,0.0002,0.0,0.0,0.0009,fire
IL,Edgar,EDGAR,0.0006,0.0005,0.0212,0.0239,0.0239,winter
IL,Edwards,EDWARDS,0.0005,0.001,0.0194,0.1198,0.1198,winter
IL,Effingham,EFFINGHAM,0.0005,0.0006,0.0207,0.0227,0.0227,winter
IL,Fayette,FAYETTE,0.0011,0.0005,0.0186,0.0329,0.0329,winter
IL,Ford,FORD,0.0013,0.0003,0.0225,0.0322,0.0322,winter
IL,Franklin,FRANKLIN,0.0018,0.0011,0.0263,0.1313,0.1313,winter
IL,Fulton,FULTON,0.001,0.0003,0.0318,0.051,0.051,winter
IL,Gallatin,GALLATIN,0.0015,0.0041,0.0236,0.1087,0.1087,winter
IL,Greene,GREENE,0.0009,0.0005,0.0105,0.0342,0.0342,winter
IL,Grundy,GRUNDY,0.0013,0.0006,0.0241,0.0427,0.0427,winter
IL,Hamilton,HAMILTON,0.0008,0.0007,0.0149,0.1128,0.1128,winter
IL,Hancock,HANCOCK,0.0004,0.0015,0.0212,0.0796,0.0796,winter
IL,Hardin,HARDIN,0.01,0.003,0.0203,0.0962,0.0962,winter
IL,Henderson,HENDERSON,0.0006,0.0003,0.0172,0.0766,0.0766,winter
IL,Henry,HENRY,0.0019,0.0003,0.0417,0.0926,0.0926,winter
IL,Iroquois,IROQUOIS,0.0025,0.0003,0.0283,0.0318,0.0318,winter
IL,Jackson,JACKSON,0.0095,0.0019,0.0408,0.1167,0.1167,winter
IL,Jasper,JASPER,0.0005,0.0006,0.0158,0.0182,0.0182,winter
IL,Jefferson,JEFFERSON,0.0009,0.0009,0.0189,0.1244,0.1244,winter
IL,Jersey,JERSEY,0.0008,0.0019,0.0118,0.0376,0.0376,winter
IL,Jo Daviess,JO DAVIESS,0.0009,0.0005,0.0278,0.1066,0.1066,winter
IL,Johnson,JOHNSON,0.0096,0.0019,0.0236,0.1043,0.1043,winter
IL,Kane,KANE,0.0009,0.0003,0.0444,0.0619,0.0619,winter
IL,Kankakee,KANKAKEE,0.0026,0.0004,0.0304,0.0307,0.0307,winter
IL,Kendall,KENDALL,0.0006,0.0003,0.0287,0.0408,0.0408,winter
IL,Knox,KNOX,0.0007,0.0003,0.0324,0.0468,0.0468,winter
IL,Lake,LAKE,0.0019,0.0016,0.0467,0.0625,0.0625,winter
IL,Lasalle,LASALLE,0.0005,0.0008,0.0,0.0,0.0008,flood
IL,Lawrence,LAWRENCE,0.0007,0.0008,0.0226,0.0158,0.0226,wind
IL,Lee,LEE,0.0011,0.0004,0.0215,0.0014,0.0215,wind
IL,Livingston,LIVINGSTON,0.0009,0.0002,0.0242,0.0456,0.0456,winter
IL,Logan,LOGAN,0.0003,0.0002,0.0345,0.0345,0.0345,wind
IL,Macon,MACON,0.0004,0.0004,0.0303,0.0275,0.0303,wind
IL,Macoupin,MACOUPIN,0.0005,0.0005,0.0197,0.0426,0.0426,winter
IL,Madison,MADISON,0.0006,0.0007,0.0232,0.0369,0.0369,winter
IL,Marion,MARION,0.0008,0.0005,0.0248,0.0286,0.0286,winter
IL,Marshall,MARSHALL,0.0005,0.0009,0.0185,0.0454,0.0454,winter
IL,Mason,MASON,0.0006,0.0007,0.0217,0.0371,0.0371,winter
IL,Massac,MASSAC,0.0016,0.0042,0.025,0.0994,0.0994,winter
IL,Mcdonough,MCDONOUGH,0.0008,0.0004,0.0326,0.0799,0.0799,winter
IL,Mchenry,MCHENRY,0.0012,0.0006,0.0327,0.0603,0.0603,winter
IL,Mclean,MCLEAN,0.0009,0.0003,0.0424,0.048,0.048,winter
IL,Menard,MENARD,0.0003,0.0005,0.0245,0.0283,0.0283,winter
IL,Mercer,MERCER,0.0005,0.0003,0.0169,0.0843,0.0843,winter
IL,Monroe,MONROE,0.001,0.0014,0.0255,0.0224,0.0255,wind
IL,Montgomery,MONTGOMERY,0.0004,0.0003,0.0198,0.0368,0.0368,winter
IL,Morgan,MORGAN,0.0005,0.0003,0.0198,0.0353,0.0353,winter
IL,Moultrie,MOULTRIE,0.0004,0.0003,0.02,0.0243,0.0243,winter
IL,Ogle,OGLE,0.0007,0.0005,0.0314,0.0467,0.0467,winter
IL,Peoria,PEORIA,0.0006,0.0015,0.0382,0.048,0.048,winter
IL,Perry,PERRY,0.0011,0.001,0.0199,0.1293,0.1293,winter
IL,Piatt,PIATT,0.0004,0.0002,0.0256,0.0253,0.0256,wind
IL,Pike,PIKE,0.0012,0.0002,0.0172,0.038,0.038,winter
IL,Pope,POPE,0.0216,0.0017,0.0167,0.111,0.111,winter
IL,Pulaski,PULASKI,0.0014,0.0028,0.0179,0.1012,0.1012,winter
IL,Putnam,PUTNAM,0.0005,0.0005,0.0179,0.0887,0.0887,winter
IL,Randolph,RANDOLPH,0.0007,0.0015,0.0212,0.0218,0.0218,winter
IL,Richland,RICHLAND,0.0003,0.0005,0.0171,0.014,0.0171,wind
IL,Rock Island,ROCK ISLAND,0.0004,0.002,0.0265,0.0784,0.0784,winter
IL,Saline,SALINE,0.004,0.0023,0.0321,0.1169,0.1169,winter
IL,Sangamon,SANGAMON,0.0005,0.0006,0.0449,0.0446,0.0449,wind
IL,Schuyler,SCHUYLER,0.001,0.0004,0.0137,0.0468,0.0468,winter
IL,Scott,SCOTT,0.0003,0.0012,0.009,0.0319,0.0319,winter
IL,Shelby,SHELBY,0.0004,0.0004,0.0224,0.0301,0.0301,winter
IL,St. Clair,ST. CLAIR,0.0005,0.0009,0.0251,0.0339,0.0339,winter
IL,Stark,STARK,0.001,0.0002,0.0127,0.0519,0.0519,winter
IL,Stephenson,STEPHENSON,0.0005,0.0003,0.0261,0.0914,0.0914,winter
IL,Tazewell,TAZEWELL,0.0009,0.0005,0.0386,0.0461,0.0461,winter
IL,Union,UNION,0.0066,0.0024,0.0284,0.1104,0.1104,winter
IL,Vermilion,VERMILION,0.0007,0.0006,0.0385,0.0302,0.0385,wind
IL,Wabash,WABASH,0.0006,0.0032,0.0192,0.107,0.107,winter
IL,Warren,WARREN,0.0018,0.0003,0.0215,0.0802,0.0802,winter
IL,Washington,WASHINGTON,0.0006,0.0004,0.0247,0.0258,0.0258,winter
IL,Wayne,WAYNE,0.001,0.0008,0.0142,0.1295,0.1295,winter
IL,White,WHITE,0.0004,0.0016,0.0217,0.1297,0.1297,winter
IL,Whiteside,WHITESIDE,0.0005,0.0009,0.0412,0.0895,0.0895,winter
IL,Will,WILL,0.0045,0.0006,0.0525,0.0557,0.0557,winter
IL,Williamson,WILLIAMSON,0.0044,0.0018,0.0345,0.1076,0.1076,winter
IL,Winnebago,WINNEBAGO,0.0011,0.0007,0.0388,0.0569,0.0569,winter
IL,Woodford,WOODFORD,0.0008,0.0004,0.0269,0.0533,0.0533,winter
IN,Adams,ADAMS,0.0002,0.0003,0.0294,0.0386,0.0386,winter
IN,Allen,ALLEN,0.0003,0.0005,0.0548,0.0618,0.0618,winter
IN,Bartholomew,BARTHOLOMEW,0.0014,0.001,0.0342,0.0153,0.0342,wind
IN,Benton,BENTON,0.0009,0.0003,0.0177,0.0233,0.0233,winter
IN,Blackford,BLACKFORD,0.0008,0.0003,0.0274,0.0319,0.0319,winter
IN,Boone,BOONE,0.0004,0.0003,0.0347,0.0224,0.0347,wind
IN,Brown,BROWN,0.0131,0.0013,0.0285,0.0144,0.0285,wind
IN,Carroll,CARROLL,0.0003,0.0006,0.0363,0.0218,0.0363,wind
IN,Cass,CASS,0.0003,0.0005,0.0411,0.0429,0.0429,winter
IN,Clark,CLARK,0.0016,0.0011,0.0395,0.0169,0.0395,wind
IN,Clay,CLAY,0.0009,0.0013,0.0231,0.0132,0.0231,wind
IN,Clinton,CLINTON,0.0007,0.0004,0.0409,0.02,0.0409,wind
IN,Crawford,CRAWFORD,0.0077,0.0016,0.0508,0.0163,0.0508,wind
IN,Daviess,DAVIESS,0.0004,0.0024,0.0281,0.0119,0.0281,wind
IN,Dearborn,DEARBORN,0.0004,0.0008,0.0297,0.0597,0.0597,winter
IN,Decatur,DECATUR,0.0004,0.0007,0.0331,0.0141,0.0331,wind
IN,Dekalb,DEKALB,0.0004,0.0002,0.0,0.0001,0.0004,fire
IN,Delaware,DELAWARE,0.0002,0.0007,0.0394,0.0239,0.0394,wind
IN,Dubois,DUBOIS,0.0012,0.0011,0.0358,0.0159,0.0358,wind
IN,Elkhart,ELKHART,0.0003,0.0005,0.0516,0.0792,0.0792,winter
IN,Fayette,FAYETTE,0.0005,0.0004,0.0454,0.0446,0.0454,wind
IN,Floyd,FLOYD,0.0009,0.0012,0.0212,0.0159,0.0212,wind
IN,Fountain,FOUNTAIN,0.0008,0.0027,0.0326,0.0157,0.0326,wind
IN,Franklin,FRANKLIN,0.0016,0.001,0.043,0.0559,0.0559,winter
IN,Fulton,FULTON,0.001,0.0005,0.0359,0.0527,0.0527,winter
IN,Gibson,GIBSON,0.0009,0.0025,0.0313,0.1201,0.1201,winter
IN,Grant,GRANT,0.0004,0.0004,0.0482,0.0374,0.0482,wind
IN,Greene,GREENE,0.0009,0.0029,0.0313,0.011,0.0313,wind
IN,Hamilton,HAMILTON,0.0002,0.0006,0.0542,0.0222,0.0542,wind
IN,Hancock,HANCOCK,0.0003,0.0004,0.0373,0.0173,0.0373,wind
IN,Harrison,HARRISON,0.0009,0.0009,0.056,0.0169,0.056,wind
IN,Hendricks,HENDRICKS,0.0003,0.0005,0.0459,0.0209,0.0459,wind
IN,Henry,HENRY,0.0002,0.0005,0.0367,0.0204,0.0367,wind
IN,Howard,HOWARD,0.0003,0.0004,0.0368,0.0209,0.0368,wind
IN,Huntington,HUNTINGTON,0.0004,0.0005,0.0429,0.0531,0.0531,winter
IN,Jackson,JACKSON,0.0035,0.0018,0.0394,0.016,0.0394,wind
IN,Jasper,JASPER,0.0005,0.0004,0.0265,0.0414,0.0414,winter
IN,Jay,JAY,0.0002,0.0004,0.0215,0.0011,0.0215,wind
IN,Jefferson,JEFFERSON,0.0027,0.001,0.0181,0.0159,0.0181,wind
IN,Jennings,JENNINGS,0.0017,0.0011,0.0264,0.012,0.0264,wind
IN,Johnson,JOHNSON,0.0005,0.0007,0.0387,0.0145,0.0387,wind
IN,Knox,KNOX,0.0002,0.0043,0.0359,0.0107,0.0359,wind
IN,Kosciusko,KOSCIUSKO,0.0004,0.0004,0.0495,0.0728,0.0728,winter
IN,Lagrange,LAGRANGE,0.0003,0.0004,0.0284,0.0646,0.0646,winter
IN,Lake,LAKE,0.0104,0.0008,0.048,0.0453,0.048,wind
IN,Laporte,LAPORTE,0.0011,0.0009,0.0,0.0,0.0011,fire
IN,Lawrence,LAWRENCE,0.0036,0.0018,0.0393,0.0138,0.0393,wind
IN,Madison,MADISON,0.0004,0.0007,0.0444,0.0208,0.0444,wind
IN,Marion,MARION,0.0003,0.0007,0.0469,0.0273,0.0469,wind
IN,Marshall,MARSHALL,0.0003,0.0003,0.0383,0.0723,0.0723,winter
IN,Martin,MARTIN,0.0028,0.0019,0.0165,0.0111,0.0165,wind
IN,Miami,MIAMI,0.0004,0.0004,0.0376,0.0428,0.0428,winter
IN,Monroe,MONROE,0.0037,0.0022,0.0361,0.0142,0.0361,wind
IN,Montgomery,MONTGOMERY,0.0009,0.0006,0.031,0.0176,0.031,wind
IN,Morgan,MORGAN,0.0014,0.0015,0.0437,0.021,0.0437,wind
IN,Newton,NEWTON,0.0008,0.0005,0.0194,0.0344,0.0344,winter
IN,Noble,NOBLE,0.0007,0.0002,0.0405,0.0684,0.0684,winter
IN,Ohio,OHIO,0.0018,0.0009,0.0227,0.0333,0.0333,winter
IN,Orange,ORANGE,0.004,0.0012,0.0399,0.0156,0.0399,wind
IN,Owen,OWEN,0.0022,0.002,0.0291,0.0201,0.0291,wind
IN,Parke,PARKE,0.0012,0.0011,0.0254,0.0173,0.0254,wind
IN,Perry,PERRY,0.0071,0.001,0.0303,0.0141,0.0303,wind
IN,Pike,PIKE,0.0023,0.0034,0.0209,0.1215,0.1215,winter
IN,Porter,PORTER,0.0021,0.0007,0.0445,0.0466,0.0466,winter
IN,Posey,POSEY,0.0013,0.0028,0.0237,0.1179,0.1179,winter
IN,Pulaski,PULASKI,0.0003,0.0003,0.0267,0.0418,0.0418,winter
IN,Putnam,PUTNAM,0.001,0.0008,0.0394,0.0174,0.0394,wind
IN,Randolph,RANDOLPH,0.0003,0.0006,0.033,0.0188,0.033,wind
IN,Ripley,RIPLEY,0.0015,0.0014,0.0388,0.0587,0.0587,winter
IN,Rush,RUSH,0.0007,0.001,0.0401,0.017,0.0401,wind
IN,Scott,SCOTT,0.0019,0.0011,0.024,0.0138,0.024,wind
IN,Shelby,SHELBY,0.0003,0.0007,0.0358,0.0149,0.0358,wind
IN,Spencer,SPENCER,0.0008,0.0025,0.033,0.1297,0.1297,winter
IN,St. Joseph,ST. JOSEPH,0.0004,0.0005,0.0435,0.0872,0.0872,winter
IN,Starke,STARKE,0.0004,0.0006,0.0241,0.0571,0.0571,winter
IN,Steuben,STEUBEN,0.0007,0.0002,0.0379,0.0572,0.0572,winter
IN,Sullivan,SULLIVAN,0.0009,0.0038,0.0178,0.0121,0.0178,wind
IN,Switzerland,SWITZERLAND,0.0008,0.0013,0.0238,0.035,0.035,winter
IN,Tippecanoe,TIPPECANOE,0.0003,0.0018,0.0564,0.0208,0.0564,wind
IN,Tipton,TIPTON,0.0006,0.0003,0.0344,0.0152,0.0344,wind
IN,Union,UNION,0.0006,0.0007,0.0332,0.0412,0.0412,winter
IN,Vanderburgh,VANDERBURGH,0.0009,0.0042,0.0413,0.1335,0.1335,winter
IN,Vermillion,VERMILLION,0.0009,0.0031,0.0192,0.014,0.0192,wind
IN,Vigo,VIGO,0.0016,0.0037,0.0356,0.0164,0.0356,wind
IN,Wabash,WABASH,0.0005,0.0005,0.0395,0.0505,0.0505,winter
IN,Warren,WARREN,0.0005,0.0016,0.0178,0.0178,0.0178,wind
IN,Warrick,WARRICK,0.0016,0.0036,0.0372,0.1136,0.1136,winter
IN,Washington,WASHINGTON,0.0008,0.0008,0.0471,0.0174,0.0471,wind
IN,Wayne,WAYNE,0.0003,0.0003,0.0746,0.0557,0.0746,wind
IN,Wells,WELLS,0.0007,0.0003,0.0339,0.0476,0.0476,winter
IN,White,WHITE,0.001,0.0004,0.0277,0.0363,0.0363,winter
IN,Whitley,WHITLEY,0.0005,0.0004,0.0445,0.0615,0.0615,winter
KS,Allen,ALLEN,0.0011,0.0005,0.013,0.0292,0.0292,winter
KS,Anderson,ANDERSON,0.0013,0.0003,0.0108,0.0393,0.0393,winter
KS,Atchison,ATCHISON,0.0018,0.0001,0.008,0.0421,0.0421,winter
KS,Barber,BARBER,0.0072,0.0002,0.0351,0.0395,0.0395,winter
KS,Barton,BARTON,0.0016,0.0001,0.0316,0.0604,0.0604,winter
KS,Bourbon,BOURBON,0.0024,0.0004,0.0196,0.0219,0.0219,winter
KS,Brown,BROWN,0.0064,0.0001,0.0202,0.0549,0.0549,winter
KS,Butler,BUTLER,0.0181,0.0007,0.0359,0.0508,0.0508,winter
KS,Chase,CHASE,0.0259,0.0002,0.0126,0.0443,0.0443,winter
KS,Chautauqua,CHAUTAUQUA,0.0056,0.0004,0.0228,0.0287,0.0287,winter
KS,Cherokee,CHEROKEE,0.0084,0.0008,0.0349,0.0192,0.0349,wind
KS,Cheyenne,CHEYENNE,0.0062,0.0,0.064,0.103,0.103,winter
KS,Clark,CLARK,0.0053,0.0002,0.0142,0.057,0.057,winter
KS,Clay,CLAY,0.0022,0.0001,0.0118,0.0613,0.0613,winter
KS,Cloud,CLOUD,0.0023,0.0001,0.0113,0.0611,0.0611,winter
KS,Coffey,COFFEY,0.0099,0.0003,0.0136,0.0457,0.0457,winter
KS,Comanche,COMANCHE,0.008,0.0002,0.0159,0.0496,0.0496,winter
KS,Cowley,COWLEY,0.0135,0.0008,0.0347,0.0428,0.0428,winter
KS,Crawford,CRAWFORD,0.0018,0.0006,0.0278,0.0201,0.0278,wind
KS,Decatur,DECATUR,0.0026,0.0,0.0336,0.0725,0.0725,winter
KS,Dickinson,DICKINSON,0.0024,0.0001,0.0133,0.0618,0.0618,winter
KS,Doniphan,DONIPHAN,0.0023,0.0001,0.0073,0.0401,0.0401,winter
KS,Douglas,DOUGLAS,0.0016,0.0002,0.0207,0.0485,0.0485,winter
KS,Edwards,EDWARDS,0.001,0.0,0.0191,0.0623,0.0623,winter
KS,Elk,ELK,0.0053,0.0003,0.0093,0.0031,0.0093,wind
KS,Ellis,ELLIS,0.005,0.0001,0.0282,0.0736,0.0736,winter
KS,Ellsworth,ELLSWORTH,0.0063,0.0001,0.0268,0.0585,0.0585,winter
KS,Finney,FINNEY,0.0047,0.0,0.0616,0.0796,0.0796,winter
KS,Ford,FORD,0.0029,0.0001,0.0576,0.0783,0.0783,winter
KS,Franklin,FRANKLIN,0.0015,0.0002,0.0127,0.0454,0.0454,winter
KS,Geary,GEARY,0.0112,0.0004,0.0107,0.0636,0.0636,winter
KS,Gove,GOVE,0.0015,0.0,0.0515,0.0675,0.0675,winter
KS,Graham,GRAHAM,0.005,0.0001,0.0515,0.0614,0.0614,winter
KS,Grant,GRANT,0.0022,0.0001,0.0275,0.0728,0.0728,winter
KS,Gray,GRAY,0.0025,0.0001,0.0325,0.0711,0.0711,winter
KS,Greeley,GREELEY,0.0015,0.0,0.0335,0.0568,0.0568,winter
KS,Greenwood,GREENWOOD,0.0189,0.0003,0.0178,0.0453,0.0453,winter
KS,Hamilton,HAMILTON,0.0045,0.0,0.0394,0.0592,0.0592,winter
KS,Harper,HARPER,0.0026,0.0003,0.0239,0.0326,0.0326,winter
KS,Harvey,HARVEY,0.0037,0.0002,0.0217,0.0508,0.0508,winter
KS,Haskell,HASKELL,0.0013,0.0,0.0273,0.0659,0.0659,winter
KS,Hodgeman,HODGEMAN,0.0033,0.0001,0.0245,0.073,0.073,winter
KS,Jackson,JACKSON,0.0056,0.0001,0.0148,0.0511,0.0511,winter
KS,Jefferson,JEFFERSON,0.0035,0.0004,0.0168,0.045,0.045,winter
KS,Jewell,JEWELL,0.0026,0.0001,0.0172,0.077,0.077,winter
KS,Johnson,JOHNSON,0.0012,0.0001,0.0262,0.055,0.055,winter
KS,Kearny,KEARNY,0.002,0.0,0.0264,0.0705,0.0705,winter
KS,Kingman,KINGMAN,0.0055,0.0002,0.026,0.0456,0.0456,winter
KS,Kiowa,KIOWA,0.0028,0.0001,0.02,0.0569,0.0569,winter
KS,Labette,LABETTE,0.0012,0.0006,0.0259,0.0185,0.0259,wind
KS,Lane,LANE,0.0018,0.0,0.025,0.075,0.075,winter
KS,Leavenworth,LEAVENWORTH,0.0056,0.0002,0.0186,0.0461,0.0461,winter
KS,Lincoln,LINCOLN,0.003,0.0001,0.0217,0.06,0.06,winter
KS,Linn,LINN,0.0361,0.0004,0.0138,0.031,0.0361,fire
KS,Logan,LOGAN,0.0017,0.0,0.0495,0.0794,0.0794,winter
KS,Lyon,LYON,0.013,0.0003,0.0209,0.0588,0.0588,winter
KS,Marion,MARION,0.0037,0.0001,0.0171,0.056,0.056,winter
KS,Marshall,MARSHALL,0.0029,0.0001,0.0151,0.0604,0.0604,winter
KS,Mcpherson,MCPHERSON,0.0021,0.0002,0.0333,0.0679,0.0679,winter
KS,Meade,MEADE,0.0043,0.0001,0.0209,0.0643,0.0643,winter
KS,Miami,MIAMI,0.0017,0.0001,0.0106,0.0451,0.0451,winter
KS,Mitchell,MITCHELL,0.0012,0.0001,0.0162,0.0696,0.0696,winter
KS,Montgomery,MONTGOMERY,0.006,0.0008,0.0281,0.0271,0.0281,wind
KS,Morris,MORRIS,0.0066,0.0002,0.0099,0.0523,0.0523,winter
KS,Morton,MORTON,0.0095,0.0,0.038,0.0642,0.0642,winter
KS,Nemaha,NEMAHA,0.0022,0.0001,0.0131,0.0592,0.0592,winter
KS,Neosho,NEOSHO,0.0016,0.0005,0.0188,0.0214,0.0214,winter
KS,Ness,NESS,0.0019,0.0,0.0201,0.0744,0.0744,winter
KS,Norton,NORTON,0.0031,0.0,0.0296,0.0684,0.0684,winter
KS,Osage,OSAGE,0.0053,0.0002,0.0176,0.0491,0.0491,winter
KS,Osborne,OSBORNE,0.0022,0.0001,0.0196,0.0748,0.0748,winter
KS,Ottawa,OTTAWA,0.003,0.0001,0.0147,0.0572,0.0572,winter
KS,Pawnee,PAWNEE,0.0011,0.0,0.0191,0.0694,0.0694,winter
KS,Phillips,PHILLIPS,0.0038,0.0001,0.0216,0.0881,0.0881,winter
KS,Pottawatomie,POTTAWATOMIE,0.0105,0.0003,0.0114,0.0613,0.0613,winter
KS,Pratt,PRATT,0.0022,0.0001,0.0188,0.054,0.054,winter
KS,Rawlins,RAWLINS,0.0037,0.0,0.0611,0.0874,0.0874,winter
KS,Reno,RENO,0.0096,0.0003,0.034,0.063,0.063,winter
KS,Republic,REPUBLIC,0.0011,0.0001,0.0138,0.0653,0.0653,winter
KS,Rice,RICE,0.0026,0.0001,0.0304,0.0577,0.0577,winter
KS,Riley,RILEY,0.0201,0.0004,0.0157,0.0612,0.0612,winter
KS,Rooks,ROOKS,0.0053,0.0001,0.0205,0.0775,0.0775,winter
KS,Rush,RUSH,0.0011,0.0,0.0153,0.0622,0.0622,winter
KS,Russell,RUSSELL,0.005,0.0001,0.0346,0.0646,0.0646,winter
KS,Saline,SALINE,0.0051,0.0001,0.0218,0.0562,0.0562,winter
KS,Scott,SCOTT,0.0013,0.0,0.0449,0.0743,0.0743,winter
KS,Sedgwick,SEDGWICK,0.0033,0.001,0.0591,0.0514,0.0591,wind
KS,Seward,SEWARD,0.0064,0.0001,0.0357,0.0753,0.0753,winter
KS,Shawnee,SHAWNEE,0.0027,0.0003,0.0228,0.0471,0.0471,winter
KS,Sheridan,SHERIDAN,0.0021,0.0,0.0413,0.0711,0.0711,winter
KS,Sherman,SHERMAN,0.002,0.0,0.0968,0.1058,0.1058,winter
KS,Smith,SMITH,0.0024,0.0001,0.0181,0.0834,0.0834,winter
KS,Stafford,STAFFORD,0.0018,0.0,0.0204,0.0551,0.0551,winter
KS,Stanton,STANTON,0.0023,0.0,0.0364,0.0617,0.0617,winter
KS,Stevens,STEVENS,0.0022,0.0001,0.0262,0.0698,0.0698,winter
KS,Sumner,SUMNER,0.0018,0.0004,0.0333,0.0325,0.0333,wind
KS,Thomas,THOMAS,0.0011,0.0,0.0563,0.0906,0.0906,winter
KS,Trego,TREGO,0.0027,0.0,0.0256,0.0675,0.0675,winter
KS,Wabaunsee,WABAUNSEE,0.0051,0.0003,0.0109,0.0586,0.0586,winter
KS,Wallace,WALLACE,0.0032,0.0,0.0481,0.0847,0.0847,winter
KS,Washington,WASHINGTON,0.0019,0.0001,0.0137,0.0648,0.0648,winter
KS,Wichita,WICHITA,0.0011,0.0,0.0253,0.0602,0.0602,winter
KS,Wilson,WILSON,0.0031,0.0006,0.0126,0.0317,0.0317,winter
KS,Woodson,WOODSON,0.0041,0.0003,0.0093,0.0304,0.0304,winter
KS,Wyandotte,WYANDOTTE,0.001,0.0005,0.0106,0.0431,0.0431,winter
KY,Adair,ADAIR,0.0027,0.0006,0.031,0.0061,0.031,wind
KY,Allen,ALLEN,0.001,0.0009,0.032,0.0112,0.032,wind
KY,Anderson,ANDERSON,0.0017,0.0008,0.0279,0.0122,0.0279,wind
KY,Ballard,BALLARD,0.0023,0.0019,0.0308,0.1031,0.1031,winter
KY,Barren,BARREN,0.0016,0.0009,0.038,0.0078,0.038,wind
KY,Bath,BATH,0.0018,0.0018,0.0249,0.0389,0.0389,winter
KY,Bell,BELL,0.086,0.0019,0.0224,0.0372,0.086,fire
KY,Boone,BOONE,0.0011,0.0007,0.037,0.0643,0.0643,winter
KY,Bourbon,BOURBON,0.0004,0.0004,0.0248,0.0132,0.0248,wind
KY,Boyd,BOYD,0.006,0.007,0.0152,0.0239,0.0239,winter
KY,Boyle,BOYLE,0.0016,0.0008,0.0206,0.01,0.0206,wind
KY,Bracken,BRACKEN,0.0015,0.0005,0.028,0.0319,0.0319,winter
KY,Breathitt,BREATHITT,0.055,0.0018,0.0263,0.0452,0.055,fire
KY,Breckinridge,BRECKINRIDGE,0.0029,0.0014,0.0354,0.0156,0.0354,wind
KY,Bullitt,BULLITT,0.0028,0.0011,0.0321,0.0142,0.0321,wind
KY,Butler,BUTLER,0.0044,0.0017,0.0225,0.0093,0.0225,wind
KY,Caldwell,CALDWELL,0.0032,0.0016,0.0278,0.0877,0.0877,winter
KY,Calloway,CALLOWAY,0.0037,0.004,0.0583,0.0847,0.0847,winter
KY,Campbell,CAMPBELL,0.0004,0.0011,0.0355,0.0511,0.0511,winter
KY,Carlisle,CARLISLE,0.0019,0.0023,0.0229,0.095,0.095,winter
KY,Carroll,CARROLL,0.0012,0.0008,0.0269,0.0214,0.0269,wind
KY,Carter,CARTER,0.0152,0.0049,0.0107,0.0337,0.0337,winter
KY,Casey,CASEY,0.0016,0.0011,0.0281,0.0075,0.0281,wind
KY,Christian,CHRISTIAN,0.0039,0.0025,0.0461,0.0978,0.0978,winter
KY,Clark,CLARK,0.0003,0.0004,0.0236,0.0098,0.0236,wind
KY,Clay,CLAY,0.0903,0.0019,0.0215,0.0279,0.0903,fire
KY,Clinton,CLINTON,0.0036,0.0009,0.0286,0.0076,0.0286,wind
KY,Crittenden,CRITTENDEN,0.0026,0.0016,0.023,0.0981,0.0981,winter
KY,Cumberland,CUMBERLAND,0.0094,0.0009,0.0228,0.0072,0.0228,wind
KY,Daviess,DAVIESS,0.0009,0.0043,0.0414,0.1241,0.1241,winter
KY,Edmonson,EDMONSON,0.0033,0.0016,0.0407,0.0076,0.0407,wind
KY,Elliott,ELLIOTT,0.0046,0.002,0.0157,0.032,0.032,winter
KY,Estill,ESTILL,0.0169,0.0019,0.0235,0.0325,0.0325,winter
KY,Fayette,FAYETTE,0.0003,0.0007,0.0435,0.0129,0.0435,wind
KY,Fleming,FLEMING,0.0011,0.0008,0.0231,0.0388,0.0388,winter
KY,Floyd,FLOYD,0.0392,0.0033,0.0209,0.0419,0.0419,winter
KY,Franklin,FRANKLIN,0.0022,0.0018,0.0282,0.0145,0.0282,wind
KY,Fulton,FULTON,0.0013,0.0019,0.0263,0.0948,0.0948,winter
KY,Gallatin,GALLATIN,0.0017,0.0014,0.0188,0.0424,0.0424,winter
KY,Garrard,GARRARD,0.0012,0.0009,0.0262,0.0084,0.0262,wind
KY,Grant,GRANT,0.0007,0.0007,0.0271,0.0332,0.0332,winter
KY,Graves,GRAVES,0.0027,0.0023,0.035,0.0981,0.0981,winter
KY,Grayson,GRAYSON,0.0018,0.0016,0.0252,0.0117,0.0252,wind
KY,Green,GREEN,0.0009,0.0003,0.0256,0.0069,0.0256,wind
KY,Greenup,GREENUP,0.0106,0.011,0.0213,0.0282,0.0282,winter
KY,Hancock,HANCOCK,0.0008,0.0013,0.0256,0.0136,0.0256,wind
KY,Hardin,HARDIN,0.0022,0.0014,0.0322,0.015,0.0322,wind
KY,Harlan,HARLAN,0.0677,0.0021,0.0173,0.0524,0.0677,fire
KY,Harrison,HARRISON,0.0004,0.0005,0.0195,0.0146,0.0195,wind
KY,Hart,HART,0.0039,0.0012,0.0279,0.0098,0.0279,wind
KY,Henderson,HENDERSON,0.0014,0.005,0.0335,0.1172,0.1172,winter
KY,Henry,HENRY,0.0007,0.0008,0.0197,0.0126,0.0197,wind
KY,Hickman,HICKMAN,0.0018,0.0012,0.0183,0.1035,0.1035,winter
KY,Hopkins,HOPKINS,0.0053,0.0029,0.0321,0.1057,0.1057,winter
KY,Jackson,JACKSON,0.0104,0.0015,0.026,0.0333,0.0333,winter
KY,Jefferson,JEFFERSON,0.0006,0.0036,0.0536,0.0184,0.0536,wind
KY,Jessamine,JESSAMINE,0.0009,0.0009,0.0333,0.0094,0.0333,wind
KY,Johnson,JOHNSON,0.0147,0.0033,0.0209,0.0316,0.0316,winter
KY,Kenton,KENTON,0.0005,0.0007,0.0279,0.0455,0.0455,winter
KY,Knott,KNOTT,0.0371,0.0014,0.019,0.035,0.0371,fire
KY,Knox,KNOX,0.0414,0.0017,0.015,0.0249,0.0414,fire
KY,Larue,LARUE,0.0009,0.0005,0.0215,0.0091,0.0215,wind
KY,Laurel,LAUREL,0.0158,0.0009,0.0341,0.0284,0.0341,wind
KY,Lawrence,LAWRENCE,0.0147,0.0067,0.011,0.0272,0.0272,winter
KY,Lee,LEE,0.0132,0.0013,0.0246,0.0005,0.0246,wind
KY,Leslie,LESLIE,0.0668,0.002,0.0218,0.0399,0.0668,fire
KY,Letcher,LETCHER,0.0457,0.0021,0.0126,0.0532,0.0532,winter
KY,Lewis,LEWIS,0.0056,0.0017,0.023,0.031,0.031,winter
KY,Lincoln,LINCOLN,0.0012,0.0009,0.0261,0.0085,0.0261,wind
KY,Livingston,LIVINGSTON,0.0019,0.0039,0.0215,0.0976,0.0976,winter
KY,Logan,LOGAN,0.002,0.0019,0.0456,0.0084,0.0456,wind
KY,Lyon,LYON,0.0066,0.0034,0.0203,0.077,0.077,winter
KY,Madison,MADISON,0.0022,0.0009,0.0303,0.01,0.0303,wind
KY,Magoffin,MAGOFFIN,0.0416,0.0017,0.0247,0.0329,0.0416,fire
KY,Marion,MARION,0.0012,0.0008,0.028,0.0098,0.028,wind
KY,Marshall,MARSHALL,0.0054,0.0027,0.0262,0.0877,0.0877,winter
KY,Martin,MARTIN,0.0426,0.0035,0.0177,0.0315,0.0426,fire
KY,Mason,MASON,0.0004,0.0011,0.0304,0.0385,0.0385,winter
KY,Mccracken,MCCRACKEN,0.0031,0.0023,0.0391,0.1016,0.1016,winter
KY,Mccreary,MCCREARY,0.0526,0.0013,0.0221,0.0293,0.0526,fire
KY,Mclean,MCLEAN,0.0016,0.0046,0.025,0.1115,0.1115,winter
KY,Meade,MEADE,0.0018,0.001,0.0337,0.0123,0.0337,wind
KY,Menifee,MENIFEE,0.0065,0.0013,0.0199,0.0365,0.0365,winter
KY,Mercer,MERCER,0.0006,0.0003,0.0216,0.0115,0.0216,wind
KY,Metcalfe,METCALFE,0.0028,0.0008,0.0253,0.0071,0.0253,wind
KY,Monroe,MONROE,0.0018,0.0006,0.021,0.0078,0.021,wind
KY,Montgomery,MONTGOMERY,0.0009,0.0007,0.0259,0.0313,0.0313,winter
KY,Morgan,MORGAN,0.0148,0.0019,0.0318,0.0387,0.0387,winter
KY,Muhlenberg,MUHLENBERG,0.0049,0.0035,0.0306,0.1038,0.1038,winter
KY,Nelson,NELSON,0.0018,0.0013,0.0307,0.0126,0.0307,wind
KY,Nicholas,NICHOLAS,0.0006,0.0007,0.0185,0.0119,0.0185,wind
KY,Ohio,OHIO,0.0032,0.0018,0.0324,0.0121,0.0324,wind
KY,Oldham,OLDHAM,0.0015,0.0008,0.0294,0.0133,0.0294,wind
KY,Owen,OWEN,0.0013,0.0008,0.0235,0.0245,0.0245,winter
KY,Owsley,OWSLEY,0.0346,0.0014,0.027,0.031,0.0346,fire
KY,Pendleton,PENDLETON,0.0006,0.0011,0.0245,0.0314,0.0314,winter
KY,Perry,PERRY,0.0408,0.0015,0.0199,0.0453,0.0453,winter
KY,Pike,PIKE,0.0592,0.0029,0.0234,0.0512,0.0592,fire
KY,Powell,POWELL,0.0199,0.0018,0.024,0.0379,0.0379,winter
KY,Pulaski,PULASKI,0.0075,0.0009,0.0406,0.0303,0.0406,wind
KY,Robertson,ROBERTSON,0.0029,0.0006,0.0152,0.0229,0.0229,winter
KY,Rockcastle,ROCKCASTLE,0.0187,0.0014,0.032,0.0262,0.032,wind
KY,Rowan,ROWAN,0.0232,0.0029,0.0259,0.0442,0.0442,winter
KY,Russell,RUSSELL,0.0037,0.001,0.0339,0.0066,0.0339,wind
KY,Scott,SCOTT,0.0008,0.0007,0.0225,0.0143,0.0225,wind
KY,Shelby,SHELBY,0.0005,0.0005,0.0329,0.0129,0.0329,wind
KY,Simpson,SIMPSON,0.0005,0.0006,0.0285,0.0087,0.0285,wind
KY,Spencer,SPENCER,0.0009,0.0008,0.0238,0.0108,0.0238,wind
KY,Taylor,TAYLOR,0.0014,0.0009,0.0454,0.0083,0.0454,wind
KY,Todd,TODD,0.0023,0.0018,0.0288,0.1051,0.1051,winter
KY,Trigg,TRIGG,0.0101,0.0031,0.0421,0.0866,0.0866,winter
KY,Trimble,TRIMBLE,0.0007,0.001,0.023,0.0146,0.023,wind
KY,Union,UNION,0.0007,0.0033,0.025,0.1,0.1,winter
KY,Warren,WARREN,0.0019,0.0015,0.0494,0.0088,0.0494,wind
KY,Washington,WASHINGTON,0.0013,0.0003,0.018,0.0136,0.018,wind
KY,Wayne,WAYNE,0.0134,0.0007,0.0242,0.0258,0.0258,winter
KY,Webster,WEBSTER,0.0019,0.0021,0.0353,0.1034,0.1034,winter
KY,Whitley,WHITLEY,0.0431,0.0011,0.0195,0.0301,0.0431,fire
KY,Wolfe,WOLFE,0.0125,0.0009,0.0224,0.0379,0.0379,winter
KY,Woodford,WOODFORD,0.0003,0.0008,0.0197,0.01,0.0197,wind
LA,Acadia,ACADIA,0.0012,0.0101,0.033,0.0126,0.033,wind
LA,Allen,ALLEN,0.0085,0.0081,0.0347,0.0113,0.0347,wind
LA,Ascension,ASCENSION,0.0018,0.0036,0.0177,0.0058,0.0177,wind
LA,Assumption,ASSUMPTION,0.0038,0.0029,0.0148,0.0065,0.0148,wind
LA,Avoyelles,AVOYELLES,0.001,0.0063,0.0426,0.0132,0.0426,wind
LA,Beauregard,BEAUREGARD,0.0096,0.0156,0.0446,0.013,0.0446,wind
LA,Bienville,BIENVILLE,0.0065,0.0026,0.0527,0.012,0.0527,wind
LA,Bossier,BOSSIER,0.007,0.0038,0.0573,0.0145,0.0573,wind
LA,Caddo,CADDO,0.0075,0.0061,0.0863,0.0153,0.0863,wind
LA,Calcasieu,CALCASIEU,0.0036,0.027,0.0679,0.0142,0.0679,wind
LA,Caldwell,CALDWELL,0.0052,0.004,0.0318,0.0093,0.0318,wind
LA,Cameron,CAMERON,0.0309,0.0064,0.0388,0.0097,0.0388,wind
LA,Catahoula,CATAHOULA,0.0017,0.0072,0.0537,0.0072,0.0537,wind
LA,Claiborne,CLAIBORNE,0.0071,0.0031,0.0395,0.0136,0.0395,wind
LA,Concordia,CONCORDIA,0.0022,0.0068,0.0567,0.0048,0.0567,wind
LA,De Soto,DE SOTO,0.0083,0.0024,0.0497,0.0104,0.0497,wind
LA,East Baton Rouge,EAST BATON ROUGE,0.0015,0.0038,0.0259,0.0094,0.0259,wind
LA,East Carroll,EAST CARROLL,0.0003,0.0065,0.036,0.0079,0.036,wind
LA,East Feliciana,EAST FELICIANA,0.0039,0.0023,0.0208,0.0067,0.0208,wind
LA,Evangeline,EVANGELINE,0.0022,0.0099,0.038,0.014,0.038,wind
LA,Franklin,FRANKLIN,0.0018,0.0071,0.0554,0.0067,0.0554,wind
LA,Grant,GRANT,0.0234,0.0037,0.0426,0.0103,0.0426,wind
LA,Iberia,IBERIA,0.0026,0.0063,0.0266,0.0102,0.0266,wind
LA,Iberville,IBERVILLE,0.0065,0.0023,0.0207,0.007,0.0207,wind
LA,Jackson,JACKSON,0.0046,0.003,0.0392,0.0116,0.0392,wind
LA,Jefferson,JEFFERSON,0.0005,0.0027,0.0468,0.0097,0.0468,wind
LA,Jefferson Davis,JEFFERSON DAVIS,0.0013,0.0099,0.0353,0.0125,0.0353,wind
LA,Lafayette,LAFAYETTE,0.0008,0.0065,0.0439,0.0111,0.0439,wind
LA,Lafourche,LAFOURCHE,0.0021,0.0024,0.0293,0.006,0.0293,wind
LA,Lasalle,LASALLE,0.0091,0.0043,0.0,0.0,0.0091,fire
LA,Lincoln,LINCOLN,0.0052,0.0043,0.0477,0.015,0.0477,wind
LA,Livingston,LIVINGSTON,0.0019,0.0025,0.0325,0.0089,0.0325,wind
LA,Madison,MADISON,0.0016,0.0055,0.0489,0.0084,0.0489,wind
LA,Morehouse,MOREHOUSE,0.0019,0.0055,0.0445,0.0111,0.0445,wind
LA,Natchitoches,NATCHITOCHES,0.0331,0.005,0.057,0.0111,0.057,wind
LA,Orleans,ORLEANS,0.0029,0.0018,0.0418,0.0066,0.0418,wind
LA,Ouachita,OUACHITA,0.0035,0.008,0.0446,0.0121,0.0446,wind
LA,Plaquemines,PLAQUEMINES,0.0024,0.0017,0.023,0.0046,0.023,wind
LA,Pointe Coupee,POINTE COUPEE,0.0019,0.0041,0.0024,0.0087,0.0087,winter
LA,Rapides,RAPIDES,0.0438,0.0076,0.0512,0.014,0.0512,wind
LA,Red River,RED RIVER,0.0068,0.0033,0.0375,0.0108,0.0375,wind
LA,Richland,RICHLAND,0.001,0.0066,0.0414,0.0079,0.0414,wind
LA,Sabine,SABINE,0.0093,0.0032,0.0376,0.0093,0.0376,wind
LA,St. Bernard,ST. BERNARD,0.0027,0.0015,0.0163,0.0056,0.0163,wind
LA,St. Charles,ST. CHARLES,0.0037,0.0026,0.0276,0.0043,0.0276,wind
LA,St. Helena,ST. HELENA,0.0044,0.0021,0.0299,0.0071,0.0299,wind
LA,St. James,ST. JAMES,0.0028,0.0024,0.0134,0.0067,0.0134,wind
LA,St. John The Baptist,ST. JOHN THE BAPTIST,0.0031,0.0021,0.0178,0.0071,0.0178,wind
LA,St. Landry,ST. LANDRY,0.0016,0.0075,0.0512,0.0135,0.0512,wind
LA,St. Martin,ST. MARTIN,0.0067,0.0028,0.0231,0.0096,0.0231,wind
LA,St. Mary,ST. MARY,0.0033,0.0047,0.025,0.0062,0.025,wind
LA,St. Tammany,ST. TAMMANY,0.0045,0.0034,0.0619,0.0067,0.0619,wind
LA,Tangipahoa,TANGIPAHOA,0.0037,0.0025,0.0439,0.0075,0.0439,wind
LA,Tensas,TENSAS,0.0016,0.0059,0.0479,0.0053,0.0479,wind
LA,Terrebonne,TERREBONNE,0.005,0.0033,0.0341,0.0053,0.0341,wind
LA,Union,UNION,0.0096,0.0043,0.0518,0.0156,0.0518,wind
LA,Vermilion,VERMILION,0.0019,0.0063,0.0302,0.0096,0.0302,wind
LA,Vernon,VERNON,0.079,0.0102,0.0397,0.0118,0.079,fire
LA,Washington,WASHINGTON,0.0042,0.0035,0.0352,0.0055,0.0352,wind
LA,Webster,WEBSTER,0.0074,0.0039,0.0616,0.0145,0.0616,wind
LA,West Baton Rouge,WEST BATON ROUGE,0.001,0.0028,0.0102,0.0088,0.0102,wind
LA,West Carroll,WEST CARROLL,0.0007,0.005,0.0389,0.01,0.0389,wind
LA,West Feliciana,WEST FELICIANA,0.002,0.0026,0.0207,0.0101,0.0207,wind
LA,Winn,WINN,0.0126,0.0032,0.0482,0.0109,0.0482,wind
MA,Barnstable,BARNSTABLE,0.0014,0.0093,0.1622,0.0302,0.1622,wind
MA,Berkshire,BERKSHIRE,0.0023,0.0026,0.0564,0.1281,0.1281,winter
MA,Bristol,BRISTOL,0.0005,0.0109,0.1073,0.0512,0.1073,wind
MA,Dukes,DUKES,0.0007,0.0019,0.0574,0.0153,0.0574,wind
MA,Essex,ESSEX,0.0005,0.0167,0.0772,0.0738,0.0772,wind
MA,Franklin,FRANKLIN,0.0016,0.0052,0.0405,0.0963,0.0963,winter
MA,Hampden,HAMPDEN,0.002,0.0059,0.06,0.0839,0.0839,winter
MA,Hampshire,HAMPSHIRE,0.0015,0.0034,0.0454,0.0881,0.0881,winter
MA,Middlesex,MIDDLESEX,0.0009,0.006,0.0829,0.0865,0.0865,winter
MA,Nantucket,NANTUCKET,0.0012,0.0065,0.0831,0.0204,0.0831,wind
MA,Norfolk,NORFOLK,0.0012,0.0056,0.1397,0.0809,0.1397,wind
MA,Plymouth,PLYMOUTH,0.0007,0.0092,0.1116,0.0442,0.1116,wind
MA,Suffolk,SUFFOLK,0.0006,0.0056,0.0726,0.0574,0.0726,wind
MA,Worcester,WORCESTER,0.0048,0.0044,0.0841,0.1075,0.1075,winter
MD,Allegany,ALLEGANY,0.0095,0.002,0.0543,0.2096,0.2096,winter
MD,Anne Arundel,ANNE ARUNDEL,0.0008,0.0026,0.0436,0.1088,0.1088,winter
MD,Baltimore,BALTIMORE,0.0019,0.0034,0.0493,0.146,0.146,winter
MD,Baltimore City,BALTIMORE CITY,0.0004,0.0001,0.0,0.0,0.0004,fire
MD,Calvert,CALVERT,0.0003,0.0015,0.0247,0.0791,0.0791,winter
MD,Caroline,CAROLINE,0.0009,0.0023,0.0271,0.0237,0.0271,wind
MD,Carroll,CARROLL,0.0007,0.0005,0.0449,0.1493,0.1493,winter
MD,Cecil,CECIL,0.003,0.0027,0.041,0.0477,0.0477,winter
MD,Charles,CHARLES,0.0005,0.0011,0.0331,0.0896,0.0896,winter
MD,Dorchester,DORCHESTER,0.0045,0.0038,0.0193,0.0194,0.0194,winter
MD,Frederick,FREDERICK,0.0013,0.0014,0.056,0.163,0.163,winter
MD,Garrett,GARRETT,0.0027,0.0047,0.0492,0.1337,0.1337,winter
MD,Harford,HARFORD,0.0046,0.002,0.0424,0.1235,0.1235,winter
MD,Howard,HOWARD,0.0011,0.0015,0.0444,0.1428,0.1428,winter
MD,Kent,KENT,0.0006,0.001,0.0446,0.0351,0.0446,wind
MD,Montgomery,MONTGOMERY,0.0017,0.0026,0.0488,0.1402,0.1402,winter
MD,Prince George'S,PRINCE GEORGE'S,0.0009,0.0016,0.0271,0.0005,0.0271,wind
MD,Queen Anne'S,QUEEN ANNE'S,0.0004,0.0013,0.0215,0.0003,0.0215,wind
MD,Somerset,SOMERSET,0.0022,0.0098,0.0113,0.0203,0.0203,winter
MD,St. Mary'S,ST. MARY'S,0.0003,0.0028,0.0198,0.078,0.078,winter
MD,Talbot,TALBOT,0.0004,0.0021,0.0364,0.0295,0.0364,wind
MD,Washington,WASHINGTON,0.004,0.0008,0.0499,0.1523,0.1523,winter
MD,Wicomico,WICOMICO,0.002,0.0028,0.0217,0.0185,0.0217,wind
MD,Worcester,WORCESTER,0.0022,0.0035,0.0188,0.0184,0.0188,wind
ME,Androscoggin,ANDROSCOGGIN,0.0007,0.0034,0.0337,0.1209,0.1209,winter
ME,Aroostook,AROOSTOOK,0.0028,0.0025,0.079,0.2243,0.2243,winter
ME,Cumberland,CUMBERLAND,0.0011,0.0119,0.0498,0.1232,0.1232,winter
ME,Franklin,FRANKLIN,0.0015,0.0081,0.0334,0.1617,0.1617,winter
ME,Hancock,HANCOCK,0.0015,0.0025,0.1289,0.1202,0.1289,wind
ME,Kennebec,KENNEBEC,0.0006,0.0029,0.0255,0.121,0.121,winter
ME,Knox,KNOX,0.0003,0.006,0.026,0.0879,0.0879,winter
ME,Lincoln,LINCOLN,0.0006,0.0031,0.0339,0.105,0.105,winter
ME,Oxford,OXFORD,0.0029,0.007,0.0383,0.1728,0.1728,winter
ME,Penobscot,PENOBSCOT,0.0033,0.003,0.0991,0.18,0.18,winter
ME,Piscataquis,PISCATAQUIS,0.0017,0.0015,0.0654,0.1807,0.1807,winter
ME,Sagadahoc,SAGADAHOC,0.0004,0.0046,0.027,0.1035,0.1035,winter
ME,Somerset,SOMERSET,0.0014,0.006,0.0453,0.2058,0.2058,winter
ME,Waldo,WALDO,0.0011,0.0036,0.0302,0.1234,0.1234,winter
ME,Washington,WASHINGTON,0.0022,0.0026,0.142,0.1465,0.1465,winter
ME,York,YORK,0.0012,0.0147,0.0441,0.1191,0.1191,winter
MI,Alcona,ALCONA,0.0133,0.0046,0.0157,0.0593,0.0593,winter
MI,Alger,ALGER,0.0012,0.0067,0.0305,0.3295,0.3295,winter
MI,Allegan,ALLEGAN,0.0008,0.0018,0.0386,0.1061,0.1061,winter
MI,Alpena,ALPENA,0.0024,0.0018,0.0149,0.0677,0.0677,winter
MI,Antrim,ANTRIM,0.0016,0.0015,0.0173,0.1428,0.1428,winter
MI,Arenac,ARENAC,0.0016,0.0017,0.0206,0.0413,0.0413,winter
MI,Baraga,BARAGA,0.0036,0.0029,0.0198,0.3101,0.3101,winter
MI,Barry,BARRY,0.0009,0.001,0.024,0.0554,0.0554,winter
MI,Bay,BAY,0.0005,0.0029,0.0221,0.0033,0.0221,wind
MI,Benzie,BENZIE,0.002,0.0037,0.0136,0.0805,0.0805,winter
MI,Berrien,BERRIEN,0.0009,0.0012,0.0459,0.0951,0.0951,winter
MI,Branch,BRANCH,0.0007,0.0002,0.035,0.0635,0.0635,winter
MI,Calhoun,CALHOUN,0.0012,0.0012,0.0265,0.0547,0.0547,winter
MI,Cass,CASS,0.0016,0.0006,0.0454,0.0946,0.0946,winter
MI,Charlevoix,CHARLEVOIX,0.001,0.0045,0.0209,0.1136,0.1136,winter
MI,Cheboygan,CHEBOYGAN,0.003,0.0011,0.0165,0.0945,0.0945,winter
MI,Chippewa,CHIPPEWA,0.0081,0.004,0.0161,0.1291,0.1291,winter
MI,Clare,CLARE,0.004,0.0016,0.0151,0.0548,0.0548,winter
MI,Clinton,CLINTON,0.0004,0.0009,0.0262,0.0474,0.0474,winter
MI,Crawford,CRAWFORD,0.0076,0.0006,0.0142,0.095,0.095,winter
MI,Delta,DELTA,0.0057,0.0023,0.0184,0.2132,0.2132,winter
MI,Dickinson,DICKINSON,0.0037,0.0014,0.0141,0.1955,0.1955,winter
MI,Eaton,EATON,0.0005,0.0008,0.0251,0.0511,0.0511,winter
MI,Emmet,EMMET,0.0019,0.0067,0.0244,0.1248,0.1248,winter
MI,Genesee,GENESEE,0.0011,0.0018,0.0481,0.0618,0.0618,winter
MI,Gladwin,GLADWIN,0.0044,0.0014,0.0163,0.0495,0.0495,winter
MI,Gogebic,GOGEBIC,0.0029,0.0008,0.0139,0.358,0.358,winter
MI,Grand Traverse,GRAND TRAVERSE,0.002,0.0057,0.0154,0.1211,0.1211,winter
MI,Gratiot,GRATIOT,0.0003,0.0009,0.0229,0.0491,0.0491,winter
MI,Hillsdale,HILLSDALE,0.0005,0.0006,0.0388,0.0548,0.0548,winter
MI,Houghton,HOUGHTON,0.0032,0.0016,0.0535,0.3972,0.3972,winter
MI,Huron,HURON,0.0009,0.0016,0.0517,0.0531,0.0531,winter
MI,Ingham,INGHAM,0.0006,0.0007,0.0293,0.048,0.048,winter
MI,Ionia,IONIA,0.0007,0.0014,0.0242,0.0541,0.0541,winter
MI,Iosco,IOSCO,0.0333,0.0026,0.014,0.048,0.048,winter
MI,Iron,IRON,0.0024,0.0006,0.0151,0.2021,0.2021,winter
MI,Isabella,ISABELLA,0.001,0.001,0.0237,0.0547,0.0547,winter
MI,Jackson,JACKSON,0.0013,0.0007,0.0304,0.0525,0.0525,winter
MI,Kalamazoo,KALAMAZOO,0.0006,0.0014,0.0326,0.0685,0.0685,winter
MI,Kalkaska,KALKASKA,0.003,0.0018,0.0164,0.1341,0.1341,winter
MI,Kent,KENT,0.0009,0.0025,0.0343,0.0699,0.0699,winter
MI,Keweenaw,KEWEENAW,0.0019,0.0068,0.0243,0.2888,0.2888,winter
MI,Lake,LAKE,0.0213,0.0026,0.0243,0.0707,0.0707,winter
MI,Lapeer,LAPEER,0.0009,0.0012,0.0515,0.0635,0.0635,winter
MI,Leelanau,LEELANAU,0.0007,0.0062,0.0204,0.1258,0.1258,winter
MI,Lenawee,LENAWEE,0.0004,0.0006,0.0473,0.0465,0.0473,wind
MI,Livingston,LIVINGSTON,0.0011,0.001,0.0436,0.0684,0.0684,winter
MI,Luce,LUCE,0.0017,0.0012,0.0214,0.2329,0.2329,winter
MI,Mackinac,MACKINAC,0.0031,0.002,0.0187,0.0922,0.0922,winter
MI,Macomb,MACOMB,0.0006,0.0013,0.0467,0.0592,0.0592,winter
MI,Manistee,MANISTEE,0.0043,0.0056,0.0213,0.0923,0.0923,winter
MI,Marquette,MARQUETTE,0.0042,0.0107,0.0372,0.3941,0.3941,winter
MI,Mason,MASON,0.0141,0.0025,0.031,0.0808,0.0808,winter
MI,Mecosta,MECOSTA,0.0009,0.0024,0.0259,0.057,0.057,winter
MI,Menominee,MENOMINEE,0.0043,0.0066,0.0127,0.1553,0.1553,winter
MI,Midland,MIDLAND,0.0029,0.0021,0.0292,0.0668,0.0668,winter
MI,Missaukee,MISSAUKEE,0.0025,0.0011,0.0134,0.0855,0.0855,winter
MI,Monroe,MONROE,0.0006,0.0011,0.0584,0.0296,0.0584,wind
MI,Montcalm,MONTCALM,0.0008,0.0011,0.0293,0.0529,0.0529,winter
MI,Montmorency,MONTMORENCY,0.0048,0.0012,0.0161,0.082,0.082,winter
MI,Muskegon,MUSKEGON,0.0005,0.0018,0.0412,0.0886,0.0886,winter
MI,Newaygo,NEWAYGO,0.0076,0.0028,0.0276,0.0699,0.0699,winter
MI,Oakland,OAKLAND,0.0012,0.0013,0.0482,0.0624,0.0624,winter
MI,Oceana,OCEANA,0.0039,0.0028,0.0288,0.0827,0.0827,winter
MI,Ogemaw,OGEMAW,0.0038,0.0012,0.0126,0.0541,0.0541,winter
MI,Ontonagon,ONTONAGON,0.0022,0.0005,0.0215,0.3606,0.3606,winter
MI,Osceola,OSCEOLA,0.0025,0.0015,0.0224,0.0583,0.0583,winter
MI,Oscoda,OSCODA,0.0184,0.0012,0.0129,0.0671,0.0671,winter
MI,Otsego,OTSEGO,0.0029,0.0008,0.0206,0.1238,0.1238,winter
MI,Ottawa,OTTAWA,0.0009,0.0034,0.0408,0.1002,0.1002,winter
MI,Presque Isle,PRESQUE ISLE,0.0022,0.0016,0.0117,0.0723,0.0723,winter
MI,Roscommon,ROSCOMMON,0.0045,0.0017,0.0154,0.0688,0.0688,winter
MI,Saginaw,SAGINAW,0.0007,0.0027,0.0557,0.0691,0.0691,winter
MI,Sanilac,SANILAC,0.0004,0.0016,0.042,0.0658,0.0658,winter
MI,Schoolcraft,SCHOOLCRAFT,0.0036,0.0013,0.022,0.2192,0.2192,winter
MI,Shiawassee,SHIAWASSEE,0.0003,0.0008,0.0379,0.0624,0.0624,winter
MI,St. Clair,ST. CLAIR,0.001,0.0052,0.0511,0.0616,0.0616,winter
MI,St. Joseph,ST. JOSEPH,0.0004,0.0005,0.035,0.0743,0.0743,winter
MI,Tuscola,TUSCOLA,0.0013,0.0017,0.0501,0.0648,0.0648,winter
MI,Van Buren,VAN BUREN,0.0007,0.0015,0.0377,0.0901,0.0901,winter
MI,Washtenaw,WASHTENAW,0.0016,0.0011,0.0659,0.0554,0.0659,wind
MI,Wayne,WAYNE,0.0005,0.0038,0.0575,0.0529,0.0575,wind
MI,Wexford,WEXFORD,0.0132,0.0026,0.016,0.0866,0.0866,winter
MN,Aitkin,AITKIN,0.007,0.0005,0.0025,0.0951,0.0951,winter
MN,Anoka,ANOKA,0.0017,0.0005,0.0041,0.0865,0.0865,winter
MN,Becker,BECKER,0.0136,0.0001,0.0127,0.1166,0.1166,winter
MN,Beltrami,BELTRAMI,0.0158,0.0002,0.0054,0.1157,0.1157,winter
MN,Benton,BENTON,0.0009,0.0002,0.0024,0.0953,0.0953,winter
MN,Big Stone,BIG STONE,0.0016,0.0,0.0143,0.1176,0.1176,winter
MN,Blue Earth,BLUE EARTH,0.0011,0.0002,0.0066,0.0975,0.0975,winter
MN,Brown,BROWN,0.0016,0.0001,0.0064,0.0959,0.0959,winter
MN,Carlton,CARLTON,0.0053,0.0008,0.0054,0.134,0.134,winter
MN,Carver,CARVER,0.0008,0.0001,0.0053,0.0906,0.0906,winter
MN,Cass,CASS,0.0421,0.0002,0.0047,0.0922,0.0922,winter
MN,Chippewa,CHIPPEWA,0.0011,0.0001,0.009,0.1072,0.1072,winter
MN,Chisago,CHISAGO,0.0022,0.0002,0.0031,0.0801,0.0801,winter
MN,Clay,CLAY,0.0016,0.0001,0.0169,0.1236,0.1236,winter
MN,Clearwater,CLEARWATER,0.0198,0.0001,0.0056,0.1159,0.1159,winter
MN,Cook,COOK,0.0198,0.0003,0.0053,0.1864,0.1864,winter
MN,Cottonwood,COTTONWOOD,0.0023,0.0001,0.0141,0.1781,0.1781,winter
MN,Crow Wing,CROW WING,0.0039,0.0005,0.0036,0.0856,0.0856,winter
MN,Dakota,DAKOTA,0.0009,0.0004,0.0104,0.0856,0.0856,winter
MN,Dodge,DODGE,0.001,0.0002,0.0097,0.0863,0.0863,winter
MN,Douglas,DOUGLAS,0.001,0.0001,0.0094,0.0936,0.0936,winter
MN,Faribault,FARIBAULT,0.0016,0.0001,0.0096,0.0904,0.0904,winter
MN,Fillmore,FILLMORE,0.0011,0.0003,0.0107,0.0677,0.0677,winter
MN,Freeborn,FREEBORN,0.0007,0.0002,0.0125,0.0806,0.0806,winter
MN,Goodhue,GOODHUE,0.0009,0.0002,0.0057,0.0784,0.0784,winter
MN,Grant,GRANT,0.0032,0.0001,0.0102,0.1192,0.1192,winter
MN,Hennepin,HENNEPIN,0.0007,0.0001,0.006,0.0896,0.0896,winter
MN,Houston,HOUSTON,0.0029,0.0003,0.0059,0.0654,0.0654,winter
MN,Hubbard,HUBBARD,0.0093,0.0002,0.0063,0.1051,0.1051,winter
MN,Isanti,ISANTI,0.0012,0.0002,0.0024,0.0824,0.0824,winter
MN,Itasca,ITASCA,0.0251,0.0004,0.0042,0.099,0.099,winter
MN,Jackson,JACKSON,0.002,0.0001,0.0155,0.1879,0.1879,winter
MN,Kanabec,KANABEC,0.0029,0.0002,0.0025,0.0867,0.0867,winter
MN,Kandiyohi,KANDIYOHI,0.0019,0.0,0.0088,0.1061,0.1061,winter
MN,Kittson,KITTSON,0.0056,0.0001,0.0136,0.1162,0.1162,winter
MN,Koochiching,KOOCHICHING,0.0116,0.0004,0.0013,0.0943,0.0943,winter
MN,Lac Qui Parle,LAC QUI PARLE,0.0011,0.0,0.0097,0.1237,0.1237,winter
MN,Lake,LAKE,0.0313,0.0002,0.0075,0.2339,0.2339,winter
MN,Lake Of The Woods,LAKE OF THE WOODS,0.0099,0.0001,0.0038,0.101,0.101,winter
MN,Le Sueur,LE SUEUR,0.0009,0.0001,0.0084,0.0979,0.0979,winter
MN,Lincoln,LINCOLN,0.0015,0.0001,0.0128,0.1774,0.1774,winter
MN,Lyon,LYON,0.0054,0.0,0.0143,0.1712,0.1712,winter
MN,Mahnomen,MAHNOMEN,0.0107,0.0001,0.0097,0.1118,0.1118,winter
MN,Marshall,MARSHALL,0.0033,0.0001,0.0154,0.117,0.117,winter
MN,Martin,MARTIN,0.0031,0.0001,0.0095,0.1124,0.1124,winter
MN,Mcleod,MCLEOD,0.0016,0.0001,0.0095,0.1001,0.1001,winter
MN,Meeker,MEEKER,0.0011,0.0001,0.0057,0.0892,0.0892,winter
MN,Mille Lacs,MILLE LACS,0.0025,0.0002,0.0038,0.0929,0.0929,winter
MN,Morrison,MORRISON,0.0044,0.0003,0.0052,0.0963,0.0963,winter
MN,Mower,MOWER,0.0025,0.0002,0.0108,0.0869,0.0869,winter
MN,Murray,MURRAY,0.0023,0.0001,0.0122,0.1832,0.1832,winter
MN,Nicollet,NICOLLET,0.0008,0.0001,0.0052,0.098,0.098,winter
MN,Nobles,NOBLES,0.0024,0.0,0.0142,0.199,0.199,winter
MN,Norman,NORMAN,0.0018,0.0001,0.0194,0.1006,0.1006,winter
MN,Olmsted,OLMSTED,0.0024,0.0002,0.0089,0.089,0.089,winter
MN,Otter Tail,OTTER TAIL,0.0056,0.0001,0.0179,0.1391,0.1391,winter
MN,Pennington,PENNINGTON,0.0062,0.0001,0.006,0.1093,0.1093,winter
MN,Pine,PINE,0.0063,0.0003,0.0027,0.0919,0.0919,winter
MN,Pipestone,PIPESTONE,0.0021,0.0001,0.0103,0.1884,0.1884,winter
MN,Polk,POLK,0.0037,0.0001,0.0235,0.1277,0.1277,winter
MN,Pope,POPE,0.0011,0.0001,0.0056,0.0952,0.0952,winter
MN,Ramsey,RAMSEY,0.0007,0.0002,0.0074,0.0844,0.0844,winter
MN,Red Lake,RED LAKE,0.0012,0.0,0.0087,0.1048,0.1048,winter
MN,Redwood,REDWOOD,0.0014,0.0,0.0087,0.0991,0.0991,winter
MN,Renville,RENVILLE,0.0023,0.0001,0.0086,0.0993,0.0993,winter
MN,Rice,RICE,0.0006,0.0001,0.0051,0.0852,0.0852,winter
MN,Rock,ROCK,0.0009,0.0001,0.0115,0.1958,0.1958,winter
MN,Roseau,ROSEAU,0.0102,0.0001,0.0069,0.1121,0.1121,winter
MN,Scott,SCOTT,0.0008,0.0002,0.0054,0.0854,0.0854,winter
MN,Sherburne,SHERBURNE,0.0022,0.0002,0.0032,0.0891,0.0891,winter
MN,Sibley,SIBLEY,0.001,0.0001,0.0049,0.1053,0.1053,winter
MN,St. Louis,ST. LOUIS,0.0387,0.0008,0.0105,0.1804,0.1804,winter
MN,Stearns,STEARNS,0.0022,0.0001,0.0055,0.1074,0.1074,winter
MN,Steele,STEELE,0.0013,0.0002,0.0104,0.0806,0.0806,winter
MN,Stevens,STEVENS,0.0024,0.0,0.0081,0.098,0.098,winter
MN,Swift,SWIFT,0.0011,0.0,0.0092,0.1106,0.1106,winter
MN,Todd,TODD,0.0038,0.0001,0.0044,0.0949,0.0949,winter
MN,Traverse,TRAVERSE,0.0015,0.0,0.0147,0.106,0.106,winter
MN,Wabasha,WABASHA,0.001,0.0003,0.0049,0.0738,0.0738,winter
MN,Wadena,WADENA,0.008,0.0001,0.0062,0.1011,0.1011,winter
MN,Waseca,WASECA,0.0023,0.0001,0.0058,0.0868,0.0868,winter
MN,Washington,WASHINGTON,0.0009,0.0002,0.008,0.0913,0.0913,winter
MN,Watonwan,WATONWAN,0.0026,0.0001,0.0056,0.0858,0.0858,winter
MN,Wilkin,WILKIN,0.0019,0.0001,0.0203,0.1287,0.1287,winter
MN,Winona,WINONA,0.0016,0.0011,0.0042,0.0772,0.0772,winter
MN,Wright,WRIGHT,0.002,0.0001,0.0053,0.0824,0.0824,winter
MN,Yellow Medicine,YELLOW MEDICINE,0.0026,0.0,0.0101,0.119,0.119,winter
MO,Adair,ADAIR,0.0012,0.0005,0.0137,0.0437,0.0437,winter
MO,Andrew,ANDREW,0.002,0.0002,0.0103,0.0451,0.0451,winter
MO,Atchison,ATCHISON,0.0009,0.0001,0.0122,0.045,0.045,winter
MO,Audrain,AUDRAIN,0.0004,0.0003,0.0102,0.0366,0.0366,winter
MO,Barry,BARRY,0.0121,0.0013,0.0477,0.0229,0.0477,wind
MO,Barton,BARTON,0.0029,0.0005,0.0342,0.0186,0.0342,wind
MO,Bates,BATES,0.0014,0.0002,0.0102,0.0324,0.0324,winter
MO,Benton,BENTON,0.0045,0.0009,0.0205,0.0322,0.0322,winter
MO,Bollinger,BOLLINGER,0.0072,0.0026,0.0186,0.1052,0.1052,winter
MO,Boone,BOONE,0.0023,0.0009,0.0172,0.0331,0.0331,winter
MO,Buchanan,BUCHANAN,0.0022,0.0004,0.0199,0.0423,0.0423,winter
MO,Butler,BUTLER,0.0125,0.0058,0.0308,0.0721,0.0721,winter
MO,Caldwell,CALDWELL,0.0005,0.0001,0.0151,0.0353,0.0353,winter
MO,Callaway,CALLAWAY,0.0016,0.0008,0.0185,0.0315,0.0315,winter
MO,Camden,CAMDEN,0.0125,0.0017,0.0213,0.0224,0.0224,winter
MO,Cape Girardeau,CAPE GIRARDEAU,0.0016,0.0042,0.0476,0.1077,0.1077,winter
MO,Carroll,CARROLL,0.0003,0.0003,0.0086,0.0387,0.0387,winter
MO,Carter,CARTER,0.0352,0.0044,0.0167,0.0736,0.0736,winter
MO,Cass,CASS,0.0006,0.0002,0.0186,0.0502,0.0502,winter
MO,Cedar,CEDAR,0.0065,0.0013,0.0264,0.018,0.0264,wind
MO,Chariton,CHARITON,0.0012,0.0002,0.0132,0.0339,0.0339,winter
MO,Christian,CHRISTIAN,0.0104,0.0022,0.0492,0.016,0.0492,wind
MO,Clark,CLARK,0.0012,0.0007,0.0104,0.0716,0.0716,winter
MO,Clay,CLAY,0.0008,0.0001,0.021,0.0414,0.0414,winter
MO,Clinton,CLINTON,0.0009,0.0001,0.0135,0.0392,0.0392,winter
MO,Cole,COLE,0.0013,0.0007,0.0186,0.0233,0.0233,winter
MO,Cooper,COOPER,0.0008,0.0005,0.0107,0.0302,0.0302,winter
MO,Crawford,CRAWFORD,0.0249,0.0027,0.025,0.0224,0.025,wind
MO,Dade,DADE,0.0021,0.0008,0.0266,0.0158,0.0266,wind
MO,Dallas,DALLAS,0.0065,0.0017,0.0224,0.0191,0.0224,wind
MO,Daviess,DAVIESS,0.0006,0.0002,0.0139,0.0456,0.0456,winter
MO,Dekalb,DEKALB,0.0009,0.0001,0.0,0.0,0.0009,fire
MO,Dent,DENT,0.0194,0.0021,0.0215,0.0189,0.0215,wind
MO,Douglas,DOUGLAS,0.0171,0.0026,0.0424,0.0123,0.0424,wind
MO,Dunklin,DUNKLIN,0.0008,0.0022,0.029,0.0255,0.029,wind
MO,Franklin,FRANKLIN,0.0024,0.0016,0.0275,0.0317,0.0317,winter
MO,Gasconade,GASCONADE,0.0035,0.001,0.0185,0.0278,0.0278,winter
MO,Gentry,GENTRY,0.0004,0.0001,0.0097,0.0425,0.0425,winter
MO,Greene,GREENE,0.0021,0.0023,0.0737,0.0261,0.0737,wind
MO,Grundy,GRUNDY,0.0009,0.0002,0.0171,0.0466,0.0466,winter
MO,Harrison,HARRISON,0.0005,0.0001,0.0151,0.0513,0.0513,winter
MO,Henry,HENRY,0.0015,0.0005,0.013,0.0397,0.0397,winter
MO,Hickory,HICKORY,0.0109,0.0009,0.0218,0.0198,0.0218,wind
MO,Holt,HOLT,0.0014,0.0004,0.0098,0.0409,0.0409,winter
MO,Howard,HOWARD,0.0008,0.0006,0.0104,0.0302,0.0302,winter
MO,Howell,HOWELL,0.0157,0.0029,0.047,0.0121,0.047,wind
MO,Iron,IRON,0.0243,0.0016,0.0236,0.0193,0.0243,fire
MO,Jackson,JACKSON,0.0005,0.0004,0.0291,0.0473,0.0473,winter
MO,Jasper,JASPER,0.0024,0.0013,0.0553,0.024,0.0553,wind
MO,Jefferson,JEFFERSON,0.0012,0.0019,0.0232,0.029,0.029,winter
MO,Johnson,JOHNSON,0.0011,0.0004,0.02,0.0419,0.0419,winter
MO,Knox,KNOX,0.0003,0.0001,0.0125,0.0311,0.0311,winter
MO,Laclede,LACLEDE,0.0146,0.0021,0.0256,0.0232,0.0256,wind
MO,Lafayette,LAFAYETTE,0.0007,0.0002,0.0172,0.0396,0.0396,winter
MO,Lawrence,LAWRENCE,0.0017,0.001,0.041,0.0176,0.041,wind
MO,Lewis,LEWIS,0.0009,0.0003,0.0138,0.0332,0.0332,winter
MO,Lincoln,LINCOLN,0.0016,0.002,0.0191,0.0363,0.0363,winter
MO,Linn,LINN,0.0009,0.0002,0.0134,0.0352,0.0352,winter
MO,Livingston,LIVINGSTON,0.0008,0.0002,0.0152,0.0406,0.0406,winter
MO,Macon,MACON,0.0012,0.0002,0.0149,0.0315,0.0315,winter
MO,Madison,MADISON,0.0174,0.0035,0.0153,0.0233,0.0233,winter
MO,Maries,MARIES,0.0037,0.0012,0.0132,0.0256,0.0256,winter
MO,Marion,MARION,0.0011,0.0003,0.0137,0.0381,0.0381,winter
MO,Mcdonald,MCDONALD,0.0155,0.0023,0.03,0.0207,0.03,wind
MO,Mercer,MERCER,0.0009,0.0002,0.011,0.0465,0.0465,winter
MO,Miller,MILLER,0.0055,0.0015,0.0217,0.0247,0.0247,winter
MO,Mississippi,MISSISSIPPI,0.0004,0.0018,0.0273,0.0885,0.0885,winter
MO,Moniteau,MONITEAU,0.0008,0.0002,0.01,0.0243,0.0243,winter
MO,Monroe,MONROE,0.001,0.0003,0.0114,0.0327,0.0327,winter
MO,Montgomery,MONTGOMERY,0.0007,0.001,0.0116,0.0323,0.0323,winter
MO,Morgan,MORGAN,0.0056,0.0008,0.0168,0.0278,0.0278,winter
MO,New Madrid,NEW MADRID,0.0002,0.002,0.0193,0.0847,0.0847,winter
MO,Newton,NEWTON,0.0092,0.0015,0.0451,0.0172,0.0451,wind
MO,Nodaway,NODAWAY,0.0005,0.0001,0.0207,0.0462,0.0462,winter
MO,Oregon,OREGON,0.0148,0.0028,0.0309,0.0115,0.0309,wind
MO,Osage,OSAGE,0.0013,0.0005,0.0118,0.0242,0.0242,winter
MO,Ozark,OZARK,0.0293,0.0032,0.0465,0.0122,0.0465,wind
MO,Pemiscot,PEMISCOT,0.0025,0.0006,0.0203,0.0235,0.0235,winter
MO,Perry,PERRY,0.0024,0.001,0.0208,0.1072,0.1072,winter
MO,Pettis,PETTIS,0.0005,0.0003,0.0137,0.0311,0.0311,winter
MO,Phelps,PHELPS,0.0211,0.0022,0.0249,0.0212,0.0249,wind
MO,Pike,PIKE,0.0014,0.0006,0.0156,0.0372,0.0372,winter
MO,Platte,PLATTE,0.0019,0.0002,0.0186,0.0424,0.0424,winter
MO,Polk,POLK,0.0032,0.0014,0.0505,0.0209,0.0505,wind
MO,Pulaski,PULASKI,0.0205,0.003,0.0212,0.0197,0.0212,wind
MO,Putnam,PUTNAM,0.0005,0.0001,0.0108,0.0493,0.0493,winter
MO,Ralls,RALLS,0.0009,0.0005,0.0159,0.0403,0.0403,winter
MO,Randolph,RANDOLPH,0.0012,0.0003,0.0153,0.0292,0.0292,winter
MO,Ray,RAY,0.0006,0.0003,0.01,0.0017,0.01,wind
MO,Reynolds,REYNOLDS,0.0398,0.0027,0.0189,0.0166,0.0398,fire
MO,Ripley,RIPLEY,0.024,0.0054,0.0202,0.0712,0.0712,winter
MO,Saline,SALINE,0.0006,0.0002,0.0096,0.0367,0.0367,winter
MO,Schuyler,SCHUYLER,0.0003,0.0001,0.0037,0.0447,0.0447,winter
MO,Scotland,SCOTLAND,0.0004,0.0002,0.011,0.0618,0.0618,winter
MO,Scott,SCOTT,0.0013,0.0031,0.03,0.0896,0.0896,winter
MO,Shannon,SHANNON,0.056,0.0033,0.0351,0.0138,0.056,fire
MO,Shelby,SHELBY,0.0005,0.0002,0.0164,0.0304,0.0304,winter
MO,St. Charles,ST. CHARLES,0.001,0.0018,0.0221,0.0365,0.0365,winter
MO,St. Clair,ST. CLAIR,0.0054,0.0011,0.0212,0.0285,0.0285,winter
MO,St. Francois,ST. FRANCOIS,0.0056,0.002,0.0226,0.0247,0.0247,winter
MO,St. Louis,ST. LOUIS,0.0006,0.0014,0.038,0.0336,0.038,wind
MO,St. Louis City,ST. LOUIS CITY,0.0005,0.0001,0.0,0.0005,0.0005,fire
MO,Ste. Genevieve,STE. GENEVIEVE,0.006,0.0013,0.0224,0.0218,0.0224,wind
MO,Stoddard,STODDARD,0.0012,0.0029,0.0364,0.0766,0.0766,winter
MO,Stone,STONE,0.0091,0.0027,0.0388,0.0146,0.0388,wind
MO,Sullivan,SULLIVAN,0.0008,0.0002,0.0079,0.0467,0.0467,winter
MO,Taney,TANEY,0.0506,0.0034,0.04,0.0146,0.0506,fire
MO,Texas,TEXAS,0.0132,0.0029,0.0252,0.0163,0.0252,wind
MO,Vernon,VERNON,0.0029,0.0007,0.0228,0.0266,0.0266,winter
MO,Warren,WARREN,0.0024,0.0015,0.0114,0.0295,0.0295,winter
MO,Washington,WASHINGTON,0.034,0.0012,0.0292,0.0213,0.034,fire
MO,Wayne,WAYNE,0.0372,0.005,0.0174,0.0819,0.0819,winter
MO,Webster,WEBSTER,0.0058,0.0022,0.0397,0.0205,0.0397,wind
MO,Worth,WORTH,0.0009,0.0001,0.0072,0.0455,0.0455,winter
MO,Wright,WRIGHT,0.0089,0.0022,0.0274,0.0162,0.0274,wind
MS,Adams,ADAMS,0.0048,0.005,0.0635,0.0062,0.0635,wind
MS,Alcorn,ALCORN,0.0088,0.0029,0.0252,0.0173,0.0252,wind
MS,Amite,AMITE,0.0161,0.0016,0.0275,0.0063,0.0275,wind
MS,Attala,ATTALA,0.0148,0.0031,0.0526,0.0097,0.0526,wind
MS,Benton,BENTON,0.0173,0.0016,0.0118,0.0184,0.0184,winter
MS,Bolivar,BOLIVAR,0.0006,0.0092,0.0542,0.0108,0.0542,wind
MS,Calhoun,CALHOUN,0.0073,0.0027,0.0292,0.0074,0.0292,wind
MS,Carroll,CARROLL,0.0082,0.0024,0.0442,0.0072,0.0442,wind
MS,Chickasaw,CHICKASAW,0.0078,0.0021,0.0315,0.0071,0.0315,wind
MS,Choctaw,CHOCTAW,0.0218,0.0022,0.0382,0.0085,0.0382,wind
MS,Claiborne,CLAIBORNE,0.0109,0.0041,0.05,0.0055,0.05,wind
MS,Clarke,CLARKE,0.0158,0.0026,0.0557,0.0047,0.0557,wind
MS,Clay,CLAY,0.0066,0.003,0.0313,0.0097,0.0313,wind
MS,Coahoma,COAHOMA,0.0007,0.0046,0.0192,0.0085,0.0192,wind
MS,Copiah,COPIAH,0.0068,0.0041,0.0599,0.0065,0.0599,wind
MS,Covington,COVINGTON,0.0049,0.0032,0.0687,0.0066,0.0687,wind
MS,Desoto,DESOTO,0.0041,0.002,0.0,0.0,0.0041,fire
MS,Forrest,FORREST,0.0363,0.0067,0.0624,0.0058,0.0624,wind
MS,Franklin,FRANKLIN,0.017,0.0022,0.0442,0.008,0.0442,wind
MS,George,GEORGE,0.012,0.002,0.0187,0.003,0.0187,wind
MS,Greene,GREENE,0.0174,0.0013,0.0232,0.004,0.0232,wind
MS,Grenada,GRENADA,0.0096,0.0067,0.0493,0.0094,0.0493,wind
MS,Hancock,HANCOCK,0.0209,0.0041,0.0387,0.0046,0.0387,wind
MS,Harrison,HARRISON,0.0688,0.0039,0.0312,0.0024,0.0688,fire
MS,Hinds,HINDS,0.003,0.0183,0.0918,0.0064,0.0918,wind
MS,Holmes,HOLMES,0.0058,0.0031,0.0418,0.0082,0.0418,wind
MS,Humphreys,HUMPHREYS,0.0004,0.0039,0.0376,0.0072,0.0376,wind
MS,Issaquena,ISSAQUENA,0.0015,0.0038,0.0272,0.0078,0.0272,wind
MS,Itawamba,ITAWAMBA,0.0157,0.0015,0.0255,0.0114,0.0255,wind
MS,Jackson,JACKSON,0.0528,0.0045,0.0261,0.0027,0.0528,fire
MS,Jasper,JASPER,0.0229,0.0021,0.0604,0.006,0.0604,wind
MS,Jefferson,JEFFERSON,0.007,0.0027,0.0426,0.0065,0.0426,wind
MS,Jefferson Davis,JEFFERSON DAVIS,0.0061,0.0022,0.0598,0.0074,0.0598,wind
MS,Jones,JONES,0.0103,0.004,0.0841,0.0077,0.0841,wind
MS,Kemper,KEMPER,0.0081,0.0016,0.0376,0.0059,0.0376,wind
MS,Lafayette,LAFAYETTE,0.0164,0.0033,0.0274,0.0117,0.0274,wind
MS,Lamar,LAMAR,0.0223,0.0055,0.0558,0.0055,0.0558,wind
MS,Lauderdale,LAUDERDALE,0.0092,0.0055,0.0643,0.0063,0.0643,wind
MS,Lawrence,LAWRENCE,0.0077,0.0043,0.0464,0.007,0.0464,wind
MS,Leake,LEAKE,0.009,0.0039,0.0689,0.0059,0.0689,wind
MS,Lee,LEE,0.003,0.0032,0.0331,0.0071,0.0331,wind
MS,Leflore,LEFLORE,0.0014,0.0069,0.0376,0.0076,0.0376,wind
MS,Lincoln,LINCOLN,0.004,0.0047,0.051,0.0082,0.051,wind
MS,Lowndes,LOWNDES,0.0059,0.0054,0.0687,0.0105,0.0687,wind
MS,Madison,MADISON,0.0032,0.0093,0.0815,0.0066,0.0815,wind
MS,Marion,MARION,0.0116,0.0056,0.0624,0.0065,0.0624,wind
MS,Marshall,MARSHALL,0.0133,0.0026,0.0208,0.0143,0.0208,wind
MS,Monroe,MONROE,0.008,0.0036,0.038,0.0105,0.038,wind
MS,Montgomery,MONTGOMERY,0.0092,0.0028,0.0347,0.008,0.0347,wind
MS,Neshoba,NESHOBA,0.0114,0.0026,0.0667,0.006,0.0667,wind
MS,Newton,NEWTON,0.012,0.0031,0.0674,0.0047,0.0674,wind
MS,Noxubee,NOXUBEE,0.0065,0.002,0.036,0.0062,0.036,wind
MS,Oktibbeha,OKTIBBEHA,0.007,0.0028,0.0452,0.0099,0.0452,wind
MS,Panola,PANOLA,0.004,0.0025,0.0302,0.0109,0.0302,wind
MS,Pearl River,PEARL RIVER,0.0159,0.0029,0.0473,0.0045,0.0473,wind
MS,Perry,PERRY,0.1252,0.002,0.0324,0.0032,0.1252,fire
MS,Pike,PIKE,0.0047,0.0018,0.0342,0.006,0.0342,wind
MS,Pontotoc,PONTOTOC,0.0067,0.0027,0.0352,0.008,0.0352,wind
MS,Prentiss,PRENTISS,0.0035,0.0021,0.0273,0.0111,0.0273,wind
MS,Quitman,QUITMAN,0.0007,0.002,0.0208,0.0077,0.0208,wind
MS,Rankin,RANKIN,0.0095,0.012,0.0784,0.0083,0.0784,wind
MS,Scott,SCOTT,0.0289,0.0037,0.0722,0.0076,0.0722,wind
MS,Sharkey,SHARKEY,0.0004,0.006,0.0341,0.0068,0.0341,wind
MS,Simpson,SIMPSON,0.0074,0.003,0.0591,0.0063,0.0591,wind
MS,Smith,SMITH,0.0293,0.0026,0.0715,0.0074,0.0715,wind
MS,Stone,STONE,0.0419,0.0017,0.0262,0.0032,0.0419,fire
MS,Sunflower,SUNFLOWER,0.0014,0.008,0.0552,0.0088,0.0552,wind
MS,Tallahatchie,TALLAHATCHIE,0.003,0.0027,0.0218,0.007,0.0218,wind
MS,Tate,TATE,0.0037,0.0022,0.0151,0.0106,0.0151,wind
MS,Tippah,TIPPAH,0.0146,0.002,0.0226,0.0197,0.0226,wind
MS,Tishomingo,TISHOMINGO,0.0174,0.0016,0.0332,0.0151,0.0332,wind
MS,Tunica,TUNICA,0.0029,0.0041,0.0219,0.0121,0.0219,wind
MS,Union,UNION,0.012,0.0027,0.0246,0.0133,0.0246,wind
MS,Walthall,WALTHALL,0.0027,0.0014,0.0392,0.006,0.0392,wind
MS,Warren,WARREN,0.0022,0.013,0.0811,0.0068,0.0811,wind
MS,Washington,WASHINGTON,0.0007,0.0085,0.0487,0.0092,0.0487,wind
MS,Wayne,WAYNE,0.0385,0.0014,0.037,0.0062,0.0385,fire
MS,Webster,WEBSTER,0.0152,0.0025,0.0357,0.0088,0.0357,wind
MS,Wilkinson,WILKINSON,0.0082,0.0022,0.0272,0.0058,0.0272,wind
MS,Winston,WINSTON,0.0276,0.0026,0.0407,0.0079,0.0407,wind
MS,Yalobusha,YALOBUSHA,0.0138,0.002,0.0203,0.008,0.0203,wind
MS,Yazoo,YAZOO,0.0027,0.0051,0.0637,0.0089,0.0637,wind
MT,Beaverhead,BEAVERHEAD,0.039,0.0001,0.0678,0.1478,0.1478,winter
MT,Big Horn,BIG HORN,0.0288,0.0,0.0612,0.1213,0.1213,winter
MT,Blaine,BLAINE,0.0074,0.0,0.1744,0.1005,0.1744,wind
MT,Broadwater,BROADWATER,0.0132,0.0001,0.0901,0.1022,0.1022,winter
MT,Carbon,CARBON,0.0147,0.0,0.0455,0.1269,0.1269,winter
MT,Carter,CARTER,0.0078,0.0,0.0419,0.0905,0.0905,winter
MT,Cascade,CASCADE,0.0184,0.0001,0.3157,0.202,0.3157,wind
MT,Chouteau,CHOUTEAU,0.0132,0.0,0.1618,0.1157,0.1618,wind
MT,Custer,CUSTER,0.0158,0.0,0.0336,0.0778,0.0778,winter
MT,Daniels,DANIELS,0.0105,0.0,0.0259,0.1035,0.1035,winter
MT,Dawson,DAWSON,0.0094,0.0001,0.0684,0.1128,0.1128,winter
MT,Deer Lodge,DEER LODGE,0.0125,0.0001,0.0003,0.0002,0.0125,fire
MT,Fallon,FALLON,0.0035,0.0,0.0498,0.0722,0.0722,winter
MT,Fergus,FERGUS,0.0195,0.0,0.1951,0.1598,0.1951,wind
MT,Flathead,FLATHEAD,0.0158,0.0024,0.0656,0.2286,0.2286,winter
MT,Gallatin,GALLATIN,0.0119,0.0001,0.1258,0.2494,0.2494,winter
MT,Garfield,GARFIELD,0.0071,0.0,0.0688,0.1205,0.1205,winter
MT,Glacier,GLACIER,0.0081,0.0001,0.3687,0.3275,0.3687,wind
MT,Golden Valley,GOLDEN VALLEY,0.0051,0.0,0.0351,0.0732,0.0732,winter
MT,Granite,GRANITE,0.0104,0.0001,0.0006,0.0,0.0104,fire
MT,Hill,HILL,0.0033,0.0,0.1617,0.1087,0.1617,wind
MT,Jefferson,JEFFERSON,0.0196,0.0,0.0559,0.1783,0.1783,winter
MT,Judith Basin,JUDITH BASIN,0.0082,0.0,0.2114,0.198,0.2114,wind
MT,Lake,LAKE,0.0197,0.0005,0.0168,0.1732,0.1732,winter
MT,Lewis And Clark,LEWIS AND CLARK,0.0368,0.0002,0.1776,0.224,0.224,winter
MT,Liberty,LIBERTY,0.0014,0.0,0.1284,0.0488,0.1284,wind
MT,Lincoln,LINCOLN,0.0098,0.0006,0.0011,0.0003,0.0098,fire
MT,Madison,MADISON,0.0125,0.0,0.1154,0.1892,0.1892,winter
MT,Mccone,MCCONE,0.0051,0.0,0.0512,0.1022,0.1022,winter
MT,Meagher,MEAGHER,0.0103,0.0,0.0879,0.1991,0.1991,winter
MT,Mineral,MINERAL,0.0421,0.0006,0.0012,0.0,0.0421,fire
MT,Missoula,MISSOULA,0.0712,0.0007,0.035,0.1727,0.1727,winter
MT,Musselshell,MUSSELSHELL,0.0135,0.0,0.0647,0.0959,0.0959,winter
MT,Park,PARK,0.0073,0.0001,0.0571,0.1056,0.1056,winter
MT,Petroleum,PETROLEUM,0.0083,0.0,0.0346,0.0788,0.0788,winter
MT,Phillips,PHILLIPS,0.0091,0.0,0.085,0.1198,0.1198,winter
MT,Pondera,PONDERA,0.0021,0.0,0.1476,0.0674,0.1476,wind
MT,Powder River,POWDER RIVER,0.0123,0.0,0.0279,0.082,0.082,winter
MT,Powell,POWELL,0.0327,0.0001,0.0021,0.0002,0.0327,fire
MT,Prairie,PRAIRIE,0.0072,0.0,0.041,0.0881,0.0881,winter
MT,Ravalli,RAVALLI,0.0891,0.0009,0.0024,0.0004,0.0891,fire
MT,Richland,RICHLAND,0.0057,0.0001,0.0388,0.1009,0.1009,winter
MT,Roosevelt,ROOSEVELT,0.0063,0.0,0.0488,0.1202,0.1202,winter
MT,Rosebud,ROSEBUD,0.0271,0.0,0.0605,0.0964,0.0964,winter
MT,Sanders,SANDERS,0.0203,0.0006,0.002,0.0001,0.0203,fire
MT,Sheridan,SHERIDAN,0.0013,0.0,0.0403,0.118,0.118,winter
MT,Silver Bow,SILVER BOW,0.0117,0.0001,0.0002,0.0,0.0117,fire
MT,Stillwater,STILLWATER,0.0187,0.0,0.1044,0.1444,0.1444,winter
MT,Sweet Grass,SWEET GRASS,0.0125,0.0,0.1641,0.1484,0.1641,wind
MT,Teton,TETON,0.0051,0.0,0.2153,0.0993,0.2153,wind
MT,Toole,TOOLE,0.003,0.0,0.2184,0.0736,0.2184,wind
MT,Treasure,TREASURE,0.0034,0.0,0.0208,0.0575,0.0575,winter
MT,Valley,VALLEY,0.0101,0.0,0.1087,0.2088,0.2088,winter
MT,Wheatland,WHEATLAND,0.0064,0.0,0.2091,0.0949,0.2091,wind
MT,Wibaux,WIBAUX,0.0079,0.0,0.0426,0.0902,0.0902,winter
MT,Yellowstone,YELLOWSTONE,0.032,0.0001,0.0995,0.0981,0.0995,wind
NC,Alamance,ALAMANCE,0.001,0.0013,0.0254,0.0245,0.0254,wind
NC,Alexander,ALEXANDER,0.0018,0.001,0.0253,0.0428,0.0428,winter
NC,Alleghany,ALLEGHANY,0.0006,0.0032,0.0403,0.0377,0.0403,wind
NC,Anson,ANSON,0.0034,0.001,0.0187,0.0109,0.0187,wind
NC,Ashe,ASHE,0.0069,0.0059,0.0928,0.0576,0.0928,wind
NC,Avery,AVERY,0.0122,0.0029,0.0365,0.1998,0.1998,winter
NC,Beaufort,BEAUFORT,0.0023,0.0029,0.0214,0.0073,0.0214,wind
NC,Bertie,BERTIE,0.0011,0.0013,0.0079,0.0174,0.0174,winter
NC,Bladen,BLADEN,0.0048,0.0014,0.0171,0.0038,0.0171,wind
NC,Brunswick,BRUNSWICK,0.011,0.0022,0.0152,0.0015,0.0152,wind
NC,Buncombe,BUNCOMBE,0.007,0.0034,0.0531,0.1604,0.1604,winter
NC,Burke,BURKE,0.0309,0.0029,0.0515,0.0881,0.0881,winter
NC,Cabarrus,CABARRUS,0.0006,0.0022,0.0275,0.0234,0.0275,wind
NC,Caldwell,CALDWELL,0.0191,0.0023,0.0367,0.0842,0.0842,winter
NC,Camden,CAMDEN,0.0013,0.0032,0.0091,0.0105,0.0105,winter
NC,Carteret,CARTERET,0.0077,0.0036,0.0486,0.0064,0.0486,wind
NC,Caswell,CASWELL,0.0008,0.0014,0.0214,0.0159,0.0214,wind
NC,Catawba,CATAWBA,0.0017,0.0022,0.0299,0.0439,0.0439,winter
NC,Chatham,CHATHAM,0.0025,0.0028,0.0227,0.0172,0.0227,wind
NC,Cherokee,CHEROKEE,0.0364,0.0011,0.0244,0.0139,0.0364,fire
NC,Chowan,CHOWAN,0.0008,0.0022,0.0077,0.0124,0.0124,winter
NC,Clay,CLAY,0.0299,0.0011,0.0172,0.016,0.0299,fire
NC,Cleveland,CLEVELAND,0.003,0.0017,0.0279,0.0353,0.0353,winter
NC,Columbus,COLUMBUS,0.003,0.0014,0.0227,0.0029,0.0227,wind
NC,Craven,CRAVEN,0.0037,0.0028,0.0245,0.0079,0.0245,wind
NC,Cumberland,CUMBERLAND,0.0044,0.0027,0.0247,0.0065,0.0247,wind
NC,Currituck,CURRITUCK,0.0009,0.0119,0.0172,0.0134,0.0172,wind
NC,Dare,DARE,0.0026,0.0122,0.0316,0.0079,0.0316,wind
NC,Davidson,DAVIDSON,0.0005,0.0017,0.0313,0.0294,0.0313,wind
NC,Davie,DAVIE,0.0004,0.0019,0.0273,0.0442,0.0442,winter
NC,Duplin,DUPLIN,0.0009,0.0011,0.0281,0.0078,0.0281,wind
NC,Durham,DURHAM,0.0018,0.003,0.0216,0.021,0.0216,wind
NC,Edgecombe,EDGECOMBE,0.0013,0.0016,0.0245,0.0126,0.0245,wind
NC,Forsyth,FORSYTH,0.0009,0.0029,0.0322,0.0327,0.0327,winter
NC,Franklin,FRANKLIN,0.001,0.0009,0.0173,0.0184,0.0184,winter
NC,Gaston,GASTON,0.0009,0.0021,0.0275,0.0236,0.0275,wind
NC,Gates,GATES,0.0021,0.0018,0.008,0.0155,0.0155,winter
NC,Graham,GRAHAM,0.0511,0.0013,0.0327,0.1199,0.1199,winter
NC,Granville,GRANVILLE,0.0016,0.0014,0.0188,0.0185,0.0188,wind
NC,Greene,GREENE,0.0015,0.0009,0.0137,0.0084,0.0137,wind
NC,Guilford,GUILFORD,0.0019,0.0035,0.0319,0.0282,0.0319,wind
NC,Halifax,HALIFAX,0.0019,0.0019,0.0225,0.014,0.0225,wind
NC,Harnett,HARNETT,0.0019,0.0013,0.0191,0.015,0.0191,wind
NC,Haywood,HAYWOOD,0.026,0.0022,0.0391,0.1649,0.1649,winter
NC,Henderson,HENDERSON,0.0075,0.004,0.0427,0.085,0.085,winter
NC,Hertford,HERTFORD,0.0018,0.0012,0.0123,0.0156,0.0156,winter
NC,Hoke,HOKE,0.0052,0.0013,0.021,0.0068,0.021,wind
NC,Hyde,HYDE,0.0011,0.0017,0.0223,0.0073,0.0223,wind
NC,Iredell,IREDELL,0.0014,0.002,0.0325,0.0464,0.0464,winter
NC,Jackson,JACKSON,0.0316,0.0026,0.0478,0.1405,0.1405,winter
NC,Johnston,JOHNSTON,0.0012,0.0015,0.0317,0.0138,0.0317,wind
NC,Jones,JONES,0.0044,0.0007,0.0165,0.0063,0.0165,wind
NC,Lee,LEE,0.0027,0.0018,0.0137,0.0003,0.0137,wind
NC,Lenoir,LENOIR,0.0016,0.0015,0.0198,0.0096,0.0198,wind
NC,Lincoln,LINCOLN,0.0012,0.002,0.0235,0.033,0.033,winter
NC,Macon,MACON,0.0525,0.0021,0.0485,0.0966,0.0966,winter
NC,Madison,MADISON,0.0125,0.0024,0.0378,0.1772,0.1772,winter
NC,Martin,MARTIN,0.0015,0.0014,0.0143,0.0082,0.0143,wind
NC,Mcdowell,MCDOWELL,0.0433,0.0031,0.0469,0.098,0.098,winter
NC,Mecklenburg,MECKLENBURG,0.0017,0.0062,0.0408,0.0281,0.0408,wind
NC,Mitchell,MITCHELL,0.0244,0.0028,0.0358,0.2017,0.2017,winter
NC,Montgomery,MONTGOMERY,0.0242,0.002,0.0204,0.0114,0.0242,fire
NC,Moore,MOORE,0.0037,0.0014,0.0234,0.0104,0.0234,wind
NC,Nash,NASH,0.0005,0.0012,0.0227,0.0151,0.0227,wind
NC,New Hanover,NEW HANOVER,0.0011,0.0058,0.0211,0.0026,0.0211,wind
NC,Northampton,NORTHAMPTON,0.0011,0.0013,0.0161,0.013,0.0161,wind
NC,Onslow,ONSLOW,0.0034,0.0021,0.0243,0.0062,0.0243,wind
NC,Orange,ORANGE,0.0019,0.002,0.0242,0.0194,0.0242,wind
NC,Pamlico,PAMLICO,0.0013,0.0038,0.0094,0.007,0.0094,wind
NC,Pasquotank,PASQUOTANK,0.0005,0.0027,0.01,0.0111,0.0111,winter
NC,Pender,PENDER,0.004,0.0037,0.0233,0.0037,0.0233,wind
NC,Perquimans,PERQUIMANS,0.0006,0.002,0.009,0.0129,0.0129,winter
NC,Person,PERSON,0.0016,0.0012,0.0177,0.0221,0.0221,winter
NC,Pitt,PITT,0.0017,0.0018,0.0187,0.0078,0.0187,wind
NC,Polk,POLK,0.0067,0.0015,0.0303,0.062,0.062,winter
NC,Randolph,RANDOLPH,0.0024,0.0018,0.0288,0.0226,0.0288,wind
NC,Richmond,RICHMOND,0.0103,0.0034,0.0174,0.0079,0.0174,wind
NC,Robeson,ROBESON,0.0295,0.001,0.0238,0.007,0.0295,fire
NC,Rockingham,ROCKINGHAM,0.0019,0.0036,0.0271,0.0173,0.0271,wind
NC,Rowan,ROWAN,0.0009,0.002,0.0251,0.041,0.041,winter
NC,Rutherford,RUTHERFORD,0.0123,0.0017,0.0439,0.0673,0.0673,winter
NC,Sampson,SAMPSON,0.0033,0.0011,0.0245,0.0072,0.0245,wind
NC,Scotland,SCOTLAND,0.0146,0.001,0.0122,0.0087,0.0146,fire
NC,Stanly,STANLY,0.001,0.0036,0.0189,0.0127,0.0189,wind
NC,Stokes,STOKES,0.0011,0.0019,0.0275,0.0183,0.0275,wind
NC,Surry,SURRY,0.0015,0.0021,0.0385,0.0289,0.0385,wind
NC,Swain,SWAIN,0.0361,0.0029,0.0425,0.1555,0.1555,winter
NC,Transylvania,TRANSYLVANIA,0.017,0.0044,0.0433,0.102,0.102,winter
NC,Tyrrell,TYRRELL,0.0012,0.0022,0.0077,0.0061,0.0077,wind
NC,Union,UNION,0.0031,0.0033,0.0314,0.0153,0.0314,wind
NC,Vance,VANCE,0.0007,0.0013,0.015,0.0194,0.0194,winter
NC,Wake,WAKE,0.0023,0.0032,0.0392,0.0206,0.0392,wind
NC,Warren,WARREN,0.0009,0.0009,0.0127,0.0161,0.0161,winter
NC,Washington,WASHINGTON,0.0012,0.0017,0.0131,0.0093,0.0131,wind
NC,Watauga,WATAUGA,0.0084,0.0069,0.0871,0.0687,0.0871,wind
NC,Wayne,WAYNE,0.001,0.0012,0.0241,0.0091,0.0241,wind
NC,Wilkes,WILKES,0.007,0.0019,0.0383,0.0324,0.0383,wind
NC,Wilson,WILSON,0.001,0.0009,0.0155,0.0106,0.0155,wind
NC,Yadkin,YADKIN,0.0005,0.0015,0.0224,0.0212,0.0224,wind
NC,Yancey,YANCEY,0.013,0.0025,0.0355,0.1983,0.1983,winter
ND,Adams,ADAMS,0.0012,0.0,0.0567,0.0792,0.0792,winter
ND,Barnes,BARNES,0.0012,0.0,0.0325,0.1061,0.1061,winter
ND,Benson,BENSON,0.003,0.0001,0.0279,0.1236,0.1236,winter
ND,Billings,BILLINGS,0.0058,0.0,0.0377,0.0822,0.0822,winter
ND,Bottineau,BOTTINEAU,0.0045,0.0,0.0144,0.0924,0.0924,winter
ND,Bowman,BOWMAN,0.002,0.0,0.0519,0.0754,0.0754,winter
ND,Burke,BURKE,0.0033,0.0,0.0194,0.092,0.092,winter
ND,Burleigh,BURLEIGH,0.0078,0.0002,0.0421,0.0876,0.0876,winter
ND,Cass,CASS,0.0018,0.0,0.0287,0.1092,0.1092,winter
ND,Cavalier,CAVALIER,0.0104,0.0,0.0168,0.1211,0.1211,winter
ND,Dickey,DICKEY,0.0017,0.0,0.0194,0.0995,0.0995,winter
ND,Divide,DIVIDE,0.0011,0.0,0.0206,0.0933,0.0933,winter
ND,Dunn,DUNN,0.0042,0.0,0.0404,0.0862,0.0862,winter
ND,Eddy,EDDY,0.0018,0.0,0.0181,0.1018,0.1018,winter
ND,Emmons,EMMONS,0.0021,0.0,0.0282,0.0827,0.0827,winter
ND,Foster,FOSTER,0.0014,0.0,0.0211,0.0815,0.0815,winter
ND,Golden Valley,GOLDEN VALLEY,0.0022,0.0,0.0383,0.0819,0.0819,winter
ND,Grand Forks,GRAND FORKS,0.0024,0.0003,0.0322,0.1179,0.1179,winter
ND,Grant,GRANT,0.0028,0.0,0.0442,0.0764,0.0764,winter
ND,Griggs,GRIGGS,0.0019,0.0,0.0225,0.1024,0.1024,winter
ND,Hettinger,HETTINGER,0.0008,0.0,0.0522,0.0781,0.0781,winter
ND,Kidder,KIDDER,0.0015,0.0,0.0251,0.0777,0.0777,winter
ND,Lamoure,LAMOURE,0.003,0.0,0.0,0.0002,0.003,fire
ND,Logan,LOGAN,0.0006,0.0,0.0203,0.0825,0.0825,winter
ND,Mchenry,MCHENRY,0.0028,0.0,0.0177,0.0894,0.0894,winter
ND,Mcintosh,MCINTOSH,0.0011,0.0,0.0211,0.0882,0.0882,winter
ND,Mckenzie,MCKENZIE,0.0064,0.0,0.0381,0.0867,0.0867,winter
ND,Mclean,MCLEAN,0.0026,0.0,0.0368,0.0923,0.0923,winter
ND,Mercer,MERCER,0.0055,0.0,0.0315,0.0818,0.0818,winter
ND,Morton,MORTON,0.0041,0.0,0.0489,0.0926,0.0926,winter
ND,Mountrail,MOUNTRAIL,0.0051,0.0,0.0271,0.093,0.093,winter
ND,Nelson,NELSON,0.0024,0.0001,0.0265,0.1145,0.1145,winter
ND,Oliver,OLIVER,0.0012,0.0,0.0302,0.0722,0.0722,winter
ND,Pembina,PEMBINA,0.0019,0.0001,0.017,0.1125,0.1125,winter
ND,Pierce,PIERCE,0.002,0.0,0.0143,0.0879,0.0879,winter
ND,Ramsey,RAMSEY,0.0057,0.0001,0.021,0.1245,0.1245,winter
ND,Ransom,RANSOM,0.0018,0.0,0.0272,0.1069,0.1069,winter
ND,Renville,RENVILLE,0.0013,0.0,0.0163,0.0921,0.0921,winter
ND,Richland,RICHLAND,0.0008,0.0001,0.0305,0.1276,0.1276,winter
ND,Rolette,ROLETTE,0.0171,0.0001,0.0131,0.0952,0.0952,winter
ND,Sargent,SARGENT,0.001,0.0,0.036,0.1221,0.1221,winter
ND,Sheridan,SHERIDAN,0.0015,0.0,0.0174,0.0752,0.0752,winter
ND,Sioux,SIOUX,0.0147,0.0,0.0449,0.0882,0.0882,winter
ND,Slope,SLOPE,0.0019,0.0,0.0548,0.0805,0.0805,winter
ND,Stark,STARK,0.0023,0.0,0.0618,0.0816,0.0816,winter
ND,Steele,STEELE,0.0017,0.0,0.0252,0.1063,0.1063,winter
ND,Stutsman,STUTSMAN,0.0011,0.0,0.0378,0.0934,0.0934,winter
ND,Towner,TOWNER,0.0019,0.0,0.0171,0.1109,0.1109,winter
ND,Traill,TRAILL,0.0009,0.0001,0.0241,0.1011,0.1011,winter
ND,Walsh,WALSH,0.0028,0.0001,0.0203,0.1196,0.1196,winter
ND,Ward,WARD,0.0029,0.0,0.0228,0.1076,0.1076,winter
ND,Wells,WELLS,0.0008,0.0,0.0245,0.0889,0.0889,winter
ND,Williams,WILLIAMS,0.003,0.0,0.0252,0.0979,0.0979,winter
NE,Adams,ADAMS,0.0018,0.0001,0.043,0.1024,0.1024,winter
NE,Antelope,ANTELOPE,0.0018,0.0001,0.0188,0.0917,0.0917,winter
NE,Arthur,ARTHUR,0.0032,0.0,0.0194,0.0593,0.0593,winter
NE,Banner,BANNER,0.0027,0.0,0.0443,0.0973,0.0973,winter
NE,Blaine,BLAINE,0.0036,0.0,0.0295,0.0728,0.0728,winter
NE,Boone,BOONE,0.0014,0.0,0.0171,0.0861,0.0861,winter
NE,Box Butte,BOX BUTTE,0.0021,0.0,0.0324,0.1068,0.1068,winter
NE,Boyd,BOYD,0.0024,0.0001,0.0164,0.0843,0.0843,winter
NE,Brown,BROWN,0.0075,0.0,0.0232,0.0742,0.0742,winter
NE,Buffalo,BUFFALO,0.0044,0.0002,0.0398,0.1219,0.1219,winter
NE,Burt,BURT,0.0006,0.0003,0.0194,0.0547,0.0547,winter
NE,Butler,BUTLER,0.0016,0.0001,0.0137,0.0723,0.0723,winter
NE,Cass,CASS,0.0013,0.0003,0.017,0.0524,0.0524,winter
NE,Cedar,CEDAR,0.0013,0.0001,0.0137,0.1096,0.1096,winter
NE,Chase,CHASE,0.0028,0.0,0.0419,0.054,0.054,winter
NE,Cherry,CHERRY,0.008,0.0,0.0491,0.0983,0.0983,winter
NE,Cheyenne,CHEYENNE,0.0029,0.0,0.0495,0.1102,0.1102,winter
NE,Clay,CLAY,0.0024,0.0001,0.0279,0.1025,0.1025,winter
NE,Colfax,COLFAX,0.001,0.0,0.0129,0.067,0.067,winter
NE,Cuming,CUMING,0.0012,0.0001,0.0139,0.0639,0.0639,winter
NE,Custer,CUSTER,0.0042,0.0001,0.0436,0.102,0.102,winter
NE,Dakota,DAKOTA,0.0024,0.0002,0.0136,0.0967,0.0967,winter
NE,Dawes,DAWES,0.0313,0.0,0.0359,0.1125,0.1125,winter
NE,Dawson,DAWSON,0.004,0.0001,0.0364,0.1238,0.1238,winter
NE,Deuel,DEUEL,0.0013,0.0,0.0386,0.0555,0.0555,winter
NE,Dixon,DIXON,0.0012,0.0,0.0151,0.1041,0.1041,winter
NE,Dodge,DODGE,0.0012,0.0002,0.0151,0.0599,0.0599,winter
NE,Douglas,DOUGLAS,0.0014,0.0004,0.0202,0.0637,0.0637,winter
NE,Dundy,DUNDY,0.0037,0.0,0.0445,0.0784,0.0784,winter
NE,Fillmore,FILLMORE,0.0048,0.0001,0.0215,0.0878,0.0878,winter
NE,Franklin,FRANKLIN,0.0027,0.0001,0.019,0.0979,0.0979,winter
NE,Frontier,FRONTIER,0.0026,0.0001,0.0312,0.0589,0.0589,winter
NE,Furnas,FURNAS,0.002,0.0,0.0327,0.1165,0.1165,winter
NE,Gage,GAGE,0.004,0.0001,0.0231,0.0463,0.0463,winter
NE,Garden,GARDEN,0.0055,0.0,0.0339,0.0713,0.0713,winter
NE,Garfield,GARFIELD,0.003,0.0001,0.0148,0.0648,0.0648,winter
NE,Gosper,GOSPER,0.0026,0.0001,0.022,0.1068,0.1068,winter
NE,Grant,GRANT,0.0039,0.0,0.0223,0.0668,0.0668,winter
NE,Greeley,GREELEY,0.0019,0.0001,0.0149,0.0878,0.0878,winter
NE,Hall,HALL,0.0021,0.0002,0.0339,0.0988,0.0988,winter
NE,Hamilton,HAMILTON,0.0006,0.0001,0.0246,0.0869,0.0869,winter
NE,Harlan,HARLAN,0.002,0.0,0.0177,0.1067,0.1067,winter
NE,Hayes,HAYES,0.0017,0.0,0.026,0.0532,0.0532,winter
NE,Hitchcock,HITCHCOCK,0.0033,0.0,0.0333,0.0723,0.0723,winter
NE,Holt,HOLT,0.0047,0.0001,0.0225,0.0827,0.0827,winter
NE,Hooker,HOOKER,0.0033,0.0,0.0216,0.0783,0.0783,winter
NE,Howard,HOWARD,0.0039,0.0001,0.0192,0.0896,0.0896,winter
NE,Jefferson,JEFFERSON,0.0016,0.0001,0.0123,0.0507,0.0507,winter
NE,Johnson,JOHNSON,0.0012,0.0001,0.01,0.0377,0.0377,winter
NE,Kearney,KEARNEY,0.001,0.0001,0.0236,0.0936,0.0936,winter
NE,Keith,KEITH,0.0063,0.0,0.0355,0.0625,0.0625,winter
NE,Keya Paha,KEYA PAHA,0.0053,0.0,0.0226,0.0831,0.0831,winter
NE,Kimball,KIMBALL,0.0015,0.0,0.0495,0.0975,0.0975,winter
NE,Knox,KNOX,0.0051,0.0001,0.015,0.1026,0.1026,winter
NE,Lancaster,LANCASTER,0.0042,0.0002,0.0251,0.0671,0.0671,winter
NE,Lincoln,LINCOLN,0.0048,0.0002,0.053,0.0669,0.0669,winter
NE,Logan,LOGAN,0.0052,0.0,0.0248,0.0711,0.0711,winter
NE,Loup,LOUP,0.0021,0.0,0.0204,0.0657,0.0657,winter
NE,Madison,MADISON,0.0017,0.0001,0.0215,0.0869,0.0869,winter
NE,Mcpherson,MCPHERSON,0.0033,0.0,0.0251,0.0703,0.0703,winter
NE,Merrick,MERRICK,0.0013,0.0001,0.0186,0.0894,0.0894,winter
NE,Morrill,MORRILL,0.006,0.0,0.0305,0.0837,0.0837,winter
NE,Nance,NANCE,0.0007,0.0001,0.0143,0.0895,0.0895,winter
NE,Nemaha,NEMAHA,0.0019,0.0001,0.013,0.0401,0.0401,winter
NE,Nuckolls,NUCKOLLS,0.0018,0.0001,0.0201,0.091,0.091,winter
NE,Otoe,OTOE,0.0014,0.0001,0.0179,0.0419,0.0419,winter
NE,Pawnee,PAWNEE,0.0022,0.0002,0.0074,0.0395,0.0395,winter
NE,Perkins,PERKINS,0.0013,0.0,0.0307,0.0527,0.0527,winter
NE,Phelps,PHELPS,0.0014,0.0001,0.0251,0.1077,0.1077,winter
NE,Pierce,PIERCE,0.0016,0.0,0.0135,0.0907,0.0907,winter
NE,Platte,PLATTE,0.0013,0.0001,0.0213,0.0862,0.0862,winter
NE,Polk,POLK,0.0015,0.0001,0.0192,0.0983,0.0983,winter
NE,Red Willow,RED WILLOW,0.0025,0.0,0.0614,0.0738,0.0738,winter
NE,Richardson,RICHARDSON,0.001,0.0002,0.0169,0.0463,0.0463,winter
NE,Rock,ROCK,0.0033,0.0,0.0177,0.0756,0.0756,winter
NE,Saline,SALINE,0.0012,0.0001,0.0184,0.0596,0.0596,winter
NE,Sarpy,SARPY,0.0029,0.0002,0.0168,0.0523,0.0523,winter
NE,Saunders,SAUNDERS,0.001,0.0001,0.0229,0.0626,0.0626,winter
NE,Scotts Bluff,SCOTTS BLUFF,0.0088,0.0,0.0701,0.0985,0.0985,winter
NE,Seward,SEWARD,0.0021,0.0001,0.0205,0.0673,0.0673,winter
NE,Sheridan,SHERIDAN,0.005,0.0,0.0353,0.0976,0.0976,winter
NE,Sherman,SHERMAN,0.0037,0.0001,0.0204,0.0963,0.0963,winter
NE,Sioux,SIOUX,0.0122,0.0,0.0307,0.1114,0.1114,winter
NE,Stanton,STANTON,0.0017,0.0001,0.019,0.076,0.076,winter
NE,Thayer,THAYER,0.0011,0.0002,0.0182,0.0713,0.0713,winter
NE,Thomas,THOMAS,0.0156,0.0,0.0204,0.0728,0.0728,winter
NE,Thurston,THURSTON,0.0053,0.0001,0.0152,0.0754,0.0754,winter
NE,Valley,VALLEY,0.0023,0.0001,0.0309,0.1005,0.1005,winter
NE,Washington,WASHINGTON,0.0021,0.0002,0.014,0.0611,0.0611,winter
NE,Wayne,WAYNE,0.0025,0.0001,0.0125,0.0881,0.0881,winter
NE,Webster,WEBSTER,0.0019,0.0001,0.0235,0.0848,0.0848,winter
NE,Wheeler,WHEELER,0.0035,0.0001,0.014,0.0623,0.0623,winter
NE,York,YORK,0.001,0.0002,0.0213,0.0921,0.0921,winter
NH,Belknap,BELKNAP,0.0006,0.0034,0.0257,0.1059,0.1059,winter
NH,Carroll,CARROLL,0.0062,0.0075,0.0328,0.1377,0.1377,winter
NH,Cheshire,CHESHIRE,0.0018,0.0038,0.033,0.0984,0.0984,winter
NH,Coos,COOS,0.0012,0.0055,0.0232,0.1921,0.1921,winter
NH,Grafton,GRAFTON,0.0048,0.0089,0.0353,0.1473,0.1473,winter
NH,Hillsborough,HILLSBOROUGH,0.0008,0.0052,0.0328,0.1017,0.1017,winter
NH,Merrimack,MERRIMACK,0.0012,0.0036,0.0273,0.1037,0.1037,winter
NH,Rockingham,ROCKINGHAM,0.0005,0.0135,0.0335,0.0949,0.0949,winter
NH,Strafford,STRAFFORD,0.0007,0.0038,0.0241,0.0999,0.0999,winter
NH,Sullivan,SULLIVAN,0.0018,0.0024,0.0248,0.115,0.115,winter
NJ,Atlantic,ATLANTIC,0.0083,0.0039,0.0388,0.0462,0.0462,winter
NJ,Bergen,BERGEN,0.001,0.0009,0.0397,0.0421,0.0421,winter
NJ,Burlington,BURLINGTON,0.0109,0.0028,0.0607,0.0643,0.0643,winter
NJ,Camden,CAMDEN,0.0139,0.0031,0.0443,0.0551,0.0551,winter
NJ,Cape May,CAPE MAY,0.007,0.0031,0.0585,0.0382,0.0585,wind
NJ,Cumberland,CUMBERLAND,0.0104,0.0014,0.0463,0.0423,0.0463,wind
NJ,Essex,ESSEX,0.0015,0.0005,0.0337,0.033,0.0337,wind
NJ,Gloucester,GLOUCESTER,0.0086,0.0025,0.0456,0.0536,0.0536,winter
NJ,Hudson,HUDSON,0.0007,0.0003,0.0327,0.0299,0.0327,wind
NJ,Hunterdon,HUNTERDON,0.0033,0.0018,0.0381,0.1182,0.1182,winter
NJ,Mercer,MERCER,0.0025,0.002,0.0437,0.0663,0.0663,winter
NJ,Middlesex,MIDDLESEX,0.0116,0.0015,0.044,0.0625,0.0625,winter
NJ,Monmouth,MONMOUTH,0.0081,0.0037,0.0672,0.0638,0.0672,wind
NJ,Morris,MORRIS,0.0034,0.0017,0.0435,0.1283,0.1283,winter
NJ,Ocean,OCEAN,0.0116,0.0065,0.0785,0.0577,0.0785,wind
NJ,Passaic,PASSAIC,0.002,0.001,0.0316,0.0425,0.0425,winter
NJ,Salem,SALEM,0.0089,0.002,0.0407,0.0433,0.0433,winter
NJ,Somerset,SOMERSET,0.0023,0.002,0.0431,0.0834,0.0834,winter
NJ,Sussex,SUSSEX,0.0125,0.0018,0.0422,0.2035,0.2035,winter
NJ,Union,UNION,0.0012,0.0005,0.0377,0.0311,0.0377,wind
NJ,Warren,WARREN,0.0047,0.0018,0.0418,0.1519,0.1519,winter
NM,Bernalillo,BERNALILLO,0.0227,0.0007,0.0138,0.0251,0.0251,winter
NM,Catron,CATRON,0.0253,0.0001,0.0023,0.0169,0.0253,fire
NM,Chaves,CHAVES,0.0126,0.0005,0.0686,0.0648,0.0686,wind
NM,Cibola,CIBOLA,0.0212,0.0002,0.005,0.0218,0.0218,winter
NM,Colfax,COLFAX,0.0347,0.0001,0.0132,0.0435,0.0435,winter
NM,Curry,CURRY,0.0089,0.0002,0.0608,0.0661,0.0661,winter
NM,De Baca,DE BACA,0.0044,0.0003,0.0473,0.0787,0.0787,winter
NM,Doña Ana,DOÑA ANA,0.0076,0.0008,0.0,0.0001,0.0076,fire
NM,Eddy,EDDY,0.0119,0.002,0.1458,0.0513,0.1458,wind
NM,Grant,GRANT,0.0136,0.0005,0.0025,0.0115,0.0136,fire
NM,Guadalupe,GUADALUPE,0.0112,0.0001,0.1874,0.119,0.1874,wind
NM,Harding,HARDING,0.0081,0.0,0.0265,0.0749,0.0749,winter
NM,Hidalgo,HIDALGO,0.0059,0.0002,0.001,0.0023,0.0059,fire
NM,Lea,LEA,0.0111,0.0016,0.0227,0.01,0.0227,wind
NM,Lincoln,LINCOLN,0.0275,0.0003,0.0725,0.082,0.082,winter
NM,Los Alamos,LOS ALAMOS,0.0111,0.0005,0.0018,0.0323,0.0323,winter
NM,Luna,LUNA,0.0051,0.0005,0.0032,0.0036,0.0051,fire
NM,Mckinley,MCKINLEY,0.0143,0.0001,0.0071,0.0324,0.0324,winter
NM,Mora,MORA,0.0086,0.0,0.0105,0.0411,0.0411,winter
NM,Otero,OTERO,0.0156,0.0004,0.0143,0.0262,0.0262,winter
NM,Quay,QUAY,0.0095,0.0002,0.0703,0.077,0.077,winter
NM,Rio Arriba,RIO ARRIBA,0.0408,0.0001,0.0038,0.033,0.0408,fire
NM,Roosevelt,ROOSEVELT,0.0129,0.0003,0.0441,0.064,0.064,winter
NM,San Juan,SAN JUAN,0.0327,0.0004,0.0109,0.1362,0.1362,winter
NM,San Miguel,SAN MIGUEL,0.0225,0.0001,0.0252,0.0811,0.0811,winter
NM,Sandoval,SANDOVAL,0.0326,0.0004,0.0039,0.003,0.0326,fire
NM,Santa Fe,SANTA FE,0.0172,0.0003,0.0426,0.1317,0.1317,winter
NM,Sierra,SIERRA,0.0068,0.0008,0.0113,0.0225,0.0225,winter
NM,Socorro,SOCORRO,0.0153,0.0013,0.0133,0.0312,0.0312,winter
NM,Taos,TAOS,0.0296,0.0001,0.01,0.0363,0.0363,winter
NM,Torrance,TORRANCE,0.0118,0.0001,0.0112,0.0229,0.0229,winter
NM,Union,UNION,0.0197,0.0002,0.086,0.1011,0.1011,winter
NM,Valencia,VALENCIA,0.0098,0.0004,0.0095,0.0248,0.0248,winter
NV,Carson City,CARSON CITY,0.0167,0.0005,0.1839,0.1691,0.1839,wind
NV,Churchill,CHURCHILL,0.0082,0.0001,0.0168,0.0151,0.0168,wind
NV,Clark,CLARK,0.0321,0.0148,0.0663,0.0297,0.0663,wind
NV,Douglas,DOUGLAS,0.0132,0.0006,0.0926,0.0547,0.0926,wind
NV,Elko,ELKO,0.0185,0.0002,0.0852,0.1401,0.1401,winter
NV,Esmeralda,ESMERALDA,0.0027,0.0002,0.1133,0.0428,0.1133,wind
NV,Eureka,EUREKA,0.006,0.0001,0.0239,0.1157,0.1157,winter
NV,Humboldt,HUMBOLDT,0.0223,0.0001,0.0905,0.1386,0.1386,winter
NV,Lander,LANDER,0.0137,0.0001,0.0285,0.1096,0.1096,winter
NV,Lincoln,LINCOLN,0.0112,0.0006,0.043,0.0758,0.0758,winter
NV,Lyon,LYON,0.0115,0.0004,0.1286,0.0644,0.1286,wind
NV,Mineral,MINERAL,0.0043,0.0001,0.0868,0.0423,0.0868,wind
NV,Nye,NYE,0.0109,0.0005,0.0039,0.0,0.0109,fire
NV,Pershing,PERSHING,0.0135,0.0001,0.0154,0.0149,0.0154,wind
NV,Storey,STOREY,0.0048,0.0003,0.0774,0.0328,0.0774,wind
NV,Washoe,WASHOE,0.0288,0.0004,0.0736,0.0612,0.0736,wind
NV,White Pine,WHITE PINE,0.0135,0.0,0.0379,0.1191,0.1191,winter
NY,Albany,ALBANY,0.0009,0.002,0.0387,0.1364,0.1364,winter
NY,Allegany,ALLEGANY,0.0014,0.0052,0.058,0.1053,0.1053,winter
NY,Bronx,BRONX,0.0001,0.0002,0.0163,0.0279,0.0279,winter
NY,Broome,BROOME,0.0011,0.0113,0.0428,0.0684,0.0684,winter
NY,Cattaraugus,CATTARAUGUS,0.0012,0.0114,0.0829,0.1754,0.1754,winter
NY,Cayuga,CAYUGA,0.0005,0.0072,0.0648,0.1244,0.1244,winter
NY,Chautauqua,CHAUTAUQUA,0.0019,0.0067,0.1112,0.1778,0.1778,winter
NY,Chemung,CHEMUNG,0.001,0.0068,0.0286,0.0454,0.0454,winter
NY,Chenango,CHENANGO,0.001,0.0089,0.0377,0.0758,0.0758,winter
NY,Clinton,CLINTON,0.0014,0.0043,0.0269,0.1697,0.1697,winter
NY,Columbia,COLUMBIA,0.0008,0.0027,0.0423,0.1186,0.1186,winter
NY,Cortland,CORTLAND,0.0006,0.0066,0.0331,0.0635,0.0635,winter
NY,Delaware,DELAWARE,0.0012,0.01,0.037,0.0747,0.0747,winter
NY,Dutchess,DUTCHESS,0.0014,0.0022,0.0521,0.1052,0.1052,winter
NY,Erie,ERIE,0.0003,0.0362,0.1152,0.1679,0.1679,winter
NY,Essex,ESSEX,0.0017,0.0068,0.0338,0.1642,0.1642,winter
NY,Franklin,FRANKLIN,0.0018,0.0039,0.0426,0.178,0.178,winter
NY,Fulton,FULTON,0.001,0.0035,0.0301,0.1531,0.1531,winter
NY,Genesee,GENESEE,0.0008,0.0062,0.0649,0.1061,0.1061,winter
NY,Greene,GREENE,0.0036,0.0024,0.0354,0.1402,0.1402,winter
NY,Hamilton,HAMILTON,0.0016,0.0018,0.0362,0.1741,0.1741,winter
NY,Herkimer,HERKIMER,0.0009,0.0074,0.0637,0.2015,0.2015,winter
NY,Jefferson,JEFFERSON,0.0009,0.009,0.0808,0.1697,0.1697,winter
NY,Kings,KINGS,0.0002,0.0003,0.0274,0.0297,0.0297,winter
NY,Lewis,LEWIS,0.0007,0.0059,0.0825,0.221,0.221,winter
NY,Livingston,LIVINGSTON,0.0007,0.0044,0.0557,0.0958,0.0958,winter
NY,Madison,MADISON,0.0004,0.0053,0.0339,0.0997,0.0997,winter
NY,Monroe,MONROE,0.0006,0.0084,0.068,0.0946,0.0946,winter
NY,Montgomery,MONTGOMERY,0.0007,0.0049,0.0331,0.1243,0.1243,winter
NY,Nassau,NASSAU,0.0007,0.001,0.0525,0.034,0.0525,wind
NY,New York,NEW YORK,0.0003,0.0002,0.0231,0.0266,0.0266,winter
NY,Niagara,NIAGARA,0.0015,0.0089,0.0836,0.0885,0.0885,winter
NY,Oneida,ONEIDA,0.0011,0.0095,0.0546,0.1464,0.1464,winter
NY,Onondaga,ONONDAGA,0.0007,0.007,0.0477,0.107,0.107,winter
NY,Ontario,ONTARIO,0.0006,0.0031,0.0532,0.0842,0.0842,winter
NY,Orange,ORANGE,0.0044,0.0013,0.0422,0.0572,0.0572,winter
NY,Orleans,ORLEANS,0.0008,0.0037,0.0694,0.0829,0.0829,winter
NY,Oswego,OSWEGO,0.0004,0.0065,0.0759,0.2183,0.2183,winter
NY,Otsego,OTSEGO,0.0009,0.005,0.0384,0.0808,0.0808,winter
NY,Putnam,PUTNAM,0.0018,0.0005,0.0161,0.0454,0.0454,winter
NY,Queens,QUEENS,0.001,0.0004,0.043,0.039,0.043,wind
NY,Rensselaer,RENSSELAER,0.0005,0.0025,0.0429,0.1353,0.1353,winter
NY,Richmond,RICHMOND,0.0007,0.0004,0.019,0.0208,0.0208,winter
NY,Rockland,ROCKLAND,0.0054,0.0004,0.0225,0.0359,0.0359,winter
NY,Saratoga,SARATOGA,0.0007,0.0029,0.0498,0.1389,0.1389,winter
NY,Schenectady,SCHENECTADY,0.0003,0.0022,0.0298,0.132,0.132,winter
NY,Schoharie,SCHOHARIE,0.0011,0.0019,0.0337,0.1282,0.1282,winter
NY,Schuyler,SCHUYLER,0.002,0.0028,0.0228,0.0398,0.0398,winter
NY,Seneca,SENECA,0.0014,0.0015,0.0226,0.0445,0.0445,winter
NY,St. Lawrence,ST. LAWRENCE,0.0021,0.0045,0.0499,0.1542,0.1542,winter
NY,Steuben,STEUBEN,0.001,0.0063,0.0403,0.0496,0.0496,winter
NY,Suffolk,SUFFOLK,0.0028,0.0018,0.1212,0.0346,0.1212,wind
NY,Sullivan,SULLIVAN,0.0033,0.0038,0.0375,0.0685,0.0685,winter
NY,Tioga,TIOGA,0.0008,0.0069,0.0311,0.0612,0.0612,winter
NY,Tompkins,TOMPKINS,0.0007,0.0036,0.0284,0.0489,0.0489,winter
NY,Ulster,ULSTER,0.003,0.0022,0.0441,0.1464,0.1464,winter
NY,Warren,WARREN,0.0036,0.0046,0.0357,0.1549,0.1549,winter
NY,Washington,WASHINGTON,0.0015,0.0034,0.0385,0.1352,0.1352,winter
NY,Wayne,WAYNE,0.0003,0.0042,0.0585,0.1073,0.1073,winter
NY,Westchester,WESTCHESTER,0.0007,0.0014,0.0379,0.0418,0.0418,winter
NY,Wyoming,WYOMING,0.0003,0.0068,0.0673,0.1327,0.1327,winter
NY,Yates,YATES,0.0007,0.002,0.0237,0.0426,0.0426,winter
OH,Adams,ADAMS,0.003,0.0017,0.0437,0.0588,0.0588,winter
OH,Allen,ALLEN,0.0003,0.0004,0.0409,0.0344,0.0409,wind
OH,Ashland,ASHLAND,0.0003,0.0019,0.0637,0.0228,0.0637,wind
OH,Ashtabula,ASHTABULA,0.0005,0.0051,0.0657,0.1137,0.1137,winter
OH,Athens,ATHENS,0.008,0.0061,0.0267,0.0308,0.0308,winter
OH,Auglaize,AUGLAIZE,0.0006,0.0013,0.0491,0.0623,0.0623,winter
OH,Belmont,BELMONT,0.0015,0.0024,0.0412,0.0243,0.0412,wind
OH,Brown,BROWN,0.0008,0.0017,0.0522,0.0668,0.0668,winter
OH,Butler,BUTLER,0.0006,0.0012,0.0516,0.0771,0.0771,winter
OH,Carroll,CARROLL,0.0009,0.0019,0.0434,0.0217,0.0434,wind
OH,Champaign,CHAMPAIGN,0.0002,0.0005,0.0539,0.0666,0.0666,winter
OH,Clark,CLARK,0.0005,0.0013,0.0631,0.0793,0.0793,winter
OH,Clermont,CLERMONT,0.0016,0.0013,0.0529,0.0686,0.0686,winter
OH,Clinton,CLINTON,0.0004,0.0009,0.0636,0.072,0.072,winter
OH,Columbiana,COLUMBIANA,0.0007,0.0024,0.0492,0.0358,0.0492,wind
OH,Coshocton,COSHOCTON,0.0025,0.003,0.0426,0.0171,0.0426,wind
OH,Crawford,CRAWFORD,0.0002,0.0007,0.0505,0.0131,0.0505,wind
OH,Cuyahoga,CUYAHOGA,0.0011,0.0053,0.0928,0.0664,0.0928,wind
OH,Darke,DARKE,0.0003,0.0005,0.0628,0.0779,0.0779,winter
OH,Defiance,DEFIANCE,0.0003,0.0007,0.0407,0.0462,0.0462,winter
OH,Delaware,DELAWARE,0.0004,0.0011,0.0557,0.0715,0.0715,winter
OH,Erie,ERIE,0.0004,0.0027,0.0681,0.0128,0.0681,wind
OH,Fairfield,FAIRFIELD,0.0006,0.0015,0.0646,0.0615,0.0646,wind
OH,Fayette,FAYETTE,0.0004,0.0006,0.0452,0.0567,0.0567,winter
OH,Franklin,FRANKLIN,0.0003,0.0013,0.0719,0.0805,0.0805,winter
OH,Fulton,FULTON,0.0011,0.0003,0.0408,0.0407,0.0408,wind
OH,Gallia,GALLIA,0.0046,0.0026,0.0161,0.0242,0.0242,winter
OH,Geauga,GEAUGA,0.0002,0.0033,0.0705,0.0819,0.0819,winter
OH,Greene,GREENE,0.0005,0.0007,0.0632,0.075,0.075,winter
OH,Guernsey,GUERNSEY,0.0033,0.0024,0.0454,0.0187,0.0454,wind
OH,Hamilton,HAMILTON,0.0011,0.0027,0.0496,0.083,0.083,winter
OH,Hancock,HANCOCK,0.0006,0.0013,0.0632,0.016,0.0632,wind
OH,Hardin,HARDIN,0.0003,0.0006,0.0472,0.0371,0.0472,wind
OH,Harrison,HARRISON,0.002,0.0019,0.0446,0.0186,0.0446,wind
OH,Henry,HENRY,0.0007,0.0005,0.0534,0.0336,0.0534,wind
OH,Highland,HIGHLAND,0.0005,0.0007,0.0533,0.0655,0.0655,winter
OH,Hocking,HOCKING,0.0068,0.0034,0.0432,0.0395,0.0432,wind
OH,Holmes,HOLMES,0.0011,0.0017,0.0484,0.0171,0.0484,wind
OH,Huron,HURON,0.0003,0.0024,0.0609,0.0146,0.0609,wind
OH,Jackson,JACKSON,0.0034,0.0022,0.0201,0.0314,0.0314,winter
OH,Jefferson,JEFFERSON,0.0015,0.0028,0.0385,0.023,0.0385,wind
OH,Knox,KNOX,0.0003,0.0024,0.047,0.0147,0.047,wind
OH,Lake,LAKE,0.0007,0.004,0.0724,0.0734,0.0734,winter
OH,Lawrence,LAWRENCE,0.03,0.008,0.0249,0.0258,0.03,fire
OH,Licking,LICKING,0.0004,0.0019,0.0691,0.0705,0.0705,winter
OH,Logan,LOGAN,0.0002,0.0006,0.0589,0.0738,0.0738,winter
OH,Lorain,LORAIN,0.0004,0.0037,0.0871,0.0308,0.0871,wind
OH,Lucas,LUCAS,0.001,0.001,0.0671,0.0188,0.0671,wind
OH,Madison,MADISON,0.0009,0.0005,0.0453,0.049,0.049,winter
OH,Mahoning,MAHONING,0.0006,0.0017,0.0426,0.0281,0.0426,wind
OH,Marion,MARION,0.0003,0.0015,0.0521,0.017,0.0521,wind
OH,Medina,MEDINA,0.0005,0.0021,0.0649,0.0327,0.0649,wind
OH,Meigs,MEIGS,0.0044,0.0053,0.0142,0.0237,0.0237,winter
OH,Mercer,MERCER,0.0002,0.0008,0.0454,0.061,0.061,winter
OH,Miami,MIAMI,0.0002,0.0005,0.0642,0.0739,0.0739,winter
OH,Monroe,MONROE,0.0023,0.0041,0.0322,0.0127,0.0322,wind
OH,Montgomery,MONTGOMERY,0.0005,0.0014,0.0628,0.0866,0.0866,winter
OH,Morgan,MORGAN,0.003,0.0043,0.0281,0.0364,0.0364,winter
OH,Morrow,MORROW,0.0002,0.001,0.0473,0.0117,0.0473,wind
OH,Muskingum,MUSKINGUM,0.0042,0.0026,0.0402,0.0186,0.0402,wind
OH,Noble,NOBLE,0.0038,0.0035,0.0341,0.0136,0.0341,wind
OH,Ottawa,OTTAWA,0.0003,0.0007,0.065,0.0144,0.065,wind
OH,Paulding,PAULDING,0.0003,0.0004,0.0429,0.047,0.047,winter
OH,Perry,PERRY,0.0022,0.0038,0.0356,0.0449,0.0449,winter
OH,Pickaway,PICKAWAY,0.0004,0.001,0.0489,0.0553,0.0553,winter
OH,Pike,PIKE,0.0046,0.0024,0.0422,0.054,0.054,winter
OH,Portage,PORTAGE,0.0007,0.002,0.061,0.0349,0.061,wind
OH,Preble,PREBLE,0.0004,0.0007,0.0556,0.0703,0.0703,winter
OH,Putnam,PUTNAM,0.0003,0.0003,0.0342,0.0363,0.0363,winter
OH,Richland,RICHLAND,0.0008,0.0025,0.0687,0.0241,0.0687,wind
OH,Ross,ROSS,0.0014,0.0025,0.0517,0.0537,0.0537,winter
OH,Sandusky,SANDUSKY,0.0003,0.0009,0.0615,0.0159,0.0615,wind
OH,Scioto,SCIOTO,0.0094,0.0035,0.0458,0.0547,0.0547,winter
OH,Seneca,SENECA,0.0003,0.0009,0.0692,0.0105,0.0692,wind
OH,Shelby,SHELBY,0.0002,0.0005,0.0512,0.0669,0.0669,winter
OH,Stark,STARK,0.0013,0.0021,0.0544,0.0241,0.0544,wind
OH,Summit,SUMMIT,0.0011,0.0019,0.0614,0.0375,0.0614,wind
OH,Trumbull,TRUMBULL,0.0004,0.0025,0.0611,0.0555,0.0611,wind
OH,Tuscarawas,TUSCARAWAS,0.002,0.0023,0.0517,0.0229,0.0517,wind
OH,Union,UNION,0.0002,0.0005,0.049,0.0565,0.0565,winter
OH,Van Wert,VAN WERT,0.0001,0.0003,0.0514,0.0464,0.0514,wind
OH,Vinton,VINTON,0.0059,0.0036,0.0291,0.0328,0.0328,winter
OH,Warren,WARREN,0.001,0.0009,0.0588,0.0853,0.0853,winter
OH,Washington,WASHINGTON,0.011,0.0038,0.0312,0.025,0.0312,wind
OH,Wayne,WAYNE,0.0003,0.0012,0.0507,0.0211,0.0507,wind
OH,Williams,WILLIAMS,0.0003,0.0003,0.0372,0.0467,0.0467,winter
OH,Wood,WOOD,0.0003,0.001,0.0615,0.0212,0.0615,wind
OH,Wyandot,WYANDOT,0.0006,0.0008,0.0437,0.0097,0.0437,wind
OK,Adair,ADAIR,0.1211,0.0026,0.0338,0.014,0.1211,fire
OK,Alfalfa,ALFALFA,0.0044,0.0002,0.0214,0.0354,0.0354,winter
OK,Atoka,ATOKA,0.0475,0.0018,0.0163,0.0148,0.0475,fire
OK,Beaver,BEAVER,0.0134,0.0002,0.0407,0.1099,0.1099,winter
OK,Beckham,BECKHAM,0.0219,0.0005,0.033,0.044,0.044,winter
OK,Blaine,BLAINE,0.0167,0.0004,0.0204,0.0346,0.0346,winter
OK,Bryan,BRYAN,0.0081,0.002,0.0322,0.0175,0.0322,wind
OK,Caddo,CADDO,0.0686,0.001,0.0477,0.0408,0.0686,fire
OK,Canadian,CANADIAN,0.0125,0.0013,0.0287,0.0415,0.0415,winter
OK,Carter,CARTER,0.0111,0.0013,0.0257,0.0198,0.0257,wind
OK,Cherokee,CHEROKEE,0.0527,0.0027,0.0464,0.0151,0.0527,fire
OK,Choctaw,CHOCTAW,0.0197,0.0038,0.0215,0.0155,0.0215,wind
OK,Cimarron,CIMARRON,0.0093,0.0001,0.0684,0.1177,0.1177,winter
OK,Cleveland,CLEVELAND,0.0062,0.0013,0.043,0.037,0.043,wind
OK,Coal,COAL,0.0152,0.0013,0.0121,0.018,0.018,winter
OK,Comanche,COMANCHE,0.0352,0.0014,0.0693,0.0371,0.0693,wind
OK,Cotton,COTTON,0.0076,0.0008,0.0182,0.0212,0.0212,winter
OK,Craig,CRAIG,0.0043,0.0005,0.0258,0.0157,0.0258,wind
OK,Creek,CREEK,0.0732,0.0013,0.0373,0.0249,0.0732,fire
OK,Custer,CUSTER,0.0226,0.0005,0.032,0.0391,0.0391,winter
OK,Delaware,DELAWARE,0.0531,0.001,0.0429,0.0179,0.0531,fire
OK,Dewey,DEWEY,0.0084,0.0002,0.0281,0.0503,0.0503,winter
OK,Ellis,ELLIS,0.0081,0.0002,0.0297,0.0486,0.0486,winter
OK,Garfield,GARFIELD,0.0038,0.0003,0.0224,0.0389,0.0389,winter
OK,Garvin,GARVIN,0.0141,0.0012,0.0211,0.0298,0.0298,winter
OK,Grady,GRADY,0.0135,0.0011,0.0332,0.0375,0.0375,winter
OK,Grant,GRANT,0.0015,0.0002,0.0126,0.0305,0.0305,winter
OK,Greer,GREER,0.0075,0.0005,0.0214,0.0383,0.0383,winter
OK,Harmon,HARMON,0.0029,0.0002,0.026,0.0381,0.0381,winter
OK,Harper,HARPER,0.0139,0.0004,0.0196,0.0491,0.0491,winter
OK,Haskell,HASKELL,0.0351,0.0027,0.0399,0.0146,0.0399,wind
OK,Hughes,HUGHES,0.0455,0.0013,0.0167,0.0161,0.0455,fire
OK,Jackson,JACKSON,0.005,0.0008,0.0375,0.0391,0.0391,winter
OK,Jefferson,JEFFERSON,0.0048,0.0012,0.015,0.0177,0.0177,winter
OK,Johnston,JOHNSTON,0.0251,0.0011,0.0229,0.0193,0.0251,fire
OK,Kay,KAY,0.0126,0.0005,0.0233,0.0016,0.0233,wind
OK,Kingfisher,KINGFISHER,0.0037,0.0005,0.028,0.0404,0.0404,winter
OK,Kiowa,KIOWA,0.0073,0.0007,0.037,0.0316,0.037,wind
OK,Latimer,LATIMER,0.0623,0.0015,0.0193,0.0125,0.0623,fire
OK,Le Flore,LE FLORE,0.0883,0.0038,0.0622,0.016,0.0883,fire
OK,Lincoln,LINCOLN,0.0205,0.0008,0.0187,0.0312,0.0312,winter
OK,Logan,LOGAN,0.017,0.0009,0.0219,0.0356,0.0356,winter
OK,Love,LOVE,0.0085,0.0013,0.0174,0.0228,0.0228,winter
OK,Major,MAJOR,0.0082,0.0003,0.0186,0.0371,0.0371,winter
OK,Marshall,MARSHALL,0.0112,0.0015,0.0168,0.018,0.018,winter
OK,Mayes,MAYES,0.0296,0.003,0.0328,0.0158,0.0328,wind
OK,Mcclain,MCCLAIN,0.009,0.001,0.0225,0.0334,0.0334,winter
OK,Mccurtain,MCCURTAIN,0.0417,0.0045,0.0434,0.0211,0.0434,wind
OK,Mcintosh,MCINTOSH,0.0585,0.0021,0.0312,0.0177,0.0585,fire
OK,Murray,MURRAY,0.0174,0.0018,0.0122,0.0219,0.0219,winter
OK,Muskogee,MUSKOGEE,0.0246,0.0047,0.0455,0.0171,0.0455,wind
OK,Noble,NOBLE,0.0192,0.0006,0.0188,0.0339,0.0339,winter
OK,Nowata,NOWATA,0.0081,0.001,0.0183,0.0227,0.0227,winter
OK,Okfuskee,OKFUSKEE,0.0685,0.001,0.0275,0.0233,0.0685,fire
OK,Oklahoma,OKLAHOMA,0.006,0.0022,0.0454,0.0413,0.0454,wind
OK,Okmulgee,OKMULGEE,0.0454,0.0014,0.0306,0.0221,0.0454,fire
OK,Osage,OSAGE,0.1525,0.0009,0.0396,0.0263,0.1525,fire
OK,Ottawa,OTTAWA,0.0491,0.0015,0.0276,0.015,0.0491,fire
OK,Pawnee,PAWNEE,0.0248,0.0011,0.0158,0.0342,0.0342,winter
OK,Payne,PAYNE,0.0165,0.0012,0.0277,0.0339,0.0339,winter
OK,Pittsburg,PITTSBURG,0.0601,0.0023,0.0313,0.0209,0.0601,fire
OK,Pontotoc,PONTOTOC,0.0159,0.0009,0.0195,0.0166,0.0195,wind
OK,Pottawatomie,POTTAWATOMIE,0.0216,0.0012,0.0236,0.0318,0.0318,winter
OK,Pushmataha,PUSHMATAHA,0.0481,0.0026,0.0295,0.0153,0.0481,fire
OK,Roger Mills,ROGER MILLS,0.0122,0.0003,0.0263,0.0389,0.0389,winter
OK,Rogers,ROGERS,0.0162,0.0019,0.035,0.0205,0.035,wind
OK,Seminole,SEMINOLE,0.0823,0.0009,0.0168,0.017,0.0823,fire
OK,Sequoyah,SEQUOYAH,0.0422,0.0024,0.0425,0.0129,0.0425,wind
OK,Stephens,STEPHENS,0.0173,0.0014,0.0311,0.0243,0.0311,wind
OK,Texas,TEXAS,0.0207,0.0001,0.0599,0.1232,0.1232,winter
OK,Tillman,TILLMAN,0.0028,0.0006,0.0349,0.0254,0.0349,wind
OK,Tulsa,TULSA,0.0105,0.004,0.0585,0.0271,0.0585,wind
OK,Wagoner,WAGONER,0.0167,0.0032,0.0365,0.0181,0.0365,wind
OK,Washington,WASHINGTON,0.0194,0.0014,0.0279,0.0227,0.0279,wind
OK,Washita,WASHITA,0.0056,0.0005,0.0351,0.0383,0.0383,winter
OK,Woods,WOODS,0.0077,0.0003,0.0294,0.0374,0.0374,winter
OK,Woodward,WOODWARD,0.0313,0.0004,0.0416,0.0498,0.0498,winter
OR,Baker,BAKER,0.0169,0.0002,0.0156,0.1024,0.1024,winter
OR,Benton,BENTON,0.0015,0.0019,0.0021,0.0001,0.0021,wind
OR,Clackamas,CLACKAMAS,0.0124,0.0064,0.0093,0.002,0.0124,fire
OR,Clatsop,CLATSOP,0.0021,0.001,0.003,0.0002,0.003,wind
OR,Columbia,COLUMBIA,0.0077,0.0044,0.0664,0.1385,0.1385,winter
OR,Coos,COOS,0.0071,0.002,0.0038,0.0023,0.0071,fire
OR,Crook,CROOK,0.0232,0.0002,0.0007,0.0,0.0232,fire
OR,Curry,CURRY,0.0137,0.0031,0.2826,0.1717,0.2826,wind
OR,Deschutes,DESCHUTES,0.029,0.0003,0.003,0.0005,0.029,fire
OR,Douglas,DOUGLAS,0.0133,0.0011,0.0281,0.1137,0.1137,winter
OR,Gilliam,GILLIAM,0.0051,0.0001,0.003,0.0177,0.0177,winter
OR,Grant,GRANT,0.0282,0.0001,0.0019,0.0009,0.0282,fire
OR,Harney,HARNEY,0.0349,0.0001,0.02,0.0678,0.0678,winter
OR,Hood River,HOOD RIVER,0.0408,0.0029,0.0131,0.0733,0.0733,winter
OR,Jackson,JACKSON,0.0134,0.0012,0.0414,0.1389,0.1389,winter
OR,Jefferson,JEFFERSON,0.0155,0.0003,0.0017,0.0012,0.0155,fire
OR,Josephine,JOSEPHINE,0.014,0.0025,0.0288,0.1471,0.1471,winter
OR,Klamath,KLAMATH,0.0321,0.0002,0.0931,0.1268,0.1268,winter
OR,Lake,LAKE,0.0295,0.0002,0.2592,0.1316,0.2592,wind
OR,Lane,LANE,0.0139,0.0032,0.0402,0.122,0.122,winter
OR,Lincoln,LINCOLN,0.0037,0.005,0.0133,0.0009,0.0133,wind
OR,Linn,LINN,0.0048,0.0013,0.0046,0.0015,0.0048,fire
OR,Malheur,MALHEUR,0.0368,0.0,0.0138,0.0394,0.0394,winter
OR,Marion,MARION,0.0015,0.0014,0.0096,0.0017,0.0096,wind
OR,Morrow,MORROW,0.0088,0.0002,0.0008,0.0002,0.0088,fire
OR,Multnomah,MULTNOMAH,0.0009,0.0041,0.0077,0.0003,0.0077,wind
OR,Polk,POLK,0.001,0.0034,0.0025,0.0028,0.0034,flood
OR,Sherman,SHERMAN,0.0022,0.0001,0.0002,0.0,0.0022,fire
OR,Tillamook,TILLAMOOK,0.0026,0.0131,0.0074,0.001,0.0131,flood
OR,Umatilla,UMATILLA,0.0124,0.0005,0.0045,0.001,0.0124,fire
OR,Union,UNION,0.0102,0.0004,0.0011,0.0003,0.0102,fire
OR,Wallowa,WALLOWA,0.016,0.0003,0.0653,0.1035,0.1035,winter
OR,Wasco,WASCO,0.0208,0.0004,0.0032,0.0009,0.0208,fire
OR,Washington,WASHINGTON,0.0012,0.0026,0.0056,0.0004,0.0056,wind
OR,Wheeler,WHEELER,0.0139,0.0002,0.0043,0.018,0.018,winter
OR,Yamhill,YAMHILL,0.0012,0.0021,0.0015,0.0,0.0021,flood
PA,Adams,ADAMS,0.0009,0.0009,0.0393,0.0274,0.0393,wind
PA,Allegheny,ALLEGHENY,0.0015,0.0102,0.0634,0.0501,0.0634,wind
PA,Armstrong,ARMSTRONG,0.0014,0.0033,0.0458,0.0422,0.0458,wind
PA,Beaver,BEAVER,0.0006,0.0077,0.0473,0.033,0.0473,wind
PA,Bedford,BEDFORD,0.0021,0.0013,0.0366,0.052,0.052,winter
PA,Berks,BERKS,0.011,0.0015,0.0706,0.1241,0.1241,winter
PA,Blair,BLAIR,0.0068,0.0017,0.0389,0.0446,0.0446,winter
PA,Bradford,BRADFORD,0.0002,0.0146,0.0433,0.0546,0.0546,winter
PA,Bucks,BUCKS,0.0035,0.0028,0.0414,0.0977,0.0977,winter
PA,Butler,BUTLER,0.0009,0.003,0.0468,0.0489,0.0489,winter
PA,Cambria,CAMBRIA,0.0021,0.0023,0.0569,0.0665,0.0665,winter
PA,Cameron,CAMERON,0.0012,0.0028,0.0219,0.0534,0.0534,winter
PA,Carbon,CARBON,0.013,0.0013,0.0332,0.219,0.219,winter
PA,Centre,CENTRE,0.0075,0.0011,0.0448,0.0541,0.0541,winter
PA,Chester,CHESTER,0.003,0.002,0.0664,0.093,0.093,winter
PA,Clarion,CLARION,0.001,0.0056,0.0381,0.0556,0.0556,winter
PA,Clearfield,CLEARFIELD,0.0019,0.0025,0.0558,0.054,0.0558,wind
PA,Clinton,CLINTON,0.0016,0.0021,0.0423,0.0609,0.0609,winter
PA,Columbia,COLUMBIA,0.0004,0.0016,0.0296,0.0344,0.0344,winter
PA,Crawford,CRAWFORD,0.001,0.0036,0.0666,0.1138,0.1138,winter
PA,Cumberland,CUMBERLAND,0.001,0.0005,0.0296,0.027,0.0296,wind
PA,Dauphin,DAUPHIN,0.001,0.0008,0.035,0.0321,0.035,wind
PA,Delaware,DELAWARE,0.0039,0.0016,0.0433,0.0567,0.0567,winter
PA,Elk,ELK,0.0051,0.0023,0.0263,0.0008,0.0263,wind
PA,Erie,ERIE,0.0008,0.0104,0.0764,0.1523,0.1523,winter
PA,Fayette,FAYETTE,0.0042,0.0077,0.0606,0.0882,0.0882,winter
PA,Forest,FOREST,0.0033,0.0032,0.0415,0.0667,0.0667,winter
PA,Franklin,FRANKLIN,0.0013,0.0006,0.0432,0.0278,0.0432,wind
PA,Fulton,FULTON,0.001,0.0005,0.0187,0.0354,0.0354,winter
PA,Greene,GREENE,0.0025,0.0039,0.0367,0.0262,0.0367,wind
PA,Huntingdon,HUNTINGDON,0.0024,0.0025,0.0362,0.0409,0.0409,winter
PA,Indiana,INDIANA,0.0017,0.0034,0.0479,0.05,0.05,winter
PA,Jefferson,JEFFERSON,0.0015,0.0028,0.052,0.0495,0.052,wind
PA,Juniata,JUNIATA,0.0014,0.0008,0.03,0.0328,0.0328,winter
PA,Lackawanna,LACKAWANNA,0.0025,0.0068,0.0386,0.0615,0.0615,winter
PA,Lancaster,LANCASTER,0.0005,0.0014,0.0559,0.0258,0.0559,wind
PA,Lawrence,LAWRENCE,0.0005,0.003,0.0484,0.0383,0.0484,wind
PA,Lebanon,LEBANON,0.0004,0.0005,0.0431,0.0234,0.0431,wind
PA,Lehigh,LEHIGH,0.0071,0.0015,0.0531,0.1309,0.1309,winter
PA,Luzerne,LUZERNE,0.0033,0.0081,0.0386,0.0528,0.0528,winter
PA,Lycoming,LYCOMING,0.0004,0.0021,0.0495,0.0574,0.0574,winter
PA,Mckean,MCKEAN,0.0031,0.0031,0.0515,0.0849,0.0849,winter
PA,Mercer,MERCER,0.0005,0.0023,0.0534,0.0618,0.0618,winter
PA,Mifflin,MIFFLIN,0.0015,0.0004,0.026,0.0347,0.0347,winter
PA,Monroe,MONROE,0.0123,0.0011,0.0371,0.2315,0.2315,winter
PA,Montgomery,MONTGOMERY,0.0029,0.0022,0.06,0.1004,0.1004,winter
PA,Montour,MONTOUR,0.0006,0.0015,0.017,0.0354,0.0354,winter
PA,Northampton,NORTHAMPTON,0.0135,0.0016,0.0503,0.1537,0.1537,winter
PA,Northumberland,NORTHUMBERLAND,0.0005,0.0012,0.0332,0.032,0.0332,wind
PA,Perry,PERRY,0.0015,0.0007,0.0218,0.0346,0.0346,winter
PA,Philadelphia,PHILADELPHIA,0.0011,0.0029,0.042,0.0603,0.0603,winter
PA,Pike,PIKE,0.0049,0.0023,0.0322,0.0613,0.0613,winter
PA,Potter,POTTER,0.0013,0.0021,0.0414,0.0637,0.0637,winter
PA,Schuylkill,SCHUYLKILL,0.0022,0.0014,0.0338,0.0358,0.0358,winter
PA,Snyder,SNYDER,0.0017,0.0004,0.0166,0.0326,0.0326,winter
PA,Somerset,SOMERSET,0.0023,0.0023,0.0451,0.0865,0.0865,winter
PA,Sullivan,SULLIVAN,0.0015,0.002,0.031,0.0562,0.0562,winter
PA,Susquehanna,SUSQUEHANNA,0.0007,0.0051,0.0349,0.0678,0.0678,winter
PA,Tioga,TIOGA,0.0014,0.0021,0.0313,0.0568,0.0568,winter
PA,Union,UNION,0.0011,0.0014,0.0194,0.034,0.034,winter
PA,Venango,VENANGO,0.0014,0.0054,0.0561,0.0835,0.0835,winter
PA,Warren,WARREN,0.0041,0.0035,0.0523,0.1062,0.1062,winter
PA,Washington,WASHINGTON,0.0005,0.0059,0.0612,0.0325,0.0612,wind
PA,Wayne,WAYNE,0.0015,0.004,0.0333,0.0713,0.0713,winter
PA,Westmoreland,WESTMORELAND,0.0103,0.0037,0.0768,0.0885,0.0885,winter
PA,Wyoming,WYOMING,0.0008,0.0068,0.024,0.0524,0.0524,winter
PA,York,YORK,0.001,0.0012,0.0487,0.0245,0.0487,wind
RI,Bristol,BRISTOL,0.0005,0.0017,0.0414,0.025,0.0414,wind
RI,Kent,KENT,0.0013,0.0033,0.0631,0.0449,0.0631,wind
RI,Newport,NEWPORT,0.0006,0.0033,0.0469,0.0273,0.0469,wind
RI,Providence,PROVIDENCE,0.0008,0.0044,0.0711,0.0659,0.0711,wind
RI,Washington,WASHINGTON,0.0012,0.0028,0.0657,0.0254,0.0657,wind
SC,Abbeville,ABBEVILLE,0.0086,0.0011,0.0259,0.0187,0.0259,wind
SC,Aiken,AIKEN,0.032,0.0013,0.0403,0.0047,0.0403,wind
SC,Allendale,ALLENDALE,0.002,0.0009,0.0263,0.0026,0.0263,wind
SC,Anderson,ANDERSON,0.0031,0.0028,0.0525,0.028,0.0525,wind
SC,Bamberg,BAMBERG,0.0037,0.0009,0.0216,0.0019,0.0216,wind
SC,Barnwell,BARNWELL,0.0233,0.0007,0.0312,0.0017,0.0312,wind
SC,Beaufort,BEAUFORT,0.0016,0.0021,0.0264,0.002,0.0264,wind
SC,Berkeley,BERKELEY,0.025,0.0028,0.0301,0.0054,0.0301,wind
SC,Calhoun,CALHOUN,0.0013,0.0011,0.0281,0.0033,0.0281,wind
SC,Charleston,CHARLESTON,0.0143,0.0044,0.0401,0.0035,0.0401,wind
SC,Cherokee,CHEROKEE,0.0046,0.002,0.0244,0.0319,0.0319,winter
SC,Chester,CHESTER,0.0067,0.0012,0.03,0.0225,0.03,wind
SC,Chesterfield,CHESTERFIELD,0.0076,0.0008,0.0303,0.0116,0.0303,wind
SC,Clarendon,CLARENDON,0.0019,0.0014,0.0279,0.0035,0.0279,wind
SC,Colleton,COLLETON,0.0028,0.0013,0.0438,0.003,0.0438,wind
SC,Darlington,DARLINGTON,0.0035,0.0007,0.0182,0.0088,0.0182,wind
SC,Dillon,DILLON,0.0025,0.0013,0.0153,0.006,0.0153,wind
SC,Dorchester,DORCHESTER,0.0035,0.0017,0.0349,0.0033,0.0349,wind
SC,Edgefield,EDGEFIELD,0.0178,0.0008,0.0337,0.0054,0.0337,wind
SC,Fairfield,FAIRFIELD,0.0093,0.0019,0.0319,0.0085,0.0319,wind
SC,Florence,FLORENCE,0.0029,0.0015,0.0183,0.0058,0.0183,wind
SC,Georgetown,GEORGETOWN,0.003,0.0044,0.0185,0.006,0.0185,wind
SC,Greenville,GREENVILLE,0.0022,0.0043,0.0523,0.0463,0.0523,wind
SC,Greenwood,GREENWOOD,0.0065,0.002,0.032,0.018,0.032,wind
SC,Hampton,HAMPTON,0.0025,0.0007,0.0361,0.0017,0.0361,wind
SC,Horry,HORRY,0.0041,0.0028,0.0264,0.0045,0.0264,wind
SC,Jasper,JASPER,0.0026,0.0011,0.0286,0.0015,0.0286,wind
SC,Kershaw,KERSHAW,0.0027,0.0023,0.0307,0.0069,0.0307,wind
SC,Lancaster,LANCASTER,0.0039,0.0041,0.0343,0.0112,0.0343,wind
SC,Laurens,LAURENS,0.0056,0.0015,0.0448,0.0217,0.0448,wind
SC,Lee,LEE,0.002,0.0007,0.0154,0.0012,0.0154,wind
SC,Lexington,LEXINGTON,0.0007,0.0022,0.0593,0.0066,0.0593,wind
SC,Marion,MARION,0.0032,0.0018,0.0141,0.0049,0.0141,wind
SC,Marlboro,MARLBORO,0.0036,0.0019,0.016,0.0073,0.016,wind
SC,Mccormick,MCCORMICK,0.03,0.0007,0.0311,0.0071,0.0311,wind
SC,Newberry,NEWBERRY,0.0136,0.0014,0.0487,0.0114,0.0487,wind
SC,Oconee,OCONEE,0.0184,0.0018,0.0478,0.0321,0.0478,wind
SC,Orangeburg,ORANGEBURG,0.003,0.0014,0.0416,0.0039,0.0416,wind
SC,Pickens,PICKENS,0.0087,0.0021,0.0438,0.0462,0.0462,winter
SC,Richland,RICHLAND,0.0023,0.0053,0.0539,0.0059,0.0539,wind
SC,Saluda,SALUDA,0.0096,0.0013,0.031,0.0065,0.031,wind
SC,Spartanburg,SPARTANBURG,0.0024,0.0042,0.0544,0.0418,0.0544,wind
SC,Sumter,SUMTER,0.0023,0.001,0.0349,0.004,0.0349,wind
SC,Union,UNION,0.0213,0.0019,0.035,0.0217,0.035,wind
SC,Williamsburg,WILLIAMSBURG,0.0021,0.0013,0.0205,0.0048,0.0205,wind
SC,York,YORK,0.0023,0.0027,0.0396,0.028,0.0396,wind
SD,Aurora,AURORA,0.0003,0.0,0.0275,0.1626,0.1626,winter
SD,Beadle,BEADLE,0.001,0.0,0.0302,0.1662,0.1662,winter
SD,Bennett,BENNETT,0.007,0.0,0.0492,0.1154,0.1154,winter
SD,Bon Homme,BON HOMME,0.0012,0.0,0.0224,0.1397,0.1397,winter
SD,Brookings,BROOKINGS,0.0009,0.0,0.0197,0.194,0.194,winter
SD,Brown,BROWN,0.0103,0.0,0.0448,0.1462,0.1462,winter
SD,Brule,BRULE,0.0014,0.0,0.0334,0.1511,0.1511,winter
SD,Buffalo,BUFFALO,0.0043,0.0,0.0345,0.0902,0.0902,winter
SD,Butte,BUTTE,0.011,0.0,0.106,0.134,0.134,winter
SD,Campbell,CAMPBELL,0.0016,0.0,0.0289,0.0888,0.0888,winter
SD,Charles Mix,CHARLES MIX,0.003,0.0001,0.0346,0.1589,0.1589,winter
SD,Clark,CLARK,0.0007,0.0,0.0252,0.154,0.154,winter
SD,Clay,CLAY,0.0023,0.0,0.0181,0.1467,0.1467,winter
SD,Codington,CODINGTON,0.0019,0.0,0.0187,0.1392,0.1392,winter
SD,Corson,CORSON,0.0167,0.0,0.0789,0.0977,0.0977,winter
SD,Custer,CUSTER,0.069,0.0,0.0536,0.09,0.09,winter
SD,Davison,DAVISON,0.0018,0.0,0.0371,0.161,0.161,winter
SD,Day,DAY,0.0014,0.0,0.0035,0.0003,0.0035,wind
SD,Deuel,DEUEL,0.0015,0.0,0.0195,0.1491,0.1491,winter
SD,Dewey,DEWEY,0.0147,0.0,0.0492,0.0974,0.0974,winter
SD,Douglas,DOUGLAS,0.0013,0.0,0.0263,0.1574,0.1574,winter
SD,Edmunds,EDMUNDS,0.0006,0.0,0.0312,0.122,0.122,winter
SD,Fall River,FALL RIVER,0.0341,0.0,0.0434,0.1133,0.1133,winter
SD,Faulk,FAULK,0.0009,0.0,0.0299,0.1161,0.1161,winter
SD,Grant,GRANT,0.0012,0.0001,0.0275,0.1498,0.1498,winter
SD,Gregory,GREGORY,0.0042,0.0001,0.0384,0.1429,0.1429,winter
SD,Haakon,HAAKON,0.003,0.0,0.1111,0.1243,0.1243,winter
SD,Hamlin,HAMLIN,0.0014,0.0,0.0182,0.1436,0.1436,winter
SD,Hand,HAND,0.0013,0.0,0.0384,0.1242,0.1242,winter
SD,Hanson,HANSON,0.0009,0.0,0.0211,0.1673,0.1673,winter
SD,Harding,HARDING,0.0094,0.0,0.151,0.121,0.151,wind
SD,Hughes,HUGHES,0.0046,0.0,0.0615,0.1028,0.1028,winter
SD,Hutchinson,HUTCHINSON,0.0008,0.0,0.0248,0.1635,0.1635,winter
SD,Hyde,HYDE,0.0022,0.0,0.0281,0.0992,0.0992,winter
SD,Jackson,JACKSON,0.0155,0.0001,0.0739,0.1267,0.1267,winter
SD,Jerauld,JERAULD,0.0011,0.0,0.0234,0.1475,0.1475,winter
SD,Jones,JONES,0.0062,0.0,0.0569,0.0987,0.0987,winter
SD,Kingsbury,KINGSBURY,0.0011,0.0,0.0196,0.1749,0.1749,winter
SD,Lake,LAKE,0.0021,0.0,0.0212,0.1961,0.1961,winter
SD,Lawrence,LAWRENCE,0.0442,0.0001,0.0142,0.0201,0.0442,fire
SD,Lincoln,LINCOLN,0.0017,0.0001,0.023,0.2,0.2,winter
SD,Lyman,LYMAN,0.0126,0.0,0.0696,0.1013,0.1013,winter
SD,Marshall,MARSHALL,0.0018,0.0,0.027,0.125,0.125,winter
SD,Mccook,MCCOOK,0.0006,0.0,0.0209,0.1897,0.1897,winter
SD,Mcpherson,MCPHERSON,0.001,0.0,0.0351,0.1169,0.1169,winter
SD,Meade,MEADE,0.0295,0.0,0.1842,0.1588,0.1842,wind
SD,Mellette,MELLETTE,0.0135,0.0,0.0387,0.0933,0.0933,winter
SD,Miner,MINER,0.0004,0.0,0.0211,0.1652,0.1652,winter
SD,Minnehaha,MINNEHAHA,0.0022,0.0001,0.0284,0.2181,0.2181,winter
SD,Moody,MOODY,0.0013,0.0,0.0152,0.1888,0.1888,winter
SD,Oglala Lakota,OGLALA LAKOTA,0.0261,0.0,0.0696,0.1311,0.1311,winter
SD,Pennington,PENNINGTON,0.0737,0.0001,0.1549,0.147,0.1549,wind
SD,Perkins,PERKINS,0.0027,0.0,0.1118,0.1108,0.1118,wind
SD,Potter,POTTER,0.0023,0.0,0.035,0.1152,0.1152,winter
SD,Roberts,ROBERTS,0.0038,0.0,0.0654,0.144,0.144,winter
SD,Sanborn,SANBORN,0.0015,0.0,0.0267,0.155,0.155,winter
SD,Spink,SPINK,0.0015,0.0,0.0248,0.1309,0.1309,winter
SD,Stanley,STANLEY,0.0083,0.0,0.0647,0.0975,0.0975,winter
SD,Sully,SULLY,0.0006,0.0,0.0424,0.095,0.095,winter
SD,Todd,TODD,0.0221,0.0001,0.0663,0.1074,0.1074,winter
SD,Tripp,TRIPP,0.0031,0.0,0.0672,0.1101,0.1101,winter
SD,Turner,TURNER,0.0016,0.0,0.0206,0.1818,0.1818,winter
SD,Union,UNION,0.0012,0.0001,0.0219,0.1521,0.1521,winter
SD,Walworth,WALWORTH,0.0029,0.0,0.033,0.1027,0.1027,winter
SD,Yankton,YANKTON,0.0029,0.0001,0.0255,0.1627,0.1627,winter
SD,Ziebach,ZIEBACH,0.0071,0.0,0.1049,0.1148,0.1148,winter
TN,Anderson,ANDERSON,0.0326,0.001,0.0208,0.0109,0.0326,fire
TN,Bedford,BEDFORD,0.0017,0.0007,0.0323,0.0224,0.0323,wind
TN,Benton,BENTON,0.01,0.0017,0.0503,0.0193,0.0503,wind
TN,Bledsoe,BLEDSOE,0.0115,0.0011,0.0383,0.0115,0.0383,wind
TN,Blount,BLOUNT,0.0208,0.0012,0.0675,0.0279,0.0675,wind
TN,Bradley,BRADLEY,0.0017,0.0018,0.0263,0.0079,0.0263,wind
TN,Campbell,CAMPBELL,0.0578,0.0018,0.0208,0.0198,0.0578,fire
TN,Cannon,CANNON,0.0027,0.0008,0.0314,0.0209,0.0314,wind
TN,Carroll,CARROLL,0.0061,0.0026,0.025,0.0254,0.0254,winter
TN,Carter,CARTER,0.0325,0.0024,0.0337,0.0551,0.0551,winter
TN,Cheatham,CHEATHAM,0.0021,0.0019,0.036,0.0244,0.036,wind
TN,Chester,CHESTER,0.0047,0.0022,0.0213,0.0214,0.0214,winter
TN,Claiborne,CLAIBORNE,0.0124,0.0014,0.0232,0.0187,0.0232,wind
TN,Clay,CLAY,0.0032,0.001,0.0375,0.0291,0.0375,wind
TN,Cocke,COCKE,0.0293,0.0015,0.0405,0.0363,0.0405,wind
TN,Coffee,COFFEE,0.0027,0.0011,0.0391,0.0255,0.0391,wind
TN,Crockett,CROCKETT,0.0008,0.0021,0.0177,0.021,0.021,winter
TN,Cumberland,CUMBERLAND,0.0178,0.0015,0.0279,0.0522,0.0522,winter
TN,Davidson,DAVIDSON,0.0014,0.008,0.0924,0.0371,0.0924,wind
TN,Decatur,DECATUR,0.0061,0.002,0.0239,0.0187,0.0239,wind
TN,Dekalb,DEKALB,0.0051,0.0011,0.0365,0.0322,0.0365,wind
TN,Dickson,DICKSON,0.003,0.0022,0.0516,0.0276,0.0516,wind
TN,Dyer,DYER,0.0011,0.0022,0.0319,0.0223,0.0319,wind
TN,Fayette,FAYETTE,0.0032,0.0033,0.0253,0.0154,0.0253,wind
TN,Fentress,FENTRESS,0.0114,0.0012,0.0321,0.0674,0.0674,winter
TN,Franklin,FRANKLIN,0.0038,0.0011,0.0353,0.1118,0.1118,winter
TN,Gibson,GIBSON,0.0012,0.0024,0.0271,0.0257,0.0271,wind
TN,Giles,GILES,0.0022,0.002,0.0316,0.0213,0.0316,wind
TN,Grainger,GRAINGER,0.0081,0.001,0.0196,0.0143,0.0196,wind
TN,Greene,GREENE,0.0078,0.0011,0.0691,0.0369,0.0691,wind
TN,Grundy,GRUNDY,0.0155,0.0011,0.031,0.0323,0.0323,winter
TN,Hamblen,HAMBLEN,0.0044,0.0011,0.0152,0.0125,0.0152,wind
TN,Hamilton,HAMILTON,0.0104,0.002,0.0442,0.008,0.0442,wind
TN,Hancock,HANCOCK,0.013,0.001,0.0114,0.0154,0.0154,winter
TN,Hardeman,HARDEMAN,0.0072,0.002,0.0226,0.0196,0.0226,wind
TN,Hardin,HARDIN,0.0093,0.0033,0.0231,0.0177,0.0231,wind
TN,Hawkins,HAWKINS,0.0104,0.0009,0.0261,0.0149,0.0261,wind
TN,Haywood,HAYWOOD,0.0014,0.0019,0.0145,0.0186,0.0186,winter
TN,Henderson,HENDERSON,0.0053,0.0019,0.022,0.0233,0.0233,winter
TN,Henry,HENRY,0.0027,0.0024,0.0358,0.0225,0.0358,wind
TN,Hickman,HICKMAN,0.0135,0.0024,0.0412,0.0286,0.0412,wind
TN,Houston,HOUSTON,0.0118,0.0013,0.0304,0.0191,0.0304,wind
TN,Humphreys,HUMPHREYS,0.0117,0.0022,0.038,0.0195,0.038,wind
TN,Jackson,JACKSON,0.0031,0.0009,0.0429,0.0199,0.0429,wind
TN,Jefferson,JEFFERSON,0.0013,0.0009,0.0213,0.0124,0.0213,wind
TN,Johnson,JOHNSON,0.0098,0.0024,0.0227,0.0449,0.0449,winter
TN,Knox,KNOX,0.0024,0.0013,0.0356,0.0118,0.0356,wind
TN,Lake,LAKE,0.0009,0.0015,0.0165,0.0209,0.0209,winter
TN,Lauderdale,LAUDERDALE,0.0044,0.0022,0.0252,0.0198,0.0252,wind
TN,Lawrence,LAWRENCE,0.0037,0.0022,0.0353,0.026,0.0353,wind
TN,Lewis,LEWIS,0.0079,0.0017,0.0305,0.0211,0.0305,wind
TN,Lincoln,LINCOLN,0.0021,0.0012,0.0434,0.106,0.106,winter
TN,Loudon,LOUDON,0.0029,0.0011,0.0261,0.012,0.0261,wind
TN,Macon,MACON,0.0021,0.0011,0.0392,0.0227,0.0392,wind
TN,Madison,MADISON,0.004,0.0027,0.0246,0.0233,0.0246,wind
TN,Marion,MARION,0.0351,0.0012,0.0411,0.0127,0.0411,wind
TN,Marshall,MARSHALL,0.0021,0.0016,0.0261,0.0229,0.0261,wind
TN,Maury,MAURY,0.0016,0.0023,0.0462,0.0272,0.0462,wind
TN,Mcminn,MCMINN,0.0023,0.0009,0.0355,0.0082,0.0355,wind
TN,Mcnairy,MCNAIRY,0.0073,0.0018,0.0151,0.0218,0.0218,winter
TN,Meigs,MEIGS,0.0045,0.0012,0.0221,0.0074,0.0221,wind
TN,Monroe,MONROE,0.0367,0.001,0.056,0.0185,0.056,wind
TN,Montgomery,MONTGOMERY,0.003,0.0025,0.0609,0.0267,0.0609,wind
TN,Moore,MOORE,0.002,0.0009,0.0287,0.0892,0.0892,winter
TN,Morgan,MORGAN,0.0667,0.0014,0.0218,0.0167,0.0667,fire
TN,Obion,OBION,0.0019,0.0027,0.0274,0.0236,0.0274,wind
TN,Overton,OVERTON,0.0023,0.0008,0.041,0.0524,0.0524,winter
TN,Perry,PERRY,0.0183,0.0018,0.0298,0.0216,0.0298,wind
TN,Pickett,PICKETT,0.0048,0.0008,0.017,0.0283,0.0283,winter
TN,Polk,POLK,0.0537,0.0011,0.0278,0.0096,0.0537,fire
TN,Putnam,PUTNAM,0.0047,0.0016,0.0552,0.0723,0.0723,winter
TN,Rhea,RHEA,0.0083,0.0016,0.0281,0.0103,0.0281,wind
TN,Roane,ROANE,0.0066,0.0022,0.0374,0.0098,0.0374,wind
TN,Robertson,ROBERTSON,0.0015,0.0018,0.0581,0.0267,0.0581,wind
TN,Rutherford,RUTHERFORD,0.0029,0.0013,0.0588,0.027,0.0588,wind
TN,Scott,SCOTT,0.0451,0.0022,0.0181,0.015,0.0451,fire
TN,Sequatchie,SEQUATCHIE,0.0182,0.0013,0.0314,0.0117,0.0314,wind
TN,Sevier,SEVIER,0.018,0.0014,0.0892,0.0577,0.0892,wind
TN,Shelby,SHELBY,0.0027,0.0083,0.0361,0.0196,0.0361,wind
TN,Smith,SMITH,0.0013,0.0011,0.0449,0.03,0.0449,wind
TN,Stewart,STEWART,0.0144,0.0018,0.0405,0.0222,0.0405,wind
TN,Sullivan,SULLIVAN,0.018,0.0014,0.0243,0.016,0.0243,wind
TN,Sumner,SUMNER,0.0017,0.0016,0.0671,0.0339,0.0671,wind
TN,Tipton,TIPTON,0.0017,0.0036,0.0337,0.0193,0.0337,wind
TN,Trousdale,TROUSDALE,0.0009,0.001,0.0288,0.0112,0.0288,wind
TN,Unicoi,UNICOI,0.0281,0.0025,0.0286,0.0429,0.0429,winter
TN,Union,UNION,0.008,0.0011,0.0197,0.0118,0.0197,wind
TN,Van Buren,VAN BUREN,0.0097,0.001,0.0172,0.024,0.024,winter
TN,Warren,WARREN,0.0019,0.0008,0.0391,0.0383,0.0391,wind
TN,Washington,WASHINGTON,0.0034,0.0009,0.027,0.0195,0.027,wind
TN,Wayne,WAYNE,0.0087,0.0013,0.0348,0.0246,0.0348,wind
TN,Weakley,WEAKLEY,0.0024,0.0029,0.0217,0.0235,0.0235,winter
TN,White,WHITE,0.0026,0.0011,0.037,0.0408,0.0408,winter
TN,Williamson,WILLIAMSON,0.0025,0.0021,0.0563,0.0312,0.0563,wind
TN,Wilson,WILSON,0.0025,0.0015,0.0628,0.0287,0.0628,wind
TX,Anderson,ANDERSON,0.0363,0.0058,0.0288,0.0179,0.0363,fire
TX,Andrews,ANDREWS,0.0048,0.0014,0.0113,0.0388,0.0388,winter
TX,Angelina,ANGELINA,0.0499,0.0062,0.0288,0.0137,0.0499,fire
TX,Aransas,ARANSAS,0.0072,0.0032,0.0149,0.0053,0.0149,wind
TX,Archer,ARCHER,0.0165,0.0008,0.0141,0.0243,0.0243,winter
TX,Armstrong,ARMSTRONG,0.0188,0.0001,0.033,0.0921,0.0921,winter
TX,Atascosa,ATASCOSA,0.0082,0.0083,0.0121,0.0144,0.0144,winter
TX,Austin,AUSTIN,0.0017,0.0089,0.0186,0.0134,0.0186,wind
TX,Bailey,BAILEY,0.0109,0.0002,0.0302,0.0913,0.0913,winter
TX,Bandera,BANDERA,0.0032,0.0127,0.0053,0.0285,0.0285,winter
TX,Bastrop,BASTROP,0.0253,0.017,0.027,0.0248,0.027,wind
TX,Baylor,BAYLOR,0.0051,0.0009,0.0092,0.0256,0.0256,winter
TX,Bee,BEE,0.0045,0.0025,0.0113,0.0075,0.0113,wind
TX,Bell,BELL,0.0123,0.0103,0.0308,0.0332,0.0332,winter
TX,Bexar,BEXAR,0.0046,0.0253,0.0376,0.0327,0.0376,wind
TX,Blanco,BLANCO,0.0125,0.0112,0.0089,0.0269,0.0269,winter
TX,Borden,BORDEN,0.0034,0.0005,0.0152,0.0385,0.0385,winter
TX,Bosque,BOSQUE,0.0093,0.0036,0.0138,0.0268,0.0268,winter
TX,Bowie,BOWIE,0.0367,0.0034,0.0364,0.0191,0.0367,fire
TX,Brazoria,BRAZORIA,0.0081,0.0134,0.0356,0.0057,0.0356,wind
TX,Brazos,BRAZOS,0.0033,0.0098,0.0273,0.0197,0.0273,wind
TX,Brewster,BREWSTER,0.0051,0.0018,0.0105,0.0083,0.0105,wind
TX,Briscoe,BRISCOE,0.0086,0.0003,0.0439,0.0773,0.0773,winter
TX,Brooks,BROOKS,0.0154,0.0017,0.0061,0.0491,0.0491,winter
TX,Brown,BROWN,0.0132,0.0042,0.0147,0.046,0.046,winter
TX,Burleson,BURLESON,0.0021,0.0087,0.0162,0.0167,0.0167,winter
TX,Burnet,BURNET,0.0206,0.0077,0.0144,0.0299,0.0299,winter
TX,Caldwell,CALDWELL,0.0081,0.0199,0.0236,0.0275,0.0275,winter
TX,Calhoun,CALHOUN,0.0038,0.0013,0.0161,0.0065,0.0161,wind
TX,Callahan,CALLAHAN,0.0204,0.0024,0.0109,0.0476,0.0476,winter
TX,Cameron,CAMERON,0.0043,0.009,0.0209,0.0216,0.0216,winter
TX,Camp,CAMP,0.025,0.0016,0.011,0.0217,0.025,fire
TX,Carson,CARSON,0.0266,0.0002,0.0377,0.1013,0.1013,winter
TX,Cass,CASS,0.0332,0.002,0.0277,0.0174,0.0332,fire
TX,Castro,CASTRO,0.0041,0.0001,0.0539,0.0953,0.0953,winter
TX,Chambers,CHAMBERS,0.0051,0.0129,0.0206,0.0047,0.0206,wind
TX,Cherokee,CHEROKEE,0.0438,0.0021,0.0397,0.0149,0.0438,fire
TX,Childress,CHILDRESS,0.0133,0.0008,0.0362,0.0514,0.0514,winter
TX,Clay,CLAY,0.0233,0.0007,0.0117,0.0218,0.0233,fire
TX,Cochran,COCHRAN,0.0073,0.0002,0.0347,0.0791,0.0791,winter
TX,Coke,COKE,0.0073,0.0008,0.0084,0.0452,0.0452,winter
TX,Coleman,COLEMAN,0.0134,0.0012,0.0142,0.0353,0.0353,winter
TX,Collin,COLLIN,0.0097,0.004,0.0367,0.0351,0.0367,wind
TX,Collingsworth,COLLINGSWORTH,0.0088,0.0002,0.0199,0.063,0.063,winter
TX,Colorado,COLORADO,0.0045,0.008,0.0153,0.0117,0.0153,wind
TX,Comal,COMAL,0.0023,0.0193,0.0157,0.0324,0.0324,winter
TX,Comanche,COMANCHE,0.0101,0.0021,0.0133,0.0286,0.0286,winter
TX,Concho,CONCHO,0.0068,0.0015,0.0082,0.0377,0.0377,winter
TX,Cooke,COOKE,0.0115,0.0028,0.0233,0.0355,0.0355,winter
TX,Coryell,CORYELL,0.0095,0.004,0.0153,0.0302,0.0302,winter
TX,Cottle,COTTLE,0.0065,0.0004,0.0206,0.052,0.052,winter
TX,Crane,CRANE,0.0026,0.0003,0.0043,0.0222,0.0222,winter
TX,Crockett,CROCKETT,0.0101,0.0035,0.0087,0.031,0.031,winter
TX,Crosby,CROSBY,0.0067,0.0005,0.0466,0.0806,0.0806,winter
TX,Culberson,CULBERSON,0.0035,0.0003,0.2623,0.0315,0.2623,wind
TX,Dallam,DALLAM,0.0204,0.0001,0.0357,0.1055,0.1055,winter
TX,Dallas,DALLAS,0.0046,0.0127,0.0542,0.0395,0.0542,wind
TX,Dawson,DAWSON,0.001,0.001,0.0174,0.0424,0.0424,winter
TX,Deaf Smith,DEAF SMITH,0.0122,0.0001,0.0475,0.0991,0.0991,winter
TX,Delta,DELTA,0.0062,0.002,0.0067,0.0199,0.0199,winter
TX,Denton,DENTON,0.0085,0.0056,0.0448,0.0374,0.0448,wind
TX,Dewitt,DEWITT,0.0044,0.0015,0.0007,0.001,0.0044,fire
TX,Dickens,DICKENS,0.0101,0.0004,0.0117,0.0506,0.0506,winter
TX,Dimmit,DIMMIT,0.0034,0.0018,0.0028,0.0048,0.0048,winter
TX,Donley,DONLEY,0.0176,0.0001,0.0307,0.0766,0.0766,winter
TX,Duval,DUVAL,0.0044,0.0014,0.0057,0.013,0.013,winter
TX,Eastland,EASTLAND,0.0164,0.0028,0.0181,0.0349,0.0349,winter
TX,Ector,ECTOR,0.0065,0.006,0.026,0.0329,0.0329,winter
TX,Edwards,EDWARDS,0.0034,0.0082,0.006,0.0228,0.0228,winter
TX,El Paso,EL PASO,0.0027,0.0015,0.0484,0.0206,0.0484,wind
TX,Ellis,ELLIS,0.0093,0.0032,0.0243,0.031,0.031,winter
TX,Erath,ERATH,0.0115,0.0027,0.0109,0.0337,0.0337,winter
TX,Falls,FALLS,0.0035,0.0056,0.0099,0.0229,0.0229,winter
TX,Fannin,FANNIN,0.0303,0.003,0.0261,0.0268,0.0303,fire
TX,Fayette,FAYETTE,0.0055,0.0078,0.016,0.0213,0.0213,winter
TX,Fisher,FISHER,0.0085,0.0007,0.0089,0.0474,0.0474,winter
TX,Floyd,FLOYD,0.0046,0.0003,0.0296,0.077,0.077,winter
TX,Foard,FOARD,0.0055,0.0004,0.0135,0.0307,0.0307,winter
TX,Fort Bend,FORT BEND,0.002,0.0134,0.0286,0.0121,0.0286,wind
TX,Franklin,FRANKLIN,0.0183,0.0015,0.0132,0.0281,0.0281,winter
TX,Freestone,FREESTONE,0.0102,0.0027,0.0101,0.0175,0.0175,winter
TX,Frio,FRIO,0.0049,0.0041,0.0034,0.0077,0.0077,winter
TX,Gaines,GAINES,0.0034,0.0011,0.023,0.0426,0.0426,winter
TX,Galveston,GALVESTON,0.0041,0.0218,0.0472,0.0051,0.0472,wind
TX,Garza,GARZA,0.009,0.0015,0.0327,0.0615,0.0615,winter
TX,Gillespie,GILLESPIE,0.0117,0.0102,0.0106,0.0382,0.0382,winter
TX,Glasscock,GLASSCOCK,0.0026,0.0006,0.01,0.0301,0.0301,winter
TX,Goliad,GOLIAD,0.005,0.0038,0.0092,0.0091,0.0092,wind
TX,Gonzales,GONZALES,0.0094,0.0103,0.0219,0.0127,0.0219,wind
TX,Gray,GRAY,0.0249,0.0003,0.0456,0.0938,0.0938,winter
TX,Grayson,GRAYSON,0.0147,0.0046,0.0388,0.0392,0.0392,winter
TX,Gregg,GREGG,0.0138,0.0034,0.0255,0.0224,0.0255,wind
TX,Grimes,GRIMES,0.0182,0.0105,0.0174,0.0156,0.0182,fire
TX,Guadalupe,GUADALUPE,0.0057,0.0251,0.3047,0.0394,0.3047,wind
TX,Hale,HALE,0.0089,0.0005,0.0479,0.0815,0.0815,winter
TX,Hall,HALL,0.0077,0.0003,0.0387,0.0651,0.0651,winter
TX,Hamilton,HAMILTON,0.0113,0.0019,0.0112,0.0239,0.0239,winter
TX,Hansford,HANSFORD,0.0078,0.0,0.0261,0.1107,0.1107,winter
TX,Hardeman,HARDEMAN,0.0062,0.0004,0.0158,0.0388,0.0388,winter
TX,Hardin,HARDIN,0.0241,0.0107,0.0242,0.0175,0.0242,wind
TX,Harris,HARRIS,0.0018,0.0376,0.0574,0.0137,0.0574,wind
TX,Harrison,HARRISON,0.0413,0.0028,0.0509,0.017,0.0509,wind
TX,Hartley,HARTLEY,0.0337,0.0001,0.0539,0.1039,0.1039,winter
TX,Haskell,HASKELL,0.0073,0.0009,0.0182,0.0457,0.0457,winter
TX,Hays,HAYS,0.0034,0.0174,0.0175,0.0291,0.0291,winter
TX,Hemphill,HEMPHILL,0.0181,0.0003,0.0235,0.0881,0.0881,winter
TX,Henderson,HENDERSON,0.0226,0.004,0.0271,0.0247,0.0271,wind
TX,Hidalgo,HIDALGO,0.0102,0.006,0.0214,0.0514,0.0514,winter
TX,Hill,HILL,0.0086,0.0032,0.0249,0.0292,0.0292,winter
TX,Hockley,HOCKLEY,0.0085,0.0007,0.0444,0.0926,0.0926,winter
TX,Hood,HOOD,0.0114,0.0027,0.0146,0.0364,0.0364,winter
TX,Hopkins,HOPKINS,0.0131,0.0028,0.0243,0.0276,0.0276,winter
TX,Houston,HOUSTON,0.0541,0.0047,0.0217,0.011,0.0541,fire
TX,Howard,HOWARD,0.0087,0.003,0.0131,0.0348,0.0348,winter
TX,Hudspeth,HUDSPETH,0.0026,0.0002,0.0108,0.0202,0.0202,winter
TX,Hunt,HUNT,0.0251,0.0034,0.0245,0.0266,0.0266,winter
TX,Hutchinson,HUTCHINSON,0.0612,0.0004,0.0337,0.0998,0.0998,winter
TX,Irion,IRION,0.0068,0.0005,0.0058,0.0391,0.0391,winter
TX,Jack,JACK,0.0308,0.0013,0.0115,0.0381,0.0381,winter
TX,Jackson,JACKSON,0.0028,0.0051,0.0144,0.0061,0.0144,wind
TX,Jasper,JASPER,0.0337,0.0105,0.0374,0.011,0.0374,wind
TX,Jeff Davis,JEFF DAVIS,0.0049,0.0007,0.0054,0.0074,0.0074,winter
TX,Jefferson,JEFFERSON,0.0094,0.0286,0.0372,0.0121,0.0372,wind
TX,Jim Hogg,JIM HOGG,0.0033,0.0026,0.0081,0.0628,0.0628,winter
TX,Jim Wells,JIM WELLS,0.0058,0.0035,0.0198,0.0101,0.0198,wind
TX,Johnson,JOHNSON,0.0072,0.0038,0.0235,0.0414,0.0414,winter
TX,Jones,JONES,0.021,0.0015,0.013,0.0546,0.0546,winter
TX,Karnes,KARNES,0.0037,0.0054,0.0056,0.0077,0.0077,winter
TX,Kaufman,KAUFMAN,0.0082,0.0037,0.0235,0.0341,0.0341,winter
TX,Kendall,KENDALL,0.0057,0.0132,0.0087,0.0335,0.0335,winter
TX,Kenedy,KENEDY,0.0079,0.0013,0.0044,0.045,0.045,winter
TX,Kent,KENT,0.0071,0.0004,0.0176,0.0431,0.0431,winter
TX,Kerr,KERR,0.0049,0.0132,0.0079,0.0364,0.0364,winter
TX,Kimble,KIMBLE,0.0059,0.0081,0.0071,0.0309,0.0309,winter
TX,King,KING,0.0061,0.0002,0.0104,0.0489,0.0489,winter
TX,Kinney,KINNEY,0.0024,0.005,0.0067,0.0121,0.0121,winter
TX,Kleberg,KLEBERG,0.0114,0.0028,0.014,0.0074,0.014,wind
TX,Knox,KNOX,0.0026,0.0007,0.0072,0.0301,0.0301,winter
TX,La Salle,LA SALLE,0.0038,0.0011,0.0071,0.0126,0.0126,winter
TX,Lamar,LAMAR,0.0266,0.0029,0.0237,0.0254,0.0266,fire
TX,Lamb,LAMB,0.0069,0.0003,0.0485,0.0939,0.0939,winter
TX,Lampasas,LAMPASAS,0.0118,0.0045,0.0098,0.0336,0.0336,winter
TX,Lavaca,LAVACA,0.0033,0.0084,0.0162,0.0113,0.0162,wind
TX,Lee,LEE,0.0037,0.006,0.0116,0.0032,0.0116,wind
TX,Leon,LEON,0.0142,0.0033,0.0166,0.0156,0.0166,wind
TX,Liberty,LIBERTY,0.0277,0.0144,0.0336,0.0093,0.0336,wind
TX,Limestone,LIMESTONE,0.0117,0.0033,0.0136,0.0251,0.0251,winter
TX,Lipscomb,LIPSCOMB,0.022,0.0002,0.0244,0.097,0.097,winter
TX,Live Oak,LIVE OAK,0.0084,0.0028,0.0116,0.0106,0.0116,wind
TX,Llano,LLANO,0.0082,0.0113,0.0088,0.0274,0.0274,winter
TX,Loving,LOVING,0.0016,0.0001,0.0029,0.0239,0.0239,winter
TX,Lubbock,LUBBOCK,0.0146,0.0016,0.071,0.1053,0.1053,winter
TX,Lynn,LYNN,0.0047,0.0005,0.0238,0.0688,0.0688,winter
TX,Madison,MADISON,0.0067,0.0068,0.0138,0.0138,0.0138,wind
TX,Marion,MARION,0.0293,0.0019,0.0263,0.0166,0.0293,fire
TX,Martin,MARTIN,0.0025,0.0006,0.0127,0.0331,0.0331,winter
TX,Mason,MASON,0.0056,0.0068,0.0067,0.0306,0.0306,winter
TX,Matagorda,MATAGORDA,0.0022,0.0056,0.0183,0.0043,0.0183,wind
TX,Maverick,MAVERICK,0.0026,0.0062,0.0049,0.0073,0.0073,winter
TX,Mcculloch,MCCULLOCH,0.0078,0.0035,0.0079,0.0393,0.0393,winter
TX,Mclennan,MCLENNAN,0.0083,0.0075,0.0252,0.0333,0.0333,winter
TX,Mcmullen,MCMULLEN,0.0017,0.0012,0.0067,0.0095,0.0095,winter
TX,Medina,MEDINA,0.0043,0.0072,0.017,0.0225,0.0225,winter
TX,Menard,MENARD,0.0056,0.0036,0.0044,0.0314,0.0314,winter
TX,Midland,MIDLAND,0.0075,0.0061,0.0343,0.0327,0.0343,wind
TX,Milam,MILAM,0.0052,0.0084,0.0172,0.025,0.025,winter
TX,Mills,MILLS,0.0067,0.0018,0.0069,0.0239,0.0239,winter
TX,Mitchell,MITCHELL,0.0073,0.0017,0.0144,0.032,0.032,winter
TX,Montague,MONTAGUE,0.0142,0.0017,0.0114,0.042,0.042,winter
TX,Montgomery,MONTGOMERY,0.0149,0.0145,0.0294,0.0147,0.0294,wind
TX,Moore,MOORE,0.0226,0.0002,0.0457,0.1035,0.1035,winter
TX,Morris,MORRIS,0.0219,0.0021,0.0216,0.0199,0.0219,fire
TX,Motley,MOTLEY,0.0113,0.0002,0.0281,0.0704,0.0704,winter
TX,Nacogdoches,NACOGDOCHES,0.0375,0.0044,0.0301,0.0158,0.0375,fire
TX,Navarro,NAVARRO,0.0148,0.0028,0.0258,0.0332,0.0332,winter
TX,Newton,NEWTON,0.0297,0.0098,0.0412,0.0097,0.0412,wind
TX,Nolan,NOLAN,0.025,0.0015,0.0184,0.0509,0.0509,winter
TX,Nueces,NUECES,0.0082,0.0068,0.036,0.0068,0.036,wind
TX,Ochiltree,OCHILTREE,0.0095,0.0001,0.0231,0.1,0.1,winter
TX,Oldham,OLDHAM,0.0157,0.0001,0.0323,0.096,0.096,winter
TX,Orange,ORANGE,0.0076,0.0237,0.0218,0.0128,0.0237,flood
TX,Palo Pinto,PALO PINTO,0.0224,0.0034,0.0195,0.0432,0.0432,winter
TX,Panola,PANOLA,0.0383,0.003,0.0321,0.0119,0.0383,fire
TX,Parker,PARKER,0.012,0.0025,0.0331,0.0422,0.0422,winter
TX,Parmer,PARMER,0.0026,0.0001,0.0459,0.107,0.107,winter
TX,Pecos,PECOS,0.0047,0.002,0.0206,0.0297,0.0297,winter
TX,Polk,POLK,0.0442,0.0076,0.0246,0.0102,0.0442,fire
TX,Potter,POTTER,0.0639,0.0009,0.0644,0.0993,0.0993,winter
TX,Presidio,PRESIDIO,0.0035,0.0004,0.0094,0.0144,0.0144,winter
TX,Rains,RAINS,0.0051,0.0018,0.0097,0.024,0.024,winter
TX,Randall,RANDALL,0.0426,0.0008,0.0597,0.1092,0.1092,winter
TX,Reagan,REAGAN,0.0045,0.002,0.0151,0.0278,0.0278,winter
TX,Real,REAL,0.0028,0.0103,0.0038,0.0224,0.0224,winter
TX,Red River,RED RIVER,0.0625,0.0018,0.0307,0.02,0.0625,fire
TX,Reeves,REEVES,0.004,0.0016,0.016,0.0242,0.0242,winter
TX,Refugio,REFUGIO,0.0029,0.0016,0.0126,0.0047,0.0126,wind
TX,Roberts,ROBERTS,0.0142,0.0002,0.0238,0.0883,0.0883,winter
TX,Robertson,ROBERTSON,0.0042,0.0039,0.0146,0.0168,0.0168,winter
TX,Rockwall,ROCKWALL,0.005,0.004,0.0096,0.0205,0.0205,winter
TX,Runnels,RUNNELS,0.0062,0.0012,0.0115,0.0457,0.0457,winter
TX,Rusk,RUSK,0.0355,0.0025,0.0464,0.0197,0.0464,wind
TX,Sabine,SABINE,0.0301,0.0036,0.0255,0.0101,0.0301,fire
TX,San Augustine,SAN AUGUSTINE,0.023,0.0025,0.0267,0.0077,0.0267,wind
TX,San Jacinto,SAN JACINTO,0.027,0.0098,0.0232,0.0119,0.027,fire
TX,San Patricio,SAN PATRICIO,0.0046,0.0042,0.019,0.009,0.019,wind
TX,San Saba,SAN SABA,0.0073,0.0033,0.005,0.0305,0.0305,winter
TX,Schleicher,SCHLEICHER,0.0062,0.0015,0.0056,0.0315,0.0315,winter
TX,Scurry,SCURRY,0.0069,0.0026,0.0228,0.0402,0.0402,winter
TX,Shackelford,SHACKELFORD,0.0174,0.0013,0.0092,0.0468,0.0468,winter
TX,Shelby,SHELBY,0.0288,0.003,0.0373,0.011,0.0373,wind
TX,Sherman,SHERMAN,0.0092,0.0001,0.0157,0.0831,0.0831,winter
TX,Smith,SMITH,0.0334,0.0028,0.0762,0.0988,0.0988,winter
TX,Somervell,SOMERVELL,0.0073,0.0019,0.0098,0.0291,0.0291,winter
TX,Starr,STARR,0.0062,0.0035,0.0111,0.0516,0.0516,winter
TX,Stephens,STEPHENS,0.0108,0.0014,0.0093,0.0373,0.0373,winter
TX,Sterling,STERLING,0.0026,0.0003,0.009,0.0386,0.0386,winter
TX,Stonewall,STONEWALL,0.0065,0.0004,0.0116,0.0426,0.0426,winter
TX,Sutton,SUTTON,0.0074,0.0042,0.0076,0.0309,0.0309,winter
TX,Swisher,SWISHER,0.0066,0.0003,0.0462,0.0839,0.0839,winter
TX,Tarrant,TARRANT,0.0054,0.0126,0.053,0.0492,0.053,wind
TX,Taylor,TAYLOR,0.0267,0.0029,0.0266,0.0661,0.0661,winter
TX,Terrell,TERRELL,0.0042,0.0011,0.0066,0.015,0.015,winter
TX,Terry,TERRY,0.003,0.0003,0.0219,0.071,0.071,winter
TX,Throckmorton,THROCKMORTON,0.0091,0.0005,0.0113,0.0432,0.0432,winter
TX,Titus,TITUS,0.0208,0.0014,0.0104,0.0236,0.0236,winter
TX,Tom Green,TOM GREEN,0.0194,0.0026,0.0284,0.0503,0.0503,winter
TX,Travis,TRAVIS,0.0066,0.0235,0.026,0.0372,0.0372,winter
TX,Trinity,TRINITY,0.0322,0.0053,0.0205,0.0096,0.0322,fire
TX,Tyler,TYLER,0.0314,0.0059,0.0273,0.0138,0.0314,fire
TX,Upshur,UPSHUR,0.0383,0.0018,0.0285,0.0232,0.0383,fire
TX,Upton,UPTON,0.0044,0.0015,0.0085,0.0215,0.0215,winter
TX,Uvalde,UVALDE,0.0045,0.0093,0.0167,0.0207,0.0207,winter
TX,Val Verde,VAL VERDE,0.0053,0.0098,0.0119,0.0193,0.0193,winter
TX,Van Zandt,VAN ZANDT,0.0185,0.0028,0.0201,0.0284,0.0284,winter
TX,Victoria,VICTORIA,0.0028,0.006,0.0198,0.0105,0.0198,wind
TX,Walker,WALKER,0.0417,0.0088,0.021,0.0156,0.0417,fire
TX,Waller,WALLER,0.0049,0.0086,0.0134,0.0114,0.0134,wind
TX,Ward,WARD,0.005,0.0014,0.0108,0.0185,0.0185,winter
TX,Washington,WASHINGTON,0.0033,0.0107,0.0197,0.0127,0.0197,wind
TX,Webb,WEBB,0.0045,0.0052,0.0121,0.0169,0.0169,winter
TX,Wharton,WHARTON,0.0017,0.0103,0.0257,0.0072,0.0257,wind
TX,Wheeler,WHEELER,0.0254,0.0002,0.0151,0.0767,0.0767,winter
TX,Wichita,WICHITA,0.018,0.003,0.028,0.0252,0.028,wind
TX,Wilbarger,WILBARGER,0.0073,0.0006,0.0191,0.0294,0.0294,winter
TX,Willacy,WILLACY,0.0058,0.0047,0.0104,0.0286,0.0286,winter
TX,Williamson,WILLIAMSON,0.0066,0.0169,0.021,0.0334,0.0334,winter
TX,Wilson,WILSON,0.0044,0.0093,0.0153,0.0119,0.0153,wind
TX,Winkler,WINKLER,0.0029,0.0004,0.0106,0.0296,0.0296,winter
TX,Wise,WISE,0.0165,0.0023,0.0245,0.0449,0.0449,winter
TX,Wood,WOOD,0.0186,0.0027,0.0195,0.0206,0.0206,winter
TX,Yoakum,YOAKUM,0.0077,0.0005,0.0419,0.0702,0.0702,winter
TX,Young,YOUNG,0.0199,0.0015,0.0112,0.0365,0.0365,winter
TX,Zapata,ZAPATA,0.0052,0.0028,0.009,0.0565,0.0565,winter
TX,Zavala,ZAVALA,0.0027,0.003,0.009,0.0083,0.009,wind
UT,Beaver,BEAVER,0.0156,0.0001,0.0089,0.0608,0.0608,winter
UT,Box Elder,BOX ELDER,0.0147,0.0001,0.0274,0.0975,0.0975,winter
UT,Cache,CACHE,0.0086,0.0005,0.0318,0.1909,0.1909,winter
UT,Carbon,CARBON,0.0099,0.0002,0.0024,0.0428,0.0428,winter
UT,Daggett,DAGGETT,0.0082,0.0001,0.0002,0.0,0.0082,fire
UT,Davis,DAVIS,0.0034,0.0006,0.0153,0.0856,0.0856,winter
UT,Duchesne,DUCHESNE,0.0133,0.0001,0.0039,0.0423,0.0423,winter
UT,Emery,EMERY,0.0089,0.0002,0.0084,0.0672,0.0672,winter
UT,Garfield,GARFIELD,0.0106,0.0002,0.0089,0.0748,0.0748,winter
UT,Grand,GRAND,0.0103,0.0004,0.0202,0.1353,0.1353,winter
UT,Iron,IRON,0.0198,0.0004,0.0063,0.0632,0.0632,winter
UT,Juab,JUAB,0.0171,0.0001,0.0187,0.1061,0.1061,winter
UT,Kane,KANE,0.0121,0.0013,0.0062,0.0575,0.0575,winter
UT,Millard,MILLARD,0.0283,0.0001,0.0088,0.0772,0.0772,winter
UT,Morgan,MORGAN,0.004,0.0003,0.0122,0.1116,0.1116,winter
UT,Piute,PIUTE,0.0089,0.0001,0.0047,0.0726,0.0726,winter
UT,Rich,RICH,0.0121,0.0001,0.0157,0.1032,0.1032,winter
UT,Salt Lake,SALT LAKE,0.0076,0.0005,0.1807,0.2656,0.2656,winter
UT,San Juan,SAN JUAN,0.0204,0.0004,0.0019,0.0041,0.0204,fire
UT,Sanpete,SANPETE,0.0134,0.0001,0.0231,0.1196,0.1196,winter
UT,Sevier,SEVIER,0.0187,0.0001,0.0254,0.102,0.102,winter
UT,Summit,SUMMIT,0.0286,0.0002,0.0187,0.1182,0.1182,winter
UT,Tooele,TOOELE,0.0273,0.0001,0.1188,0.1377,0.1377,winter
UT,Uintah,UINTAH,0.01,0.0001,0.0008,0.0003,0.01,fire
UT,Utah,UTAH,0.0255,0.0004,0.1283,0.3389,0.3389,winter
UT,Wasatch,WASATCH,0.0174,0.0002,0.1202,0.3607,0.3607,winter
UT,Washington,WASHINGTON,0.0234,0.0033,0.0235,0.0615,0.0615,winter
UT,Wayne,WAYNE,0.0047,0.0002,0.0052,0.0702,0.0702,winter
UT,Weber,WEBER,0.0052,0.0006,0.0241,0.1115,0.1115,winter
VA,Accomack,ACCOMACK,0.0007,0.0128,0.0159,0.0152,0.0159,wind
VA,Albemarle,ALBEMARLE,0.0085,0.0015,0.0216,0.0974,0.0974,winter
VA,Alexandria,ALEXANDRIA,0.0001,0.0001,0.0001,0.0054,0.0054,winter
VA,Alleghany,ALLEGHANY,0.0124,0.0043,0.0439,0.0387,0.0439,wind
VA,Amelia,AMELIA,0.0005,0.0008,0.0135,0.0258,0.0258,winter
VA,Amherst,AMHERST,0.0101,0.0034,0.0284,0.0336,0.0336,winter
VA,Appomattox,APPOMATTOX,0.0017,0.0015,0.021,0.0238,0.0238,winter
VA,Arlington,ARLINGTON,0.0001,0.0008,0.0204,0.0945,0.0945,winter
VA,Augusta,AUGUSTA,0.0063,0.0013,0.0326,0.1465,0.1465,winter
VA,Bath,BATH,0.0125,0.0039,0.0486,0.0471,0.0486,wind
VA,Bedford,BEDFORD,0.003,0.0032,0.0464,0.0331,0.0464,wind
VA,Bland,BLAND,0.007,0.0017,0.0341,0.0352,0.0352,winter
VA,Botetourt,BOTETOURT,0.006,0.0038,0.0424,0.0291,0.0424,wind
VA,Bristol,BRISTOL,0.0001,0.0001,0.0003,0.0141,0.0141,winter
VA,Brunswick,BRUNSWICK,0.0031,0.0014,0.0173,0.0186,0.0186,winter
VA,Buchanan,BUCHANAN,0.0448,0.0052,0.0185,0.0371,0.0448,fire
VA,Buckingham,BUCKINGHAM,0.0018,0.0015,0.0197,0.0237,0.0237,winter
VA,Buena Vista,BUENA VISTA,0.0001,0.0001,0.0011,0.0057,0.0057,winter
VA,Campbell,CAMPBELL,0.0027,0.0025,0.0275,0.0231,0.0275,wind
VA,Caroline,CAROLINE,0.004,0.001,0.016,0.031,0.031,winter
VA,Carroll,CARROLL,0.0016,0.0038,0.0555,0.0434,0.0555,wind
VA,Charles City,CHARLES CITY,0.0012,0.0013,0.0011,0.0237,0.0237,winter
VA,Charlotte,CHARLOTTE,0.002,0.002,0.0171,0.0153,0.0171,wind
VA,Charlottesville,CHARLOTTESVILLE,0.0001,0.0,0.0,0.0,0.0001,fire
VA,Chesapeake,CHESAPEAKE,0.0001,0.0103,0.0036,0.0145,0.0145,winter
VA,Chesterfield,CHESTERFIELD,0.0006,0.0021,0.0177,0.0237,0.0237,winter
VA,Clarke,CLARKE,0.0006,0.0004,0.0236,0.1047,0.1047,winter
VA,Colonial Heights,COLONIAL HEIGHTS,0.0001,0.0002,0.0001,0.0068,0.0068,winter
VA,Covington,COVINGTON,0.0001,0.0001,0.0012,0.0049,0.0049,winter
VA,Craig,CRAIG,0.0139,0.0016,0.0339,0.0332,0.0339,wind
VA,Culpeper,CULPEPER,0.0011,0.0012,0.0191,0.1065,0.1065,winter
VA,Cumberland,CUMBERLAND,0.0012,0.0012,0.0112,0.0323,0.0323,winter
VA,Danville,DANVILLE,0.0001,0.0002,0.0004,0.0038,0.0038,winter
VA,Dickenson,DICKENSON,0.0292,0.0051,0.0135,0.0424,0.0424,winter
VA,Dinwiddie,DINWIDDIE,0.0018,0.0016,0.018,0.0198,0.0198,winter
VA,Emporia,EMPORIA,0.0001,0.0015,0.003,0.0055,0.0055,winter
VA,Essex,ESSEX,0.0015,0.0013,0.0086,0.0211,0.0211,winter
VA,Fairfax,FAIRFAX,0.0011,0.001,0.0359,0.1164,0.1164,winter
VA,Fairfax City,FAIRFAX CITY,0.0001,0.0002,0.0,0.0,0.0002,flood
VA,Falls Church,FALLS CHURCH,0.0001,0.0001,0.0002,0.0064,0.0064,winter
VA,Fauquier,FAUQUIER,0.0009,0.0011,0.0328,0.1398,0.1398,winter
VA,Floyd,FLOYD,0.0007,0.0037,0.0465,0.0436,0.0465,wind
VA,Fluvanna,FLUVANNA,0.0008,0.0007,0.015,0.0308,0.0308,winter
VA,Franklin,FRANKLIN,0.0025,0.0039,0.0512,0.0241,0.0512,wind
VA,Franklin City,FRANKLIN CITY,0.0003,0.0011,0.0,0.0,0.0011,flood
VA,Frederick,FREDERICK,0.0011,0.0005,0.0269,0.1089,0.1089,winter
VA,Fredericksburg,FREDERICKSBURG,0.0001,0.0001,0.0,0.0058,0.0058,winter
VA,Galax,GALAX,0.0001,0.0002,0.0025,0.0053,0.0053,winter
VA,Giles,GILES,0.0181,0.0048,0.0498,0.036,0.0498,wind
VA,Gloucester,GLOUCESTER,0.0007,0.0082,0.0072,0.0155,0.0155,winter
VA,Goochland,GOOCHLAND,0.0003,0.0014,0.0096,0.0299,0.0299,winter
VA,Grayson,GRAYSON,0.0022,0.0038,0.081,0.0567,0.081,wind
VA,Greene,GREENE,0.0016,0.0007,0.0165,0.1032,0.1032,winter
VA,Greensville,GREENSVILLE,0.001,0.0015,0.0078,0.0168,0.0168,winter
VA,Halifax,HALIFAX,0.0021,0.0037,0.0325,0.0168,0.0325,wind
VA,Hampton,HAMPTON,0.0001,0.0063,0.003,0.0045,0.0063,flood
VA,Hanover,HANOVER,0.0004,0.0012,0.0155,0.0276,0.0276,winter
VA,Harrisonburg,HARRISONBURG,0.0001,0.0001,0.0006,0.0086,0.0086,winter
VA,Henrico,HENRICO,0.0009,0.0016,0.0127,0.0204,0.0204,winter
VA,Henry,HENRY,0.0019,0.0044,0.0282,0.0228,0.0282,wind
VA,Highland,HIGHLAND,0.0024,0.0016,0.0278,0.1784,0.1784,winter
VA,Hopewell,HOPEWELL,0.0001,0.0002,0.0,0.0058,0.0058,winter
VA,Isle Of Wight,ISLE OF WIGHT,0.001,0.0045,0.0086,0.02,0.02,winter
VA,James City,JAMES CITY,0.0007,0.0042,0.0097,0.0194,0.0194,winter
VA,King And Queen,KING AND QUEEN,0.0013,0.0018,0.0075,0.0196,0.0196,winter
VA,King George,KING GEORGE,0.0004,0.0009,0.0141,0.0728,0.0728,winter
VA,King William,KING WILLIAM,0.0014,0.0015,0.0089,0.0194,0.0194,winter
VA,Lancaster,LANCASTER,0.0002,0.0065,0.0065,0.0187,0.0187,winter
VA,Lee,LEE,0.0192,0.0013,0.0107,0.0011,0.0192,fire
VA,Lexington,LEXINGTON,0.0001,0.0001,0.0014,0.0031,0.0031,winter
VA,Loudoun,LOUDOUN,0.0003,0.0006,0.047,0.1486,0.1486,winter
VA,Louisa,LOUISA,0.0003,0.0007,0.017,0.0349,0.0349,winter
VA,Lunenburg,LUNENBURG,0.0027,0.0008,0.01,0.0255,0.0255,winter
VA,Lynchburg,LYNCHBURG,0.0001,0.0001,0.0008,0.0036,0.0036,winter
VA,Madison,MADISON,0.0028,0.001,0.0124,0.1136,0.1136,winter
VA,Manassas,MANASSAS,0.0001,0.0001,0.0007,0.0097,0.0097,winter
VA,Manassas Park,MANASSAS PARK,0.0001,0.0001,0.0,0.0,0.0001,fire
VA,Martinsville,MARTINSVILLE,0.0001,0.0003,0.0003,0.0031,0.0031,winter
VA,Mathews,MATHEWS,0.0001,0.006,0.0092,0.0139,0.0139,winter
VA,Mecklenburg,MECKLENBURG,0.0015,0.0008,0.0138,0.0197,0.0197,winter
VA,Middlesex,MIDDLESEX,0.0005,0.0056,0.007,0.0164,0.0164,winter
VA,Montgomery,MONTGOMERY,0.0039,0.0033,0.0503,0.0411,0.0503,wind
VA,Nelson,NELSON,0.0123,0.0015,0.0239,0.0953,0.0953,winter
VA,New Kent,NEW KENT,0.0004,0.0009,0.0071,0.02,0.02,winter
VA,Newport News,NEWPORT NEWS,0.0001,0.0055,0.0037,0.0138,0.0138,winter
VA,Norfolk,NORFOLK,0.0001,0.01,0.0078,0.0086,0.01,flood
VA,Northampton,NORTHAMPTON,0.0008,0.0098,0.0114,0.0081,0.0114,wind
VA,Northumberland,NORTHUMBERLAND,0.0003,0.0068,0.0069,0.0181,0.0181,winter
VA,Norton,NORTON,0.0001,0.0001,0.0002,0.0132,0.0132,winter
VA,Nottoway,NOTTOWAY,0.0018,0.001,0.0115,0.0259,0.0259,winter
VA,Orange,ORANGE,0.0009,0.0013,0.0183,0.0958,0.0958,winter
VA,Page,PAGE,0.0209,0.0003,0.0207,0.1232,0.1232,winter
VA,Patrick,PATRICK,0.003,0.0025,0.0389,0.042,0.042,winter
VA,Petersburg,PETERSBURG,0.0001,0.0002,0.0001,0.0053,0.0053,winter
VA,Pittsylvania,PITTSYLVANIA,0.0024,0.0042,0.0256,0.0198,0.0256,wind
VA,Poquoson,POQUOSON,0.0001,0.0045,0.0047,0.0037,0.0047,wind
VA,Portsmouth,PORTSMOUTH,0.0001,0.0079,0.0001,0.0081,0.0081,winter
VA,Powhatan,POWHATAN,0.0004,0.0008,0.0054,0.0285,0.0285,winter
VA,Prince Edward,PRINCE EDWARD,0.0015,0.0011,0.0079,0.029,0.029,winter
VA,Prince George,PRINCE GEORGE,0.0008,0.0016,0.0126,0.022,0.022,winter
VA,Prince William,PRINCE WILLIAM,0.0083,0.0011,0.0278,0.1138,0.1138,winter
VA,Pulaski,PULASKI,0.0032,0.0032,0.0401,0.0404,0.0404,winter
VA,Radford,RADFORD,0.0001,0.0001,0.0039,0.0033,0.0039,wind
VA,Rappahannock,RAPPAHANNOCK,0.003,0.0005,0.0156,0.116,0.116,winter
VA,Richmond,RICHMOND,0.0005,0.0032,0.0088,0.0193,0.0193,winter
VA,Richmond City,RICHMOND CITY,0.0002,0.0005,0.0,0.0,0.0005,flood
VA,Roanoke,ROANOKE,0.0046,0.0038,0.0418,0.0436,0.0436,winter
VA,Roanoke City,ROANOKE CITY,0.0011,0.001,0.0,0.0001,0.0011,fire
VA,Rockbridge,ROCKBRIDGE,0.0109,0.004,0.0456,0.0403,0.0456,wind
VA,Rockingham,ROCKINGHAM,0.0072,0.0008,0.0334,0.148,0.148,winter
VA,Russell,RUSSELL,0.0102,0.0023,0.0177,0.0312,0.0312,winter
VA,Salem,SALEM,0.0001,0.0001,0.0031,0.0038,0.0038,winter
VA,Scott,SCOTT,0.0232,0.0027,0.0137,0.0223,0.0232,fire
VA,Shenandoah,SHENANDOAH,0.0039,0.0007,0.027,0.1437,0.1437,winter
VA,Smyth,SMYTH,0.0121,0.0029,0.0457,0.041,0.0457,wind
VA,Southampton,SOUTHAMPTON,0.0009,0.0018,0.0133,0.0161,0.0161,winter
VA,Spotsylvania,SPOTSYLVANIA,0.0004,0.001,0.0256,0.0881,0.0881,winter
VA,Stafford,STAFFORD,0.0007,0.001,0.0206,0.0869,0.0869,winter
VA,Staunton,STAUNTON,0.0001,0.0001,0.0004,0.0103,0.0103,winter
VA,Suffolk,SUFFOLK,0.0001,0.0071,0.0022,0.0213,0.0213,winter
VA,Surry,SURRY,0.0013,0.0034,0.0096,0.021,0.021,winter
VA,Sussex,SUSSEX,0.0016,0.0017,0.0133,0.018,0.018,winter
VA,Tazewell,TAZEWELL,0.0112,0.003,0.0624,0.0421,0.0624,wind
VA,Virginia Beach,VIRGINIA BEACH,0.0001,0.0132,0.0075,0.0119,0.0132,flood
VA,Warren,WARREN,0.0019,0.0009,0.0206,0.1148,0.1148,winter
VA,Washington,WASHINGTON,0.0099,0.0024,0.0226,0.0304,0.0304,winter
VA,Waynesboro,WAYNESBORO,0.0001,0.0001,0.0,0.0,0.0001,fire
VA,Westmoreland,WESTMORELAND,0.0006,0.0018,0.007,0.0253,0.0253,winter
VA,Williamsburg,WILLIAMSBURG,0.0001,0.0018,0.0001,0.0062,0.0062,winter
VA,Winchester,WINCHESTER,0.0001,0.0,0.0004,0.0046,0.0046,winter
VA,Wise,WISE,0.0236,0.0022,0.0132,0.0379,0.0379,winter
VA,Wythe,WYTHE,0.0031,0.003,0.0333,0.0366,0.0366,winter
VA,York,YORK,0.0015,0.0097,0.0161,0.0114,0.0161,wind
VT,Addison,ADDISON,0.0017,0.0046,0.0317,0.2008,0.2008,winter
VT,Bennington,BENNINGTON,0.0057,0.0023,0.0447,0.1533,0.1533,winter
VT,Caledonia,CALEDONIA,0.0008,0.0034,0.0164,0.2102,0.2102,winter
VT,Chittenden,CHITTENDEN,0.0011,0.0073,0.0281,0.2143,0.2143,winter
VT,Essex,ESSEX,0.0008,0.0063,0.013,0.2095,0.2095,winter
VT,Franklin,FRANKLIN,0.0011,0.0055,0.0194,0.2034,0.2034,winter
VT,Grand Isle,GRAND ISLE,0.0004,0.0013,0.0108,0.1499,0.1499,winter
VT,Lamoille,LAMOILLE,0.0007,0.005,0.0188,0.2164,0.2164,winter
VT,Orange,ORANGE,0.0005,0.0027,0.013,0.192,0.192,winter
VT,Orleans,ORLEANS,0.0005,0.0057,0.016,0.208,0.208,winter
VT,Rutland,RUTLAND,0.0031,0.0039,0.0312,0.1639,0.1639,winter
VT,Washington,WASHINGTON,0.0012,0.0042,0.0196,0.2179,0.2179,winter
VT,Windham,WINDHAM,0.0026,0.0021,0.0352,0.179,0.179,winter
VT,Windsor,WINDSOR,0.0016,0.0068,0.0179,0.1896,0.1896,winter
WA,Adams,ADAMS,0.0019,0.0001,0.0073,0.014,0.014,winter
WA,Asotin,ASOTIN,0.0085,0.0007,0.0377,0.0538,0.0538,winter
WA,Benton,BENTON,0.0073,0.0005,0.0207,0.0168,0.0207,wind
WA,Chelan,CHELAN,0.0082,0.0053,0.0125,0.0296,0.0296,winter
WA,Clallam,CLALLAM,0.0048,0.0116,0.0103,0.0103,0.0116,flood
WA,Clark,CLARK,0.0006,0.0045,0.0205,0.0153,0.0205,wind
WA,Columbia,COLUMBIA,0.0062,0.0003,0.1356,0.1641,0.1641,winter
WA,Cowlitz,COWLITZ,0.0036,0.0051,0.0099,0.0208,0.0208,winter
WA,Douglas,DOUGLAS,0.0065,0.0008,0.0088,0.0287,0.0287,winter
WA,Ferry,FERRY,0.0069,0.001,0.0053,0.0342,0.0342,winter
WA,Franklin,FRANKLIN,0.003,0.0001,0.0188,0.0195,0.0195,winter
WA,Garfield,GARFIELD,0.0023,0.0002,0.0356,0.0571,0.0571,winter
WA,Grant,GRANT,0.0058,0.0002,0.0117,0.0277,0.0277,winter
WA,Grays Harbor,GRAYS HARBOR,0.0034,0.0069,0.0208,0.0109,0.0208,wind
WA,Island,ISLAND,0.0001,0.0024,0.0105,0.0069,0.0105,wind
WA,Jefferson,JEFFERSON,0.0024,0.0101,0.014,0.0122,0.014,wind
WA,King,KING,0.0016,0.0128,0.0152,0.1107,0.1107,winter
WA,Kitsap,KITSAP,0.0003,0.0049,0.0175,0.0155,0.0175,wind
WA,Kittitas,KITTITAS,0.0151,0.0016,0.0168,0.1156,0.1156,winter
WA,Klickitat,KLICKITAT,0.0188,0.0005,0.0251,0.0275,0.0275,winter
WA,Lewis,LEWIS,0.0168,0.0105,0.0172,0.1336,0.1336,winter
WA,Lincoln,LINCOLN,0.0017,0.0004,0.0098,0.0312,0.0312,winter
WA,Mason,MASON,0.0024,0.0059,0.0147,0.0276,0.0276,winter
WA,Okanogan,OKANOGAN,0.0157,0.0017,0.0285,0.2691,0.2691,winter
WA,Pacific,PACIFIC,0.0099,0.0025,0.0229,0.0109,0.0229,wind
WA,Pend Oreille,PEND OREILLE,0.0035,0.0014,0.0052,0.0414,0.0414,winter
WA,Pierce,PIERCE,0.0032,0.0067,0.0218,0.1267,0.1267,winter
WA,San Juan,SAN JUAN,0.0001,0.0009,0.0528,0.0279,0.0528,wind
WA,Skagit,SKAGIT,0.0019,0.01,0.0293,0.1344,0.1344,winter
WA,Skamania,SKAMANIA,0.0145,0.0012,0.0106,0.0252,0.0252,winter
WA,Snohomish,SNOHOMISH,0.0015,0.0146,0.0151,0.1009,0.1009,winter
WA,Spokane,SPOKANE,0.0053,0.002,0.0648,0.2005,0.2005,winter
WA,Stevens,STEVENS,0.0078,0.0016,0.0076,0.0444,0.0444,winter
WA,Thurston,THURSTON,0.0017,0.0047,0.0222,0.0124,0.0222,wind
WA,Wahkiakum,WAHKIAKUM,0.0031,0.0067,0.0043,0.0037,0.0067,flood
WA,Walla Walla,WALLA WALLA,0.0034,0.0003,0.0231,0.0306,0.0306,winter
WA,Whatcom,WHATCOM,0.0041,0.0087,0.1283,0.1478,0.1478,winter
WA,Whitman,WHITMAN,0.0013,0.0005,0.0149,0.0262,0.0262,winter
WA,Yakima,YAKIMA,0.0201,0.0008,0.0483,0.0888,0.0888,winter
WI,Adams,ADAMS,0.0057,0.0005,0.0046,0.0702,0.0702,winter
WI,Ashland,ASHLAND,0.0047,0.0008,0.0033,0.1715,0.1715,winter
WI,Barron,BARRON,0.0008,0.0003,0.0037,0.083,0.083,winter
WI,Bayfield,BAYFIELD,0.0055,0.0006,0.0045,0.1681,0.1681,winter
WI,Brown,BROWN,0.0004,0.0013,0.0082,0.0513,0.0513,winter
WI,Buffalo,BUFFALO,0.0025,0.0002,0.0033,0.066,0.066,winter
WI,Burnett,BURNETT,0.0048,0.0003,0.0016,0.0776,0.0776,winter
WI,Calumet,CALUMET,0.0007,0.0005,0.0077,0.0413,0.0413,winter
WI,Chippewa,CHIPPEWA,0.0006,0.0003,0.0048,0.0737,0.0737,winter
WI,Clark,CLARK,0.0008,0.0003,0.0074,0.0646,0.0646,winter
WI,Columbia,COLUMBIA,0.0005,0.0018,0.0126,0.1623,0.1623,winter
WI,Crawford,CRAWFORD,0.0023,0.0009,0.006,0.0525,0.0525,winter
WI,Dane,DANE,0.0006,0.001,0.0171,0.1673,0.1673,winter
WI,Dodge,DODGE,0.0016,0.0006,0.0209,0.14,0.14,winter
WI,Door,DOOR,0.0004,0.0073,0.0196,0.0684,0.0684,winter
WI,Douglas,DOUGLAS,0.0071,0.0007,0.002,0.1289,0.1289,winter
WI,Dunn,DUNN,0.0009,0.0002,0.003,0.0763,0.0763,winter
WI,Eau Claire,EAU CLAIRE,0.0016,0.0004,0.0042,0.0579,0.0579,winter
WI,Florence,FLORENCE,0.0026,0.0003,0.0041,0.0928,0.0928,winter
WI,Fond Du Lac,FOND DU LAC,0.0008,0.0004,0.0117,0.1276,0.1276,winter
WI,Forest,FOREST,0.0021,0.0004,0.0037,0.1069,0.1069,winter
WI,Grant,GRANT,0.001,0.001,0.0159,0.0526,0.0526,winter
WI,Green,GREEN,0.0005,0.0008,0.0193,0.1507,0.1507,winter
WI,Green Lake,GREEN LAKE,0.0014,0.0006,0.0076,0.1144,0.1144,winter
WI,Iowa,IOWA,0.0012,0.0006,0.0102,0.1357,0.1357,winter
WI,Iron,IRON,0.0031,0.0005,0.004,0.2176,0.2176,winter
WI,Jackson,JACKSON,0.0048,0.0005,0.0052,0.058,0.058,winter
WI,Jefferson,JEFFERSON,0.0008,0.0013,0.0201,0.1572,0.1572,winter
WI,Juneau,JUNEAU,0.0069,0.0006,0.0056,0.0672,0.0672,winter
WI,Kenosha,KENOSHA,0.0005,0.0011,0.0378,0.1215,0.1215,winter
WI,Kewaunee,KEWAUNEE,0.0002,0.0006,0.0081,0.0472,0.0472,winter
WI,La Crosse,LA CROSSE,0.0035,0.0008,0.0072,0.0599,0.0599,winter
WI,Lafayette,LAFAYETTE,0.0005,0.0006,0.0162,0.1245,0.1245,winter
WI,Langlade,LANGLADE,0.0017,0.0004,0.0045,0.0913,0.0913,winter
WI,Lincoln,LINCOLN,0.0033,0.0005,0.0036,0.0759,0.0759,winter
WI,Manitowoc,MANITOWOC,0.0004,0.001,0.0095,0.0497,0.0497,winter
WI,Marathon,MARATHON,0.0009,0.0005,0.0068,0.0694,0.0694,winter
WI,Marinette,MARINETTE,0.0028,0.0021,0.0045,0.0896,0.0896,winter
WI,Marquette,MARQUETTE,0.0022,0.0005,0.0069,0.1154,0.1154,winter
WI,Menominee,MENOMINEE,0.006,0.0003,0.0003,0.0562,0.0562,winter
WI,Milwaukee,MILWAUKEE,0.0003,0.0024,0.0335,0.1426,0.1426,winter
WI,Monroe,MONROE,0.0029,0.0005,0.0066,0.0627,0.0627,winter
WI,Oconto,OCONTO,0.0032,0.0019,0.0051,0.0583,0.0583,winter
WI,Oneida,ONEIDA,0.0036,0.0004,0.0046,0.1077,0.1077,winter
WI,Outagamie,OUTAGAMIE,0.0005,0.0005,0.0072,0.0405,0.0405,winter
WI,Ozaukee,OZAUKEE,0.0004,0.0022,0.017,0.1175,0.1175,winter
WI,Pepin,PEPIN,0.0014,0.0004,0.0014,0.0595,0.0595,winter
WI,Pierce,PIERCE,0.0009,0.0004,0.0036,0.0645,0.0645,winter
WI,Polk,POLK,0.0021,0.0004,0.0031,0.0892,0.0892,winter
WI,Portage,PORTAGE,0.001,0.0004,0.0042,0.0594,0.0594,winter
WI,Price,PRICE,0.0037,0.0003,0.0038,0.0869,0.0869,winter
WI,Racine,RACINE,0.0007,0.0012,0.0334,0.1265,0.1265,winter
WI,Richland,RICHLAND,0.0007,0.0008,0.0044,0.0446,0.0446,winter
WI,Rock,ROCK,0.001,0.0009,0.0317,0.1523,0.1523,winter
WI,Rusk,RUSK,0.0032,0.0003,0.0015,0.0764,0.0764,winter
WI,Sauk,SAUK,0.0013,0.0013,0.0107,0.1286,0.1286,winter
WI,Sawyer,SAWYER,0.004,0.0004,0.0011,0.1023,0.1023,winter
WI,Shawano,SHAWANO,0.0009,0.0004,0.0042,0.0608,0.0608,winter
WI,Sheboygan,SHEBOYGAN,0.0003,0.0013,0.015,0.1119,0.1119,winter
WI,St. Croix,ST. CROIX,0.0008,0.0001,0.0058,0.0774,0.0774,winter
WI,Taylor,TAYLOR,0.0017,0.0003,0.0049,0.069,0.069,winter
WI,Trempealeau,TREMPEALEAU,0.0018,0.0003,0.0047,0.0647,0.0647,winter
WI,Vernon,VERNON,0.0013,0.0004,0.0051,0.061,0.061,winter
WI,Vilas,VILAS,0.0015,0.0003,0.0048,0.143,0.143,winter
WI,Walworth,WALWORTH,0.0008,0.0008,0.0324,0.1403,0.1403,winter
WI,Washburn,WASHBURN,0.0034,0.0003,0.001,0.0783,0.0783,winter
WI,Washington,WASHINGTON,0.0009,0.001,0.0233,0.1384,0.1384,winter
WI,Waukesha,WAUKESHA,0.0005,0.0029,0.032,0.1425,0.1425,winter
WI,Waupaca,WAUPACA,0.0008,0.0006,0.0046,0.0616,0.0616,winter
WI,Waushara,WAUSHARA,0.0015,0.0007,0.0049,0.055,0.055,winter
WI,Winnebago,WINNEBAGO,0.0009,0.0012,0.0063,0.0425,0.0425,winter
WI,Wood,WOOD,0.0017,0.0006,0.0038,0.0508,0.0508,winter
WV,Barbour,BARBOUR,0.003,0.0092,0.02,0.055,0.055,winter
WV,Berkeley,BERKELEY,0.0012,0.0005,0.0394,0.1272,0.1272,winter
WV,Boone,BOONE,0.0645,0.0097,0.017,0.0241,0.0645,fire
WV,Braxton,BRAXTON,0.0028,0.0074,0.0212,0.0322,0.0322,winter
WV,Brooke,BROOKE,0.0009,0.0017,0.0279,0.0253,0.0279,wind
WV,Cabell,CABELL,0.0052,0.0084,0.0263,0.0222,0.0263,wind
WV,Calhoun,CALHOUN,0.0014,0.0068,0.0082,0.0246,0.0246,winter
WV,Clay,CLAY,0.0033,0.0095,0.013,0.0296,0.0296,winter
WV,Doddridge,DODDRIDGE,0.003,0.0062,0.0164,0.0288,0.0288,winter
WV,Fayette,FAYETTE,0.0195,0.0083,0.0235,0.0546,0.0546,winter
WV,Gilmer,GILMER,0.0036,0.0071,0.013,0.0278,0.0278,winter
WV,Grant,GRANT,0.0066,0.001,0.0627,0.2375,0.2375,winter
WV,Greenbrier,GREENBRIER,0.0052,0.0048,0.0398,0.0637,0.0637,winter
WV,Hampshire,HAMPSHIRE,0.0015,0.0013,0.0404,0.126,0.126,winter
WV,Hancock,HANCOCK,0.0008,0.0015,0.0245,0.0232,0.0245,wind
WV,Hardy,HARDY,0.0045,0.0012,0.0392,0.1316,0.1316,winter
WV,Harrison,HARRISON,0.0026,0.0085,0.0323,0.0379,0.0379,winter
WV,Jackson,JACKSON,0.0044,0.0059,0.0176,0.0237,0.0237,winter
WV,Jefferson,JEFFERSON,0.0011,0.001,0.0367,0.1384,0.1384,winter
WV,Kanawha,KANAWHA,0.0323,0.0214,0.0369,0.0293,0.0369,wind
WV,Lewis,LEWIS,0.0045,0.0063,0.0271,0.0351,0.0351,winter
WV,Lincoln,LINCOLN,0.0125,0.0108,0.0122,0.0196,0.0196,winter
WV,Logan,LOGAN,0.0469,0.0082,0.0149,0.0214,0.0469,fire
WV,Marion,MARION,0.0015,0.0088,0.0249,0.0187,0.0249,wind
WV,Marshall,MARSHALL,0.0024,0.005,0.0314,0.0229,0.0314,wind
WV,Mason,MASON,0.004,0.0056,0.0188,0.0202,0.0202,winter
WV,Mcdowell,MCDOWELL,0.0754,0.0051,0.0182,0.0318,0.0754,fire
WV,Mercer,MERCER,0.0034,0.005,0.0371,0.0462,0.0462,winter
WV,Mineral,MINERAL,0.0055,0.0012,0.0547,0.1831,0.1831,winter
WV,Mingo,MINGO,0.0681,0.0069,0.0176,0.0232,0.0681,fire
WV,Monongalia,MONONGALIA,0.0018,0.0058,0.0311,0.0337,0.0337,winter
WV,Monroe,MONROE,0.0021,0.0042,0.0312,0.0369,0.0369,winter
WV,Morgan,MORGAN,0.002,0.0018,0.0395,0.1232,0.1232,winter
WV,Nicholas,NICHOLAS,0.0052,0.0092,0.0141,0.0706,0.0706,winter
WV,Ohio,OHIO,0.001,0.0026,0.0471,0.0233,0.0471,wind
WV,Pendleton,PENDLETON,0.0211,0.0006,0.0475,0.2035,0.2035,winter
WV,Pleasants,PLEASANTS,0.0032,0.0054,0.0109,0.0249,0.0249,winter
WV,Pocahontas,POCAHONTAS,0.0044,0.007,0.0283,0.1134,0.1134,winter
WV,Preston,PRESTON,0.0027,0.0048,0.0419,0.1159,0.1159,winter
WV,Putnam,PUTNAM,0.0092,0.0103,0.0205,0.0229,0.0229,winter
WV,Raleigh,RALEIGH,0.018,0.0047,0.0279,0.047,0.047,winter
WV,Randolph,RANDOLPH,0.0048,0.0058,0.0295,0.1153,0.1153,winter
WV,Ritchie,RITCHIE,0.0035,0.007,0.0153,0.0253,0.0253,winter
WV,Roane,ROANE,0.0049,0.0098,0.0158,0.0254,0.0254,winter
WV,Summers,SUMMERS,0.0053,0.0058,0.0248,0.0346,0.0346,winter
WV,Taylor,TAYLOR,0.0038,0.007,0.0193,0.0382,0.0382,winter
WV,Tucker,TUCKER,0.0063,0.0026,0.0402,0.1352,0.1352,winter
WV,Tyler,TYLER,0.003,0.0074,0.0123,0.0266,0.0266,winter
WV,Upshur,UPSHUR,0.0033,0.0057,0.0232,0.0538,0.0538,winter
WV,Wayne,WAYNE,0.0214,0.0078,0.0195,0.0254,0.0254,winter
WV,Webster,WEBSTER,0.0045,0.0112,0.0175,0.0743,0.0743,winter
WV,Wetzel,WETZEL,0.0042,0.0058,0.0231,0.0162,0.0231,wind
WV,Wirt,WIRT,0.0047,0.0052,0.0127,0.0212,0.0212,winter
WV,Wood,WOOD,0.0039,0.0066,0.0303,0.0272,0.0303,wind
WV,Wyoming,WYOMING,0.042,0.0055,0.0163,0.0263,0.042,fire
WY,Albany,ALBANY,0.0174,0.0,0.03,0.0237,0.03,wind
WY,Big Horn,BIG HORN,0.0135,0.0001,0.0395,0.0911,0.0911,winter
WY,Campbell,CAMPBELL,0.0221,0.0,0.068,0.1317,0.1317,winter
WY,Carbon,CARBON,0.0107,0.0,0.1482,0.1632,0.1632,winter
WY,Converse,CONVERSE,0.0215,0.0,0.0714,0.126,0.126,winter
WY,Crook,CROOK,0.0213,0.0,0.0513,0.1135,0.1135,winter
WY,Fremont,FREMONT,0.0165,0.0001,0.0111,0.0153,0.0165,fire
WY,Goshen,GOSHEN,0.0096,0.0,0.0542,0.1113,0.1113,winter
WY,Hot Springs,HOT SPRINGS,0.0082,0.0,0.0024,0.0024,0.0082,fire
WY,Johnson,JOHNSON,0.0263,0.0,0.0989,0.1048,0.1048,winter
WY,Laramie,LARAMIE,0.0182,0.0,0.5528,0.2718,0.5528,wind
WY,Lincoln,LINCOLN,0.0101,0.0002,0.0136,0.0922,0.0922,winter
WY,Natrona,NATRONA,0.0206,0.0001,0.2162,0.1345,0.2162,wind
WY,Niobrara,NIOBRARA,0.0065,0.0,0.0263,0.1099,0.1099,winter
WY,Park,PARK,0.0109,0.0,0.0163,0.144,0.144,winter
WY,Platte,PLATTE,0.0128,0.0,0.4666,0.1969,0.4666,wind
WY,Sheridan,SHERIDAN,0.016,0.0,0.111,0.1528,0.1528,winter
WY,Sublette,SUBLETTE,0.0126,0.0001,0.0054,0.0215,0.0215,winter
WY,Sweetwater,SWEETWATER,0.0098,0.0001,0.0713,0.0879,0.0879,winter
WY,Teton,TETON,0.0113,0.0006,0.0089,0.2246,0.2246,winter
WY,Uinta,UINTA,0.0079,0.0001,0.0258,0.0661,0.0661,winter
WY,Washakie,WASHAKIE,0.0148,0.0001,0.0033,0.0034,0.0148,fire
WY,Weston,WESTON,0.0146,0.0,0.0433,0.1255,0.1255,winter
